#####################################################################################################
# NeXus source file: noemi5saxs
# NXdata: name = img{0}_azimuthalIntegration_Px_25                 
#
#
# Exposure_msec                                     1000.0 + 0.0
# _diffrn_source.source                             Storage Ring SOLEIL, beamline SWING
# _diffrn_sofware                                   Foxtrot 3.5.10-3979
# _diffrn_detector.detector                         EIGER-4M
# _diffrn_comment.comment                           -
# _sas_detc.pixnum_ax                               [1035]
# _sas_detc.pixnum_eq                               [1083]
# _sas_detc.pixsize                                 150.0
# _sas_detc.center_ax                               285.110346632731
# _sas_detc.center_eq                               957.0166664324403
# _sas_detc.dist_spec/detc                          6137.21860334
# _sas_detc.energy                                  12.000513668149837
# _sas_detc.gain                                    1.0
# _sas_detc.detector_based_uncertainty              0.0
# _sas_detc.encoder_delta                           0.0
# _sas_detc.delta0                                  0.0
# _sas_detc.gamma_offset                            0.0
# _sas_detc.wave_length                             1.0331573224991384
# _sas_detc.bias                                    0
# _sas_detc.mask                                    E:\20251487\published-data\3120\2026-09-03_session3\\mask_bags_saxs_12kev_sept26.txt
# Normalization                                     true
# Normalization Factor                              0.02571
# Normalization Monitor                             averagemi8b
# Normalization Intensity                           1.3311147212726559e-06
# GlobalNormalization                               30.928064824288366
# AbsTimeStamps                                     nan
# TimeStamps                                        1.3793549537658691
# gapTime                                           500.0
# step_global_regrid                                nan
# xmax_global_regrid                                nan
# xmin_global_regrid                                nan
# ymax_global_regrid                                nan
# ymin_global_regrid                                nan
#####################################################################################################
q(A-1)                             I(q)5_00194{00000}_AzInt_Px_25     Sig(q)5_00194{00000}_AzInt_Px_25   
0.0                                nan                                nan                                
0.00014863910320409943             nan                                nan                                
0.0002972782062084175              nan                                nan                                
0.0004459173088131729              nan                                nan                                
0.0005945564108185842              nan                                nan                                
0.0007431955120248703              nan                                nan                                
0.0008918346122322496              nan                                nan                                
0.001040473711240941               nan                                nan                                
0.001189112808851163               803.186412266192                   2.5480140575642753                 
0.0013377519048631344              739.133215168109                   0.9978824414941606                 
0.001486390999077074               695.1179522970592                  0.7229673268572163                 
0.0016350300912932002              644.1237844366187                  0.5992310670746545                 
0.0017836691813117322              611.5875897805215                  0.5996138309282454                 
0.0019323082689328885              586.9647969203802                  0.5488572589062028                 
0.0020809473539568878              567.2571285346082                  0.49784916826525655                
0.0022295864361839487              552.1166932231553                  0.47840070178367095                
0.0023782255154142914              538.1514224493787                  0.4348925910166523                 
0.002526864591448133               528.5386830559427                  0.4457720619228796                 
0.0026755036640856928              519.3656928906554                  0.4018311952685432                 
0.00282414273312719                511.04533367119143                 0.3966968580827787                 
0.002972781798372844               502.1328274464536                  0.3807360503938576                 
0.0031214208596228726              497.03599412776356                 0.36443908483059                   
0.003270059916677496               491.1736123646611                  0.36842433072903097                
0.0034186989693369323              486.4355663317454                  0.33637908897563745                
0.0035673380174014                 480.24883453687085                 0.33544193543205275                
0.0037159770606711206              474.98349370389                    0.33003002370804535                
0.0038646160989463108              470.50299306132666                 0.3195301322079912                 
0.004013255132027191               466.298323761411                   0.3159855493026592                 
0.00416189415971398                462.29272261309677                 0.29394038314285525                
0.004310533181806896               458.57040497380285                 0.2970791418883026                 
0.004459172198106161               453.78598307315343                 0.29122341382873235                
0.0046078112084119915              449.8551778524606                  0.2834789972549647                 
0.004756450212524608               446.11981475468286                 0.28152300423757354                
0.0049050892102442305              441.33440964035134                 0.265130514272553                  
0.005053728201371077               438.0801852533333                  0.27161268088373647                
0.00520236718570537                434.39817564149433                 0.2573948959472857                 
0.005351006163047325               430.980154156963                   0.2575982257382589                 
0.005499645133197165               426.5082826644661                  0.2515123880845818                 
0.005648284095955107               423.2309515463234                  0.24498821555889244                
0.005796923051121373               419.4284083855955                  0.24884606993546163                
0.005945561998496182               415.54264027835956                 0.23275868496832536                
0.006094200937879753               411.97675167575966                 0.23317246607717568                
0.006242839869072308               408.11221901900143                 0.2311347753277418                 
0.006391478791874063               404.65138371912485                 0.2278579736210554                 
0.006540117706085243               400.4291997825439                  0.22358207932597488                
0.006688756611506066               397.25122307986857                 0.21417936486984102                
0.006837395507936751               393.54585636561                    0.2191284533013361                 
0.006986034395177519               389.88413806552217                 0.21068454068783524                
0.007134673273028592               385.72272670602257                 0.20882316429669673                
0.007283312141290187               382.42442604707566                 0.206134370324138                  
0.007431950999762529               378.5066175566974                  0.19998625056809993                
0.007580589848245835               374.8055390966165                  0.20302684586372566                
0.007729228686540326               371.4734902048437                  0.1934352190328422                 
0.007877867514446222               367.37341686674387                 0.19388066272138968                
0.008026506331763748               363.7442807698507                  0.1899387084876284                 
0.00817514513829312                359.8302571358624                  0.18663789228275807                
0.008323783933834563               356.45849212684                    0.18919113544976798                
0.008472422718188292               352.6334124347799                  0.17946689853427875                
0.008621061491154536               348.8924871007074                  0.17901884802784063                
0.00876970025253351                344.8629405499741                  0.17697933884465047                
0.00891833900212544                340.95745038586904                 0.17548213357468695                
0.009066977739730543               337.85288512430134                 0.17276176162092205                
0.009215616465149042               333.5901750168356                  0.167596670986243                  
0.00936425517818116                329.94514221168555                 0.1700325566473809                 
0.009512893878627117               326.2808075797893                  0.1642599964405931                 
0.009661532566287137               322.88821117160865                 0.1629874885765198                 
0.009810171240961438               319.0188927767823                  0.1613931443425321                 
0.009958809902450245               315.1217589320881                  0.15612611574270696                
0.010107448550553781               311.6200788495605                  0.16093942380412202                
0.010256087185072265               307.80352789160673                 0.15178172213431346                
0.01040472580580592                304.4707813516856                  0.15346496685303684                
0.010553364412554972               300.07654369350075                 0.14866487557627517                
0.010702003005119639               296.8042619186427                  0.14802076566976224                
0.010850641583300147               292.9551252929308                  0.14859238982020953                
0.010999280146896714               289.45535316740256                 0.14326267748348795                
0.011147918695709568               285.79236295323796                 0.1429818174847977                 
0.011296557229538928               282.1189830215732                  0.13975986256867715                
0.011445195748185017               278.6859609082964                  0.13905588308108932                
0.011593834251448063               274.7929949881903                  0.13778587944122986                
0.011742472739128288               271.47563366141173                 0.13370557700906888                
0.01189111121102591                267.733802977615                   0.13514105481828495                
0.012039749666941157               264.31890738698615                 0.1313972932178207                 
0.012188388106674252               260.4641622864012                  0.12913775555287468                
0.012337026530025419               256.9000550426452                  0.12863383187264715                
0.012485664936794882               253.51241514882804                 0.12603749558084854                
0.012634303326782862               250.11979932715772                 0.12654744438550014                
0.012782941699789586               246.7894994073495                  0.12247080937129622                
0.012931580055615283               243.06786238604352                 0.12235147755335653                
0.013080218394060168               239.8401246028409                  0.11928554049369879                
0.01322885671492447                236.55635771224243                 0.11923433729874448                
0.013377495018008414               233.1218642946663                  0.11781939587514137                
0.013526133303112226               229.72908048914243                 0.11506726598081501                
0.013674771570036126               226.66386128441002                 0.1143990456084791                 
0.013823409818580348               223.17749097967345                 0.11222075696064662                
0.013972048048545106               219.9750129078804                  0.11259797784881731                
0.014120686259730635               216.5123084562839                  0.10929942312714168                
0.014269324451937156               213.3040990142142                  0.10757265571773                   
0.014417962624964894               210.15137715157775                 0.10805132207446085                
0.014566600778614077               206.9794901397488                  0.10561206307486422                
0.014715238912684931               203.6657179198368                  0.10511419529072895                
0.01486387702697768                200.857384797701                   0.10259516449601623                
0.015012515121292555               197.62913306482525                 0.10119494047959549                
0.015161153195429777               194.8794446434782                  0.10146890096679825                
0.015309791249189571               191.7959959215084                  0.0986678676782003                 
0.015458429282372172               188.65135532212267                 0.09879061457406332                
0.015607067294777802               185.49639341395638                 0.09561842526696077                
0.015755705286206685               182.66832540884124                 0.09569242912329708                
0.015904343256459057               179.6411946314695                  0.09496987967564142                
0.01605298120533514                177.0066738305624                  0.09228605473388213                
0.016201619132635157               173.99446912860702                 0.0923955282121269                 
0.01635025703815934                171.1416715405897                  0.08981353861048454                
0.016498894921707925               168.3997068132568                  0.09048693267113167                
0.016647532783081127               165.55713403708083                 0.08827173210460373                
0.016796170622079182               162.84407835167244                 0.08660511450483661                
0.016944808438502313               160.1393808929004                  0.08662648296736186                
0.01709344623215075                157.4702316511929                  0.08474270357874071                
0.017242084002824728               154.80234182209847                 0.08486382560297308                
0.01739072175032447                152.0814523192836                  0.0819613069689968                 
0.017539359474450206               149.70951520657925                 0.08193763138419125                
0.017687997175002166               147.05755200272668                 0.0810402486514875                 
0.017836634851780577               144.37134296099327                 0.07926336755605931                
0.017985272504585672               141.96237580476316                 0.07945951305284038                
0.01813391013321768                139.5878451058998                  0.07686057775418462                
0.018282547737476833               137.2212133446086                  0.07706849832863186                
0.018431185317163357               134.9113911901503                  0.07586060916947353                
0.018579822872077482               133.12261097834147                 0.07466961808890567                
0.01872846040201944                131.57345938600963                 0.07471940013980333                
0.018877097906789472               128.55964571253986                 0.0741022096713083                 
0.019025735386187796               126.32644440247738                 0.07516312048867334                
0.019174372840014643               124.27970267516913                 0.0734920732847418                 
0.01932301026807025                123.22996903858679                 0.07337856672963393                
0.019471647670154846               120.10753462179879                 0.07529511589852686                
0.019620285046068664               117.65591788731234                 0.0742522057736867                 
0.019768922395611937               115.5556803957233                  0.0750133702494121                 
0.019917559718584898               113.23335847630007                 0.07332308996435923                
0.020066197014787773               111.05170050300879                 0.07409704780357432                
0.0202148342840208                 109.05373166133579                 0.0745766484711436                 
0.020363471526084212               106.95854236613911                 0.07244231310616539                
0.02051210874077824                105.16213399714417                 0.07399650831521244                
0.020660745927903117               102.90034929063                    0.07116281604064449                
0.020809383087259083               100.9643783060548                  0.07321547453741477                
0.02095802021864636                99.11552499893273                  0.07189562987913285                
0.02110665732186519                97.22937886525521                  0.07080966424945959                
0.021255294396715804               95.3865421219252                   0.07104778664978521                
0.021403931442998434               93.40067553550895                  0.06962394806031903                
0.021552568460513323               91.75596543280021                  0.07097202953058863                
0.021701205449060703               90.00332198182073                  0.06907042466863215                
0.021849842408440803               88.14474976414344                  0.06846589126125328                
0.02199847933845386                86.60621852716609                  0.0688932100303723                 
0.02214711623890011                84.8221683032078                   0.06727385567992422                
0.02229575310957979                86.05457714915252                  0.06731793824309937                
0.022444389950293145               83.35318866182763                  0.06434261061857313                
0.022593026760840393               81.33347082223061                  0.06390279312472363                
0.02274166354102178                79.5418807889483                   0.06319506654301538                
0.02289030029063754                77.80789477425262                  0.06078081476663346                
0.02303893700948792                76.31860190844857                  0.06110022004737276                
0.02318757369737314                74.60845860905823                  0.05912863456402449                
0.023336210354093452               73.24840038610327                  0.05985862895956576                
0.02348484697944908                71.64883594331506                  0.05790206194411661                
0.02363348357324028                70.19933144453037                  0.05756383872993938                
0.023782120135267273               68.6379813089118                   0.05692008931751579                
0.023930756665330306               67.41798578240564                  0.05552733748521991                
0.02407939316322961                66.02298701300971                  0.05586608868068075                
0.024228029628765434               64.55994621603548                  0.05407061013333075                
0.024376666061738005               63.24519171928782                  0.05381957524833224                
0.024525302461947576               61.992811533495654                 0.05332182826958756                
0.024673938829194372               60.632095221665075                 0.05192937202808909                
0.024822575163278647               59.48466401836559                  0.052455734382990775               
0.02497121146400064                58.269227537058725                 0.050322508367759235               
0.02511984773116057                57.03653426984082                  0.05100146254615684                
0.025268483964558705               55.84601237928048                  0.049940863898731605               
0.025417120163995274               54.610462709778                    0.048684319935407804               
0.02556575632927051                53.4273099697844                   0.04878010452158847                
0.02571439246018467                52.26398530076464                  0.04709266040482978                
0.025863028556537982               51.23844531347485                  0.04793578645073172                
0.0260116646181307                 50.186222824432164                 0.04654584636685166                
0.026160300644763053               49.031737517044036                 0.04597668594721242                
0.0263089366362353                 47.966630220974764                 0.045414068072442436               
0.026457572592347666               46.96988341134247                  0.044850372731530995               
0.026606208512900405               45.95737915328743                  0.044601266058881386               
0.026754844397693756               44.893070429946036                 0.04327815462675382                
0.02690348024652797                43.8783044926231                   0.04295282670287414                
0.02705211605920328                42.91152227666095                  0.042840658176335325               
0.027200751835519926               42.02606396334672                  0.04176579690487169                
0.027349387575278168               41.09207876742742                  0.041512805138993365               
0.027498023278278244               40.149166463742276                 0.04084874835965043                
0.0276466589443204                 39.22121647298873                  0.04024482160815952                
0.027795294573204874               38.35476695959934                  0.04002852842349012                
0.027943930164731925               37.56656928185147                  0.0391623442264942                 
0.02809256571870178                36.67816914348015                  0.03869651109727849                
0.028241201234914706               35.814457052256785                 0.03818999356312924                
0.02838983671317093                34.965427723611015                 0.037663526959860937               
0.028538472153270714               34.22568934166562                  0.037216327223543                  
0.0286871075550143                 33.42805788797555                  0.0366883917139139                 
0.02883574291820193                32.660219865660416                 0.03597455430346255                
0.028984378242633856               31.865043921472036                 0.03600018408414317                
0.029133013528110326               31.07415428070075                  0.034940638939135585               
0.02928164877443159                30.39304534207585                  0.03485330973831236                
0.029430283981397888               29.642493870071423                 0.034335498025701065               
0.029578919148809477               28.934951545960125                 0.033675630620155536               
0.029727554276466603               28.25460227343644                  0.03341945450119192                
0.029876189364169515               27.57717232071399                  0.03269816104898429                
0.03002482441171847                26.92680444301094                  0.032329685008779856               
0.0301734594189137                 26.254270952038798                 0.03200032291777032                
0.030322094385555477               25.61977622962771                  0.03157322016477969                
0.03047072931144404                25.013776927788676                 0.030901512331593408               
0.03061936419637964                24.37270607984388                  0.03059339775911383                
0.030767999040162516               23.832074410026205                 0.03007413115879718                
0.030916633842592953               23.192178395208245                 0.02998608658127815                
0.031065268603471176               22.727457263377154                 0.029181133177311396               
0.031213903322597436               22.095636926875425                 0.02904315311663985                
0.031362537999772004               21.511843945201086                 0.028390020788008296               
0.031511172634795116               20.994351904916723                 0.028046470136944168               
0.03165980722746703                20.460729597632845                 0.02780072550293003                
0.03180844177758801                19.925396554066324                 0.02707332434857207                
0.03195707628495829                19.378096172206693                 0.02688305529430217                
0.03210571074937814                18.941926616845944                 0.02653292644220604                
0.032254345170647805               18.441394313504293                 0.026060479829512817               
0.03240297954856755                17.914776214885748                 0.025744404514394643               
0.03255161388293761                17.51764755824753                  0.025128966596927673               
0.03270024817355827                16.996055250227794                 0.02508996116050544                
0.03284888242022977                16.62781214797551                  0.02456472079558445                
0.03299751662275236                16.167079041745353                 0.024222008073857246               
0.033146150780926295               15.701107731435656                 0.023816993132084012               
0.03329478489455186                15.308103416838586                 0.023386745709914898               
0.033443418963429276               14.874301248212104                 0.023364893670523634               
0.033592052987358824               14.520449548521484                 0.02265233879812904                
0.03374068696614075                14.123639990551                    0.022463771995554306               
0.03388932089957531                13.79797475714986                  0.02211790533708103                
0.03403795478746278                13.580822115798217                 0.021991453583210627               
0.03418658862960341                13.377742625847134                 0.021911037492838747               
0.034335222425797444               12.870768149497293                 0.021759143936533363               
0.034483856175845165               12.458575572875338                 0.021680928819847314               
0.03463248987954682                12.104448137704154                 0.021408081588890418               
0.034781123536702666               11.7293760228701                   0.0212867326681412                 
0.03492975714711298                11.541945692996437                 0.02107823499082498                
0.03507839071057801                11.418375388026416                 0.020390606271073537               
0.03522702422689801                11.023290965800594                 0.020194563690866956               
0.03537565769587327                10.645797156334936                 0.01957877758908525                
0.03552429111730402                10.35392668875399                  0.019362505492627236               
0.035672924490990535               10.050063751798591                 0.018907638944126857               
0.03582155781673309                9.764714854577667                  0.018545705952451957               
0.03597019109433192                9.459205724316716                  0.018465715293142802               
0.03611882432358732                9.210409980755106                  0.017837610335813835               
0.03626745750429954                8.939433674314266                  0.017735051667339276               
0.03641609063626884                8.650686757780663                  0.0172594838042275                 
0.03656472371929549                8.433254065975076                  0.017105077142754756               
0.03671335675317976                8.20625457935742                   0.01687330021906967                
0.0368619897377219                 7.977422109969599                  0.016478021948631853               
0.03701062267272219                7.6961138514688745                 0.01621906684725902                
0.03715925555798089                7.542841903142243                  0.016048272874533635               
0.03730788839329828                7.293225937003875                  0.01575556261153063                
0.037456521178474596               7.060816458572809                  0.01542958126530086                
0.03760515391331015                6.858229107623846                  0.015089074295444479               
0.037753786597605164               6.7009732464192115                 0.0150469733762754                 
0.03790241923115994                6.501861238099029                  0.014714500084009619               
0.038051051813774724               6.321290482251695                  0.01453120311048472                
0.03819968434524979                6.134592182699033                  0.014241636564827288               
0.03834831682538542                5.987269589263422                  0.014026633046521039               
0.03849694925398188                5.806105841377839                  0.013912119056020873               
0.03864558163083943                5.623579827815999                  0.013573274599132103               
0.03879421395575834                5.490841247016669                  0.013405340579402635               
0.038942846228538906               5.325953681981514                  0.013070897504266115               
0.03909147844898136                5.1933521165290095                 0.01307025950762873                
0.03924011061688601                5.027692124337076                  0.012712253203837733               
0.0393887427320531                 4.897645352526204                  0.012466480588532815               
0.039537374794282924               4.763885440908596                  0.012307152206566346               
0.039686006803375744               4.641745001233414                  0.012077316538705533               
0.039834638759131825               4.495129167781646                  0.011949089118013411               
0.03998327066135146                4.374667399154319                  0.011679408468484188               
0.04013190250983492                4.26904853084676                   0.01147137857687703                
0.04028053430438246                4.15388984130843                   0.011386376126570053               
0.04042916604479439                4.065230376138676                  0.011199534225093784               
0.04057779773087095                3.9472461925771714                 0.01111027901153328                
0.040726429362412435               3.848896980828034                  0.010800010253603434               
0.04087506093921912                3.746517457445178                  0.010782472561835335               
0.04102369246109126                3.6403927082833336                 0.010603255467416993               
0.04117232392782917                3.565333287934185                  0.010409210920429235               
0.041320955339233106               3.49563418578073                   0.010375451462339372               
0.041469586695103346               3.404571809469078                  0.01017183267340035                
0.04161821799524017                3.3159394806420996                 0.010086067565932392               
0.041766849239443855               3.2396680102319637                 0.009964672136611617               
0.04191548042751469                3.1686282816408533                 0.009762712823178109               
0.042064111559252944               3.089801512159776                  0.009667532649913855               
0.0422127426344589                 3.0412449413928355                 0.009564467314901952               
0.042361373652932834               3.0458787325915977                 0.009571753429187643               
0.04251000461447503                2.9373885461921874                 0.00959357315128146                
0.04265863551888578                2.8680274405034822                 0.009521239447228219               
0.042807266365965366               2.800793980240293                  0.00954524664463825                
0.04295589715551405                2.749072734806209                  0.009466232268144364               
0.04310452788733213                2.6842111751149598                 0.009401401190932088               
0.04325315856121989                2.618491974590315                  0.009257362157841615               
0.0434017891769776                 2.5600938316459687                 0.009252411097290653               
0.043550419734405564               2.516335509450255                  0.009163528072888397               
0.04369905023330405                2.4797153743101723                 0.009073229229335565               
0.043847680673473347               2.424056061653483                  0.009050152967840326               
0.04399631105471376                2.392240992027912                  0.008898070778837737               
0.04414494137682554                2.3297902566106017                 0.00887708248767566                
0.044293571639608995               2.29851852892279                   0.008785202287510877               
0.04444220184286442                2.2606860308487504                 0.008699065148269788               
0.044590831986392084               2.227869270136459                  0.008653632609770054               
0.04473946206999227                2.1943293605381475                 0.008583788694257488               
0.044888092093465295               2.1638426803143314                 0.008632198473516746               
0.04503672205661142                2.115477561363292                  0.008393364550586905               
0.04518535195923094                2.087411593183365                  0.008473868623871185               
0.04533398180112416                2.0628260809940038                 0.008374960640033591               
0.04548261158209136                2.045983964828018                  0.008367140346930086               
0.04563124130193283                2.0048559915881374                 0.0083671597815469                 
0.04577987096044885                1.990857431433737                  0.008214629434886375               
0.045928500557439744               1.9488372498109068                 0.008244989807135505               
0.04607713009270576                1.933024841010586                  0.00819821998799509                
0.04622575956604723                1.915330555539153                  0.008143120769489526               
0.04637438897726441                1.898048577435869                  0.008123716404392009               
0.04652301832615762                1.873531540523027                  0.008011008553048482               
0.04667164761252716                1.8413821400708437                 0.008066854549551111               
0.0468202768361733                 1.8160318960485085                 0.007895492351700352               
0.04696890599689635                1.8001861083051445                 0.007881918917346405               
0.04711753509449661                1.791967994202284                  0.007872315613999363               
0.04726616412877436                1.7645940033800684                 0.007721643247901139               
0.0474147930995299                 1.7552224126607607                 0.00778286878326027                
0.04756342200656354                1.7466188018340927                 0.007670205491371771               
0.04771205084967556                1.731119271143322                  0.007672146940781014               
0.04786067962866626                1.7185544092417084                 0.007656341118709695               
0.048009308343335964               1.7018168725735463                 0.007520451556011223               
0.04815793699348494                1.6817859840961267                 0.007573999065599279               
0.048306565578913496               1.6822088619557214                 0.00746550562781974                
0.04845519409942194                1.666095743694587                  0.007530650273058985               
0.04860382255481056                1.6704186580994267                 0.007552349995894004               
0.04875245094487968                1.6387978048001954                 0.007361016958623691               
0.04890107926942957                1.6446828503841833                 0.007458591511155865               
0.04904970752826055                1.6319669116065398                 0.00736451361450894                
0.04919833572117292                1.6250925386938069                 0.007425702423712954               
0.04934696384796698                1.62597683410023                   0.007373760241570699               
0.049495591908443035               1.6175464317507913                 0.007331910581891587               
0.049644219902401386               1.6082625625293199                 0.0073448899150274985              
0.04979284782964235                1.5994256967321259                 0.0072720703077386924              
0.049941475689966215               1.5923465254765556                 0.007331310783183586               
0.05009010348317329                1.5770559388295338                 0.007198992535320391               
0.050238731209063886               1.5785498527738226                 0.007254193545287255               
0.05038735886743832                1.5771569141314024                 0.007281081670600704               
0.05053598645809688                1.5846183368222366                 0.007249468201483567               
0.05068461398083988                1.571525469447384                  0.007226874997581785               
0.050833241435467615               1.5719195855950798                 0.0071727067289924975              
0.05098186882178042                1.5512167283523042                 0.007198550874091356               
0.05113049613957859                1.563986687738826                  0.007180069915853821               
0.05127912338866244                1.5671957882168333                 0.007205821570129308               
0.05142775056883227                1.543713551723975                  0.007162652102433884               
0.051576377679888395               1.551208686848389                  0.007118107964610387               
0.05172500472163113                1.536005305749149                  0.007166882927774939               
0.05187363169386079                1.5373301740937955                 0.0070471556193708864              
0.052022258596377664               1.5542228690064006                 0.007135847038768183               
0.05217088542898209                1.543521247186345                  0.007147540445254399               
0.052319512191474384               1.5276543582411461                 0.00707459706368935                
0.052468138883654855               1.5294475179647153                 0.007075166890099262               
0.052616765505323786               1.5254808846691434                 0.0070410893178581785              
0.05276539205628153                1.5384401724020753                 0.007081619965079534               
0.0529140185363284                 1.5177353828187947                 0.0070444674830247595              
0.05306264494526469                1.5221033777897617                 0.0070833058568405384              
0.053211271282890736               1.521033582555838                  0.007034362941183314               
0.053359897549006836               1.5130282124443692                 0.00698428172190586                
0.053508523743413326               1.4960442030465524                 0.006986895181133219               
0.053657149865910525               1.5067302722533844                 0.006973212159990375               
0.05380577591629874                1.5039086319579296                 0.00698412928578466                
0.0539544018943783                 1.4979960522803477                 0.006966896009244229               
0.05410302779994951                1.4961975004599608                 0.0069557484592889995              
0.054251653632812716               1.49650589087826                   0.006987984544132852               
0.05440027939276821                1.501129663173213                  0.006881717818543078               
0.05454890507961633                1.4766256819760941                 0.006913568928226585               
0.0546975306931574                 1.4913585847398048                 0.0069514554536194775              
0.05484615623319174                1.4999559232282262                 0.0069471445700045546              
0.05499478169951966                1.4860833260723727                 0.006928748611708601               
0.05514340709194151                1.4794921605281506                 0.006818660280452953               
0.05529203241025758                1.4747982318362667                 0.006905845460830592               
0.055440657654268234               1.4810974027184511                 0.0068557569794390665              
0.05558928282377376                1.4717094208757238                 0.00687459537141749                
0.05573790791857452                1.4832044556514197                 0.006877530429244373               
0.05588653293847082                1.4717203189029688                 0.006810674050094956               
0.05603515788326298                1.4497420990604621                 0.006826493246127753               
0.05618378275275134                1.4529692337558857                 0.006767152376373524               
0.05633240754673624                1.4579537017666477                 0.00682211000309706                
0.05648103226501799                1.447416507840718                  0.006757507709357671               
0.05662965690739693                1.440402009519274                  0.00675100269340221                
0.056778281473673364               1.4297578246051126                 0.006765853228394539               
0.05692690596364766                1.434472101638148                  0.006678540295009326               
0.05707553037712013                1.418983839925638                  0.006700629318192802               
0.05722415471389112                1.4250029644725133                 0.006675750247283458               
0.05737277897376094                1.4149279636352856                 0.006694326802054203               
0.057521403156529954               1.4132212882774826                 0.006667473442177206               
0.05767002726199845                1.4038625938297524                 0.00661009109384515                
0.05781865128996681                1.3970234906927077                 0.006661638072175805               
0.05796727524023534                1.3881388164795172                 0.0065415689760469605              
0.058115899112604404               1.3891608272310656                 0.0066104812633311725              
0.0582645229068743                 1.3801302546914447                 0.006560307314797919               
0.058413146622845386               1.3792003630610656                 0.006529824605276824               
0.058561770260317995               1.3533202842303274                 0.006534196534372489               
0.05871039381909247                1.3554747226488515                 0.006454934283845365               
0.05885901729896914                1.3443083553293522                 0.006480871514253197               
0.059007640699748364               1.3336210609067445                 0.006402692498077679               
0.05915626402123044                1.3411498399930968                 0.0064329837759889204              
0.05930488726321576                1.3292581364631229                 0.006450733561506489               
0.059453510425504646               1.313831343294234                  0.006345974698753625               
0.05960213350789743                1.3150066296709677                 0.0063821739145231825              
0.05975075651019445                1.3172743738321444                 0.006351279592582126               
0.05989937943219608                1.3059447865372007                 0.006363198618372858               
0.060048002273702626               1.2962331662802675                 0.006294396741689382               
0.060196625034514444               1.2870706743856113                 0.0062691513898466104              
0.060345247714431886               1.3060665466980488                 0.006354370133885283               
0.06049387031325529                1.2807092476653739                 0.006419454097616218               
0.060642492830785                  1.2627044114008568                 0.006471494039406765               
0.060791115266821405               1.2465689314887551                 0.006463245702693648               
0.06093973762116479                1.2431622541233245                 0.006494919760606645               
0.06108835989361553                1.2399138618845846                 0.006580316106310151               
0.06123698208397396                1.230165758410323                  0.0065402898477852                 
0.061385604192040456               1.2118196744710785                 0.006576755760957578               
0.061534226217615354               1.20019585362118                   0.006523574341485484               
0.06168284816049901                1.1969814229579638                 0.006594863896879695               
0.061831470020491754               1.187747139400856                  0.006599104428696379               
0.06198009179739396                1.1631519012443303                 0.006511992123537191               
0.06212871349100597                1.171172707202928                  0.006620811476954498               
0.06227733510112815                1.1422228083675428                 0.006486134354214841               
0.06242595662756082                1.1321458547337424                 0.0066097818869083015              
0.06257457807010439                1.1164839656553789                 0.006505936809662877               
0.06272319942855915                1.1032406467211575                 0.006455895916311087               
0.06287182070272551                1.095740257672339                  0.006518223133709855               
0.0630204418924038                 1.0858637633514354                 0.006477143898482487               
0.06316906299739436                1.07578045409013                   0.006505559981646357               
0.0633176840174976                 1.0992484383795038                 0.006334174197783369               
0.06346630495251382                1.064667687969816                  0.0062092680503684425              
0.06361492580224343                1.072000207055971                  0.006172143374848688               
0.06376354656648675                1.0439236942988872                 0.006054300828782705               
0.06391216724504416                1.0314079780957723                 0.006001631844182595               
0.06406078783771602                1.01718276188535                   0.0058812414055697745              
0.06420940834430268                1.0171024130109347                 0.0059059046714814364              
0.06435802876460452                0.9939181313115202                 0.005804452000973753               
0.06450664909842187                0.9813054177946747                 0.005740493484923967               
0.06465526934555513                0.9840118269476255                 0.005766398247525577               
0.06480388950580464                0.9579478712166496                 0.005645448085125146               
0.0649525095789708                 0.9573908879607622                 0.005664241612172708               
0.06510112956485392                0.9472625917807928                 0.005582379879964859               
0.06524974946325443                0.9354882466561563                 0.005544759853677029               
0.06539836927397262                0.9114294919138822                 0.005486956114242485               
0.06554698899680893                0.9141036521669026                 0.005483810369116589               
0.06569560863156369                0.8963109797399841                 0.005419165556597817               
0.06584422817803728                0.8833694304710001                 0.005328856213149027               
0.06599284763603007                0.8773546618938532                 0.005308047988988006               
0.06614146700534243                0.8677100605970981                 0.005299888428756065               
0.06629008628577472                0.8493477212759712                 0.005240890562498494               
0.06643870547712732                0.8425520123365855                 0.005212071867664313               
0.06658732457920061                0.829168354631204                  0.005087496900800065               
0.06673594359179495                0.8226176171993059                 0.005142364573678441               
0.06688456251471071                0.8118260176065099                 0.005090843958375384               
0.0670331813477483                 0.803895404637896                  0.0050386361172967305              
0.06718180009070804                0.8039961341125963                 0.005053781573579231               
0.06733041874339035                0.7801516459783323                 0.004966097594489163               
0.06747903730559558                0.7772407417952701                 0.004949574063899416               
0.06762765577712412                0.75821681383329                   0.004848623442969273               
0.06777627415777635                0.752476053903222                  0.004872462352790547               
0.06792489244735264                0.7354978603590336                 0.00478231631116055                
0.06807351064565337                0.7421368690375648                 0.004827117052022332               
0.06822212875247895                0.7344107292049293                 0.004778784581904565               
0.0683707467676297                 0.7098076453657474                 0.004664540867220709               
0.06851936469090604                0.7046977169540786                 0.004676625008403816               
0.06866798252210835                0.6971768034008169                 0.004638269483935957               
0.06881660026103702                4.952803092346771                  0.0123803442338692                 
0.06896521790749241                0.6759414825619252                 0.00457145261563214                
0.06911383546127492                0.6748713348154919                 0.004529031826010323               
0.06926245292218494                0.6555039293576453                 0.004493232348292046               
0.06941107029002283                0.6485093809969975                 0.004425164851335909               
0.06955968756458901                0.634277226668236                  0.004415683421839155               
0.06970830474568386                0.6368433524951492                 0.004381097025956006               
0.06985692183310774                0.6162419490643886                 0.004325809902098126               
0.07000553882666105                0.6092221633167312                 0.00429104181417353                
0.0701541557261442                 0.606009835508489                  0.004244165984676482               
0.07030277253135758                0.6045199245100519                 0.004278453722519652               
0.07045138924210155                0.5968045230034331                 0.004221523044309638               
0.07060000585817654                0.5745323315249515                 0.00415738772008587                
0.07074862237938288                0.5804653851146299                 0.004171047640805106               
0.07089723880552104                0.5722156307247385                 0.004099719028971244               
0.07104585513639136                0.5618799293450831                 0.004113274559178774               
0.07119447137179426                0.5571683742103302                 0.004050982110114385               
0.07134308751153012                0.550368910668894                  0.004039085297561743               
0.07149170355539934                0.5362867331168023                 0.003996246365528298               
0.07164031950320233                0.5371744222638134                 0.0039632268073635495              
0.07178893535473949                0.5204320658791896                 0.003947654728992549               
0.07193755110981116                0.5232756069099475                 0.003908090105456345               
0.07208616676821783                0.5207698084951364                 0.003918221445331274               
0.07223478232975981                0.5047508690162025                 0.003859249365993841               
0.07238339779423758                0.4984263777066059                 0.003842014149752714               
0.07253201316145147                0.4914006671896613                 0.003830659961868717               
0.07268062843120196                0.48815289303334464                0.003749369183580308               
0.07282924360328936                0.4787267278416776                 0.0037499071854182496              
0.07297785867751416                0.47349040705739853                0.003725961536627901               
0.0731264736536767                 0.47010116751180675                0.0037075654285161114              
0.07327508853157742                0.46562776622474483                0.0036898846150944515              
0.07342370331101672                0.46130768919901965                0.0036432023828225847              
0.07357231799179499                0.4508878975262144                 0.003634302317531351               
0.07372093257371265                0.45235739156886645                0.003620597436613655               
0.07386954705657013                0.4366941645020769                 0.0035462594054744196              
0.07401816144016779                0.44553590455517716                0.003567713887355977               
0.07416677572430608                0.4315698526130993                 0.0035301130234431074              
0.07431538990878538                0.4262648110510296                 0.0035193659296411835              
0.07446400399340614                0.4266440510201783                 0.003472900142666765               
0.07461261797796873                0.42079424553787725                0.0034565726579463122              
0.07476123186227358                0.4176157388572146                 0.0034254972156084105              
0.0749098456461211                 0.40749536340209946                0.003395558900503097               
0.07505845932931171                0.4020227221787383                 0.003371207867042216               
0.07520707291164581                0.4042005350485363                 0.003359832316318213               
0.07535568639292387                0.3975656114043647                 0.0033292702426538402              
0.07550429977294623                0.38933604690298135                0.0032875561568362997              
0.07565291305151335                0.3867163553765609                 0.0032892083648199924              
0.0758015262284256                 0.3860179687309293                 0.0032637297182338937              
0.0759501393034835                 0.3837941647213151                 0.0032501595449842555              
0.07609875227648738                0.3787528025126682                 0.0032439643012152123              
0.07624736514723769                0.3741189560665804                 0.003198065195229355               
0.07639597791553485                0.36807504616728925                0.0031788539170244153              
0.07654459058117927                0.36509386576706265                0.003153930630096049               
0.07669320314397139                0.3623807936333426                 0.003144842062921097               
0.07684181560371163                0.3615617459645302                 0.0031559696557768653              
0.07699042796020039                0.36007071504657534                0.0031282125289448315              
0.07713904021323813                0.3543282929437911                 0.003112336719657455               
0.07728765236262525                0.34873941955000654                0.003060648893820075               
0.07743626440816222                0.34679584018207055                0.003081686306257655               
0.0775848763496494                 0.34121650994973185                0.00305034747667613                
0.07773348818688727                0.34480045519279423                0.003045850095046533               
0.07788209991967622                0.3384249998544493                 0.003034012312536866               
0.07803071154781671                0.3413541777100311                 0.0030280749418282143              
0.07817932307110918                0.33759100598477704                0.0030341045755325692              
0.07832793448935403                0.3333522123777509                 0.002988654396186108               
0.07847654580235171                0.33167072990403407                0.00297741076491113                
0.07862515700990265                0.3277713968336036                 0.0029883966318269817              
0.07877376811180728                0.32823817252424636                0.0029583014089549897              
0.07892237910786605                0.320025260122147                  0.002933173820679437               
0.07907098999787937                0.32285394694945607                0.002931524999224284               
0.07921960078164769                0.31872454805875194                0.0029139179033127165              
0.07936821145897144                0.3117144633532859                 0.0029020875322843115              
0.07951682202965109                0.3178605555210932                 0.0028992415778619574              
0.07966543249348702                0.30943157722130366                0.002873495541721111               
0.07981404285027972                0.30737608688439666                0.0028521946871104373              
0.07996265309982961                0.30567914251610684                0.0028595631556706576              
0.08011126324193714                0.3059656074902858                 0.0028550065697724044              
0.08025987327640273                0.30613167822255694                0.002831398624416426               
0.08040848320302686                0.3024323684335536                 0.0028396466651922562              
0.08055709302160995                0.30567016377777795                0.002832708927525182               
0.08070570273195243                0.30296346542818836                0.0028386335659676184              
0.08085431233385477                0.3036290244639177                 0.002820949198478759               
0.08100292182711742                0.29980283119436013                0.0028031200628780015              
0.0811515312115408                 0.3026772764360532                 0.0028314813389980443              
0.0813001404869254                 0.3000013459206636                 0.0028063257890371626              
0.08144874965307163                0.29855174228085385                0.0027984033970399748              
0.08159735870977995                0.29530514450167666                0.0027764005342454617              
0.08174596765685078                0.2964060707404259                 0.0027826956213056484              
0.08189457649408466                0.29310001505520256                0.002774991057605132               
0.08204318522128196                0.2913114657465773                 0.0027531262894091514              
0.08219179383824317                0.2954474077334713                 0.002780442896226933               
0.0823404023447687                 0.29317028216799623                0.0027519538529015434              
0.08248901074065908                0.2913394026488382                 0.002758816692407215               
0.0826376190257147                 0.28753981692717095                0.0027352511067879966              
0.08278622719973604                0.2890654245540428                 0.0027315334675993824              
0.08293483526252357                0.28668881456053963                0.002729008591710995               
0.08308344321387771                0.2875828722686852                 0.002719102689675811               
0.08323205105359896                0.28429944468997326                0.0027176152392726412              
0.08338065878148777                0.2852696186605613                 0.0027081473934224675              
0.0835292663973446                 0.28378456819586884                0.0027000176207162955              
0.0836778739009699                 0.28025636610186433                0.0027003961090759218              
0.08382648129216412                0.2839107991381304                 0.002705999435659511               
0.08397508857072775                0.2849242826440942                 0.0026979482333095626              
0.08412369573646125                0.2827994974076865                 0.0026762693572882704              
0.08427230278916509                0.27748811202835244                0.0026677849714253164              
0.08442090972863972                0.28088343585089964                0.00268618917199334                
0.0845695165546856                 0.27984049968949204                0.002676949783835006               
0.08471812326710323                0.28052278171618944                0.002674922963844242               
0.08486672986569305                0.2832821501351261                 0.002678558993580375               
0.08501533635025554                0.27732472693146887                0.002668064388856014               
0.08516394272059116                0.2733455553527723                 0.0026280796781147694              
0.08531254897650041                0.2813758912687208                 0.002670581476343281               
0.08546115511778372                0.280523698706246                  0.002671775445094965               
0.08560976114424161                0.42974243840351345                0.003279903302888273               
0.08575836705567454                0.2796740731885948                 0.0026719368880369805              
0.08590697285188292                0.28099822431487637                0.002655302187164841               
0.0860555785326673                 0.2828226794835363                 0.0026732586490501513              
0.08620418409782817                0.2748887910489556                 0.0026396251226000543              
0.08635278954716594                0.27918066298544153                0.0026508210083142783              
0.08650139488048113                0.2757817114783884                 0.002632588528552466               
0.08665000009757422                0.27465356484826475                0.002615036758808433               
0.08679860519824566                0.275353706235175                  0.0026264692616183613              
0.08694721018229597                0.274242289354091                  0.002639630992393195               
0.0870958150495256                 0.27482871666714187                0.00261587456459898                
0.08724441979973506                0.2696254615826468                 0.0025939918893539355              
0.0873930244327248                 0.2749538446988379                 0.0026184892950945277              
0.08754162894829534                0.27133410403477504                0.002598194368228072               
0.08769023334624715                0.2777164292588235                 0.0026346625536664303              
0.08783883762638073                0.27083133384237706                0.0025819233916816136              
0.08798744178849653                0.27419387181073845                0.00261588219525784                
0.08813604583239507                0.2740641498787967                 0.00260423614358191                
0.08828464975787681                0.2756645702906013                 0.0026188527008458506              
0.08843325356474228                0.27131238121603407                0.0025931166516810957              
0.08858185725279195                0.2707869599824217                 0.002576820759136042               
0.08873046082182631                0.2731801725375787                 0.0026050260014243366              
0.08887906427164587                0.27173420652417896                0.002585249596749106               
0.0890276676020511                 0.26896293958023676                0.002573012944662708               
0.0891762708128425                 0.26935666705737926                0.00257784134322976                
0.08932487390382057                0.2683344538419459                 0.0025583523453392714              
0.08947347687478581                0.2765021663367762                 0.00260388023261047                
0.08962207972553873                0.26917849564146173                0.0025701403708233927              
0.0897706824558798                 0.27025854480389616                0.002575292804361424               
0.0899192850656095                 0.2668964896513006                 0.0025514937365621426              
0.0900678875545284                 0.2648510702257166                 0.0025474693869641345              
0.09021648992243694                0.26588373150136047                0.002539955554268065               
0.09036509216913566                0.2668181544288819                 0.002546327179844637               
0.09051369429442505                0.26257867086992187                0.00252223107642057                
0.0906622962981056                 0.26489068106290836                0.0025505654473183537              
0.09081089817997783                0.2634696246170947                 0.0025379415229976063              
0.09095949993984224                0.26435463746424154                0.002521324938580217               
0.09110810157749934                0.26540518529326607                0.002538629500743481               
0.09125670309274964                0.26050499636270574                0.0025010432541636434              
0.09140530448539363                0.26350530706588654                0.0025342907169037263              
0.09155390575523184                0.2578622735903201                 0.0024911032014280545              
0.09170250690206479                0.2577496955270311                 0.0024813466392360293              
0.09185110792569297                0.26177563369695306                0.002525963547507601               
0.09199970882591689                0.25289897027247793                0.0024633535934695146              
0.09214830960253707                0.2559622295036601                 0.002481913949631183               
0.09229691025535404                0.25451971279983515                0.0024675787413553875              
0.09244551078416828                0.24973256750190248                0.002447887983439392               
0.09259411118878036                0.2543485191909828                 0.0024814784917294433              
0.09274271146899074                0.25460524326556255                0.002457117169225402               
0.09289131162459997                0.24985818932076503                0.00244127426272384                
0.09303991165540855                0.24821209701779426                0.002430533492546867               
0.09318851156121703                0.2504624107384876                 0.0024361558189810516              
0.09333711134182592                0.24844166307948473                0.0024497528960482247              
0.0934857109970357                 0.2505700454984183                 0.002431344211888921               
0.09363431052664693                0.24270301101356667                0.0023990054842860883              
0.09378290993046016                0.2424901448861149                 0.0023944462189991874              
0.09393150920827588                0.2419046821340526                 0.0024030002963283297              
0.09408010835989462                0.24136493793072344                0.002391510798984469               
0.0942287073851169                 0.2425503617184032                 0.002385177245647836               
0.09437730628374329                0.2430499285777575                 0.0024051385245212006              
0.09452590505557425                0.23836002243051943                0.0023722406669228293              
0.09467450370041036                0.23335500347230279                0.002335302168646313               
0.09482310221805212                0.23528904116142602                0.00235347885489259                
0.09497170060830008                0.2344129936741561                 0.0023414388285871485              
0.0951202988709548                 0.23623924018241477                0.002367725791684332               
0.09526889700581676                0.23149510729045708                0.002322628435360192               
0.09541749501268652                0.2326264296420209                 0.002335037165880823               
0.09556609289136461                0.23239664700518511                0.002334731048614252               
0.09571469064165158                0.22858610990055037                0.00230965767921291                
0.09586328826334796                0.22432848819434492                0.0022938480500187216              
0.09601188575625429                0.22581730545350906                0.002280866527468819               
0.09616048312017107                0.22437443773231078                0.002294917865179113               
0.09630908035489893                0.22309160169482176                0.0022776309961524167              
0.09645767746023834                0.22499556312983127                0.002289801391393123               
0.09660627443598986                0.22317586233290698                0.002273166417483898               
0.09675487128195404                0.2212377418136187                 0.002256823124268729               
0.0969034679979314                 0.2192742421409648                 0.002266226430240957               
0.09705206458372252                0.2162768990693943                 0.0022377596987231494              
0.09720066103912794                0.2166021080986906                 0.0022314703937328464              
0.09734925736394817                0.21697018609881774                0.0022333668983070027              
0.09749785355798385                0.21069764534231458                0.002208711467453609               
0.09764644962103541                0.21535053795541106                0.0022377780978007525              
0.09779504555290348                0.20706659669596425                0.0021687419860425576              
0.09794364135338857                0.21071951375095846                0.002204101842399175               
0.09809223702229126                0.20927010354752484                0.0021933852460553002              
0.09824083255941213                0.2066393291446403                 0.002182660982507252               
0.09838942796455168                0.2064241253668128                 0.0021707218996385646              
0.09853802323751046                0.20527335523649395                0.002159337066915864               
0.09868661837808908                0.2015857132058751                 0.0021550419225281592              
0.09883521338608807                0.20543163763104805                0.0021579001152511406              
0.098983808261308                  0.20099705410516938                0.002153429999337646               
0.0991324030035494                 0.19351277324308605                0.0020877946355556433              
0.09928099761261285                0.19606209079485418                0.0021155452949726404              
0.09942959208829895                0.19715694144336646                0.0021289707074639676              
0.09957818643040817                0.19706239082557017                0.0021112750434787025              
0.09972678063874114                0.19407683016485497                0.002093758348793437               
0.09987537471309844                0.1943698911624841                 0.002092419491657117               
0.10002396865328061                0.1905970083976432                 0.002082188216908521               
0.10017256245908819                0.1878412833013336                 0.0020714568997441127              
0.10032115613032179                0.1890020916553635                 0.0020512224701187804              
0.10046974966678197                0.18712885875095372                0.002058101551915302               
0.10061834306826929                0.1881279353780579                 0.002051423335515976               
0.1007669363345843                 0.18365875933845294                0.0020396458975730086              
0.10091552946552765                0.18352259825928244                0.0020367525959394017              
0.10106412246089981                0.1844906789544258                 0.002025902761586775               
0.10121271532050144                0.18293381487573962                0.0020377617841867263              
0.10136130804413308                0.17967710167366843                0.002052949888865895               
0.10150990063159528                0.18009913550437257                0.002088957295315634               
0.10165849308268868                0.17407668599974938                0.0020606924954077823              
0.10180708539721378                0.17283864168733126                0.0020721912852754575              
0.10195567757497122                0.17738363638365276                0.0021280589232338747              
0.10210426961576155                0.17670591686321532                0.0021140035883094824              
0.1022528615193854                 0.17143552827550734                0.002092077754438959               
0.10240145328564329                0.17007508556991058                0.0021054767020263717              
0.10255004491433584                0.17187888356809997                0.002122608662334436               
0.1026986364052636                 0.16888699307719607                0.002130991938221939               
0.1028472277582272                 0.1655419087678965                 0.0020848048708422286              
0.10299581897302723                0.16314260790400215                0.002101439080964196               
0.10314441004946424                0.16308641190824588                0.0020993224041590537              
0.1032930009873388                 0.16414776677911938                0.00212126087941404                
0.1034415917864516                 0.1608793143105167                 0.0021080918216741774              
0.10359018244660313                0.16170845525372704                0.0021045514821808227              
0.10373877296759404                0.16359249554554736                0.0021451179576113524              
0.10388736334922487                0.15715933818014355                0.0021006927559474877              
0.10403595359129628                0.15648636830785478                0.002101671818990048               
0.1041845436936088                 0.1668091839906983                 0.002104774440167088               
0.10433313365596307                0.15713820130112674                0.00202628283638994                
0.10448172347815968                0.15389763264936507                0.0020020501142214886              
0.10463031315999925                0.15359954168272763                0.0019763845513693402              
0.10477890270128232                0.15631694335170634                0.0019806005200703235              
0.10492749210180954                0.15171874911598254                0.0019542884155372537              
0.10507608136138147                0.1525994384947116                 0.001954636843334158               
0.10522467047979879                0.14931005027734875                0.0019245396812016522              
0.10537325945686203                0.14772343832690935                0.0019091707781523962              
0.10552184829237181                0.1484318278373153                 0.0019072088296986003              
0.10567043698612877                0.15025026335807035                0.0019123487813474454              
0.10581902553793347                0.14817687276254163                0.0019062948052238518              
0.10596761394758658                0.14777291697859796                0.001883107026727122               
0.10611620221488863                0.14422860002257828                0.0018638480006385838              
0.10626479033964027                0.14717209853821792                0.0018855824841903135              
0.10641337832164213                0.1429099754933237                 0.0018491250728813915              
0.10656196616069483                0.14164279159464596                0.0018463806663629333              
0.10671055385659896                0.1456246941140983                 0.0018469051506037003              
0.10685914140915509                0.1404298117821077                 0.001831658572559431               
0.10700772881816392                0.1370065560872904                 0.0017999154474685399              
0.10715631608342602                0.13819131859225342                0.0018030749911211923              
0.10730490320474204                0.13831319028923886                0.0018019064076601197              
0.10745349018191253                0.13297692727220942                0.0017534953138848462              
0.1076020770147382                 0.13144137643914217                0.0017591314149782056              
0.10775066370301965                0.13681520034208694                0.001786946061675142               
0.10789925024655744                0.13151466322991465                0.0017413433782437462              
0.10804783664515225                0.1287158067320902                 0.0017345001620591408              
0.1081964228986047                 0.13074642431112957                0.0017313231442857998              
0.1083450090067154                 0.12790131643686728                0.001727135025126554               
0.108493594969285                  0.13233283882620156                0.001736268718785267               
0.10864218078611411                0.12757929093808384                0.0017120496190591848              
0.10879076645700335                0.1269862722903909                 0.0017147785862802302              
0.10893935198175338                0.13126134940339704                0.0017286200483198919              
0.1090879373601648                 0.12976293456977317                0.0017278701678799567              
0.10923652259203825                0.12642577448829623                0.0016800118382362902              
0.10938510767717442                0.12490798968253869                0.0016910367188449488              
0.1095336926153739                 0.12642963453415737                0.0016983047403388734              
0.1096822774064373                 0.12555364022164184                0.0016894361672651949              
0.10983086205016526                0.12311697374725371                0.0016735513324096952              
0.10997944654635847                0.12583879458748215                0.0016778505944997622              
0.11012803089481756                0.12290806092259161                0.0016697861968247875              
0.11027661509534314                0.12392937345263833                0.0016731942075154764              
0.11042519914773584                0.12202819590436417                0.0016431886717603705              
0.11057378305179637                0.11969402203073316                0.0016358115760973639              
0.11072236680732529                0.11920087282944845                0.0016201693869122202              
0.11087095041412333                0.12257827318517815                0.0016554054322693796              
0.11101953387199105                0.12259126586270815                0.0016352771629336454              
0.11116811718072916                0.12089811318966506                0.0016294493351571174              
0.11131670034013831                0.12239641286697134                0.0016389600499437064              
0.11146528335001911                0.12394691401407798                0.0016571983312780587              
0.11161386621017225                0.12081760203486536                0.0016738300100041866              
0.11176244892039836                0.1198411644631326                 0.0016652638899311517              
0.11191103148049807                0.12057765779660035                0.0016954205035944075              
0.1120596138902721                 0.11850207616379412                0.0016939242164720118              
0.11220819614952104                0.11669482746596148                0.0016771969536769874              
0.11235677825804559                0.11794349189736071                0.0017027224407035965              
0.11250536021564642                0.11799139255073673                0.0017050138385403583              
0.11265394202212414                0.11867445766299181                0.001728472469301452               
0.1128025236772794                 0.11474970413144242                0.0017009758853321695              
0.11295110518091295                0.1140464252612888                 0.001698406172016866               
0.11309968653282537                0.1112332005777185                 0.001690599128271293               
0.11324826773281738                0.11708073805984942                0.0017262613047603313              
0.11339684878068956                0.1117893665846263                 0.0016928070226708244              
0.11354542967624269                0.11251291189910882                0.001691588817339397               
0.11369401041927737                0.11326347319760705                0.0017005684060612365              
0.11384259100959429                0.11189447097958272                0.001692265695136856               
0.11399117144699408                0.11330250889595252                0.0017055818388589305              
0.11413975173127745                0.11404593033716767                0.0017098129003775874              
0.11428833186224509                0.11169743911238368                0.0016867799002796362              
0.11443691183969763                0.11116159739734152                0.0017043392128066666              
0.11458549166343575                0.11415482591884935                0.00171608042958515                
0.11473407133326015                0.11265689881984917                0.0017075107964752154              
0.1148826508489715                 0.11166611289256202                0.001704081566207558               
0.11503123021037048                0.11038272448113781                0.001685477991725768               
0.11517980941725774                0.11066719418483978                0.0017088529248381658              
0.115328388469434                  0.10968127389110881                0.0016848141826911844              
0.11547696736669993                0.11190984441331597                0.0017170227043308195              
0.11562554610885617                0.1125728671470351                 0.0017165205460072182              
0.11577412469570345                0.11227587582645504                0.0017107991099928007              
0.11592270312704248                0.11087862716045732                0.0017203412147823165              
0.11607128140267389                0.10960439688343955                0.0016842294975089435              
0.1162198595223984                 0.1088525265420746                 0.0016989552234539897              
0.11636843748601669                0.11112161738385523                0.0017158698409032362              
0.11651701529332943                0.10976104913237099                0.0017011595363484397              
0.11666559294413735                0.10889703408014217                0.001706313576967663               
0.11681417043824113                0.10936974439661153                0.0016858065397800694              
0.11696274777544145                0.10821970226729823                0.0017002986624563624              
0.11711132495553901                0.1097425732133006                 0.0017122214039638616              
0.11725990197833454                0.10987126099044077                0.0017111080778672355              
0.11740847884362866                0.10576963063230072                0.0016816392921255008              
0.11755705555122214                0.11056881472508565                0.0017151214744767606              
0.11770563210091566                0.11154587870777384                0.0017334084676980553              
0.11785420849250991                0.10859275437291689                0.0017011281931112521              
0.1180027847258056                 0.10989908199628784                0.0017078174606851874              
0.11815136080060339                0.11091140305696358                0.0017291953364036168              
0.11829993671670407                0.1082063134862703                 0.0017072679412801983              
0.11844851247390831                0.10707390346427208                0.001709739088847106               
0.1185970880720168                 0.10844152524971028                0.0016985507589376949              
0.11874566351083024                0.10816054174290546                0.0017033684233437412              
0.11889423879014938                0.1059468812253745                 0.0016921744887430973              
0.11904281390977489                0.1058237722674649                 0.001697586217169453               
0.11919138886950753                0.10965304545993941                0.0017273015988987558              
0.11933996366914792                0.10476833516528049                0.0016750609711230484              
0.11948853830849689                0.10663313188349993                0.001703352503530753               
0.11963711278735512                0.10723494146528895                0.0017038599621979212              
0.11978568710552326                0.10856713859119023                0.0017209048383869442              
0.11993426126280209                0.10648510406366714                0.0016986057287502027              
0.12008283525899235                0.10944673992915563                0.001726409538112827               
0.12023140909389472                0.11089398934051445                0.0017414562886818113              
0.12037998276730992                0.10664717896928172                0.0017070651503814783              
0.12052855627903868                0.1093486332216783                 0.0017263660901531254              
0.12067712962888173                0.10749802074991847                0.0017052440259416064              
0.12082570281663982                0.10582225640571662                0.0017105973168004504              
0.12097427584211363                0.10927517460164002                0.0017360581720768048              
0.12112284870510388                0.1085920369553839                 0.0017167762790567043              
0.1212714214054114                 0.10624567641851865                0.001709641813784948               
0.12141999394283678                0.10716062783397343                0.0017082950444150156              
0.12156856631718085                0.11008174613508927                0.0017484309552524876              
0.12171713852824434                0.10927843884967041                0.0017265494027380586              
0.12186571057582794                0.10639548279334139                0.0017093987475628345              
0.12201428245973238                0.10799082560547914                0.0017354782975356397              
0.12216285417975847                0.10751210731778746                0.0017198085231123162              
0.12231142573570686                0.10692280919025215                0.0017261338166153087              
0.12245999712737837                0.11030830144813845                0.0017288513209062853              
0.12260856835457366                0.10427582308338856                0.001704636309935258               
0.12275713941709357                0.1082243710069157                 0.001738109646458274               
0.1229057103147387                 0.10798988310869434                0.001724365306365921               
0.12305428104730994                0.10677031034610045                0.0017212064837549305              
0.12320285161460796                0.10923962122042255                0.0017350554654852217              
0.12335142201643355                0.10529397715277587                0.0017144218303151682              
0.12349999225258738                0.10448874478447313                0.0017115508861583735              
0.12364856232287029                0.10666386355477891                0.0017108425392452693              
0.12379713222708298                0.10906204194832256                0.001750885563413412               
0.12394570196502623                0.10879706963790449                0.0017293356847382483              
0.12409427153650074                0.10708405712271929                0.00173644748812238                
0.12424284094130733                0.10583849781224951                0.0017092973248059632              
0.12439141017924672                0.10248486370953486                0.0016884955373281483              
0.12453997925011973                0.10850411532608167                0.0017509776318870138              
0.12468854815372699                0.10425321766830223                0.0017015406690487455              
0.12483711688986938                0.10617945549431752                0.0017313657705080193              
0.12498568545834762                0.10326140459150876                0.0016869265814559475              
0.12513425385896246                0.10229911374189792                0.0016928032604311175              
0.12528282209151465                0.11059387656528477                0.0017731941125714225              
0.125431390155805                  0.10558553611361186                0.001709452974547245               
0.12557995805163427                0.10262698365398651                0.0016984612700372014              
0.12572852577880317                0.10279898042807731                0.0016962050158434423              
0.12587709333711253                0.10441735691220454                0.0017154520754265367              
0.12602566072636312                0.1046110377740779                 0.001723057795654234               
0.1261742279463557                 0.10517822526357556                0.0017098195345714644              
0.126322794996891                  0.1019435677240244                 0.001700950458158257               
0.12647136187776986                0.10364509486439805                0.0017039148634874724              
0.126619928588793                  0.10465511594181388                0.0017219162224698368              
0.12676849512976127                0.10143317880542467                0.0016966910225535408              
0.12691706150047535                0.10527696053997858                0.0017150543636918084              
0.12706562770073607                0.1015721305464642                 0.0016919291427614238              
0.12721419373034423                0.10157364442934462                0.001681719733396081               
0.12736275958910062                0.10058909961193602                0.001684458250118926               
0.12751132527680595                0.09873245853524978                0.0016573222153365235              
0.12765989079326104                0.10158578814480508                0.0016839993773738943              
0.12780845613826677                0.10080218940520556                0.0016833127866742637              
0.12795702131162376                0.1017890432946515                 0.001682061468866861               
0.12810558631313296                0.101793263429807                  0.0016828206516554807              
0.12825415114259503                0.09800263560060839                0.00164483969719948                
0.1284027157998108                 0.10030245714706573                0.0016806009885422558              
0.1285512802845811                 0.09776162040125548                0.001651293913920528               
0.12869984459670672                0.09748034150630734                0.0016439651575347847              
0.1288484087359884                 0.09829399383171321                0.0016572157948933233              
0.12899697270222704                0.10190289067257917                0.0016736907301583123              
0.12914553649522334                0.09853817850385248                0.0016708587647516157              
0.12929410011477813                0.09942169474169861                0.0016602596731186087              
0.12944266356069217                0.09957358859923633                0.0016752218948485286              
0.12959122683276636                0.0994934223676635                 0.0016760092842843858              
0.12973978993080143                0.096900169357243                  0.0016341807970812246              
0.12988835285459818                0.09898889265626183                0.001673217675986082               
0.13003691560395744                0.09534392018130658                0.0016272568289963038              
0.13018547817868006                0.09642056131048483                0.001644913548813472               
0.1303340405785668                 0.09723524132577645                0.0016554426839694033              
0.13048260280341842                0.097710039029768                  0.0016537286955401172              
0.13063116485303583                0.09639002067932681                0.0016482345762338273              
0.13077972672721977                0.09717778219122747                0.001643543758028788               
0.1309282884257711                 0.09587678775993562                0.001648155931977377               
0.13107684994849064                0.09476180822768587                0.0016321270514660239              
0.13122541129517912                0.09380077752753035                0.001618217150282074               
0.13137397246563748                0.09572854660261361                0.0016512286261434323              
0.13152253345966647                0.09731667886287788                0.0016419056767438861              
0.13167109427706694                0.09484198209655013                0.001645015953529121               
0.13181965491763964                0.094245610616761                  0.0016227550225421973              
0.1319682153811855                 0.09401857339346249                0.0016292642956339516              
0.13211677566750527                0.09521825195759989                0.00164610387021671                
0.13226533577639982                0.09403738525214145                0.0016244761178403034              
0.13241389570766995                0.09270884937788455                0.001620001955796698               
0.1325624554611165                 0.09547440674192859                0.001634011881223589               
0.13271101503654026                0.08917822712713044                0.0015909471168735047              
0.1328595744337422                 0.09303487538114638                0.0016256989606292344              
0.13300813365252293                0.09340110358282432                0.0016296124003858923              
0.13315669269268346                0.09405327250508427                0.001628155226717703               
0.13330525155402462                0.09121693178853028                0.0016020237668562525              
0.13345381023634717                0.08949779554719271                0.0015931029466646068              
0.13360236873945192                0.0918516559954645                 0.0016139181906916756              
0.13375092706313985                0.0909993048326075                 0.0016029055103439047              
0.13389948520721168                0.08838810659698239                0.0015887790485784306              
0.1340480431714683                 0.09114833620226366                0.0016070271539970421              
0.13419660095571057                0.09217107913273959                0.001620281285047201               
0.13434515855973928                0.0888401972737042                 0.001582400494023839               
0.13449371598335533                0.0874716627645604                 0.0015784378044672745              
0.13464227322635955                0.08998104430372794                0.0015974085077858934              
0.13479083028855277                0.08928802126443972                0.0015954467801411563              
0.13493938716973589                0.08759640931220763                0.0015858612975895262              
0.1350879438697097                 0.08858997918799745                0.0015746996917770462              
0.13523650038827512                0.08543305677354736                0.0015668538569284201              
0.13538505672523296                0.08769665745070783                0.001578391472287024               
0.1355336128803841                 0.08749385086042712                0.0015863460321931403              
0.13568216885352938                0.0863432088329676                 0.0015716960687937878              
0.13583072464446966                0.08672655779687333                0.0015614372122120445              
0.1359792802530058                 0.08617213725331675                0.0015680625873190843              
0.13612783567893869                0.08509742801016615                0.0015521080308094528              
0.13627639092206914                0.0853837778404509                 0.0015601880711840265              
0.13642494598219812                0.08479503915161458                0.0015596179688098593              
0.13657350085912634                0.08664858921372875                0.0015730904981811652              
0.1367220555526548                 0.085562124523935                  0.001575059465192246               
0.13687061006258433                0.08343092983454276                0.0015334909887309589              
0.13701916438871578                0.08423918783879014                0.0015551923681293757              
0.13716771853085005                0.08093713414072837                0.0015176898392893349              
0.137316272488788                  0.08280389264959617                0.0015418890549616813              
0.13746482626233048                0.08329266398530276                0.0015512594184979224              
0.13761337985127842                0.08566502501800613                0.0015572885276253408              
0.13776193325543262                0.0828939867830069                 0.0015441021912276282              
0.13791048647459406                0.08298686335926009                0.0015367937659122239              
0.13805903950856357                0.08227955458338367                0.0015404267304536929              
0.13820759235714203                0.08345755252215573                0.0015500351143791359              
0.1383561450201303                 0.08096666854963204                0.0015179768026210405              
0.13850469749732927                0.08402663026445888                0.0015643864244904487              
0.1386532497885399                 0.07985519259067068                0.0015088518754469127              
0.13880180189356303                0.07902525202861305                0.001502316060188511               
0.1389503538121995                 0.08122683609736765                0.0015285061517987507              
0.13909890554425028                0.07874851000720497                0.0015016751650140418              
0.13924745708951625                0.07883182865542052                0.0015193718409001625              
0.13939600844779823                0.08021761670093956                0.0015063179157539012              
0.13954455961889714                0.07987186573960367                0.0015184106798467498              
0.139693110602614                  0.07993828201578068                0.0015123127358098922              
0.13984166139874957                0.07983357837700379                0.0015146750628065825              
0.13999021200710476                0.0762931179500175                 0.001493362049002348               
0.14013876242748052                0.07784926400068841                0.0014891371394923536              
0.14028731265967773                0.0779634888212012                 0.0015048735519280962              
0.1404358627034973                 0.07917620136456911                0.0015070932362177155              
0.14058441255874016                0.07711945661341149                0.0014913626399002688              
0.14073296222520715                0.07760964405253186                0.001499440837668013               
0.14088151170269927                0.07659475826572089                0.0014823249520903288              
0.14103006099101734                0.07838633822119803                0.0015130355119445757              
0.14117861008996233                0.07874274255000958                0.001504302770849605               
0.14132715899933507                0.07575409588901925                0.0014754803034721493              
0.14147570771893658                0.0741375915690359                 0.001463558705895652               
0.14162425624856775                0.07445553367802313                0.0014666948654041988              
0.1417728045880295                 0.07576921725764224                0.0014902616549865744              
0.14192135273712264                0.07656900476024502                0.0014768567422211458              
0.14206990069564823                0.0770893730874726                 0.00149441795418941                
0.14221844846340712                0.07944927247750598                0.0015178003313002836              
0.14236699604020028                0.078816041084193                  0.0015713006789290901              
0.14251554342582856                0.07567951660944361                0.0015688454329115561              
0.14266409062009294                0.07877452219762977                0.001623613106281502               
0.14281263762279436                0.07483863553714022                0.0016076681398049294              
0.14296118443373373                0.0746821474870097                 0.0016242927510146698              
0.14310973105271196                0.0775850755504171                 0.0016674362431643322              
0.14325827747953002                0.07791046340372128                0.0016802602660776532              
0.14340682371398877                0.07452170168432817                0.0016696986510461164              
0.14355536975588926                0.07193260528301801                0.0016568001025277787              
0.1437039156050323                 0.0755328499300119                 0.0017078567720566515              
0.14385246126121892                0.07602708007322236                0.0017216743347996384              
0.14400100672425004                0.07112021260727927                0.0016919003158353046              
0.1441495519939266                 0.07602439403293527                0.0017613535528690745              
0.14429809707004948                0.0735690517000182                 0.0017481789134101515              
0.1444466419524197                 0.07324556333405628                0.0017409836410741232              
0.14459518664083823                0.07274781340385776                0.0017530866018512338              
0.14474373113510589                0.07460790981423697                0.0018026283280242535              
0.14489227543502373                0.07357507685757424                0.0018047423713189396              
0.1450408195403927                 0.0721003397684596                 0.0017902425964337605              
0.14518936345101366                0.07278940416247258                0.0018012544717419781              
0.14533790716668768                0.07321806983841414                0.001843751680822146               
0.14548645068721563                0.07532350123923252                0.0018673972827216176              
0.14563499401239854                0.0751134005520733                 0.0018878912190307391              
0.1457835371420373                 0.07187643418840706                0.0018454136689422937              
0.14593208007593286                0.07097143264126775                0.001854234937151413               
0.14608062281388626                0.07351161740404082                0.001916028978673929               
0.1462291653556984                 0.07038053668394902                0.0018690221951848454              
0.14637770770117026                0.07281271464923274                0.0019187835075956962              
0.14652624985010276                0.06998123260217036                0.0018811071862176781              
0.14667479180229695                0.06933827872130956                0.0018963013435015414              
0.14682333355755375                0.07244295412174753                0.0019572029800268543              
0.14697187511567414                0.07243296953712297                0.0019491239191265796              
0.14712041647645907                0.07081773317470227                0.001954382918216254               
0.14726895763970954                0.07400804159332239                0.0020046150386119773              
0.1474174986052265                 0.07342737166040465                0.0020240910206046564              
0.14756603937281096                0.07179722256448805                0.0019997752332921366              
0.14771457994226384                0.06803966429439257                0.0019723713316702448              
0.14786312031338616                0.07549120755450417                0.0021075750284198012              
0.14801166048597889                0.07164599434120128                0.002032970686188398               
0.148160200459843                  0.07091947049606168                0.002065420968955395               
0.14830874023477952                0.0749185152894868                 0.0021072478776885733              
0.14845727981058934                0.06942567366809478                0.002058921886650572               
0.14860581918707355                0.07544877808862417                0.002175301187823045               
0.1487543583640331                 0.07304419680417543                0.002113895696112466               
0.14890289734126896                0.07292361940521204                0.0021283064800154666              
0.1490514361185821                 0.07369011813868306                0.0021272504771991997              
0.1491999746957736                 0.07032205919044646                0.0021270686091556835              
0.14934851307264435                0.07060878531413767                0.0021250747138480994              
0.14949705124899543                0.07113386435286705                0.0021245824814729373              
0.14964558922462776                0.07054366101375571                0.002147569721399127               
0.14979412699934241                0.07335934305912147                0.002166076170324101               
0.14994266457294034                0.07524470474774995                0.002245360427285642               
0.15009120194522255                0.07185279264817561                0.002147971966037425               
0.15023973911599006                0.0712382486026563                 0.002187034035784404               
0.15038827608504382                0.07240483937585422                0.0022281049082232495              
0.15053681285218495                0.07086798822576386                0.002163466841580837               
0.15068534941721437                0.07439349979166468                0.0022585001367088162              
0.1508338857799331                 0.0763870329456817                 0.0022370225713596267              
0.15098242194014216                0.0678444991847781                 0.0021683195975343295              
0.15113095789764253                0.0710610237145605                 0.002212033047856087               
0.15127949365223534                0.07249339350843542                0.00222242757063929                
0.15142802920372145                0.06985457512897161                0.0022002123063254355              
0.15157656455190194                0.06852216912534899                0.002136109025846787               
0.15172509969657785                0.07290555894841541                0.002267255032538991               
0.1518736346375502                 0.07133858613177357                0.002228243072802685               
0.15202216937462                   0.06910581824796937                0.0021744725355002594              
0.15217070390758822                0.07442174046849492                0.0023032950440036583              
0.15231923823625595                0.06930166583849676                0.002175257391030355               
0.1524677723604243                 0.07498881999816713                0.0023197349965621353              
0.15261630627989406                0.07312547476301093                0.0022344670936575504              
0.1527648399944665                 0.0678571080462388                 0.002196954990192037               
0.1529133735039425                 0.0720331418110521                 0.002294002569354713               
0.15306190680812318                0.07071569089221832                0.002245225431054485               
0.1532104399068095                 0.07049122133038825                0.0022822375566167647              
0.15335897279980254                0.06941124445153478                0.002202699263318322               
0.15350750548690334                0.07201180775483568                0.0023253825536843553              
0.1536560379679129                 0.07056550295883558                0.002283446051930479               
0.15380457024263233                0.07441549079471793                0.0023369228385363796              
0.15395310231086262                0.06909560366576094                0.0023213122033238294              
0.15410163417240483                0.0686647003512862                 0.0022372168300649887              
0.15425016582706                   0.06896028123077173                0.00232465060606064                
0.15439869727462913                0.07257234922606762                0.0023508489842362246              
0.15454722851491334                0.0680560533319001                 0.0022685351110633364              
0.15469575954771367                0.07008251453877071                0.0023842555626551634              
0.15484429037283115                0.06495649549071178                0.0022188716177485375              
0.15499282099006684                0.07060618132560464                0.0024175096041722643              
0.15514135139922183                0.07283964869837652                0.002360746575425961               
0.1552898816000971                 0.06480958349733477                0.0022785836125712782              
0.15543841159249377                0.06820880963955887                0.002349236193089155               
0.15558694137621287                0.07535577129746124                0.0024723426586067123              
0.15573547095105544                0.06581703035242936                0.0023461237555826055              
0.15588400031682265                0.0707682006359153                 0.002386952165105988               
0.15603252947331542                0.06962632956048383                0.0024037678429389645              
0.15618105842033492                0.0727371928017814                 0.0024760028380626828              
0.15632958715768216                0.07059965346195646                0.0024330247317987433              
0.15647811568515826                0.06507475649491662                0.0023667460116569413              
0.15662664400256424                0.06768823075923164                0.0023916460368722274              
0.1567751721097012                 0.066986719396305                  0.002410904785622171               
0.1569237000063702                 0.06931664646410482                0.00247244289910824                
0.15707222769237236                0.06795053629345561                0.002399416851059318               
0.15722075516750872                0.06969672757340284                0.002485999943306212               
0.1573692824315803                 0.07293527119800282                0.0025642675783751263              
0.1575178094843883                 0.0682670463864755                 0.002487789469388757               
0.15766633632573374                0.0680826441224613                 0.0024503479795982843              
0.15781486295541766                0.06554521366615378                0.0024342881235247097              
0.15796338937324125                0.06732093900179696                0.0024950800016032837              
0.1581119155790055                 0.06743672633737717                0.00250799883832354                
0.1582604415725116                 0.06872100064120702                0.0024960591443611226              
0.15840896735356055                0.06936927928068987                0.0025622127917234775              
0.15855749292195345                0.06701683064766278                0.0025257918397396354              
0.15870601827749145                0.06942303535065282                0.0025520415349967636              
0.15885454341997562                0.06813426715411351                0.002573395754063124               
0.159003068349207                  0.06782424085859119                0.002559861009415811               
0.15915159306498677                0.0681345282763515                 0.0025734056165139375              
0.15930011756711598                0.06849401809593479                0.002603751882476583               
0.15944864185539576                0.07002923923880865                0.0026207784109887303              
0.15959716592962722                0.06803983055781938                0.002611129048460163               
0.1597456897896114                 0.06583884984158217                0.002572536737313599               
0.15989421343514953                0.06625522632574173                0.0025927673625761156              
0.16004273686604262                0.0668911890007414                 0.0026216723962972123              
0.1601912600820918                 0.07005971043989484                0.002678799980887922               
0.16033978308309815                0.06922325110611316                0.0026884083034732663              
0.16048830586886284                0.06273062110496935                0.002571704736314395               
0.160636828439187                  0.06841197207072963                0.0026812765841566946              
0.16078535079387168                0.0637758003703161                 0.002605808560097451               
0.16093387293271805                0.06291217198020563                0.0025966632314226726              
0.1610823948555272                 0.06825723984835794                0.0027412767191867483              
0.16123091656210026                0.06895622068797597                0.0027321449390407477              
0.16137943805223834                0.06942221047471174                0.0027835770398840654              
0.1615279593257426                 0.06418419823322473                0.0026582378843539494              
0.16167648038241414                0.06653297771452783                0.00273448853966957                
0.16182500122205412                0.06301324203650031                0.0026893396349366343              
0.16197352184446365                0.06610268334511615                0.0027447645290074986              
0.16212204224944385                0.06427111665748543                0.0027306180904617294              
0.16227056243679583                0.06600688072135869                0.0027623019863302766              
0.1624190824063208                 0.06391450103368453                0.002737796422687836               
0.16256760215781982                0.05850175448802298                0.0026482499936847084              
0.1627161216910941                 0.066520665919043                  0.0028135243892548536              
0.1628646410059447                 0.06509948616451573                0.002809250182895876               
0.16301316010217284                0.06840022686887372                0.002890437138131221               
0.1631616789795796                 0.06570953076337009                0.002827687981484847               
0.16331019763796614                0.06625938790178058                0.0029000946229504887              
0.16345871607713366                0.06351024454976985                0.0027904799419649702              
0.16360723429688329                0.06970636206549544                0.002980428822196405               
0.1637557522970161                 0.06473656632425072                0.0029067576367108484              
0.16390427007733335                0.0634821070412844                 0.0028221238863738213              
0.16405278763763612                0.06580685218247556                0.0029668020182993227              
0.1642013049777256                 0.06849169321683184                0.0029778997050796453              
0.16434982209740293                0.061660729510360786               0.0028718264815307745              
0.16449833899646926                0.06555322175653813                0.0029858674318990184              
0.16464685567472578                0.064603580116477                  0.0029395646794889                 
0.16479537213197368                0.07052251337481169                0.0031166842146030213              
0.16494388836801405                0.06294697782548415                0.002944535426557781               
0.16509240438264808                0.06051569554462461                0.0029183259805045207              
0.16524092017567696                0.06373968899426395                0.0030147838388961752              
0.16538943574690185                0.06388616313640394                0.003011622611849417               
0.1655379510961239                 0.060298104769726954               0.002938749810464624               
0.1656864662231443                 0.06532146429847234                0.0030861491037203945              
0.16583498112776424                0.06488684875099843                0.0031039589177386077              
0.16598349580978486                0.06398572249073399                0.0031037634395383036              
0.16613201026900737                0.06250111516018776                0.0030533792838028967              
0.16628052450523292                0.06519681214661587                0.0031550948775548164              
0.16642903851826274                0.06519911374157807                0.0031626215606257208              
0.16657755230789795                0.06175347752313194                0.0031150508743226367              
0.1667260658739398                 0.06457889921394325                0.003216904104736195               
0.16687457921618937                0.058171522243137576               0.003016052928753507               
0.16702309233444793                0.061142771392209395               0.00316161744190911                
0.16717160522851673                0.0576181864780461                 0.003053757775826999               
0.16732011789819684                0.0600916898399646                 0.0031583490983635725              
0.1674686303432895                 0.05745233244886137                0.003120382371912999               
0.16761714256359592                0.06622630303860509                0.0033071837527519875              
0.16776565455891726                0.05864892350086615                0.003194810437627751               
0.16791416632905476                0.05690871446640629                0.0031470591010305292              
0.1680626778738096                 0.06230385633971151                0.003292861126570787               
0.168211189192983                  0.059496112949184735               0.003280126886150389               
0.1683597002863761                 0.06456174107787727                0.0033979863725198565              
0.16850821115379017                0.06073988324242659                0.003323538540779503               
0.1686567217950264                 0.06827554672977351                0.003563954528822385               
0.16880523220988602                0.061185836683955386               0.003383584500122149               
0.1689537423981702                 0.05761187955630637                0.0033317810206052543              
0.16910225235968016                0.05815419583654835                0.0033082766137951455              
0.16925076209421713                0.056451318845322916               0.0033380364603171546              
0.16939927160158233                0.06274331017557812                0.0035408098374609008              
0.169547780881577                  0.059412294919386974               0.003424467748535266               
0.16969628993400226                0.06146370505633072                0.00354860866596643                
0.16984479875865943                0.07051506499546141                0.003813018018230613               
0.16999330735534968                0.06703933234196607                0.0037417706508970556              
0.17014181572387424                0.05999440811858418                0.0035982254846641387              
0.17029032386403442                0.06220338611691375                0.003627775149041947               
0.17043883177563132                0.05945733620221566                0.003618458249680229               
0.17058733945846627                0.07171138363223964                0.00401506666459732                
0.1707358469123404                 0.06519544508311219                0.0038416784433953147              
0.17088435413705508                0.05555945174809693                0.003571496826371465               
0.1710328611324114                 0.06219949193603708                0.003792369955278547               
0.17118136789821065                0.05403192460123477                0.0035862247928451535              
0.17132987443425413                0.06210554543739897                0.003859050823581349               
0.17147838074034302                0.053039757879012814               0.003634224327068545               
0.17162688681627855                0.06847870220954254                0.004129421115627889               
0.17177539266186204                0.058470026264343465               0.003830498780458556               
0.17192389827689467                0.05826939147938488                0.003884626098625659               
0.17207240366117768                0.06030581241324353                0.003967831149321946               
0.17222090881451232                0.05980593231135024                0.004050568846465054               
0.1723694137366999                 0.0544930107936754                 0.0038341148599391303              
0.17251791842754163                0.06114739990515231                0.004113219233980866               
0.17266642288683876                0.056093243656955775               0.003956512349272188               
0.17281492711439256                0.059830924416361723               0.004158536715723598               
0.17296343111000428                0.05960143874045112                0.004246426685292255               
0.1731119348734752                 0.06354586649672267                0.004364348029298965               
0.1732604384046066                 0.06684319718388572                0.004476151559008027               
0.17340894170319962                0.055944808512922065               0.004193240681524052               
0.17355744476905563                0.06314264560570691                0.004498727227838665               
0.1737059476019759                 0.06540605350135467                0.0046482058201607335              
0.17385445020176168                0.059739424827832704               0.004465134253713844               
0.17400295256821427                0.05861185844323961                0.004469112308565522               
0.17415145470113486                0.05708768880507928                0.0044577995591076475              
0.17429995660032482                0.05395494111262267                0.00440540249426132                
0.17444845826558536                0.05395505448786875                0.004480723390479746               
0.17459695969671776                0.05270039661190471                0.004453996442243157               
0.17474546089352336                0.06512277003083601                0.004951192520852933               
0.17489396185580336                0.058351760728068795               0.004829226078886612               
0.1750424625833591                 0.0667955541250026                 0.0052318315781144506              
0.17519096307599183                0.0676897813490867                 0.0053347021077264625              
0.1753394633335029                 0.055682320346529604               0.004902554941541571               
0.17548796335569353                0.06255962162874011                0.00523149837361007                
0.17563646314236503                0.05425994223822243                0.004974000749861607               
0.1757849626933187                 0.058082132332804605               0.005258509182490753               
0.17593346200835586                0.059915534339528106               0.005380573820573274               
0.17608196108727775                0.06525340998425871                0.005745242396147809               
0.17623045992988567                0.05817176804327032                0.00542454534041898                
0.17637895853598098                0.06582697534148522                0.005959694322263836               
0.17652745690536492                0.05850036994835118                0.005764212729355299               
0.17667595503783887                0.0602043923399473                 0.005847567513160078               
0.176824452933204                  0.056807433879809875               0.005890656483495543               
0.17697295059126175                0.06108339244659426                0.006108339244659427               
0.1771214480118134                 0.062105736820757346               0.006405717647148617               
0.17726994519466022                0.0585493314139604                 0.006350566634303328               
0.17741844213960353                0.061229853651741224               0.006564529360631549               
0.17756693884644464                0.06937387419124162                0.007312648418476504               
0.1777154353149849                 0.05571433140425707                0.006476659469935501               
0.17786393154502564                0.06142875340996341                0.007140947534884584               
0.17801242753636812                0.05305850776027001                0.006907629343577145               
0.17816092328881367                0.07214944770819114                0.008169316266620126               
0.17830941880216367                0.05592014659059021                0.007406804357105723               
0.1784579140762194                 0.04804016128676395                0.007083135354117237               
0.17860640911078218                0.05318743584901822                0.007842059584442349               
0.17875490390565335                0.043166707545629214               0.007194451257604869               
0.17890339846063424                0.05395850070814424                0.00853158806827721                
0.17905189277552622                0.049266563421737464               0.008327569138346744               
0.1792003868501306                 0.0631317182540331                 0.01010916549056124                
0.17934888068424865                0.06815854751578074                0.01077681260793392                
0.17949737427768178                0.06070383762700847                0.01108295373181447                
0.17964586763023138                0.09214551188996009                0.015148628839443196               
0.1797943607416987                 0.0772031636427468                 0.013866097523478066               
0.17994285361188503                0.07122629889998094                0.015185497948834763               
0.18009134624059184                0.05261044853821837                0.014591513063823523               
0.18023983862762047                0.10360233896558443                0.02590058474139611                
0.18038833077277225                0.04856370190891038                0.019826048282909303               
0.18053682267584845                0.0485638075147337                 0.02803832734150467                
0.18068531433665053                nan                                nan                                
