#####################################################################################################
# NeXus source file: noemi5saxs
# NXdata: name = img{0}_azimuthalIntegration_Px_24                 
#
#
# Exposure_msec                                     1000.0 + 0.0
# _diffrn_source.source                             Storage Ring SOLEIL, beamline SWING
# _diffrn_sofware                                   Foxtrot 3.5.10-3979
# _diffrn_detector.detector                         EIGER-4M
# _diffrn_comment.comment                           -
# _sas_detc.pixnum_ax                               [1035]
# _sas_detc.pixnum_eq                               [1083]
# _sas_detc.pixsize                                 150.0
# _sas_detc.center_ax                               285.110346632731
# _sas_detc.center_eq                               957.0166664324403
# _sas_detc.dist_spec/detc                          6137.21860334
# _sas_detc.energy                                  12.000513668149837
# _sas_detc.gain                                    1.0
# _sas_detc.detector_based_uncertainty              0.0
# _sas_detc.encoder_delta                           0.0
# _sas_detc.delta0                                  0.0
# _sas_detc.gamma_offset                            0.0
# _sas_detc.wave_length                             1.0331573224991384
# _sas_detc.bias                                    0
# _sas_detc.mask                                    E:\20251487\published-data\3120\2026-09-03_session3\\mask_bags_saxs_12kev_sept26.txt
# Normalization                                     true
# Normalization Factor                              0.02571
# Normalization Monitor                             averagemi8b
# Normalization Intensity                           1.2818167940265086e-06
# GlobalNormalization                               29.782641770057424
# AbsTimeStamps                                     nan
# TimeStamps                                        1.3633079528808594
# gapTime                                           500.0
# step_global_regrid                                nan
# xmax_global_regrid                                nan
# xmin_global_regrid                                nan
# ymax_global_regrid                                nan
# ymin_global_regrid                                nan
#####################################################################################################
q(A-1)                             I(q)4_00193{00000}_AzInt_Px_24     Sig(q)4_00193{00000}_AzInt_Px_24   
0.0                                nan                                nan                                
0.00014863910320409943             nan                                nan                                
0.0002972782062084175              nan                                nan                                
0.0004459173088131729              nan                                nan                                
0.0005945564108185842              nan                                nan                                
0.0007431955120248703              nan                                nan                                
0.0008918346122322496              nan                                nan                                
0.001040473711240941               nan                                nan                                
0.001189112808851163               585.7271203499353                  2.217359314236965                  
0.0013377519048631344              526.8183704650625                  0.8585058153801313                 
0.001486390999077074               491.9425974081476                  0.6197854801337899                 
0.0016350300912932002              445.99982992988083                 0.5081264057481151                 
0.0017836691813117322              419.4646447003124                  0.5060398928580143                 
0.0019323082689328885              399.60323161896525                 0.4614903723186018                 
0.0020809473539568878              384.8628281964287                  0.4178838169310682                 
0.0022295864361839487              372.7365506014704                  0.4005641929685987                 
0.0023782255154142914              364.36208770535546                 0.364662511033472                  
0.002526864591448133               358.011815311288                   0.37386766154639767                
0.0026755036640856928              352.73751247856865                 0.3374641231725452                 
0.00282414273312719                348.7631874439246                  0.3339559079544046                 
0.002972781798372844               343.6320929590817                  0.3209639944558073                 
0.0031214208596228726              341.35821631994554                 0.30777332189922657                
0.003270059916677496               339.0059094203288                  0.31190992105932935                
0.0034186989693369323              336.52760178933784                 0.2851159013236847                 
0.0035673380174014                 332.8849602826037                  0.2845942013960258                 
0.0037159770606711206              332.1032908020727                  0.2812195739285731                 
0.0038646160989463108              329.8218390907395                  0.27262463236154566                
0.004013255132027191               328.62022966772497                 0.27031939497099694                
0.00416189415971398                326.49117938576444                 0.2517278221288729                 
0.004310533181806896               325.75347252945534                 0.255157560246056                  
0.004459172198106161               324.0354611466411                  0.2507793571652009                 
0.0046078112084119915              322.2681617438878                  0.24450513901791263                
0.004756450212524608               321.14336467356105                 0.24340661288062235                
0.0049050892102442305              319.7446982094318                  0.22997056916064673                
0.005053728201371077               318.86703062186365                 0.23614176797830025                
0.00520236718570537                317.3667360338716                  0.22419782841016514                
0.005351006163047325               315.9710900706929                  0.2247670626835853                 
0.005499645133197165               314.45530338589367                 0.22007457533812588                
0.005648284095955107               313.486611458291                   0.2148625607224037                 
0.005796923051121373               312.5907998131195                  0.21891964009547424                
0.005945561998496182               311.5036090202821                  0.20536404189296575                
0.006094200937879753               309.77466154034903                 0.20604335913067717                
0.006242839869072308               308.3431515416462                  0.20473279300179256                
0.006391478791874063               307.46401339682797                 0.20240238533345434                
0.006540117706085243               306.4059799517119                  0.19930468342587382                
0.006688756611506066               304.6223833698083                  0.1911263980999605                 
0.006837395507936751               303.6279867457154                  0.19614026865833428                
0.006986034395177519               302.19240813053597                 0.18901724360707317                
0.007134673273028592               301.050105984889                   0.1879988596965733                 
0.007283312141290187               299.4341542010992                  0.18587587740139444                
0.007431950999762529               298.55714751304976                 0.1809972184313554                 
0.007580589848245835               297.1995582001905                  0.1842338007652959                 
0.007729228686540326               295.9459599424127                  0.17594324956507346                
0.007877867514446222               294.45205416235336                 0.1768816132455419                 
0.008026506331763748               292.74364879294416                 0.17364164811198932                
0.00817514513829312                291.72559461046677                 0.17125095937330276                
0.008323783933834563               290.4929858638086                  0.17404393376682972                
0.008472422718188292               289.1339199658438                  0.16560250976866725                
0.008621061491154536               287.476223300275                   0.16559555661043168                
0.00876970025253351                286.22258753862184                 0.1643031997347478                 
0.00891833900212544                285.1659010765599                  0.16354089676993552                
0.009066977739730543               283.37620749159294                 0.16123534985045046                
0.009215616465149042               282.1859307870994                  0.1570801131137116                 
0.00936425517818116                280.59640960400014                 0.15978905750769623                
0.009512893878627117               278.86795296898623                 0.15474980618566492                
0.009661532566287137               277.99893840424113                 0.1541148566779635                 
0.009810171240961438               276.18323828704234                 0.1530277893509726                 
0.009958809902450245               274.5662414591032                  0.14850965630889532                
0.010107448550553781               273.43294980375686                 0.1536278363064672                 
0.010256087185072265               271.599441119654                   0.14529205955226498                
0.01040472580580592                270.2425725861709                  0.14733573260485464                
0.010553364412554972               268.20914402030076                 0.14322667235540465                
0.010702003005119639               266.79189723127206                 0.1430107427557682                 
0.010850641583300147               265.4125901815769                  0.1441290559730504                 
0.010999280146896714               263.7492084439531                  0.13935822872824188                
0.011147918695709568               262.0088553430353                  0.13951093619719065                
0.011296557229538928               260.31515812564123                 0.13680778251417758                
0.011445195748185017               258.76971304975024                 0.13654736018405797                
0.011593834251448063               257.06432010894065                 0.13580555955223247                
0.011742472739128288               255.72899184439586                 0.1322418276112496                 
0.01189111121102591                253.6317620085965                  0.13403934130173334                
0.012039749666941157               251.93780533940256                 0.13072653172549537                
0.012188388106674252               250.39495173987356                 0.12902884055105518                
0.012337026530025419               248.53991232928024                 0.1289335508490591                 
0.012485664936794882               246.83880136489725                 0.12673647616022526                
0.012634303326782862               245.27376761788815                 0.12770257632369367                
0.012782941699789586               243.67347530760694                 0.12401326528887852                
0.012931580055615283               241.84190274377124                 0.1243672374970275                 
0.013080218394060168               240.28688097351534                 0.12167088774988936                
0.01322885671492447                238.65328077514397                 0.12204289442013777                
0.013377495018008414               236.73007836393987                 0.12098924685478474                
0.013526133303112226               234.95454594995755                 0.11858520204752786                
0.013674771570036126               233.15153799882142                 0.11823475800100017                
0.013823409818580348               231.47463144858543                 0.11646474057776561                
0.013972048048545106               229.77879712373144                 0.11727181738185924                
0.014120686259730635               228.1451356043025                  0.11433440758205866                
0.014269324451937156               226.12790829318504                 0.11286885963046568                
0.014417962624964894               224.52640092431335                 0.11381314829583077                
0.014566600778614077               222.6582892733725                  0.11162566742118885                
0.014715238912684931               220.8227639638641                  0.11153703335398309                
0.01486387702697768                218.9193041712431                  0.10914900583661201                
0.015012515121292555               217.38101751076195                 0.1081530794743446                 
0.015161153195429777               215.65576645457944                 0.10877403573740058                
0.015309791249189571               213.66688913459166                 0.10612540305507111                
0.015458429282372172               211.79204922190863                 0.10666828513779576                
0.015607067294777802               210.14668418492678                 0.10371220971232667                
0.015755705286206685               208.38225698486875                 0.10415283332820696                
0.015904343256459057               206.32117840239212                 0.10371691487093213                
0.01605298120533514                204.69116946882218                 0.10113129715473436                
0.016201619132635157               202.85422540884446                 0.10166466284984318                
0.01635025703815934                200.93011394507863                 0.0991702031445819                 
0.016498894921707925               199.3018703166955                  0.1003149481340116                 
0.016647532783081127               197.51838319237314                 0.09825309152488394                
0.016796170622079182               195.53330085710684                 0.09670806315894166                
0.016944808438502313               193.65415681749693                 0.09707553355504046                
0.01709344623215075                192.03303638038764                 0.09536429910760694                
0.017242084002824728               190.24757959103772                 0.09587120302852013                
0.01739072175032447                188.54806877639191                 0.09299863160429218                
0.017539359474450206               186.8931150279102                  0.09329322781640124                
0.017687997175002166               184.89229276707545                 0.0926000598451196                 
0.017836634851780577               183.1598064474684                  0.09097914980344309                
0.017985272504585672               181.23106412842654                 0.09148931051801644                
0.01813391013321768                179.50516594722083                 0.08882047341508267                
0.018282547737476833               177.82676294553534                 0.08940454460116791                
0.018431185317163357               176.1719193664317                  0.0883395378735354                 
0.018579822872077482               175.12332311793412                 0.08727397884604185                
0.01872846040201944                174.6441894104566                  0.08772453299010403                
0.018877097906789472               171.6302951153378                  0.08725103035007874                
0.019025735386187796               170.103854000921                   0.08888111764855448                
0.019174372840014643               168.55576189805794                 0.08721816851574352                
0.01932301026807025                168.3810114527708                  0.08740824017858306                
0.019471647670154846               165.24487648829395                 0.08999957235701728                
0.019620285046068664               163.147816091695                   0.08910208533201257                
0.019768922395611937               161.3753624903389                  0.09033507482837852                
0.019917559718584898               159.52141790037115                 0.08868656404839444                
0.020066197014787773               157.74336154513614                 0.08999297495338437                
0.0202148342840208                 155.82149111559175                 0.09084291027454783                
0.020363471526084212               153.9592207599925                  0.08856909109272881                
0.02051210874077824                152.6202234274156                  0.09084109048245378                
0.020660745927903117               150.32286567391895                 0.08765001380699308                
0.020809383087259083               148.91844244171446                 0.0906124349617112                 
0.02095802021864636                147.16931485174453                 0.089276066841609                  
0.02110665732186519                145.20799904214383                 0.08818278578607558                
0.021255294396715804               143.7357269408846                  0.08887592415960632                
0.021403931442998434               141.95374465626452                 0.08746853027313499                
0.021552568460513323               140.41459201164193                 0.08946866473700477                
0.021701205449060703               138.51979234338543                 0.08731996179772004                
0.021849842408440803               137.13873286687107                 0.08702637067184496                
0.02199847933845386                135.5815776306287                  0.08784094286441396                
0.02214711623890011                133.71245818795978                 0.08607406925520258                
0.02229575310957979                136.75266817301994                 0.08647816939516477                
0.022444389950293145               133.43460727565548                 0.08295958563093755                
0.022593026760840393               131.29485587866031                 0.08273776940980518                
0.02274166354102178                129.19964680210282                 0.08207495917785682                
0.02289030029063754                127.4826750838954                  0.07928207966347241                
0.02303893700948792                125.7712726191498                  0.07993059827717028                
0.02318757369737314                123.83871859599434                 0.07762950298492831                
0.023336210354093452               122.66028239948119                 0.07893587682531143                
0.02348484697944908                120.84286380462453                 0.07662927720988098                
0.02363348357324028                119.4344935810526                  0.07651435305846474                
0.023782120135267273               117.61840837167566                 0.07593040835249724                
0.023930756665330306               116.27838897683586                 0.0743127325039608                 
0.02407939316322961                114.72791942211971                 0.07504642448078266                
0.024228029628765434               113.148516627166                   0.0729455641147794                 
0.024376666061738005               111.62568810946061                 0.07286237920847871                
0.024525302461947576               110.27364281611669                 0.0724711229084445                 
0.024673938829194372               108.58217065368527                 0.07081671987139461                
0.024822575163278647               107.31183015145277                 0.07179745175548591                
0.02497121146400064                105.89182729059425                 0.06913033099365415                
0.02511984773116057                104.33209611620491                 0.07029263070363236                
0.025268483964558705               103.01467158800965                 0.06912008639789884                
0.025417120163995274               101.42446608761358                 0.06761099220287606                
0.02556575632927051                100.20782544272812                 0.06807797921099339                
0.02571439246018467                98.63449525671356                  0.06592667034233701                
0.025863028556537982               97.45210368877804                  0.06736778354398015                
0.0260116646181307                 96.15971472745277                  0.06565684717290889                
0.026160300644763053               94.65324123814509                  0.06509708349928249                
0.0263089366362353                 93.33602707938296                  0.06455653647671925                
0.026457572592347666               91.96724219772332                  0.06395399253759232                
0.026606208512900405               90.46929837897653                  0.06376978248056542                
0.026754844397693756               89.53446501787725                  0.06228292002270486                
0.02690348024652797                87.97036216634794                  0.0619768908562713                 
0.02705211605920328                86.8116911432106                   0.06209448745957668                
0.027200751835519926               85.37868782526698                  0.06066398229852715                
0.027349387575278168               84.20958801549848                  0.06055898127468654                
0.027498023278278244               83.11936320460231                  0.059894418872920706               
0.0276466589443204                 81.7227583926914                   0.05919918802471399                
0.027795294573204874               80.46516786224753                  0.05908247441481835                
0.027943930164731925               79.54244397256136                  0.05807137946050338                
0.02809256571870178                78.13530320455054                  0.05755544306797743                
0.028241201234914706               76.998509110765                    0.05706322622617223                
0.02838983671317093                75.86559613578274                  0.05653517827366318                
0.028538472153270714               74.62409530853776                  0.05600047538143076                
0.0286871075550143                 73.60881437542807                  0.05547953052557274                
0.02883574291820193                72.33920256199785                  0.0545591371210784                 
0.028984378242633856               71.32517882217091                  0.054886262704275414               
0.029133013528110326               70.03529407585461                  0.053454519059337346               
0.02928164877443159                69.06727860273261                  0.053541169537498205               
0.029430283981397888               68.07249456379445                  0.05302327874839989                
0.029578919148809477               66.9163969853986                   0.05218736826621751                
0.029727554276466603               65.850433633553                    0.051991080324041754               
0.029876189364169515               64.90725577678901                  0.051119882939005656               
0.03002482441171847                63.83726452054013                  0.050727208528032725               
0.0301734594189137                 62.663225236286266                 0.050379692911187726               
0.030322094385555477               61.75072982031854                  0.0499513262865594                 
0.03047072931144404                60.76420925098021                  0.049080478499415145               
0.03061936419637964                59.694455175466096                 0.048790761747381305               
0.030767999040162516               58.72742170532332                  0.048109118363948974               
0.030916633842592953               57.8273555845251                   0.048251459028721716               
0.031065268603471176               56.9094372279322                   0.04705585162928157                
0.031213903322597436               55.811676386190854                 0.047037886543457766               
0.031362537999772004               54.92713626577907                  0.04622906759949852                
0.031511172634795116               54.00152602618375                  0.04583790439195454                
0.03165980722746703                53.21586537266614                  0.045688920887551845               
0.03180844177758801                52.30341927476556                  0.04469901004017158                
0.03195707628495829                51.274800172205346                 0.04456252847387665                
0.03210571074937814                50.54030654102976                  0.044165868859646705               
0.032254345170647805               49.59707104905226                  0.0435520207401739                 
0.03240297954856755                48.7845433482931                   0.0432925376838893                 
0.03255161388293761                47.93125978787714                  0.042358534220923505               
0.03270024817355827                47.022824643498474                 0.04252800822435166                
0.03284888242022977                46.294894019889675                 0.04176914536220023                
0.03299751662275236                45.456251603109855                 0.041389095771035625               
0.033146150780926295               44.622895400310284                 0.04091621222302187                
0.03329478489455186                43.92295669802197                  0.040369153975834494               
0.033443418963429276               43.13440246988367                  0.040546388769538935               
0.033592052987358824               42.4057434632012                   0.03944846627544432                
0.03374068696614075                41.69594342930555                  0.03933245278163068                
0.03388932089957531                40.97199352501345                  0.03883958977576302                
0.03403795478746278                40.772567340806894                 0.038830206460239616               
0.03418658862960341                40.55344273470497                  0.038875872841981365               
0.034335222425797444               39.34025433114599                  0.03876617194467553                
0.034483856175845165               38.5110105583816                   0.038844622946512496               
0.03463248987954682                37.76521669205172                  0.038534170026621045               
0.034781123536702666               37.053340828360774                 0.038554937341479245               
0.03492975714711298                36.64380241379778                  0.03827275802384736                
0.03507839071057801                36.51040579419894                  0.03715618144530921                
0.03522702422689801                35.5954899141691                   0.03698035628100711                
0.03537565769587327                34.712904630589726                 0.03602771525298654                
0.03552429111730402                33.98927266347074                  0.03574989012408814                
0.035672924490990535               33.30221253120641                  0.0350739114204812                 
0.03582155781673309                32.77616639023807                  0.034624812413812676               
0.03597019109433192                31.977648466971832                 0.03459846461427476                
0.03611882432358732                31.304056132612036                 0.03351137616502645                
0.03626745750429954                30.812508333004608                 0.03355333913327646                
0.03641609063626884                30.125198620115103                 0.032821787816326234               
0.03656472371929549                29.576252105262636                 0.032643279178805405               
0.03671335675317976                28.954775792184776                 0.03229850411182207                
0.0368619897377219                 28.485664161745                    0.031730851765361195               
0.03701062267272219                27.799424003077984                 0.031412520516093036               
0.03715925555798089                27.265801103514022                 0.0310931479551748                 
0.03730788839329828                26.724775111299504                 0.03073448046790932                
0.037456521178474596               26.184204382276736                 0.030278972576626307               
0.03760515391331015                25.699952584522126                 0.029765797848719435               
0.037753786597605164               25.25310173673967                  0.02976681301017847                
0.03790241923115994                24.711642577211272                 0.029232922486147037               
0.038051051813774724               24.174320533808597                 0.02895813590112421                
0.03819968434524979                23.658452934732793                 0.02850066450480481                
0.03834831682538542                23.19875711104527                  0.028136245985761057               
0.03849694925398188                22.74955188987245                  0.028062864494302297               
0.03864558163083943                22.320166947997397                 0.027556349673661686               
0.03879421395575834                21.851003583692822                 0.027251403064723685               
0.038942846228538906               21.304034012986644                 0.026639888607125548               
0.03909147844898136                20.885874436688855                 0.026710463346100242               
0.03924011061688601                20.41418186878379                  0.026103512569646728               
0.0393887427320531                 19.982236965276567                 0.02566061230925342                
0.039537374794282924               19.576732008842384                 0.025423877042441284               
0.039686006803375744               19.099782203217732                 0.024965414550825415               
0.039834638759131825               18.714092788800325                 0.02484522111219563                
0.03998327066135146                18.32345894101101                  0.024358291411342596               
0.04013190250983492                17.937928525042764                 0.023962436541046052               
0.04028053430438246                17.541948743312407                 0.02384469225224858                
0.04042916604479439                17.178359596892257                 0.023460809314931073               
0.04057779773087095                16.80786931753933                  0.023363018570777952               
0.040726429362412435               16.49433443729619                  0.022783381741020278               
0.04087506093921912                16.133330762773827                 0.022801386950055593               
0.04102369246109126                15.750459019409245                 0.022475350816664408               
0.04117232392782917                15.429605457612864                 0.022066828350390314               
0.041320955339233106               15.114132348113522                 0.021985198397608926               
0.041469586695103346               14.828418819146721                 0.02163267096005253                
0.04161821799524017                14.440483661357305                 0.021448859760322334               
0.041766849239443855               14.162818354160938                 0.02123158258141165                
0.04191548042751469                13.864502621993468                 0.020810464741959526               
0.042064111559252944               13.564539807901431                 0.02064180417156301                
0.0422127426344589                 13.31997411717963                  0.020397716088683838               
0.042361373652932834               13.39476066888371                  0.02045490383142722                
0.04251000461447503                12.88176919774178                  0.020473034311492836               
0.04265863551888578                12.581685321417435                 0.020321979558991423               
0.042807266365965366               12.26670892848975                  0.020356605830037424               
0.04295589715551405                11.947192892680512                 0.020109984852104877               
0.04310452788733213                11.679726006040783                 0.019984594376432428               
0.04325315856121989                11.389450461993261                 0.019674684650016774               
0.0434017891769776                 11.101475123498554                 0.019634149289441676               
0.043550419734405564               10.8361321697054                   0.019378062527537473               
0.04369905023330405                10.617924087666875                 0.019132668132146414               
0.043847680673473347               10.333523520878057                 0.0190416058275011                 
0.04399631105471376                10.096181408476127                 0.018628021448047344               
0.04414494137682554                9.86004359630008                   0.018609985094998106               
0.044293571639608995               9.624246154914987                  0.01831917397682461                
0.04444220184286442                9.433626651731283                  0.018108670428402158               
0.044590831986392084               9.228307246061728                  0.0179477242757192                 
0.04473946206999227                8.974189515572066                  0.01768970106901727                
0.044888092093465295               8.775796591255636                  0.017715222634043782               
0.04503672205661142                8.588986583584546                  0.017234456869056024               
0.04518535195923094                8.339690456345949                  0.017260263091192836               
0.04533398180112416                8.183664408281489                  0.016998873352496363               
0.04548261158209136                7.967881657519608                  0.01682643619596669                
0.04563124130193283                7.80740127313983                   0.016826139540976632               
0.04577987096044885                7.624437959319712                  0.016381987067629757               
0.045928500557439744               7.409183170919556                  0.01638257887003188                
0.04607713009270576                7.215114454135532                  0.01614050903407672                
0.04622575956604723                7.063274825754867                  0.01593554144426088                
0.04637438897726441                6.876402489141274                  0.01575710762374135                
0.04652301832615762                6.688804992570654                  0.015425019542381938               
0.04667164761252716                6.52970364320756                   0.01548010004666189                
0.0468202768361733                 6.373670045818304                  0.015073254581168231               
0.04696890599689635                6.192445510898767                  0.014897010414232229               
0.04711753509449661                6.028387282395908                  0.014714066351938232               
0.04726616412877436                5.897035238634413                  0.014384638735416769               
0.0474147930995299                 5.755812901253181                  0.014362225103264206               
0.04756342200656354                5.6080873797350295                 0.014005869782736994               
0.04771205084967556                5.466818379749216                  0.013893622803047791               
0.04786067962866626                5.355293055028616                  0.013772919742858455               
0.048009308343335964               5.212832483283036                  0.013412790910816612               
0.04815793699348494                5.099448377600596                  0.013439906496381318               
0.048306565578913496               4.963752506389947                  0.013068299924175467               
0.04845519409942194                4.827503107475042                  0.013062868271730976               
0.04860382255481056                4.726067434762147                  0.012945360933428147               
0.04875245094487968                4.588283672784822                  0.012551482542122532               
0.04890107926942957                4.508798935596488                  0.01258464414761693                
0.04904970752826055                4.369456973821671                  0.012279958327173365               
0.04919833572117292                4.235119712625246                  0.012215917843486187               
0.04934696384796698                4.13758803079368                   0.0119867162146744                 
0.049495591908443035               4.043777292736441                  0.011813461247662839               
0.049644219902401386               3.955155142405525                  0.01173770907503786                
0.04979284782964235                3.848032402742924                  0.011494501975755004               
0.049941475689966215               3.7392628843279145                 0.01144855307505386                
0.05009010348317329                3.642749862528786                  0.011149557047601918               
0.050238731209063886               3.5452908550105726                 0.011078492993073308               
0.05038735886743832                3.4819243749716096                 0.011024601040421623               
0.05053598645809688                3.404779335833512                  0.010828868015882391               
0.05068461398083988                3.315284592414589                  0.010696581465048961               
0.050833241435467615               3.2224003715242784                 0.010465317910227704               
0.05098186882178042                3.1271162869898887                 0.010415391973316063               
0.05113049613957859                3.050763160426614                  0.010219064926388913               
0.05127912338866244                3.0037063614921258                 0.010165889337336488               
0.05142775056883227                2.9058440509723926                 0.010014318858808692               
0.051576377679888395               2.8446862439880136                 0.009822938110248217               
0.05172500472163113                2.778131824321953                  0.009822117871996173               
0.05187363169386079                2.7285898022502417                 0.00956740539864331                
0.052022258596377664               2.6428063009848546                 0.009482357306417985               
0.05217088542898209                2.5592872000427325                 0.009378958029158481               
0.052319512191474384               2.546967885067732                  0.00930884195333992                
0.052468138883654855               2.4672383467679335                 0.009157347960303604               
0.052616765505323786               2.396525082647577                  0.008993365054782102               
0.05276539205628153                2.3541482967774194                 0.008926968122102991               
0.0529140185363284                 2.2919229563857897                 0.008821550227633639               
0.05306264494526469                2.232363269155639                  0.008741603798920982               
0.053211271282890736               2.187865011169798                  0.008597266649379879               
0.053359897549006836               2.137399395471193                  0.00845932755450849                
0.053508523743413326               2.1003233075049454                 0.008436258050719837               
0.053657149865910525               2.0415753314936955                 0.008271658407521584               
0.05380577591629874                2.0099490335745434                 0.008227896713797764               
0.0539544018943783                 1.9509705249792513                 0.00810222151019879                
0.05410302779994951                1.9177539958834704                 0.008024918279702909               
0.054251653632812716               1.8837334787206528                 0.00798945607040043                
0.05440027939276821                1.8394325392167445                 0.007762908265772693               
0.05454890507961633                1.809792387344796                  0.00779967005685176                
0.0546975306931574                 1.7729454757668204                 0.00772373134485992                
0.05484615623319174                1.7432560885836428                 0.007632071808805415               
0.05499478169951966                1.6980909930651598                 0.007547592907221035               
0.05514340709194151                1.656486975504447                  0.007352440129293194               
0.05529203241025758                1.6317902877589803                 0.007402484179611461               
0.055440657654268234               1.6043643071238405                 0.007271263190347869               
0.05558928282377376                1.5864016470362594                 0.007273399577461901               
0.05573790791857452                1.5702849311709637                 0.007211340562153593               
0.05588653293847082                1.53421320380057                   0.007086227249668298               
0.05603515788326298                1.5077682163644068                 0.00709437835310627                
0.05618378275275134                1.4948084459260704                 0.006994638637890546               
0.05633240754673624                1.468278783554828                  0.006976632997349683               
0.05648103226501799                1.436281785362854                  0.006859688269271159               
0.05662965690739693                1.4170710375743296                 0.006823654001837362               
0.056778281473673364               1.4003275099608583                 0.006823401182208067               
0.05692690596364766                1.3946778176230465                 0.006710690490873626               
0.05707553037712013                1.3810614059028745                 0.006736404038530647               
0.05722415471389112                1.3604228415216126                 0.006646973062592844               
0.05737277897376094                1.3475192655231                    0.006657359368047596               
0.057521403156529954               1.335861827354172                  0.006605896175231546               
0.05767002726199845                1.302004254155547                  0.006487033035448277               
0.05781865128996681                1.3012863594169706                 0.006551796242200094               
0.05796727524023534                1.2819111749381265                 0.006406033524632119               
0.058115899112604404               1.2746484531164957                 0.006452778991669599               
0.0582645229068743                 1.2653355018212633                 0.006401205315961154               
0.058413146622845386               1.2641447192672208                 0.0063706096722193                 
0.058561770260317995               1.231630140788659                  0.006352238800058252               
0.05871039381909247                1.2429868970225464                 0.006299036914580905               
0.05885901729896914                1.2251829407828958                 0.006304914443916591               
0.059007640699748364               1.225144580295562                  0.006253668527578777               
0.05915626402123044                1.2134795012693962                 0.006235693951756204               
0.05930488726321576                1.2046715889454582                 0.006257970899505143               
0.059453510425504646               1.2048885798296414                 0.0061929380507449215              
0.05960213350789743                1.1945215223317518                 0.006198640043726453               
0.05975075651019445                1.1793582321719314                 0.006124078456465109               
0.05989937943219608                1.2006590576816207                 0.006217527097322987               
0.060048002273702626               1.183256450308718                  0.006128395057192072               
0.060196625034514444               1.195807247967104                  0.0061579040159199395              
0.060345247714431886               1.2252776363212046                 0.006271939688925518               
0.06049387031325529                1.1923970155560804                 0.006312160450973626               
0.060642492830785                  1.2022217612284034                 0.006434884610946722               
0.060791115266821405               1.2002738622574372                 0.006462900291507726               
0.06093973762116479                1.1929418760565804                 0.006483571268355215               
0.06108835989361553                1.1885596347590752                 0.006565325341390596               
0.06123698208397396                1.188900937499732                  0.006552134104769728               
0.061385604192040456               1.1796233758323722                 0.006612400711363507               
0.061534226217615354               1.1826892635647221                 0.00659917501934401                
0.06168284816049901                1.17807926603092                   0.006667210281859944               
0.061831470020491754               1.1998834653613162                 0.006759075589579415               
0.06198009179739396                1.1811190124103426                 0.0066870911642150045              
0.06212871349100597                1.187103273369078                  0.00679265826662451                
0.06227733510112815                1.1977794738026386                 0.006768520119019747               
0.06242595662756082                1.196926681840624                  0.006925712784935302               
0.06257457807010439                1.2055246356902016                 0.006889162123100909               
0.06272319942855915                1.1967889779943028                 0.006852119807393146               
0.06287182070272551                1.1902680811102089                 0.006922971960184047               
0.0630204418924038                 1.2079895778015617                 0.006961811077159918               
0.06316906299739436                1.21381505599527                   0.00704196537677531                
0.0633176840174976                 1.2317340521377385                 0.006832746568992772               
0.06346630495251382                1.2335119370947614                 0.006810826459462978               
0.06361492580224343                1.225082990959019                  0.0067238201903484255              
0.06376354656648675                1.2354290393474863                 0.0067117115942316955              
0.06391216724504416                1.235141989771095                  0.006692791807541709               
0.06406078783771602                1.2380918038391853                 0.006612119580388944               
0.06420940834430268                1.2402273532730146                 0.006645834281758528               
0.06435802876460452                1.2489849807897997                 0.00663069864261081                
0.06450664909842187                1.2499370506198761                 0.006602158790716098               
0.06465526934555513                1.251107293877097                  0.006625925010753367               
0.06480388950580464                1.2566077402856854                 0.006589039476977145               
0.0649525095789708                 1.2569195276346403                 0.006613717291216976               
0.06510112956485392                1.261474337069896                  0.006564749636897856               
0.06524974946325443                1.2722748155569417                 0.006589444485187328               
0.06539836927397262                1.2636118186095313                 0.0065837230282751805              
0.06554698899680893                1.2838542339668673                 0.006622734269847424               
0.06569560863156369                1.2838920088968575                 0.006609400564582945               
0.06584422817803728                1.2820773996153798                 0.006542062754252229               
0.06599284763603007                1.2906432345590053                 0.006560623507293169               
0.06614146700534243                1.2949288398753582                 0.006597769317213312               
0.06629008628577472                1.3014596871573982                 0.0066110806139259145              
0.06643870547712732                1.298706418136412                  0.0065942027073709565              
0.06658732457920061                1.3121542782973996                 0.006521838095576955               
0.06673594359179495                1.2992087063663582                 0.0065856415050624265              
0.06688456251471071                1.3038573544713283                 0.006574581415840532               
0.0670331813477483                 1.3288789148415978                 0.006601622587480045               
0.06718180009070804                1.3148736030486545                 0.0065860686807246716              
0.06733041874339035                1.3222685857926513                 0.006588405790900036               
0.06747903730559558                1.3243278269476644                 0.006583889985883465               
0.06762765577712412                1.3305950223392589                 0.006545449301395962               
0.06777627415777635                1.336597877626056                  0.006617551022015138               
0.06792489244735264                1.3494185928915206                 0.006601090705194197               
0.06807351064565337                1.3320680032113905                 0.006590278821123121               
0.06822212875247895                1.3414125673099773                 0.0065814850230124814              
0.0683707467676297                 1.3414725919586077                 0.006534678604517465               
0.06851936469090604                1.3509905571003193                 0.006598603557219096               
0.06866798252210835                1.3497300534976795                 0.006576619818443585               
0.06881660026103702                6.216368060177803                  0.014134170114558304               
0.06896521790749241                1.3389568649389147                 0.006556585520752554               
0.06911383546127492                1.3499211083371496                 0.006527454306539692               
0.06926245292218494                1.3586458543882307                 0.006592029250164725               
0.06941107029002283                1.3540820625283005                 0.006516112592524492               
0.06955968756458901                1.358235923837729                  0.006584771989196059               
0.06970830474568386                1.3744708672228316                 0.006558871095349591               
0.06985692183310774                1.3486907591574964                 0.006521428794701263               
0.07000553882666105                1.3594009411257733                 0.006531958954260579               
0.0701541557261442                 1.35805588408124                   0.00647449812317091                
0.07030277253135758                1.3505343785442931                 0.006516720815037694               
0.07045138924210155                1.3616922626728958                 0.006498114519448776               
0.07060000585817654                1.378012545334188                  0.00656122064119091                
0.07074862237938288                1.36260299877853                   0.006512330334434972               
0.07089723880552104                1.3626767297358755                 0.006447115039672648               
0.07104585513639136                1.3619132831249003                 0.006525825134761882               
0.07119447137179426                1.352577325801399                  0.006431953746432546               
0.07134308751153012                1.3669207612973429                 0.00648668057630527                
0.07149170355539934                1.3611549206290914                 0.006487871969069735               
0.07164031950320233                1.3606214376422447                 0.006427686452318506               
0.07178893535473949                1.3567784125345286                 0.00649540693536228                
0.07193755110981116                1.3733834916032714                 0.006451935234873105               
0.07208616676821783                1.3564501334494752                 0.006444107239381228               
0.07223478232975981                1.351958883967221                  0.006436367161484462               
0.07238339779423758                1.3539291260557982                 0.006452844224230692               
0.07253201316145147                1.3510722822971353                 0.006472764232636732               
0.07268062843120196                1.353280585160016                  0.006361638138682929               
0.07282924360328936                1.3439937236659234                 0.006402801909823457               
0.07297785867751416                1.3266080831886504                 0.006355487358456056               
0.0731264736536767                 1.3362804371791006                 0.006369960346715164               
0.07327508853157742                1.3435996310417035                 0.006387384398581214               
0.07342370331101672                1.3389656906359595                 0.006325100632715209               
0.07357231799179499                1.3262324760253112                 0.006351720155496398               
0.07372093257371265                1.3280428433980576                 0.006321791985302588               
0.07386954705657013                1.3157286614335695                 0.006272775414011059               
0.07401816144016779                1.3083248788199835                 0.006230189108036508               
0.07416677572430608                1.3124784980887385                 0.00627341364092914                
0.07431538990878538                1.3004570532350739                 0.006264226552504388               
0.07446400399340614                1.3012686565499054                 0.006180700481533707               
0.07461261797796873                1.3055373622684128                 0.006204406031683717               
0.07476123186227358                1.294699300752906                  0.006146309298119246               
0.0749098456461211                 1.2901875040717807                 0.006157027774781063               
0.07505845932931171                1.2785511177270912                 0.006126522664280463               
0.07520707291164581                1.2771897905323661                 0.006086135886249107               
0.07535568639292387                1.2740624317694242                 0.006073440241194813               
0.07550429977294623                1.2685955062565948                 0.00604737947323141                
0.07565291305151335                1.254243703875111                  0.006036439404446396               
0.0758015262284256                 1.2684713418160907                 0.0060290032773233524              
0.0759501393034835                 1.250085113094651                  0.005977506442650143               
0.07609875227648738                1.2334222166936712                 0.005965526603111022               
0.07624736514723769                1.237034666283758                  0.005926088812068438               
0.07639597791553485                1.2342751247994659                 0.0059320272275469885              
0.07654459058117927                1.223276774630298                  0.005883110404119507               
0.07669320314397139                1.2098397364915559                 0.005855647709780521               
0.07684181560371163                1.2051567395108795                 0.005871622322572298               
0.07699042796020039                1.188220270999981                  0.005790893710364134               
0.07713904021323813                1.2090495392494651                 0.005858689383903501               
0.07728765236262525                1.196526122684599                  0.005777219234895263               
0.07743626440816222                1.1836854784580582                 0.005801822170125967               
0.0775848763496494                 1.182972311664716                  0.005787837782097026               
0.07773348818688727                1.1728707252804755                 0.005724590793931167               
0.07788209991967622                1.1592569380076816                 0.005722301503136527               
0.07803071154781671                1.151342741509437                  0.005667102743482239               
0.07817932307110918                1.1434167658042889                 0.005690260568778018               
0.07832793448935403                1.1391061655601145                 0.005629902733453276               
0.07847654580235171                1.1366160836902368                 0.005616772635609366               
0.07862515700990265                1.1289321715577283                 0.005651729941157009               
0.07877376811180728                1.1114632545496868                 0.005547409125549716               
0.07892237910786605                1.1119093153859347                 0.005571538289230039               
0.07907098999787937                1.0972245054574883                 0.005507228116767648               
0.07921960078164769                1.0855971762700753                 0.005480228562976016               
0.07936821145897144                1.0813194922064888                 0.005508125298958784               
0.07951682202965109                1.0663786919934526                 0.005411486496577325               
0.07966543249348702                1.0647798641115103                 0.005431914077050918               
0.07981404285027972                1.0568370079725542                 0.0053894307863616275              
0.07996265309982961                1.0432281807364512                 0.005383332555298276               
0.08011126324193714                1.0363596789824006                 0.005354523446339959               
0.08025987327640273                1.0302960748000884                 0.0052932531885578095              
0.08040848320302686                1.0162009545962203                 0.0053043812727473615              
0.08055709302160995                1.013042753695581                  0.005255137432912363               
0.08070570273195243                1.0023165590842302                 0.00526152237025027                
0.08085431233385477                0.9909358171339365                 0.005193272970506888               
0.08100292182711742                0.9825267900591705                 0.005171193631890371               
0.0811515312115408                 0.9748893823773427                 0.005178407581559586               
0.0813001404869254                 0.9813158389925412                 0.005172204105020161               
0.08144874965307163                0.9588659492931267                 0.005110627495738572               
0.08159735870977995                0.9478261973132472                 0.005068806722260803               
0.08174596765685078                0.9366288514821011                 0.0050408141746340245              
0.08189457649408466                0.9359262497239983                 0.005053232098808359               
0.08204318522128196                0.9217308682864556                 0.004990501321226932               
0.08219179383824317                0.9138002211379849                 0.0049830389540554965              
0.0823404023447687                 0.8983139011671315                 0.0049089657186717475              
0.08248901074065908                0.8913006980694019                 0.004917338669347556               
0.0826376190257147                 0.8795562500460928                 0.004875001802228983               
0.08278622719973604                0.8789705781877711                 0.004853895090732197               
0.08293483526252357                0.8740985582734772                 0.004855953228732481               
0.08308344321387771                0.863598222325864                  0.004801696822962221               
0.08323205105359896                0.8440212448533317                 0.004771681166016734               
0.08338065878148777                0.8356204594893532                 0.004723281544953612               
0.0835292663973446                 0.8368516356643703                 0.004724884645110328               
0.0836778739009699                 0.8254409080348926                 0.004722668793402387               
0.08382648129216412                0.8157101836247446                 0.004674115634334573               
0.08397508857072775                0.8043711535098096                 0.004619467212618056               
0.08412369573646125                0.7969697413994711                 0.004578320438973515               
0.08427230278916509                0.7888646936638208                 0.00458378938841147                
0.08442090972863972                0.7760332148033696                 0.00454996911989813                
0.0845695165546856                 0.7834952650821841                 0.004564549208093688               
0.08471812326710323                0.756329266276675                  0.00447586963007058                
0.08486672986569305                0.7613359052360656                 0.004474809293825377               
0.08501533635025554                0.7534293556648686                 0.004481444709285593               
0.08516394272059116                0.7370396412449242                 0.0043976707169739206              
0.08531254897650041                0.737166167081854                  0.004404938531229013               
0.08546115511778372                0.7222562241166326                 0.004368733844545675               
0.08560976114424161                0.8704177296187753                 0.004756807177909488               
0.08575836705567454                0.6980026416091509                 0.004301534294216085               
0.08590697285188292                0.6913535816044283                 0.0042443094308323845              
0.0860555785326673                 0.6878974290032018                 0.004248547440787556               
0.08620418409782817                0.6877382377966094                 0.004254711212685554               
0.08635278954716594                0.6688078233226888                 0.004181028939286763               
0.08650139488048113                0.6630717366152734                 0.0041598270643205                 
0.08665000009757422                0.649422977442842                  0.0040977340420774635              
0.08679860519824566                0.645434992046838                  0.004097772817975343               
0.08694721018229597                0.6332964685799737                 0.004087655656208368               
0.0870958150495256                 0.6353335007113357                 0.004053045718936969               
0.08724441979973506                0.6206592599612373                 0.004010601826478003               
0.0873930244327248                 0.6143289004493283                 0.003988560117167221               
0.08754162894829534                0.6080546614833798                 0.003963560766738964               
0.08769023334624715                0.6034772623176586                 0.003957759799360903               
0.08783883762638073                0.5929889351740226                 0.0038932469972387746              
0.08798744178849653                0.5831620704019398                 0.0038875743587697287              
0.08813604583239507                0.5805417789358186                 0.0038624756238396134              
0.08828464975787681                0.5735663911383915                 0.003849525564797869               
0.08843325356474228                0.5606112102204683                 0.0037985067369399753              
0.08858185725279195                0.5613839690708164                 0.003780899253113317               
0.08873046082182631                0.5595566397271483                 0.0037993059370590044              
0.08887906427164587                0.546822728559881                  0.0037372174373362706              
0.0890276676020511                 0.5383186121312702                 0.003709455898896286               
0.0891762708128425                 0.5323262845064134                 0.0036929722117401724              
0.08932487390382057                0.5266596790878162                 0.003652430299666876               
0.08947347687478581                0.5212557310036203                 0.0036432747305538272              
0.08962207972553873                0.5171666490333624                 0.0036303348300452576              
0.0897706824558798                 0.5065659685345951                 0.003592937536995684               
0.0899192850656095                 0.5049794505998931                 0.0035764708774162993              
0.0900678875545284                 0.49786064076249603                0.0035592358663033455              
0.09021648992243694                0.4884703492704591                 0.003508278827281217               
0.09036509216913566                0.48297183743508904                0.0034910991727691906              
0.09051369429442505                0.4829090213483232                 0.003485640342228858               
0.0906622962981056                 0.4772171052088242                 0.0034886379240604668              
0.09081089817997783                0.46413669305206323                0.0034326857828056202              
0.09095949993984224                0.4675082486900068                 0.0034168408944906755              
0.09110810157749934                0.45855567880291714                0.0034004424056930005              
0.09125670309274964                0.45377392641356656                0.00336378095693415                
0.09140530448539363                0.44671766997259815                0.003362583517365098               
0.09155390575523184                0.43841865434299465                0.0033100693513163715              
0.09170250690206479                0.42982297009377124                0.0032653364265307363              
0.09185110792569297                0.4302161820618153                 0.0032998986731467275              
0.09199970882591689                0.42555766557262803                0.0032563209146087317              
0.09214830960253707                0.42225129066236344                0.0032484713084736196              
0.09229691025535404                0.41538079950221146                0.0032123901187163335              
0.09244551078416828                0.4107334127003112                 0.003199106739448319               
0.09259411118878036                0.406880818055551                  0.003198337433643228               
0.09274271146899074                0.40246885004966737                0.003148133175427769               
0.09289131162459997                0.40011264697698673                0.0031481519242308152              
0.09303991165540855                0.3942867389081095                 0.0031216987324479235              
0.09318851156121703                0.39341529290515714                0.0031113879691464187              
0.09333711134182592                0.38309419950676277                0.003099970911163639               
0.0934857109970357                 0.3743244568440847                 0.003028312837759959               
0.09363431052664693                0.3791516551980837                 0.0030555887428446384              
0.09378290993046016                0.3748515539934691                 0.0030337686755014305              
0.09393150920827588                0.3615920608693582                 0.0029938903817148454              
0.09408010835989462                0.36578420913112797                0.0030001467353921105              
0.0942287073851169                 0.3630453663076379                 0.002973684628233975               
0.09437730628374329                0.3563767497783251                 0.0029678489376840952              
0.09452590505557425                0.35027944235133573                0.002930516205057884               
0.09467450370041036                0.35047403223021495                0.0029164679702014286              
0.09482310221805212                0.3503850208090404                 0.0029266917347724273              
0.09497170060830008                0.34402504389632765                0.002890558542106015               
0.0951202988709548                 0.3426662210412999                 0.0029059343495545886              
0.09526889700581676                0.3394470095846808                 0.0028660884471366013              
0.09541749501268652                0.3380319702539235                 0.0028683881709829166              
0.09556609289136461                0.3313843047304031                 0.002841074761587593               
0.09571469064165158                0.32980796495051173                0.002827144670317664               
0.09586328826334796                0.3260994715012868                 0.002818332592904722               
0.09601188575625429                0.3257000297167798                 0.0027914183239976446              
0.09616048312017107                0.3189023991957967                 0.0027880728407479716              
0.09630908035489893                0.30821930165319555                0.0027281386248860944              
0.09645767746023834                0.31389519259401316                0.0027561188077163                 
0.09660627443598986                0.31177714892455305                0.0027379437776409617              
0.09675487128195404                0.3066552845334677                 0.0027076211998658902              
0.0969034679979314                 0.30181811028979955                0.0027094235625856893              
0.09705206458372252                0.3018240345060627                 0.0026938912251103595              
0.09720066103912794                0.30006119507667783                0.0026764520767051307              
0.09734925736394817                0.2982949342801183                 0.0026685647679122616              
0.09749785355798385                0.2952610676655273                 0.0026644464880844197              
0.09764644962103541                0.2967764864241016                 0.0026770319065450624              
0.09779504555290348                0.2884839894553258                 0.0026086059875041617              
0.09794364135338857                0.29380787730354946                0.0026521968945521558              
0.09809223702229126                0.28829378498525565                0.0026234556563967744              
0.09824083255941213                0.28657827644808986                0.0026193660315072466              
0.09838942796455168                0.28521691278468747                0.002600197659899635               
0.09853802323751046                0.27980517828355145                0.0025690750282838723              
0.09868661837808908                0.28254727509912037                0.002599957054714988               
0.09883521338608807                0.2812654829151998                 0.0025730644110859334              
0.098983808261308                  0.2739425805929525                 0.0025618898239717913              
0.0991324030035494                 0.2767665550229007                 0.002544394965136292               
0.09928099761261285                0.27689848525687416                0.0025620085103324267              
0.09942959208829895                0.27323267000866336                0.0025540225506387156              
0.09957818643040817                0.2695195392087015                 0.0025161285910237354              
0.09972678063874114                0.2661175100893129                 0.002498453098786194               
0.09987537471309844                0.26769231334391913                0.00250234379163607                
0.10002396865328061                0.26883997218355377                0.0025200179260058326              
0.10017256245908819                0.2668244317591985                 0.00251586851047229                
0.10032115613032179                0.2664569574958575                 0.002481919875995489               
0.10046974966678197                0.2649618458454192                 0.002495645244726833               
0.10061834306826929                0.2596867426358786                 0.002456112756765285               
0.1007669363345843                 0.26121974325732245                0.0024788298474572408              
0.10091552946552765                0.2612123185100041                 0.002476196443440458               
0.10106412246089981                0.261470069627101                  0.0024577467910292077              
0.10121271532050144                0.26610794283358435                0.0025045522773423684              
0.10136130804413308                0.26105181902112706                0.0025216807804702055              
0.10150990063159528                0.25566629383413164                0.0025363270309408377              
0.10165849308268868                0.2545140139321848                 0.002539180061060959               
0.10180708539721378                0.25948962696123207                0.0025874036476283566              
0.10195567757497122                0.2527923752233154                 0.002588830531499273               
0.10210426961576155                0.25218054521298205                0.002573538848783594               
0.1022528615193854                 0.25775076264045677                0.0026140997200573145              
0.10240145328564329                0.2515121168322843                 0.002609181628045317               
0.10255004491433584                0.2542185545164194                 0.0026306135773181                 
0.1026986364052636                 0.24999166192300137                0.0026420512119169127              
0.1028472277582272                 0.2520961921787522                 0.0026217383166307275              
0.10299581897302723                0.24787106491610267                0.002639616201788997               
0.10314441004946424                0.25239626033087076                0.0026613774589044274              
0.1032930009873388                 0.25176273623257744                0.0026771153426008165              
0.1034415917864516                 0.24896486265787057                0.0026724107719105035              
0.10359018244660313                0.24517894652796576                0.0026407637012461726              
0.10373877296759404                0.23987083641629467                0.002646994135729261               
0.10388736334922487                0.2479399975757181                 0.00268881240483605                
0.10403595359129628                0.24947291967085908                0.002704164546078727               
0.1041845436936088                 0.2535074398084477                 0.002644147642976527               
0.10433313365596307                0.2536180305504074                 0.0026232761113660573              
0.10448172347815968                0.2559930040578109                 0.002631284379970562               
0.10463031315999925                0.24736772253448772                0.00255589360005266                
0.10477890270128232                0.2509855019226062                 0.0025574841092147883              
0.10492749210180954                0.24470894030646528                0.002529232266923782               
0.10507608136138147                0.24769938028723537                0.002537738318987322               
0.10522467047979879                0.2511906004077889                 0.0025437756500548687              
0.10537325945686203                0.24790235486216056                0.002520316979904368               
0.10552184829237181                0.24463462911412634                0.0024951029070521325              
0.10567043698612877                0.24671911975321703                0.0024972133644983853              
0.10581902553793347                0.2496341124312077                 0.002521428063341908               
0.10596761394758658                0.24483711300102606                0.002470079721857891               
0.10611620221488863                0.24307260773933287                0.0024657416599990073              
0.10626479033964027                0.24761233166215751                0.002492376762074853               
0.10641337832164213                0.24552991232132654                0.0024699148653072735              
0.10656196616069483                0.247341634372573                  0.0024863793079221313              
0.10671055385659896                0.24392595457955696                0.0024358517371620932              
0.10685914140915509                0.24640866289871044                0.0024725074943584527              
0.10700772881816392                0.24234024184385847                0.0024394333815697476              
0.10715631608342602                0.246725887579176                  0.0024551358836774687              
0.10730490320474204                0.24280058465870913                0.002432876475046037               
0.10745349018191253                0.24491908413391086                0.002425060293832892               
0.1076020770147382                 0.24429041372891297                0.0024438818856321763              
0.10775066370301965                0.24210294868043272                0.0024223621525721667              
0.10789925024655744                0.24743016613981933                0.002433987918129188               
0.10804783664515225                0.24626414990237072                0.0024448587025052357              
0.1081964228986047                 0.24090930459930104                0.0023948856186563816              
0.1083450090067154                 0.23962879486421895                0.0024090901425949936              
0.108493594969285                  0.24432730865479418                0.0024041629302699484              
0.10864218078611411                0.24824706601376897                0.00243367780889449                
0.10879076645700335                0.24188206398044185                0.002411716539151951               
0.10893935198175338                0.24503101677851752                0.0024067800834001894              
0.1090879373601648                 0.2381840522492129                 0.0023855409810942816              
0.10923652259203825                0.24117772203577484                0.0023646011127082386              
0.10938510767717442                0.24221125644744507                0.002399660785105639               
0.1095336926153739                 0.2409310887630102                 0.0023890892093019257              
0.1096822774064373                 0.24249277618074938                0.00239260662097682                
0.10983086205016526                0.24578196760636858                0.0024096271333957702              
0.10997944654635847                0.24518767856414347                0.002386657485077755               
0.11012803089481756                0.24473982308919517                0.0024011415813741752              
0.11027661509534314                0.24772617565719227                0.002410682077378702               
0.11042519914773584                0.2447571349126519                 0.0023714817229733695              
0.11057378305179637                0.23947096003986562                0.002357861217364256               
0.11072236680732529                0.243682953276571                  0.0023606306600434846              
0.11087095041412333                0.24676137941119533                0.0023934865193695953              
0.11101953387199105                0.24167763271818943                0.002339777717476824               
0.11116811718072916                0.24133454176354624                0.002346041053128758               
0.11131670034013831                0.24880602043822458                0.0023812732302597706              
0.11146528335001911                0.2508470298680308                 0.0024024583888556292              
0.11161386621017225                0.24640104708512636                0.002435915861299683               
0.11176244892039836                0.24998171139388886                0.0024509188822631725              
0.11191103148049807                0.2509003693897317                 0.0024922374871080015              
0.1120596138902721                 0.2447613643366014                 0.002480831081540645               
0.11220819614952104                0.24717194534170606                0.00248744000213666                
0.11235677825804559                0.2480223243960424                 0.002516210789095404               
0.11250536021564642                0.24490503216514176                0.0025032046902421765              
0.11265394202212414                0.24200674499327235                0.002515314755737733               
0.1128025236772794                 0.24335312986345323                0.0025242688159397273              
0.11295110518091295                0.24613700330455107                0.0025426345257273664              
0.11309968653282537                0.24729902384989852                0.002568794658750535               
0.11324826773281738                0.24065622454345306                0.0025220699293114486              
0.11339684878068956                0.24287857966135273                0.0025427085079006567              
0.11354542967624269                0.24302950618198002                0.0025334823904496857              
0.11369401041927737                0.24605706702538604                0.0025542409003158806              
0.11384259100959429                0.24068798832568777                0.0025292176868276037              
0.11399117144699408                0.24043924712040382                0.0025319215424757725              
0.11413975173127745                0.23987219290960243                0.0025269311589655296              
0.11428833186224509                0.2423822620293474                 0.0025321066331374037              
0.11443691183969763                0.24107677467047528                0.00255770879900081                
0.11458549166343575                0.24713650755209088                0.0025730825389614622              
0.11473407133326015                0.241611913981615                  0.0025482292697734817              
0.1148826508489715                 0.24080619437385356                0.002550106222487685               
0.11503123021037048                0.24489069214445244                0.0025583115727234947              
0.11517980941725774                0.23650543137267707                0.002545719566055865               
0.115328388469434                  0.2370981231584726                 0.0025243210535454345              
0.11547696736669993                0.24208479236684075                0.0025734777077297093              
0.11562554610885617                0.237827388488287                  0.0025424817283267284              
0.11577412469570345                0.24220245800856482                0.002560588717858931               
0.11592270312704248                0.23932216413063725                0.00257559100234691                
0.11607128140267389                0.2371535284294271                 0.002524624781294136               
0.1162198595223984                 0.24072748781586684                0.0025746623518977853              
0.11636843748601669                0.23879726333720008                0.002563270864941504               
0.11651701529332943                0.2404773904812959                 0.0025659772948539925              
0.11666559294413735                0.24005259315120991                0.002581658456076834               
0.11681417043824113                0.23173937766989613                0.0025006552276619085              
0.11696274777544145                0.2318654221493065                 0.0025362076265965532              
0.11711132495553901                0.2363044331352415                 0.002560371894932025               
0.11725990197833454                0.2328981453591315                 0.0025387104268005463              
0.11740847884362866                0.23289097323235605                0.002542865823573735               
0.11755705555122214                0.23549955206498863                0.0025507527579046218              
0.11770563210091566                0.23418929939731753                0.0025594841091411023              
0.11785420849250991                0.23486427795007228                0.0025494110626706314              
0.1180027847258056                 0.2355272991107298                 0.002547767583867941               
0.11815136080060339                0.22850622281223693                0.0025292964607021686              
0.11829993671670407                0.22935128886625591                0.002532915734463739               
0.11844851247390831                0.22768540958130104                0.002540682453813841               
0.1185970880720168                 0.23470068354012136                0.002546435398295583               
0.11874566351083024                0.22873567849770313                0.002524270463619048               
0.11889423879014938                0.2270036193182763                 0.0025241328579179386              
0.11904281390977489                0.23469062208838706                0.0025762194446224337              
0.11919138886950753                0.23415450619159803                0.002572194768311492               
0.11933996366914792                0.2300547748367722                 0.002529449357159569               
0.11948853830849689                0.22915391681094574                0.0025445843846256355              
0.11963711278735512                0.23087129901284975                0.0025476835105315713              
0.11978568710552326                0.22970589946488582                0.002550871014702731               
0.11993426126280209                0.22529713392497053                0.0025177972375248245              
0.12008283525899235                0.23217609900321648                0.0025623941337176294              
0.12023140909389472                0.22830146929670117                0.0025462889900260783              
0.12037998276730992                0.22334192872649242                0.00251741784305421                
0.12052855627903868                0.22940082903003176                0.0025481117674134367              
0.12067712962888173                0.22191631174785045                0.0024967535736563425              
0.12082570281663982                0.2201862468108938                 0.0025144855062353795              
0.12097427584211363                0.22225845358832755                0.002523059124210571               
0.12112284870510388                0.22035079591909168                0.00249210760500765                
0.1212714214054114                 0.2168068893355103                 0.002488747300554363               
0.12141999394283678                0.2185481604319816                 0.0024860714066265604              
0.12156856631718085                0.2135772060365949                 0.0024817786665011347              
0.12171713852824434                0.21843577581295662                0.0024875305197124466              
0.12186571057582794                0.21586966007624134                0.0024812604606464527              
0.12201428245973238                0.22396958854390125                0.002546918494520853               
0.12216285417975847                0.21403762202325102                0.002472812759184811               
0.12231142573570686                0.21732416890908363                0.002507772057294693               
0.12245999712737837                0.21092409868103004                0.002436191440735547               
0.12260856835457366                0.21003242004324416                0.0024653458602586875              
0.12275713941709357                0.21456944572465403                0.0024939821393615415              
0.1229057103147387                 0.21170514907049937                0.002460357497285011               
0.12305428104730994                0.2113225664953751                 0.0024676037621539824              
0.12320285161460796                0.21162854559746289                0.0024609634186975094              
0.12335142201643355                0.2070917609914894                 0.0024501467569957793              
0.12349999225258738                0.20598049272637609                0.002448853871493647               
0.12364856232287029                0.20882272549971148                0.002439411289769746               
0.12379713222708298                0.20969967234861744                0.0024740848509182305              
0.12394570196502623                0.20934945907496394                0.002444563878744999               
0.12409427153650074                0.20187791167971145                0.0024296203259318036              
0.12424284094130733                0.20450983241403306                0.002421294638316844               
0.12439141017924672                0.2022216620781885                 0.0024170111594300292              
0.12453997925011973                0.19909225570394004                0.0024170155315546542              
0.12468854815372699                0.1996256410404244                 0.002399388241905517               
0.12483711688986938                0.19871390327132413                0.0024136676622007083              
0.12498568545834762                0.19474754596144603                0.0023607931100480795              
0.12513425385896246                0.19923140506173925                0.0024073775970663365              
0.12528282209151465                0.1911955804835475                 0.002375879603587123               
0.125431390155805                  0.19687473555882118                0.002378727547392401               
0.12557995805163427                0.19545856492161692                0.00238861955433075                
0.12572852577880317                0.19150358817074534                0.002359213050312728               
0.12587709333711253                0.18964832817385485                0.0023559252978662664              
0.12602566072636312                0.19318989425900948                0.0023861517341142017              
0.1261742279463557                 0.1894089366460584                 0.0023382037511048893              
0.126322794996891                  0.18965381401827267                0.0023642168341334374              
0.12647136187776986                0.19135086405358637                0.0023593017675472955              
0.126619928588793                  0.18943993077254903                0.0023608169455239534              
0.12676849512976127                0.18882945558401795                0.0023590784263604857              
0.12691706150047535                0.1808170658635228                 0.0022904757350792363              
0.12706562770073607                0.18195340048287997                0.002307648950379185               
0.12721419373034423                0.18392515477557986                0.002306101574956494               
0.12736275958910062                0.18671154394718384                0.0023386495155998405              
0.12751132527680595                0.1811963858695916                 0.002287949878122903               
0.12765989079326104                0.18014062985320836                0.0022852096663475126              
0.12780845613826677                0.1775397584927103                 0.0022765249629382376              
0.12795702131162376                0.1742294047271189                 0.002242574281670104               
0.12810558631313296                0.17602620890319245                0.0022550789265961694              
0.12825415114259503                0.1760794786426449                 0.0022467452778875065              
0.1284027157998108                 0.1756274979019652                 0.0022662084272888233              
0.1285512802845811                 0.1699362328194723                 0.002218594552977576               
0.12869984459670672                0.16721849580499712                0.0021941737174204405              
0.1288484087359884                 0.16866345735161983                0.002212181912113717               
0.12899697270222704                0.17222126395564782                0.002217277804352508               
0.12914553649522334                0.16873217462680723                0.0022280821155344155              
0.12929410011477813                0.16834239425150227                0.0022015418863438707              
0.12944266356069217                0.16834837488012627                0.002219726616628602               
0.12959122683276636                0.16697126129014547                0.002212559016313717               
0.12973978993080143                0.1646205605776979                 0.0021705742049415795              
0.12988835285459818                0.16494344082446233                0.002201007388456649               
0.13003691560395744                0.15969203445228658                0.0021460804189128335              
0.13018547817868006                0.16298620539892683                0.002179357307714822               
0.1303340405785668                 0.16155976330896926                0.002174521316658747               
0.13048260280341842                0.16276720057440927                0.0021750682084062645              
0.13063116485303583                0.162467584609574                  0.0021806256198241324              
0.13077972672721977                0.15913770147828027                0.0021432808556911655              
0.1309282884257711                 0.15387722254020167                0.0021277641842649482              
0.13107684994849064                0.15515557487507647                0.0021282162275831273              
0.13122541129517912                0.15086690396589508                0.0020913433226536562              
0.13137397246563748                0.153123076768601                  0.0021281467123803457              
0.13152253345966647                0.15166105064469046                0.00208874950258993                
0.13167109427706694                0.15176398088202508                0.0021205519813057385              
0.13181965491763964                0.14969243343610641                0.002084092950110238               
0.1319682153811855                 0.15123081427382912                0.0021057151493989353              
0.13211677566750527                0.15038906101908237                0.002108142784547468               
0.13226533577639982                0.148768639939092                  0.002082157221082504               
0.13241389570766995                0.14733654386111988                0.002081157493261795               
0.1325624554611165                 0.14767396581376993                0.002070896811662968               
0.13271101503654026                0.14162358207270265                0.002043096495042475               
0.1328595744337422                 0.1459961686755414                 0.0020753088208619193              
0.13300813365252293                0.14636090353513934                0.0020788139495106143              
0.13315669269268346                0.1459350152256925                 0.0020667282253226203              
0.13330525155402462                0.14018844624442484                0.0020238676124281645              
0.13345381023634717                0.14085272507807045                0.002036643724065285               
0.13360236873945192                0.1403523245103266                 0.0020330243990633124              
0.13375092706313985                0.13918310794953156                0.0020201188176938484              
0.13389948520721168                0.14422049311909654                0.0020681157468189406              
0.1340480431714683                 0.1429075972379987                 0.0020505542594420182              
0.13419660095571057                0.13446371931957593                0.0019942996091871622              
0.13434515855973928                0.1366292492517066                 0.0019997617548267854              
0.13449371598335533                0.13839810387929005                0.0020232689538316334              
0.13464227322635955                0.1333156028177183                 0.001981416309873082               
0.13479083028855277                0.13100089096248135                0.001969325987135616               
0.13493938716973589                0.13524047008759188                0.0020080297773572165              
0.1350879438697097                 0.13780671168780892                0.0020014068973876766              
0.13523650038827512                0.13545054235107545                0.0020104841653807272              
0.13538505672523296                0.1354093414134823                 0.00199867547328268                
0.1355336128803841                 0.12947828931229863                0.00196653826745866                
0.13568216885352938                0.12570180203433123                0.0019325021733816602              
0.13583072464446966                0.1288893929351407                 0.0019397770832681167              
0.1359792802530058                 0.12809573980714573                0.0019482382628022603              
0.13612783567893869                0.12843962585103702                0.001943157527961729               
0.13627639092206914                0.12771685325448898                0.0019445008587113382              
0.13642494598219812                0.12359445287431398                0.0019187891848037124              
0.13657350085912634                0.12773512006563575                0.0019463587178860573              
0.1367220555526548                 0.1276939001446483                 0.001960812268478752               
0.13687061006258433                0.12249556473954795                0.0018935319309278723              
0.13701916438871578                0.12668649531090573                0.0019435107910446673              
0.13716771853085005                0.11924805352259463                0.001877282057365506               
0.137316272488788                  0.12564336466280224                0.0019354960637429802              
0.13746482626233048                0.12645884714991196                0.001947827211937599               
0.13761337985127842                0.11991619974534494                0.0018775910404208787              
0.13776193325543262                0.12425443841569242                0.0019264832863026945              
0.13791048647459406                0.12317967950008554                0.0019079861358165789              
0.13805903950856357                0.12021455625566685                0.0018974414062944344              
0.13820759235714203                0.1197616865134226                 0.0018921799258598763              
0.1383561450201303                 0.11865856127568195                0.0018726486569249003              
0.13850469749732927                0.11795742028608565                0.0018888303938021627              
0.1386532497885399                 0.11948977390001368                0.0018808543270737502              
0.13880180189356303                0.1150445472277745                 0.0018471669497792287              
0.1389503538121995                 0.11230839451199082                0.0018315479644933188              
0.13909890554425028                0.11713458992149002                0.0018663460462560622              
0.13924745708951625                0.11738250660627804                0.0018893382931058401              
0.13939600844779823                0.11482031338358821                0.001836478687372953               
0.13954455961889714                0.11393891223016363                0.0018480900726565391              
0.139693110602614                  0.11414983770679259                0.0018416055626922572              
0.13984166139874957                0.11850666349430183                0.0018805843921890272              
0.13999021200710476                0.11289132340455882                0.0018511749936806277              
0.14013876242748052                0.11731596529217858                0.0018628623419355023              
0.14028731265967773                0.11411286895970742                0.0018553098643161899              
0.1404358627034973                 0.11448418409461518                0.001846759327156826               
0.14058441255874016                0.11159248214289762                0.001828157095481028               
0.14073296222520715                0.11317520723119529                0.0018451934435676407              
0.14088151170269927                0.11067158652254513                0.0018157528175181089              
0.14103006099101734                0.10945466518123695                0.00182196838084753                
0.14117861008996233                0.11173399917853537                0.001826070006868949               
0.14132715899933507                0.11197293766995876                0.0018280230074561527              
0.14147570771893658                0.10858252427300498                0.0018049519383415862              
0.14162425624856775                0.11152305368468711                0.0018292302389049594              
0.1417728045880295                 0.11036962888706885                0.0018328869638790544              
0.14192135273712264                0.11335450046248952                0.0018311588370790981              
0.14206990069564823                0.10962700182668134                0.0018160523048824703              
0.14221844846340712                0.11622945348253437                0.0018707792464160188              
0.14236699604020028                0.11135261183280591                0.0019032549085332324              
0.14251554342582856                0.1100329040582598                 0.0019277336808037142              
0.14266409062009294                0.11349716895776281                0.0019859894565898754              
0.14281263762279436                0.10791421761562613                0.001967286322519742               
0.14296118443373373                0.10543580242694305                0.001966729924210603               
0.14310973105271196                0.11227553315456486                0.0020440780326008955              
0.14325827747953002                0.10818939838409568                0.002017742683875921               
0.14340682371398877                0.11072044394043097                0.0020739839369326796              
0.14355536975588926                0.10850191628826862                0.0020735794805181043              
0.1437039156050323                 0.11035829436905824                0.0021036852644532654              
0.14385246126121892                0.11215096065958052                0.002130900216275004               
0.14400100672425004                0.10779469004099337                0.00212261728752401                
0.1441495519939266                 0.10882399394479908                0.0021474702259946144              
0.14429809707004948                0.10788965833513883                0.002157361737493885               
0.1444466419524197                 0.10880811526997193                0.0021623671596784216              
0.14459518664083823                0.10779074726899908                0.0021745976004714255              
0.14474373113510589                0.11076583467743513                0.0022382646302978792              
0.14489227543502373                0.10453932571108744                0.002192221659596947               
0.1450408195403927                 0.10815541777502542                0.002234406236775016               
0.14518936345101366                0.10248236174834256                0.0021780122450158743              
0.14533790716668768                0.10616794871896532                0.002262480105661988               
0.14548645068721563                0.10889318023127348                0.002288055625074519               
0.14563499401239854                0.10776427742808115                0.0023043605400788207              
0.1457835371420373                 0.10273560107939272                0.0022483075509057535              
0.14593208007593286                0.10901704046722749                0.0023418815882607635              
0.14608062281388626                0.10755892411771564                0.0023617943178618514              
0.1462291653556984                 0.10323972090998958                0.002306780901947968               
0.14637770770117026                0.10764357704531402                0.00237744889705387                
0.14652624985010276                0.10643605648831937                0.0023640785416630737              
0.14667479180229695                0.10421066029085521                0.002369036014361457               
0.14682333355755375                0.10202599141005318                0.0023669439225302144              
0.14697187511567414                0.11073107587690095                0.0024558443062809524              
0.14712041647645907                0.10686738798522234                0.0024465607802289157              
0.14726895763970954                0.1057240660725517                 0.0024415927202723806              
0.1474174986052265                 0.1084669597032787                 0.002506943492973447               
0.14756603937281096                0.10990004162396065                0.0025212798701566216              
0.14771457994226384                0.10432214098673454                0.002488803510542766               
0.14786312031338616                0.10485195409759607                0.0025311500235612504              
0.14801166048597889                0.10872676767589572                0.0025521027908830727              
0.148160200459843                  0.10931487365301742                0.002613125288317219               
0.14830874023477952                0.10518981227141512                0.0025445011335321227              
0.14845727981058934                0.10360989158950294                0.0025631569086867634              
0.14860581918707355                0.10407654999525308                0.0026035414721236614              
0.1487543583640331                 0.10317083494318466                0.0025601412829117693              
0.14890289734126896                0.10972206224882841                0.0026603685484757294              
0.1490514361185821                 0.10726141635001776                0.0026153543055438336              
0.1491999746957736                 0.10349333079925248                0.0026295816200300635              
0.14934851307264435                0.1062007686148541                 0.002655849297997659               
0.14949705124899543                0.10806975503909133                0.0026685923888695403              
0.14964558922462776                0.10638859549478945                0.0026875749052476887              
0.14979412699934241                0.10859236755178521                0.0026855944040490055              
0.14994266457294034                0.10993672678096063                0.00276575851926846                
0.15009120194522255                0.1071566114241523                 0.002673074317122136               
0.15023973911599006                0.10598172085289904                0.002718373782795155               
0.15038827608504382                0.1115025919957123                 0.00281766322819754                
0.15053681285218495                0.10390885144975497                0.002669600211055856               
0.15068534941721437                0.10253149111714938                0.0027019420318626173              
0.1508338857799331                 0.10735384874620973                0.002702490148769791               
0.15098242194014216                0.10701199161199124                0.002775089297867692               
0.15113095789764253                0.10389793260083643                0.0027256751752288604              
0.15127949365223534                0.10337048341441979                0.0027044031885012877              
0.15142802920372145                0.10672471497414983                0.0027713694682978606              
0.15157656455190194                0.10483455551359726                0.0026924947027057674              
0.15172509969657785                0.10411881837904606                0.0027610828127073326              
0.1518736346375502                 0.10689523233309997                0.002779548449757375               
0.15202216937462                   0.10636642661651263                0.0027491198216334695              
0.15217070390758822                0.10511802615362342                0.0027895427741904105              
0.15231923823625595                0.10585880052745476                0.0027396624978668427              
0.1524677723604243                 0.1036565830158143                 0.002779286535546026               
0.15261630627989406                0.1084117219333581                 0.002772506032603229               
0.1527648399944665                 0.1096889691294116                 0.002846424888447094               
0.1529133735039425                 0.10294963693478823                0.0027946980733704408              
0.15306190680812318                0.10511918623466185                0.002789573559544708               
0.1532104399068095                 0.11402366577143548                0.002957914350600534               
0.15335897279980254                0.10699601304090685                0.002786883749947075               
0.15350750548690334                0.10955973160380623                0.0029228921947749282              
0.1536560379679129                 0.09990554267050653                0.00276875221529746                
0.15380457024263233                0.10829514884154738                0.002872843469580758               
0.15395310231086262                0.10625272031532179                0.002933412513506209               
0.15410163417240483                0.10438459768852043                0.0028109575599111515              
0.15425016582706                   0.10676765791246871                0.0029476288496777707              
0.15439869727462913                0.1043858763332851                 0.0028731266858477056              
0.15454722851491334                0.1031047102160526                 0.0028454184481842854              
0.15469575954771367                0.10571319243938843                0.0029840584487038136              
0.15484429037283115                0.10484205334261873                0.0028726545660901284              
0.15499282099006684                0.1034067405389764                 0.002981371086740772               
0.15514135139922183                0.1086147827623603                 0.0029376813128080444              
0.1552898816000971                 0.10756692727971794                0.0029914345166558737              
0.15543841159249377                0.10797060941184587                0.003011993212197407               
0.15558694137621287                0.10638825489102033                0.0029935878661824507              
0.15573547095105544                0.10508444873193562                0.003020965496873722               
0.15588400031682265                0.10392258382471423                0.0029476395275263093              
0.15603252947331542                0.10160495196143973                0.0029590886235186594              
0.15618105842033492                0.10669374887130645                0.003055885813236234               
0.15632958715768216                0.10161337189648363                0.0029745100117358754              
0.15647811568515826                0.10100868770912162                0.0030048272361685334              
0.15662664400256424                0.10258519465933166                0.003000388079160995               
0.1567751721097012                 0.10524555940214933                0.0030795152524315163              
0.1569237000063702                 0.10128838662520936                0.003045664701935611               
0.15707222769237236                0.10584581150766241                0.003051693153045612               
0.15722075516750872                0.10359335369923797                0.0030885570785156723              
0.1573692824315803                 0.10195452120708877                0.0030895309456693567              
0.1575178094843883                 0.10130198084248901                0.003088245390752747               
0.15766633632573374                0.10486103249540223                0.0030989272881304392              
0.15781486295541766                0.10111328251460591                0.0030810614331968863              
0.15796338937324125                0.10208021576523241                0.0031309414563786358              
0.1581119155790055                 0.09986340658480955                0.003110119270470175               
0.1582604415725116                 0.1046922624926015                 0.003139512320910252               
0.15840896735356055                0.09837546867108936                0.0031093511817556086              
0.15855749292195345                0.10340283356191848                0.0031971763935728236              
0.15870601827749145                0.10083278381278775                0.0031342351911226884              
0.15885454341997562                0.10164044804656908                0.0032029623637783882              
0.159003068349207                  0.10283980013687573                0.003212175691849653               
0.15915159306498677                0.10497166939751532                0.003255033288276737               
0.15930011756711598                0.10021683768946085                0.0032095074398794878              
0.15944864185539576                0.10256523900442037                0.0032321050002906073              
0.15959716592962722                0.10478821653587149                0.003302156967844909               
0.1597456897896114                 0.10302618473000386                0.003279359591647148               
0.15989421343514953                0.10452210846398824                0.003318580262313548               
0.16004273686604262                0.09464574107859601                0.0031778929694488483              
0.1601912600820918                 0.1031747677063597                 0.0033127421430674217              
0.16033978308309815                0.09975066977334572                0.0032886821928347766              
0.16048830586886284                0.10444809555760015                0.0033816319521745865              
0.160636828439187                  0.10901999018472895                0.003449239846023148               
0.16078535079387168                0.09939815337664794                0.00331511402110941                
0.16093387293271805                0.09716287361162533                0.0032884650371642096              
0.1610823948555272                 0.10323674725914704                0.003435503832514452               
0.16123091656210026                0.10038642925382923                0.0033593037689741887              
0.16137943805223834                0.1045452053421577                 0.0034809745749097938              
0.1615279593257426                 0.10312302224610603                0.003433621057529251               
0.16167648038241414                0.10317085945531043                0.003470011514440227               
0.16182500122205412                0.0998833335005885                 0.003450412501919256               
0.16197352184446365                0.09847000303966548                0.0034138331255250845              
0.16212204224944385                0.09553638351741406                0.0033925964522770837              
0.16227056243679583                0.1009575090495327                 0.003481293415501128               
0.1624190824063208                 0.1008376617343488                 0.0035043509919038753              
0.16256760215781982                0.09224796749074529                0.00338881376189145                
0.1627161216910941                 0.1000966005468347                 0.003517036041867259               
0.1628646410059447                 0.09353660826875868                0.0034315253459303                 
0.16301316010217284                0.0962721831274086                 0.0034944588630963433              
0.1631616789795796                 0.09742681681971273                0.003508741101710854               
0.16331019763796614                0.0993888788601346                 0.003619529484398177               
0.16345871607713366                0.10032975967155387                0.0035740997012970797              
0.16360723429688329                0.0942224980632592                 0.0035311374057381984              
0.1637557522970161                 0.09989068721134049                0.0036795207550961023              
0.16390427007733335                0.09823396895781246                0.003577470146459965               
0.16405278763763612                0.09597841882357745                0.0036511911265181343              
0.1642013049777256                 0.09747870847893281                0.003620268347211536               
0.16434982209740293                0.09583990026610258                0.0036485626479034272              
0.16449833899646926                0.09674468242611631                0.003696424308466105               
0.16464685567472578                0.09959055208806995                0.0037192773223901966              
0.16479537213197368                0.0966927798364908                 0.0037189530706342616              
0.16494388836801405                0.09011327267744998                0.0035901987194946515              
0.16509240438264808                0.08914950536407769                0.003609557964549421               
0.16524092017567696                0.0915125002873409                 0.0036811726244945072              
0.16538943574690185                0.09863020579910801                0.003813264061686141               
0.1655379510961239                 0.09414880356396871                0.0037420789882190784              
0.1656864662231443                 0.09372556688643965                0.0037671485958359805              
0.16583498112776424                0.08974035018254586                0.003719857194097321               
0.16598349580978486                0.09068003327455135                0.003765283438219112               
0.16613201026900737                0.09743475957810684                0.0038849782803180377              
0.16628052450523292                0.09846448537196988                0.003951243690051945               
0.16642903851826274                0.09303688015976237                0.003849893493870608               
0.16657755230789795                0.09431618730787385                0.003923036213003423               
0.1667260658739398                 0.08753079341932492                0.0038165239586104268              
0.16687457921618937                0.08541669474379539                0.0037243448759032467              
0.16702309233444793                0.08980876389963853                0.0039047288652016747              
0.16717160522851673                0.08538131283926727                0.0037881831865208705              
0.16732011789819684                0.08739837039403704                0.003881497897979378               
0.1674686303432895                 0.08694096268564577                0.003911658840443778               
0.16761714256359592                0.09655706660182665                0.004069395176943024               
0.16776565455891726                0.1039172195495444                 0.0043336476289627295              
0.16791416632905476                0.09343532377967421                0.004109280841281044               
0.1680626778738096                 0.08837517567438256                0.003996463588942902               
0.168211189192983                  0.09051681465094011                0.004122927930365615               
0.1683597002863761                 0.08951681039286316                0.004077378984548096               
0.16850821115379017                0.08479365506972178                0.0040016599952187315              
0.1686567217950264                 0.09485716562133581                0.0042808439575898185              
0.16880523220988602                0.08724469338453171                0.004117331644979063               
0.1689537423981702                 0.08143756771357041                0.004036710362792588               
0.16910225235968016                0.0943972266578169                 0.004295222537585873               
0.16925076209421713                0.08690873833094001                0.004220661442807443               
0.16939927160158233                0.08777436084604695                0.004267735466180589               
0.169547780881577                  0.09428816711070089                0.00439620845954474                
0.16969628993400226                0.09212444976919981                0.004427218522493238               
0.16984479875865943                0.08885736499417513                0.004361836496636813               
0.16999330735534968                0.09195599199323948                0.0044657777491035645              
0.17014181572387424                0.07776514411368611                0.004174651666782435               
0.17029032386403442                0.0966738249322136                 0.004608743771607174               
0.17043883177563132                0.08895714055432576                0.004510306066257185               
0.17058733945846627                0.08380721266895526                0.0044231755111703375              
0.1707358469123404                 0.08392329215700119                0.004441691632242904               
0.17088435413705508                0.08892849582812973                0.004604542974719864               
0.1710328611324114                 0.08524176616569631                0.004524163201452014               
0.17118136789821065                0.07588439652447188                0.0043309512672274                 
0.17132987443425413                0.08267195905352008                0.004537213203703807               
0.17147838074034302                0.08533464743492902                0.004697517736784499               
0.17162688681627855                0.07550838958813849                0.004418794270164044               
0.17177539266186204                0.08130579320935585                0.004603034119693164               
0.17192389827689467                0.0828320119417108                 0.004719791915094488               
0.17207240366117768                0.08160245362802702                0.004703487233234896               
0.17222090881451232                0.08774613925900984                0.004999800306032216               
0.1723694137366999                 0.08572359779973468                0.004900491911993327               
0.17251791842754163                0.09136973604255838                0.005123760369940696               
0.17266642288683876                0.08665132628384778                0.005011175586462791               
0.17281492711439256                0.07894064038397992                0.004867688415499808               
0.17296343111000428                0.0851430762523271                 0.005172073546831688               
0.1731119348734752                 0.07097016603585737                0.004700114065038584               
0.1732604384046066                 0.08342124645715522                0.005095763663590524               
0.17340894170319962                0.08029054866372953                0.005119138410707268               
0.17355744476905563                0.08154778359886673                0.0052098967869002415              
0.1737059476019759                 0.09056204296040729                0.005573708447065458               
0.17385445020176168                0.0852575095193341                 0.00543582026833033                
0.17400295256821427                0.08669871460797147                0.005538977697865093               
0.17415145470113486                0.086755972775442                  0.005600073962388516               
0.17429995660032482                0.08068322407582175                0.005489798049677836               
0.17444845826558536                0.07535087047384804                0.005395987911814132               
0.17459695969671776                0.08639083085785386                0.005811276156881541               
0.17474546089352336                0.09733648037166448                0.006168448807222363               
0.17489396185580336                0.07180203310888186                0.0054590074891224145              
0.1750424625833591                 0.06766227659105076                0.005365967574383247               
0.17519096307599183                0.07771534274610273                0.005825011210937865               
0.1753394633335029                 0.08202915411848344                0.0060637695562793855              
0.17548796335569353                0.08041200138290093                0.0060441361443215455              
0.17563646314236503                0.07907484804841794                0.006118995452897245               
0.1757849626933187                 0.0795972615317348                 0.006273143012129546               
0.17593346200835586                0.08279254352260598                0.0064453907716795706              
0.17608196108727775                0.0914012802581966                 0.006929113174434589               
0.17623045992988567                0.09035088262156188                0.006889190214038582               
0.17637895853598098                0.07620307685093654                0.006534359931720742               
0.17652745690536492                0.07372604381114184                0.006594257826953632               
0.17667595503783887                0.0878816312442016                 0.007199543754253338               
0.176824452933204                  0.06977573781338456                0.006652855564207122               
0.17697295059126175                0.08309673762249377                0.007260195675607069               
0.1771214480118134                 0.09605532148470991                0.008118156364211806               
0.17726994519466022                0.08512154643361264                0.007803079368040981               
0.17741844213960353                0.08551048303884812                0.007905446953493864               
0.17756693884644464                0.07684474984820161                0.007842934439162877               
0.1777154353149849                 0.09225857448830709                0.008493090195741728               
0.17786393154502564                0.08534237136394035                0.008577231046465498               
0.17801242753636812                0.06443793876789694                0.0077574162296618334              
0.17816092328881367                0.08549051713064683                0.009061976691913307               
0.17830941880216367                0.08252166721535258                0.009169074135039174               
0.1784579140762194                 0.09326841695598602                0.01005739205265857                
0.17860640911078218                0.07444446970264042                0.009454457106697168               
0.17875490390565335                0.09338932077798909                0.010783669898121661               
0.17890339846063424                0.07004214151851568                0.009905454647314052               
0.17905189277552622                0.07601111403362501                0.010540844967437513               
0.1792003868501306                 0.08573195116851853                0.012004874378613835               
0.17934888068424865                0.08316636552267391                0.012131061199875622               
0.17949737427768178                0.06303847186245                   0.011509197676572856               
0.17964586763023138                0.05948258421263268                0.012402976193697708               
0.1797943607416987                 0.0879309670891346                 0.015080036445999092               
0.17994285361188503                0.10758635762428795                0.019018760759823755               
0.18009134624059184                0.05463381574366523                0.015152694156772057               
0.18023983862762047                0.1412077072538174                 0.030814047961989673               
0.18038833077277225                0.12607858399051122                0.0325533504072442                 
0.18053682267584845                0.13448411536951                   0.04754731496982726                
0.18068531433665053                nan                                nan                                
