#####################################################################################################
# NeXus source file: noemi5saxs
# NXdata: name = img{0}_azimuthalIntegration_Px_30                 
#
#
# Exposure_msec                                     1000.0 + 0.0
# _diffrn_source.source                             Storage Ring SOLEIL, beamline SWING
# _diffrn_sofware                                   Foxtrot 3.5.10-3979
# _diffrn_detector.detector                         EIGER-4M
# _diffrn_comment.comment                           -
# _sas_detc.pixnum_ax                               [1035]
# _sas_detc.pixnum_eq                               [1083]
# _sas_detc.pixsize                                 150.0
# _sas_detc.center_ax                               285.110346632731
# _sas_detc.center_eq                               957.0166664324403
# _sas_detc.dist_spec/detc                          6137.21860334
# _sas_detc.energy                                  12.000513668149837
# _sas_detc.gain                                    1.0
# _sas_detc.detector_based_uncertainty              0.0
# _sas_detc.encoder_delta                           0.0
# _sas_detc.delta0                                  0.0
# _sas_detc.gamma_offset                            0.0
# _sas_detc.wave_length                             1.0331573224991384
# _sas_detc.bias                                    0
# _sas_detc.mask                                    E:\20251487\published-data\3120\2026-09-03_session3\\mask_bags_saxs_12kev_sept26.txt
# Normalization                                     true
# Normalization Factor                              0.02571
# Normalization Monitor                             averagemi8b
# Normalization Intensity                           1.3282395186359282e-06
# GlobalNormalization                               30.861260324187388
# AbsTimeStamps                                     nan
# TimeStamps                                        1.3565359115600586
# gapTime                                           500.0
# step_global_regrid                                nan
# xmax_global_regrid                                nan
# xmin_global_regrid                                nan
# ymax_global_regrid                                nan
# ymin_global_regrid                                nan
#####################################################################################################
q(A-1)                             I(q)10_00199{00000}_AzInt_Px_30    Sig(q)10_00199{00000}_AzInt_Px_30  
0.0                                nan                                nan                                
0.00014863910320409943             nan                                nan                                
0.0002972782062084175              nan                                nan                                
0.0004459173088131729              nan                                nan                                
0.0005945564108185842              nan                                nan                                
0.0007431955120248703              nan                                nan                                
0.0008918346122322496              nan                                nan                                
0.001040473711240941               nan                                nan                                
0.001189112808851163               1040.268657333678                  2.9029258628522148                 
0.0013377519048631344              977.7563696287826                  1.1489546651071025                 
0.001486390999077074               940.4084065966914                  0.8418160739260211                 
0.0016350300912932002              895.152043253781                   0.7071761435799906                 
0.0017836691813117322              866.2688633982486                  0.7143946715512607                 
0.0019323082689328885              846.1274502572164                  0.6596913985806434                 
0.0020809473539568878              828.2317212840289                  0.602217371910012                  
0.0022295864361839487              813.9909664093303                  0.5815080163154901                 
0.0023782255154142914              801.7095311443068                  0.5313832131100987                 
0.002526864591448133               792.6858834583448                  0.5465055335547104                 
0.0026755036640856928              784.2832182185488                  0.494325512766821                  
0.00282414273312719                776.7376555683359                  0.4895936446558513                 
0.002972781798372844               767.5645207417462                  0.4712394967663603                 
0.0031214208596228726              760.2888487113889                  0.451221600851999                  
0.003270059916677496               755.0486743127094                  0.45728589841738426                
0.0034186989693369323              748.54235853204                    0.4177284595305606                 
0.0035673380174014                 739.338723698412                   0.41665391469002033                
0.0037159770606711206              733.8091463544721                  0.4106532805515895                 
0.0038646160989463108              727.3341918717233                  0.3977106038725008                 
0.004013255132027191               721.4598498399216                  0.393469363475748                  
0.00416189415971398                714.040846681198                   0.3657057595346348                 
0.004310533181806896               707.0585774940735                  0.3692890168716261                 
0.004459172198106161               700.7799950446498                  0.36229400059320277                
0.0046078112084119915              693.6417726426479                  0.35238847019076835                
0.004756450212524608               687.4259971773481                  0.3498409570495603                 
0.0049050892102442305              679.575213007221                   0.32935489987561506                
0.005053728201371077               672.5162343867355                  0.3368946915621939                 
0.00520236718570537                665.1663403732728                  0.3188530760475332                 
0.005351006163047325               658.1458141316311                  0.31867268353191824                
0.005499645133197165               650.171049312425                   0.3108701367897039                 
0.005648284095955107               643.4904021889391                  0.3024106386255496                 
0.005796923051121373               635.4410202026751                  0.3066260390844668                 
0.005945561998496182               627.1756490771778                  0.2862610341549536                 
0.006094200937879753               619.1431841778399                  0.28615807398649196                
0.006242839869072308               612.3610021636046                  0.283431947032753                  
0.006391478791874063               603.9034426440994                  0.27866152729721994                
0.006540117706085243               596.0716466459119                  0.27308188863932387                
0.006688756611506066               588.4682624005129                  0.2609612788348934                 
0.006837395507936751               580.3032789804695                  0.26637787988724676                
0.006986034395177519               572.1486558411738                  0.2554988041569174                 
0.007134673273028592               563.823430222604                   0.2527447612008277                 
0.007283312141290187               555.4835836000092                  0.24870399298381535                
0.007431950999762529               547.4894460730535                  0.24078022728196802                
0.007580589848245835               539.370533347448                   0.24381679615894136                
0.007729228686540326               530.7574367689091                  0.23146707572925335                
0.007877867514446222               522.4156218707344                  0.23145056957740873                
0.008026506331763748               514.1662189883699                  0.22606675909237145                
0.00817514513829312                505.4186538702758                  0.221434945457558                  
0.008323783933834563               497.2897108909124                  0.2237023684173797                 
0.008472422718188292               489.35727917909253                 0.21164362847332946                
0.008621061491154536               480.8057689076166                  0.21038139414991672                
0.00876970025253351                472.21261222360147                 0.20731830073294616                
0.00891833900212544                464.0918568513487                  0.20495302480287178                
0.009066977739730543               455.3689584686087                  0.20078675617464822                
0.009215616465149042               447.5303182685532                  0.19432986004399344                
0.00936425517818116                438.8139545428421                  0.19630030535487594                
0.009512893878627117               430.5188942164473                  0.18888683837090728                
0.009661532566287137               422.8627495287315                  0.1867228349770094                 
0.009810171240961438               413.9131238476755                  0.1840352535937975                 
0.009958809902450245               405.7162237771409                  0.17734424137876054                
0.010107448550553781               398.3747403670869                  0.18216509590591695                
0.010256087185072265               389.5815365413644                  0.17094303369867053                
0.01040472580580592                381.57744275133126                 0.17198767679761484                
0.010553364412554972               373.6250377760599                  0.1660656760059962                 
0.010702003005119639               365.5456194066898                  0.1644477426396541                 
0.010850641583300147               357.5238120683913                  0.16433045130139293                
0.010999280146896714               349.89682268575604                 0.15768188917873271                
0.011147918695709568               341.7574042958041                  0.15652510879732337                
0.011296557229538928               334.1133940713298                  0.15225893848523717                
0.011445195748185017               326.3299905799614                  0.150636376554419                  
0.011593834251448063               318.7530872046845                  0.14855888395536562                
0.011742472739128288               311.3222534873319                  0.14333713578383486                
0.01189111121102591                303.7056589758683                  0.14408928541812902                
0.012039749666941157               296.3191048653953                  0.13927452138149168                
0.012188388106674252               288.8588050420236                  0.136141833569914                  
0.012337026530025419               281.8988211733037                  0.1348929594107844                 
0.012485664936794882               274.5209743641094                  0.1312978029471988                 
0.012634303326782862               267.6829653863855                  0.13105670810962813                
0.012782941699789586               260.74946401124987                 0.12602320087901422                
0.012931580055615283               254.01751917843052                 0.12521225215979523                
0.013080218394060168               246.9679693908974                  0.12117603618927507                
0.01322885671492447                240.4047010816616                  0.12033031466514368                
0.013377495018008414               233.53495575393382                 0.11805130163329897                
0.013526133303112226               227.28401965313446                 0.11457709381613332                
0.013674771570036126               220.75358360873022                 0.11301983933835763                
0.013823409818580348               214.48598578468872                 0.11013288183806735                
0.013972048048545106               208.52525566122043                 0.10974703371662616                
0.014120686259730635               202.30669461155213                 0.10576725818453833                
0.014269324451937156               196.42797348472604                 0.10334120050400479                
0.014417962624964894               190.48268779553288                 0.10298198642302897                
0.014566600778614077               184.59207316504768                 0.09984491192431412                
0.014715238912684931               178.9918022602265                  0.09864805312657433                
0.01486387702697768                173.5009513693175                  0.09545605128102308                
0.015012515121292555               168.09528512332648                 0.09342876908392438                
0.015161153195429777               162.73742747588494                 0.09282462587789554                
0.015309791249189571               157.45103058408822                 0.08949489707002108                
0.015458429282372172               152.31841824072865                 0.0888651498173503                 
0.015607067294777802               147.45154063874173                 0.08534302919618993                
0.015755705286206685               142.28256902001405                 0.08454566587812698                
0.015904343256459057               137.61006258225223                 0.08321039070246722                
0.01605298120533514                132.92973592201733                 0.08006115939278152                
0.016201619132635157               128.3858261232767                  0.07945318576828218                
0.01635025703815934                123.93463642306776                 0.07651204608537895                
0.016498894921707925               119.46466663663722                 0.07629647676433451                
0.016647532783081127               115.21906679448487                 0.07371899737358092                
0.016796170622079182               111.09561268046826                 0.07161030997737806                
0.016944808438502313               107.07817607510442                 0.07091231063196987                
0.01709344623215075                103.13658125303301                 0.06865607828000916                
0.017242084002824728               99.1883870632141                   0.0680038970075792                 
0.01739072175032447                95.43117350014116                  0.06499581983202539                
0.017539359474450206               91.8896403053169                   0.06426307808742063                
0.017687997175002166               88.39158689520318                  0.06289731533165127                
0.017836634851780577               84.8985701747685                   0.060848763027143114               
0.017985272504585672               81.48916392863612                  0.06026688507734545                
0.01813391013321768                78.41884097056545                  0.057671280895745684               
0.018282547737476833               75.29984445616513                  0.05715218693136792                
0.018431185317163357               72.29240388518379                  0.05559143606383549                
0.018579822872077482               69.7632208644178                   0.05411290168101382                
0.01872846040201944                67.37479372442849                  0.05352633386914185                
0.018877097906789472               64.06336320673387                  0.05236646246678938                
0.019025735386187796               61.45512064665867                  0.05248150105353702                
0.019174372840014643               58.91978882175831                  0.05065712427295778                
0.01932301026807025                56.86853570320029                  0.04990184723361024                
0.019471647670154846               54.035314425696356                 0.05055802098147727                
0.019620285046068664               51.649865940399536                 0.049250043134039925               
0.019768922395611937               49.392061520940075                 0.04909543921797642                
0.019917559718584898               47.095142567227995                 0.0473381374989455                 
0.020066197014787773               44.96808890906798                  0.04720196281472355                
0.0202148342840208                 43.018361946378995                 0.046889875059549606               
0.020363471526084212               41.06134712730745                  0.04493354800936432                
0.02051210874077824                39.21513146824438                  0.04523534573895132                
0.020660745927903117               37.39932981900043                  0.04294831754955987                
0.020809383087259083               35.696055403531574                 0.043581126497752386               
0.02095802021864636                34.0729198074239                   0.04219936055091926                
0.02110665732186519                32.46620250897318                  0.040961803568399624               
0.021255294396715804               30.95463372574353                  0.04051719573709595                
0.021403931442998434               29.557310598307968                 0.039208988621375895               
0.021552568460513323               28.175589684891836                 0.0393709706119255                 
0.021701205449060703               26.92019927498051                  0.03781564708195151                
0.021849842408440803               25.59104399810792                  0.03693087416390406                
0.02199847933845386                24.423836840191246                 0.036625062303038275               
0.02214711623890011                23.253364557412993                 0.03526176760175264                
0.02229575310957979                23.047606482993274                 0.03487596863382074                
0.022444389950293145               21.667254834257996                 0.03284044692429259                
0.022593026760840393               20.60667455771984                  0.032200208877093676               
0.02274166354102178                19.59240214395834                  0.03139775781620804                
0.02289030029063754                18.709633565000036                 0.029837117902365144               
0.02303893700948792                17.797862622049436                 0.02953799692783282                
0.02318757369737314                16.953663056654666                 0.02821662942687805                
0.023336210354093452               16.270629056721727                 0.02824225755733703                
0.02348484697944908                15.574273888683065                 0.02702482613528708                
0.02363348357324028                14.880306128865769                 0.026531312636009195               
0.023782120135267273               14.260427537937383                 0.025972822014174415               
0.023930756665330306               13.6122237051668                   0.024977734587464478               
0.02407939316322961                13.018576605970575                 0.024834303138093327               
0.024228029628765434               12.493683009878206                 0.023811923362604362               
0.024376666061738005               12.021420676983807                 0.023489509671679877               
0.024525302461947576               11.54749973968284                  0.02303816531476007                
0.024673938829194372               11.099333051587323                 0.022242303825632914               
0.024822575163278647               10.70459605459225                  0.022276407373926083               
0.02497121146400064                10.313761673996753                 0.021194381173227632               
0.02511984773116057                9.962169408397449                  0.02133794404618227                
0.025268483964558705               9.631439445574879                  0.020762283187074935               
0.025417120163995274               9.34390233297997                   0.02015973733447186                
0.02556575632927051                9.028336503534323                  0.02007402615830752                
0.02571439246018467                8.767905730694924                  0.019309429585298327               
0.025863028556537982               8.518287202299625                  0.019566248675154604               
0.0260116646181307                 8.268896841275954                  0.01891394003876962                
0.026160300644763053               8.06759805424537                   0.018669844152354214               
0.0263089366362353                 7.9220438216022                    0.018476043100103604               
0.026457572592347666               7.733827056560954                  0.018218939266588362               
0.026606208512900405               7.525929844646742                  0.01806837881258025                
0.026754844397693756               7.421190570127563                  0.01761511228714968                
0.02690348024652797                7.234695903802694                  0.017460091529991364               
0.02705211605920328                7.1002578431145835                 0.01744519299528895                
0.027200751835519926               6.99095669834798                   0.01705294000998653                
0.027349387575278168               6.8988720230530935                 0.01702792049540312                
0.027498023278278244               6.79306916091014                   0.01682066067548144                
0.0276466589443204                 6.675821541158704                  0.0166215446540301                 
0.027795294573204874               6.581046426572803                  0.01659881069496585                
0.027943930164731925               6.519854195728258                  0.016332640355018316               
0.02809256571870178                6.432463466273218                  0.016222814215895512               
0.028241201234914706               6.35982100889014                   0.016110625054456096               
0.02838983671317093                6.319580355914727                  0.01602932478786305                
0.028538472153270714               6.212391380726433                  0.015872902854670603               
0.0286871075550143                 6.1718030262184795                 0.015781514348204764               
0.02883574291820193                6.113349683467165                  0.015580989453704898               
0.028984378242633856               6.069447017136318                  0.01572865431477812                
0.029133013528110326               6.0262360663561045                 0.01540365553906781                
0.02928164877443159                5.9849655478739665                 0.015483077538498813               
0.029430283981397888               5.945038784173368                  0.015393340367259447               
0.029578919148809477               5.883705406385571                  0.015201952172259517               
0.029727554276466603               5.826742782180181                  0.015192779175086239               
0.029876189364169515               5.780196709067092                  0.014986123793259724               
0.03002482441171847                5.73757834113848                   0.014939736024416422               
0.0301734594189137                 5.712808140652691                  0.014943376658882066               
0.030322094385555477               5.653164649887453                  0.014847268885036732               
0.03047072931144404                5.613175277667533                  0.014654261753019914               
0.03061936419637964                5.540830118675344                  0.014602687776943265               
0.030767999040162516               5.518890598296392                  0.014487972179758462               
0.030916633842592953               5.441170446876454                  0.014540010793740479               
0.031065268603471176               5.42020047441062                   0.014266056745815391               
0.031213903322597436               5.342932552274817                  0.014297163783946064               
0.031362537999772004               5.337710446481712                  0.014157088311263763               
0.031511172634795116               5.25927357294881                   0.014052687837659181               
0.03165980722746703                5.201663462804878                  0.014032538472302434               
0.03180844177758801                5.158015809317098                  0.013789514585109979               
0.03195707628495829                5.083009807797487                  0.013783296232754216               
0.03210571074937814                5.071629813320096                  0.013744102827347265               
0.032254345170647805               5.0071519889328355                 0.013594100064728195               
0.03240297954856755                4.951320456893087                  0.013548999265033897               
0.03255161388293761                4.876349849538569                  0.013272529808776225               
0.03270024817355827                4.803919087745872                  0.013353444582062115               
0.03284888242022977                4.750950928046331                  0.01314480338205824                
0.03299751662275236                4.696436127677743                  0.013069173345694825               
0.033146150780926295               4.5956499213104385                 0.012899260054142013               
0.03329478489455186                4.536957926525418                  0.012745621582657457               
0.033443418963429276               4.4874973336463695                 0.012847456880098284               
0.033592052987358824               4.414812325208135                  0.012503991939765723               
0.03374068696614075                4.328464124930163                  0.012449325399406776               
0.03388932089957531                4.301318876631939                  0.012362510868890654               
0.03403795478746278                4.251998248894753                  0.012318476199471911               
0.03418658862960341                4.224648880723452                  0.012326403445420376               
0.034335222425797444               4.097398103920106                  0.012290320180824332               
0.034483856175845165               4.0247553971249355                 0.012336244783981378               
0.03463248987954682                3.9381147958633402                 0.012224158842427882               
0.034781123536702666               3.8696290562798765                 0.01223984064620887                
0.03492975714711298                3.8285752048677013                 0.012152982270939292               
0.03507839071057801                3.7947072355164613                 0.01176756653768004                
0.03522702422689801                3.6982158515869736                 0.011709666101174796               
0.03537565769587327                3.5993425670665906                 0.011396660608581554               
0.03552429111730402                3.509546067109832                  0.011285064076968282               
0.035672924490990535               3.4218566835706183                 0.011044685271550427               
0.03582155781673309                3.3508932567443788                 0.01087585548133373                
0.03597019109433192                3.2513883775876273                 0.010837840838840655               
0.03611882432358732                3.1886529091881526                 0.010506797446559154               
0.03626745750429954                3.1215107854477013                 0.010491302736644559               
0.03641609063626884                3.055750979864816                  0.010269068097737732               
0.03656472371929549                2.9768296664102176                 0.010173584158291182               
0.03671335675317976                2.90263359868438                   0.010046000475862502               
0.0368619897377219                 2.831537489958551                  0.009827758893279021               
0.03701062267272219                2.748934385875552                  0.009703800365363493               
0.03715925555798089                2.6891617219702457                 0.009592654496778976               
0.03730788839329828                2.6189650594593576                 0.009451668446624668               
0.037456521178474596               2.5471489459746137                 0.009277338311990483               
0.03760515391331015                2.4962451845887146                 0.009113176191408041               
0.037753786597605164               2.4310828461477905                 0.009072973334488336               
0.03790241923115994                2.3696010373658707                 0.008892703731479545               
0.038051051813774724               2.325359066722413                  0.008822938568416415               
0.03819968434524979                2.2388608830484458                 0.008612914758147521               
0.03834831682538542                2.195209333456649                  0.008502498097613798               
0.03849694925398188                2.1249682825834975                 0.008425517440423448               
0.03864558163083943                2.073594652224175                  0.008251058754940692               
0.03879421395575834                2.03282723643353                   0.008165413612535853               
0.038942846228538906               1.9753594691237901                 0.007968917492501417               
0.03909147844898136                1.922746077890322                  0.00796142553446725                
0.03924011061688601                1.8931540406484293                 0.007809095208251859               
0.0393887427320531                 1.8371383068972904                 0.007643471826730841               
0.039537374794282924               1.7835889948289914                 0.007538654737467031               
0.039686006803375744               1.7442412425515836                 0.007411440560025181               
0.039834638759131825               1.716487162525202                  0.007391856660555041               
0.03998327066135146                1.679663529850315                  0.00724484366531633                
0.04013190250983492                1.6408646564969425                 0.007119606507719439               
0.04028053430438246                1.6055908718445282                 0.007086715986117555               
0.04042916604479439                1.5689326913570187                 0.006965127662188747               
0.04057779773087095                1.545109784728105                  0.006958683340981814               
0.040726429362412435               1.507558457576549                  0.006766477617185654               
0.04087506093921912                1.4870042570285218                 0.006800332247360736               
0.04102369246109126                1.4543385164934306                 0.006709148501583478               
0.04117232392782917                1.430158474241966                  0.006599778620909396               
0.041320955339233106               1.4137672875185268                 0.006605451723716544               
0.041469586695103346               1.4025361709975268                 0.006535736548247926               
0.04161821799524017                1.3679120276502013                 0.006485107864067315               
0.041766849239443855               1.3585685244344152                 0.00645985959740423                
0.04191548042751469                1.3409200750130286                 0.006357785304366352               
0.042064111559252944               1.3207098794284726                 0.006327375587238264               
0.0422127426344589                 1.3184938661698926                 0.006304398963149066               
0.042361373652932834               1.3464687246045168                 0.006370930653364331               
0.04251000461447503                1.310631237111141                  0.006415189573783381               
0.04265863551888578                1.2944767798245398                 0.006403516204771949               
0.042807266365965366               1.2757461876143608                 0.006449087312145761               
0.04295589715551405                1.2752809009832395                 0.006454409464244183               
0.04310452788733213                1.2464247492287368                 0.00641337777289903                
0.04325315856121989                1.2514836788828636                 0.006406838403102303               
0.0434017891769776                 1.229735681541197                  0.006419517852848191               
0.043550419734405564               1.2290374964436626                 0.0064110704972574605              
0.04369905023330405                1.2251909387439657                 0.0063845809601042304              
0.043847680673473347               1.2191214131021122                 0.006425066310623665               
0.04399631105471376                1.205907269513936                  0.006324408200275585               
0.04414494137682554                1.2181268324748367                 0.006425806484813829               
0.044293571639608995               1.1978653719965262                 0.006348941291454023               
0.04444220184286442                1.216621920794496                  0.00638851356164133                
0.044590831986392084               1.2076006496721252                 0.0063780044098329935              
0.04473946206999227                1.1998526975163417                 0.006354210848351464               
0.044888092093465295               1.2049479496758806                 0.006448552854958079               
0.04503672205661142                1.201615864938327                  0.006332631925493286               
0.04518535195923094                1.2062184895682015                 0.006448522449668641               
0.04533398180112416                1.2123375457894818                 0.006427362431636664               
0.04548261158209136                1.2032325863020668                 0.006423478545807796               
0.04563124130193283                1.2117886992157665                 0.0065120760630248                 
0.04577987096044885                1.205639842289936                  0.006399502852112989               
0.045928500557439744               1.203526223092262                  0.006486339260668854               
0.04607713009270576                1.1929543008452264                 0.006447365609768572               
0.04622575956604723                1.2003364434713502                 0.0064534217390932805              
0.04637438897726441                1.1944539683101802                 0.006451420436516625               
0.04652301832615762                1.1966506895650677                 0.006409290158789436               
0.04667164761252716                1.1864826342683126                 0.006482350367358563               
0.0468202768361733                 1.1926908650612735                 0.00640546956664481                
0.04696890599689635                1.1793080190042684                 0.0063864046164700304              
0.04711753509449661                1.1763898377703281                 0.006385318277572483               
0.04726616412877436                1.1920132801191186                 0.0063532716425619765              
0.0474147930995299                 1.1761282224033436                 0.006377794339621282               
0.04756342200656354                1.1728629638590962                 0.006292179660583249               
0.04771205084967556                1.1648126998540775                 0.006300151739201768               
0.04786067962866626                1.166687756080555                  0.006315191085531031               
0.048009308343335964               1.161491037942244                  0.0062196361845320465              
0.04815793699348494                1.163202370978923                  0.00630575461895995                
0.048306565578913496               1.1549671565950157                 0.006192608587324253               
0.04845519409942194                1.1474171788264416                 0.006256230196828533               
0.04860382255481056                1.142566233304306                  0.0062528740224478295              
0.04875245094487968                1.1294789270833077                 0.006117637541842196               
0.04890107926942957                1.138861914210101                  0.006213278489422054               
0.04904970752826055                1.1157340462734877                 0.006095906289711935               
0.04919833572117292                1.1088859331839318                 0.006140609424932815               
0.04934696384796698                1.0975576092395658                 0.006064779875037822               
0.049495591908443035               1.0950865916175723                 0.006039243728788515               
0.049644219902401386               1.0868220051218915                 0.006044433039130084               
0.04979284782964235                1.0755061888905018                 0.0059696935276469226              
0.049941475689966215               1.0725896804850055                 0.006023503811496792               
0.05009010348317329                1.0639107144890148                 0.005919299436299635               
0.050238731209063886               1.0452567631365104                 0.005909367851489117               
0.05038735886743832                1.0379486752208902                 0.005913109675878833               
0.05053598645809688                1.0261042250617398                 0.005839949519278017               
0.05068461398083988                1.0154579195649065                 0.005815543932302835               
0.050833241435467615               0.9890208331855471                 0.005695609110285593               
0.05098186882178042                0.9973368079059198                 0.005778289632463301               
0.05113049613957859                0.9771837463825701                 0.005681588932438725               
0.05127912338866244                0.9715321186324828                 0.0056796294438785115              
0.05142775056883227                0.9574090063692463                 0.005646883109891531               
0.051576377679888395               0.9440462223373701                 0.0055589866451658644              
0.05172500472163113                0.9274923058705651                 0.005575176932313826               
0.05187363169386079                0.9063170147011573                 0.0054167637867036135              
0.052022258596377664               0.8884738511288158                 0.005401081795159836               
0.05217088542898209                0.8802206327890099                 0.005403381508374521               
0.052319512191474384               0.8674286844233761                 0.005336734433800756               
0.052468138883654855               0.8629760342534515                 0.005320326817920101               
0.052616765505323786               0.8428027650399039                 0.005239248392869167               
0.05276539205628153                0.8321868614634692                 0.005214015076943713               
0.0529140185363284                 0.8069251335197173                 0.0051420501172371805              
0.05306264494526469                0.7907783887510366                 0.00511105860348698                
0.053211271282890736               0.7740140400010892                 0.005023418197506935               
0.053359897549006836               0.7658737761358954                 0.004974465006385878               
0.053508523743413326               0.7552005205722071                 0.0049695000569814855              
0.053657149865910525               0.741121127807322                  0.004895863078334383               
0.05380577591629874                0.7141217065552151                 0.0048178936115036335              
0.0539544018943783                 0.7051912382728179                 0.004785276004864213               
0.05410302779994951                0.6903324379767932                 0.004729857871451546               
0.054251653632812716               0.6740711392892206                 0.004694994970434904               
0.05440027939276821                0.6708401514899431                 0.0046053943709781515              
0.05454890507961633                0.6427225022566133                 0.004566131193467873               
0.0546975306931574                 0.6400547965794788                 0.004558928988881685               
0.05484615623319174                0.6233114702938491                 0.00448321113139041                
0.05499478169951966                0.60679870032992                   0.004432258579309212               
0.05514340709194151                0.6013733668528004                 0.0043519546303924924              
0.05529203241025758                0.5775917731127106                 0.004326439103533582               
0.055440657654268234               0.5625609461552464                 0.0042297815500394464              
0.05558928282377376                0.5585163866683862                 0.00423958757484603                
0.05573790791857452                0.5504104789278436                 0.004194159102742581               
0.05588653293847082                0.5291278972294682                 0.004088154753678461               
0.05603515788326298                0.5175811627151451                 0.004083297896941312               
0.05618378275275134                0.5071763446302622                 0.004002458020943021               
0.05633240754673624                0.49449055275209736                0.003977364520413545               
0.05648103226501799                0.4806710462339008                 0.0038983723220091773              
0.05662965690739693                0.4713010536670835                 0.0038658515396659695              
0.056778281473673364               0.4601518661127559                 0.0038424787084815892              
0.05692690596364766                0.4494960770382836                 0.0037425533066184737              
0.05707553037712013                0.4402581769677293                 0.003736372168261235               
0.05722415471389112                0.42684352921370283                0.0036575990181064192              
0.05737277897376094                0.4229468517238397                 0.003663972350755395               
0.057521403156529954               0.41782889785751953                0.0036293177288666467              
0.05767002726199845                0.4095067116525623                 0.003573923069857764               
0.05781865128996681                0.3938877374882822                 0.0035410736047985472              
0.05796727524023534                0.3897859166932324                 0.003470148754895611               
0.058115899112604404               0.3843191713014436                 0.0034807464079625277              
0.0582645229068743                 0.37367118577876896                0.0034172637178493713              
0.058413146622845386               0.36627368116006903                0.0033686837047680923              
0.058561770260317995               0.3622378243238651                 0.003384218070946778               
0.05871039381909247                0.3587017644522202                 0.0033241637912084262              
0.05885901729896914                0.3494388670487094                 0.0033077989981033533              
0.059007640699748364               0.34736575371479855                0.0032712178409558374              
0.05915626402123044                0.33607509403284613                0.003223751178767456               
0.05930488726321576                0.335684855201889                  0.003245187983436762               
0.059453510425504646               0.3273027069595957                 0.003170829354774233               
0.05960213350789743                0.32817505765486493                0.0031917362269656565              
0.05975075651019445                0.3237094886995692                 0.003151885042421828               
0.05989937943219608                0.31954152215816134                0.0031509844914840808              
0.060048002273702626               0.3155627499011169                 0.003109030332802316               
0.060196625034514444               0.31385729033703563                0.0030991544110206735              
0.060345247714431886               0.31859476525891034                0.0031418013201643703              
0.06049387031325529                0.30718168352968395                0.003147313667070759               
0.060642492830785                  0.31128219767913523                0.0032166247044477314              
0.060791115266821405               0.3090676461148793                 0.0032217277178039462              
0.06093973762116479                0.3077906471653891                 0.0032352447143581                 
0.06108835989361553                0.309835767624225                  0.0032929589696011124              
0.06123698208397396                0.30745794839854795                0.0032732380067775828              
0.061385604192040456               0.2996133677528622                 0.0032737299522726873              
0.061534226217615354               0.2978201234837674                 0.0032531652086029137              
0.06168284816049901                0.29837285684897596                0.003296183133448978               
0.061831470020491754               0.29938919197532415                0.003316733734362544               
0.06198009179739396                0.29627682889260276                0.0032901374188071793              
0.06212871349100597                0.29298624200607254                0.0033150791991501784              
0.06227733510112815                0.2951432989044995                 0.0033006276573547474              
0.06242595662756082                0.2935301668209376                 0.003369239266125442               
0.06257457807010439                0.3068333703208439                 0.0034143216769841325              
0.06272319942855915                0.29958705268270214                0.003367847807492264               
0.06287182070272551                0.3053139659784726                 0.0034444373835330927              
0.0630204418924038                 0.2985668202423113                 0.0034000569492893293              
0.06316906299739436                0.308904198695223                  0.0034898303155509705              
0.0633176840174976                 0.30769646111655324                0.0033548481639974767              
0.06346630495251382                0.2961029712748102                 0.0032781158587669446              
0.06361492580224343                0.2971245076501387                 0.003252949740531469               
0.06376354656648675                0.300437733883987                  0.003251444927033683               
0.06391216724504416                0.3100851916940005                 0.0032943077335504255              
0.06406078783771602                0.3088858447770766                 0.0032444273818577458              
0.06420940834430268                0.31037241244247765                0.0032659925575949295              
0.06435802876460452                0.3034647547855654                 0.0032107729183726693              
0.06450664909842187                0.307527886028204                  0.0032170582606771267              
0.06465526934555513                0.30447808136824855                0.003211086727356145               
0.06480388950580464                0.30781504591115416                0.003203627007971613               
0.0649525095789708                 0.31720155080117024                0.0032638810349552645              
0.06510112956485392                0.3136353254917434                 0.003215631127545605               
0.06524974946325443                0.3152271042798196                 0.0032221436211748904              
0.06539836927397262                0.3132620784054958                 0.003220278295952831               
0.06554698899680893                0.31469108111314126                0.0032210425958224187              
0.06569560863156369                0.3120368892615749                 0.003200925564938392               
0.06584422817803728                0.3131345522490738                 0.0031761269963166256              
0.06599284763603007                0.3181341242882903                 0.003199793257052451               
0.06614146700534243                0.31526430745012035                0.0031980581605646234              
0.06629008628577472                0.3204912094994513                 0.0032228488192470707              
0.06643870547712732                0.314395267364657                  0.003187275319309353               
0.06658732457920061                0.31454787854018745                0.00313686423750983                
0.06673594359179495                0.3158099521566643                 0.003189674089595494               
0.06688456251471071                0.31506759241419513                0.0031748975400303935              
0.0670331813477483                 0.3214313452424636                 0.0031895313836765487              
0.06718180009070804                0.31890089452878406                0.003186301738883937               
0.06733041874339035                0.3158851983619045                 0.0031634423053613753              
0.06747903730559558                0.31695184388616965                0.003164143958563916               
0.06762765577712412                0.3145826224286398                 0.003126501635801983               
0.06777627415777635                0.3150482766867647                 0.0031561689932734574              
0.06792489244735264                0.3158645395752196                 0.0031373832369476352              
0.06807351064565337                0.3104358382534321                 0.0031253689775618894              
0.06822212875247895                0.3109725151919845                 0.0031129955150536377              
0.0683707467676297                 0.31072922941849085                0.0030895780036653045              
0.06851936469090604                0.3156947518615143                 0.0031335334931982734              
0.06866798252210835                0.30983643858672083                0.003095425127481294               
0.06881660026103702                4.860620855983104                  0.012277858015619073               
0.06896521790749241                0.3016608839760599                 0.0030572342530230195              
0.06911383546127492                0.2998170573197932                 0.0030219870206827266              
0.06926245292218494                0.30406180017683615                0.003063526933459389               
0.06941107029002283                0.3007630118287587                 0.0030168455723479973              
0.06955968756458901                0.3001262311816874                 0.003040744234935173               
0.06970830474568386                0.3072405708402469                 0.003046319058851347               
0.06985692183310774                0.2974674547390692                 0.003008715160755776               
0.07000553882666105                0.28938373959792363                0.0029606120749694612              
0.0701541557261442                 0.2977329738518813                 0.0029780743501944583              
0.07030277253135758                0.29086687462879596                0.0029709695853598716              
0.07045138924210155                0.2841750975271301                 0.0029161889818060094              
0.07060000585817654                0.2761903856978781                 0.002885606549022712               
0.07074862237938288                0.2787711557814325                 0.0028936796448926407              
0.07089723880552104                0.2780580679195332                 0.0028609583155084295              
0.07104585513639136                0.2796469787929471                 0.002904962632012262               
0.07119447137179426                0.2740660183580016                 0.002844226879035866               
0.07134308751153012                0.26952692459409955                0.0028296107739895007              
0.07149170355539934                0.2705890139034084                 0.0028417008167756527              
0.07164031950320233                0.27026750091381824                0.002814217903070662               
0.07178893535473949                0.2657308212351442                 0.0028238891642164577              
0.07193755110981116                0.26237966822612346                0.0027703456412434516              
0.07208616676821783                0.263445031321819                  0.002789848556031075               
0.07223478232975981                0.2590429652497298                 0.0027677046901277013              
0.07238339779423758                0.2549465590692489                 0.0027507591920882452              
0.07253201316145147                0.2509006703939162                 0.0027401616692767326              
0.07268062843120196                0.2522671802444906                 0.002698237617507739               
0.07282924360328936                0.2500078094663451                 0.002712832707125812               
0.07297785867751416                0.24817367743983582                0.002700412922486354               
0.0731264736536767                 0.24688534804357096                0.002689740372865708               
0.07327508853157742                0.23827021204169718                0.0026423951939272532              
0.07342370331101672                0.23877990476851124                0.0026239549974561675              
0.07357231799179499                0.23286022791563005                0.0026145922252623476              
0.07372093257371265                0.23177958869585585                0.0025944573301545635              
0.07386954705657013                0.22972897215895155                0.00257489329069056                
0.07401816144016779                0.22692925444721918                0.0025489625356350377              
0.07416677572430608                0.22143189247044764                0.0025313528767641276              
0.07431538990878538                0.22288298492342482                0.0025476084833883517              
0.07446400399340614                0.22440782685612234                0.0025214362568103635              
0.07461261797796873                0.21460864154256737                0.0024711775022807645              
0.07476123186227358                0.2133287727426966                 0.0024509217842241552              
0.0749098456461211                 0.20934944910163286                0.0024364381335675324              
0.07505845932931171                0.2079200831622785                 0.0024270459369642623              
0.07520707291164581                0.2106403777405342                 0.0024280605786556144              
0.07535568639292387                0.20513641215295683                0.002394062948217021               
0.07550429977294623                0.20726076976224816                0.0024012588052919033              
0.07565291305151335                0.20113640955248036                0.0023747068619489058              
0.0758015262284256                 0.20281536130564926                0.0023682655235563416              
0.0759501393034835                 0.1973326817758901                 0.002333052706448912               
0.07609875227648738                0.19223663212204944                0.002313586587587756               
0.07624736514723769                0.1924369672618258                 0.0022961288349210617              
0.07639597791553485                0.19253859262162676                0.002301605167250784               
0.07654459058117927                0.1896590652050184                 0.0022756539234920934              
0.07669320314397139                0.18467326608066192                0.0022474384841552507              
0.07684181560371163                0.1861000881963083                 0.0022666497429495217              
0.07699042796020039                0.18446962531180114                0.002241477211345719               
0.07713904021323813                0.18334215957591532                0.002241219417344644               
0.07728765236262525                0.17828706159542823                0.002190748130578685               
0.07743626440816222                0.17928944580193876                0.0022181882256548584              
0.0775848763496494                 0.1767301076286909                 0.0021976529555019493              
0.07773348818688727                0.1752406461781506                 0.0021737599225283                 
0.07788209991967622                0.17121433476392903                0.002160358002958782               
0.07803071154781671                0.16638947399179643                0.002116393782550733               
0.07817932307110918                0.1716477462361497                 0.002165826726964147               
0.07832793448935403                0.16664754184104966                0.002115402563443774               
0.07847654580235171                0.16832383886968222                0.0021233791036747956              
0.07862515700990265                0.1661245122870896                 0.0021298014395780716              
0.07877376811180728                0.1599186071110264                 0.0020671258645936354              
0.07892237910786605                0.16679815175960228                0.0021198778254651694              
0.07907098999787937                0.16440399277261283                0.0020941909424220667              
0.07921960078164769                0.1618964743784793                 0.0020790158241013276              
0.07936821145897144                0.15953864099083712                0.0020784257732007726              
0.07951682202965109                0.15453053237600956                0.002023684382486533               
0.07966543249348702                0.15866088105605547                0.002059836205684751               
0.07981404285027972                0.15619563715076343                0.002035392274846171               
0.07996265309982961                0.15211148264524016                0.0020193766663611445              
0.08011126324193714                0.15714514170721097                0.0020482871009555224              
0.08025987327640273                0.15806863876184477                0.002036757300754988               
0.08040848320302686                0.15470985930738698                0.002033193484541146               
0.08055709302160995                0.15332376844793907                0.002008397691036279               
0.08070570273195243                0.15091672145702234                0.0020056374457998213              
0.08085431233385477                0.14861042568749266                0.001975685473440613               
0.08100292182711742                0.14958239660569372                0.0019821367924904984              
0.0811515312115408                 0.14990097814857387                0.0019947826072186014              
0.0813001404869254                 0.1468526853865409                 0.0019655630368462518              
0.08144874965307163                0.14820579632103797                0.0019737977675986108              
0.08159735870977995                0.14618025399489626                0.0019555121264798287              
0.08174596765685078                0.147843144732829                  0.0019673983275629177              
0.08189457649408466                0.14376033192460513                0.0019455515633219386              
0.08204318522128196                0.14174678771357122                0.0019225316651531642              
0.08219179383824317                0.14443777742214978                0.0019461837014411018              
0.0823404023447687                 0.1467082884924685                 0.0019488483435895854              
0.08248901074065908                0.14341929441956416                0.0019377447441931933              
0.0826376190257147                 0.14135621545427007                0.001919884956256473               
0.08278622719973604                0.14121118156952717                0.0019112281781557023              
0.08293483526252357                0.1457894753374609                 0.0019481938118225284              
0.08308344321387771                0.1411397418859486                 0.0019069456040983915              
0.08323205105359896                0.1400883461211386                 0.0019097235866659117              
0.08338065878148777                0.1409854358273402                 0.0019059048132209209              
0.0835292663973446                 0.13974083995918532                0.0018967209007860772              
0.0836778739009699                 0.13655925018002882                0.0018870344836774135              
0.08382648129216412                0.13691232739233603                0.0018811679315940623              
0.08397508857072775                0.1375092782796692                 0.0018763092797594416              
0.08412369573646125                0.13500507333225417                0.00185112222002799                
0.08427230278916509                0.13669249898411048                0.0018744355689758025              
0.08442090972863972                0.13425808895472416                0.0018591451787685067              
0.0845695165546856                 0.13783646376684916                0.0018807737142578166              
0.08471812326710323                0.133918910937858                  0.001850195880468519               
0.08486672986569305                0.13399048917072437                0.0018441580625562523              
0.08501533635025554                0.13587560923153086                0.0018695724769329084              
0.08516394272059116                0.13446171603497492                0.0018452337482043526              
0.08531254897650041                0.13612805113416307                0.0018595409579472853              
0.08546115511778372                0.13186938434818188                0.0018338200203459351              
0.08560976114424161                0.28215621492077547                0.0026605490691871602              
0.08575836705567454                0.13479304105782672                0.0018569635204667                 
0.08590697285188292                0.13070725528218485                0.0018129321781603213              
0.0860555785326673                 0.13223416743698468                0.0018298911276930095              
0.08620418409782817                0.1297530133250055                 0.001815482254323441               
0.08635278954716594                0.13265320066960568                0.001829220870152851               
0.08650139488048113                0.13068425496363123                0.0018141844115442793              
0.08665000009757422                0.12555964441766657                0.001770026469171616               
0.08679860519824566                0.13005365657291507                0.0018069980645818772              
0.08694721018229597                0.12840444827555872                0.001808154701879005               
0.0870958150495256                 0.12922802890848478                0.0017956999255834287              
0.08724441979973506                0.127276395045726                  0.0017841511346680626              
0.0873930244327248                 0.12840294882521835                0.001791339686416705               
0.08754162894829534                0.1276579718500259                 0.0017840743932900777              
0.08769023334624715                0.12845042057159892                0.0017937483819112786              
0.08783883762638073                0.12967756937526034                0.0017885285337321366              
0.08798744178849653                0.12435087014177666                0.0017635316916794332              
0.08813604583239507                0.12489162174283296                0.001759909940514056               
0.08828464975787681                0.12606291520853471                0.0017728982582073205              
0.08843325356474228                0.12436299581390378                0.0017575285137074498              
0.08858185725279195                0.12171611767910775                0.0017294735618988714              
0.08873046082182631                0.12283246972712754                0.0017486931607411061              
0.08887906427164587                0.12139644531638942                0.0017298277215622672              
0.0890276676020511                 0.12200698654097511                0.0017348328796344484              
0.0891762708128425                 0.12142096013106056                0.0017326414333674418              
0.08932487390382057                0.1216853388351771                 0.0017246890641229088              
0.08947347687478581                0.1234616824023174                 0.001741836453863708               
0.08962207972553873                0.11920251922330562                0.001712178045597835               
0.0897706824558798                 0.12158817666321524                0.0017292274253928642              
0.0899192850656095                 0.11816582362603138                0.001699568070004764               
0.0900678875545284                 0.11666493267356808                0.0016925746011358126              
0.09021648992243694                0.1173510218501542                 0.0016892472354260043              
0.09036509216913566                0.11640724778035964                0.001683705276873591               
0.09051369429442505                0.1166170294590003                 0.0016826960733705083              
0.0906622962981056                 0.11690658183252224                0.0016962589720207492              
0.09081089817997783                0.11622951862807418                0.0016875012335585927              
0.09095949993984224                0.11324401001055112                0.0016520094107688181              
0.09110810157749934                0.11622315180067487                0.0016817463339266153              
0.09125670309274964                0.11435150084615225                0.0016588367685261818              
0.09140530448539363                0.11299733905210682                0.0016613663211136078              
0.09155390575523184                0.11516170790870675                0.0016665617468968727              
0.09170250690206479                0.1134494811254067                 0.0016480074080192316              
0.09185110792569297                0.11128784753176417                0.0016487540862511981              
0.09199970882591689                0.11231956334530112                0.0016434272082055629              
0.09214830960253707                0.11106220182907835                0.0016366335960483003              
0.09229691025535404                0.10870292251135694                0.0016143602759873471              
0.09244551078416828                0.10948248287572541                0.001622541496711618               
0.09259411118878036                0.11007778582486329                0.001634237966087073               
0.09274271146899074                0.10969561798861957                0.0016145681426440795              
0.09289131162459997                0.10833493994777045                0.0016092502909753345              
0.09303991165540855                0.1062354783966318                 0.001591821886208955               
0.09318851156121703                0.10975810474702821                0.0016144389568261666              
0.09333711134182592                0.10721730854088173                0.001611061283148674               
0.0934857109970357                 0.10828500227315353                0.0016000574305534113              
0.09363431052664693                0.10613170104237729                0.0015881289612106                 
0.09378290993046016                0.10793034147833663                0.001599187404219926               
0.09393150920827588                0.10705217688437317                0.0016002910751773622              
0.09408010835989462                0.1066242379728942                 0.001591229310276891               
0.0942287073851169                 0.1028621957608285                 0.0015549525258260774              
0.09437730628374329                0.10664204152655885                0.0015948730357658552              
0.09452590505557425                0.10455556814005325                0.0015728422454010299              
0.09467450370041036                0.10279540876497135                0.001551639859217674               
0.09482310221805212                0.10328416615527543                0.0015609747176269304              
0.09497170060830008                0.10603411992682737                0.0015764650175362762              
0.0951202988709548                 0.1035709646142207                 0.0015694371965515753              
0.09526889700581676                0.10261640657023449                0.0015480563891017648              
0.09541749501268652                0.0992887119074841                 0.001527157230163836               
0.09556609289136461                0.10274572366910889                0.0015540799310215232              
0.09571469064165158                0.09895266856871518                0.0015212689394757456              
0.09586328826334796                0.10030130739085905                0.0015354839190911697              
0.09601188575625429                0.10070876563696633                0.001524840584125801               
0.09616048312017107                0.09722219237660687                0.0015122817375867376              
0.09630908035489893                0.09978591852473093                0.001524916023279086               
0.09645767746023834                0.1003053119738736                 0.001530531770156677               
0.09660627443598986                0.09824380714691167                0.0015098359330763694              
0.09675487128195404                0.0963233100127604                 0.0014907443024492406              
0.0969034679979314                 0.09818517882320985                0.0015181056728639669              
0.09705206458372252                0.10042529198848185                0.0015265093793225938              
0.09720066103912794                0.09710827670599814                0.0014957446484394983              
0.09734925736394817                0.09902060799590513                0.001510401412279711               
0.09749785355798385                0.0960169408822652                 0.0014926315666669507              
0.09764644962103541                0.0986217772864237                 0.001516002771563035               
0.09779504555290348                0.09624535897809565                0.001480172418683332               
0.09794364135338857                0.09435901139622548                0.0014765240165065115              
0.09809223702229126                0.09660210675130067                0.0014918465924402388              
0.09824083255941213                0.09743214791868583                0.0015003772704000166              
0.09838942796455168                0.09713304445461397                0.0014906545367576612              
0.09853802323751046                0.09440204949783644                0.0014659339583492875              
0.09868661837808908                0.09579309833139082                0.0014871764612609966              
0.09883521338608807                0.0972023408151265                 0.0014859547358404236              
0.098983808261308                  0.09530570580227819                0.0014844477241462723              
0.0991324030035494                 0.09760918623823506                0.0014843894173039915              
0.09928099761261285                0.09528074003305757                0.0014763781826193957              
0.09942959208829895                0.09711000305373438                0.001495771239122346               
0.09957818643040817                0.09774706409209354                0.0014885531490065795              
0.09972678063874114                0.09335491063044922                0.0014537102051400787              
0.09987537471309844                0.09426882663847984                0.001458773470182199               
0.10002396865328061                0.09398884506992075                0.0014637592267421587              
0.10017256245908819                0.09253289600413568                0.0014554523776748635              
0.10032115613032179                0.09624499404378514                0.001465338902391333               
0.10046974966678197                0.09336998443140453                0.0014553572152848967              
0.10061834306826929                0.09420033138247488                0.001453196711948953               
0.1007669363345843                 0.09373070380143884                0.001458678012443033               
0.10091552946552765                0.09502941635446675                0.0014672093278063796              
0.10106412246089981                0.09459646000220943                0.0014522399129541883              
0.10121271532050144                0.09488380979125463                0.0014691698907703128              
0.10136130804413308                0.09313598757976185                0.0014796543948954965              
0.10150990063159528                0.09372897959869983                0.0015086213052472718              
0.10165849308268868                0.09255618967605164                0.0015042331751271136              
0.10180708539721378                0.09615462969119477                0.0015472627315347492              
0.10195567757497122                0.09047010394140115                0.0015214194397849775              
0.10210426961576155                0.09268818923638865                0.0015327167998697088              
0.1022528615193854                 0.09151933213099107                0.0015302182318906981              
0.10240145328564329                0.09158222337891105                0.0015466969423752618              
0.10255004491433584                0.09089343747092779                0.0015452347947449913              
0.1026986364052636                 0.093289671230584                  0.0015855138160067396              
0.1028472277582272                 0.09217265425922921                0.0015573349320388672              
0.10299581897302723                0.09014375380645306                0.0015637613272203362              
0.10314441004946424                0.09243062308371908                0.0015821502949188641              
0.1032930009873388                 0.08854266335413863                0.001559633046119913               
0.1034415917864516                 0.09224077049002767                0.0015979766374737                 
0.10359018244660313                0.09181668119972666                0.0015875358072095784              
0.10373877296759404                0.0885413225910279                 0.0015798361121995821              
0.10388736334922487                0.09027309510658932                0.0015938269027090239              
0.10403595359129628                0.08715334843374262                0.001570139459982873               
0.1041845436936088                 0.09344607895732372                0.001577050745889948               
0.10433313365596307                0.09196275008643288                0.0015517962443982846              
0.10448172347815968                0.08976131660236712                0.0015306402386053733              
0.10463031315999925                0.09195145358972771                0.0015308242545618114              
0.10477890270128232                0.08975803993720555                0.0015024502014498332              
0.10492749210180954                0.09026460523364968                0.0015090280724046757              
0.10507608136138147                0.08980076016703893                0.001501063842414693               
0.10522467047979879                0.08638902972731291                0.0014654843732100145              
0.10537325945686203                0.08894461838760134                0.00148302836373368                
0.10552184829237181                0.08762608258530903                0.0014669691258744643              
0.10567043698612877                0.08503259573174067                0.0014401964805951905              
0.10581902553793347                0.08759442946808445                0.0014672619003580126              
0.10596761394758658                0.08756185016478328                0.0014511242177258701              
0.10611620221488863                0.08694655794904263                0.0014487069364332082              
0.10626479033964027                0.08497903466593909                0.0014343602297160686              
0.10641337832164213                0.08627208180467716                0.0014382676043610799              
0.10656196616069483                0.08741285164815533                0.0014520487385000869              
0.10671055385659896                0.08502403151748894                0.0014127570094007588              
0.10685914140915509                0.08458872101103317                0.0014231171085462247              
0.10700772881816392                0.08448147386571674                0.0014149194443812047              
0.10715631608342602                0.08466449313569616                0.0014128420433138127              
0.10730490320474204                0.08262176280539818                0.0013941747186385811              
0.10745349018191253                0.08409283286739969                0.0013959359723197617              
0.1076020770147382                 0.08250859499750487                0.001395247893849298               
0.10775066370301965                0.08244925711865446                0.0013886960054596445              
0.10789925024655744                0.08265187105435154                0.0013819528294439945              
0.10804783664515225                0.08355241453176761                0.0013989669357311295              
0.1081964228986047                 0.08553789807215702                0.0014018839255039203              
0.1083450090067154                 0.08285770440790527                0.0013916331873006476              
0.108493594969285                  0.08234770195226783                0.0013711293042028478              
0.10864218078611411                0.08279636733346171                0.0013807067280415329              
0.10879076645700335                0.07964264898379282                0.0013594776027276343              
0.10893935198175338                0.0787539059359255                 0.001340407067518129               
0.1090879373601648                 0.08026286663628965                0.001360387570106604               
0.10923652259203825                0.07761263888461331                0.0013177417323481562              
0.10938510767717442                0.07697460527873008                0.0013289272544557364              
0.1095336926153739                 0.07933246062827369                0.001346747529268124               
0.1096822774064373                 0.07616049029655537                0.001317229786772659               
0.10983086205016526                0.07708047879761448                0.0013256284566157664              
0.10997944654635847                0.07781901428256639                0.0013208649576006272              
0.11012803089481756                0.07800118011027776                0.0013316522104577526              
0.11027661509534314                0.07615764865721109                0.0013130629078829498              
0.11042519914773584                0.07528241481845592                0.001292033136643561               
0.11057378305179637                0.07626455388866084                0.0013071576186156552              
0.11072236680732529                0.0758066384369568                 0.0012934327942868465              
0.11087095041412333                0.07312813406700329                0.0012799983714519368              
0.11101953387199105                0.0767307457963437                 0.0012951374488941142              
0.11116811718072916                0.07522693145742726                0.001286729677921293               
0.11131670034013831                0.07785928235532827                0.001308605572693032               
0.11146528335001911                0.07700721798816157                0.0013076511186767433              
0.11161386621017225                0.07429750222179993                0.0013140227837668877              
0.11176244892039836                0.07590059904247037                0.0013266983863381334              
0.11191103148049807                0.0744192276544938                 0.001333386743208257               
0.1120596138902721                 0.0747397773482172                 0.0013467173073306764              
0.11220819614952104                0.07471977106362665                0.0013435244446356699              
0.11235677825804559                0.07358478910705434                0.0013463886386293588              
0.11250536021564642                0.07362956213843087                0.0013483368323655004              
0.11265394202212414                0.07316523374097907                0.0013586442822334152              
0.1128025236772794                 0.07469443690626051                0.0013738396389067534              
0.11295110518091295                0.07290031626373436                0.0013593615186184244              
0.11309968653282537                0.0715606840839333                 0.0013574699052143343              
0.11324826773281738                0.07185443118723572                0.0013538175268751182              
0.11339684878068956                0.07077422149152648                0.0013483862005446029              
0.11354542967624269                0.0704218159980664                 0.0013397284431146683              
0.11369401041927737                0.07162099084613859                0.0013537512659633657              
0.11384259100959429                0.0704829854849412                 0.001344546811806012               
0.11399117144699408                0.07109279244233953                0.0013524933259043612              
0.11413975173127745                0.07300969752088275                0.0013695204208049206              
0.11428833186224509                0.06918022948230429                0.0013289154570418238              
0.11443691183969763                0.06913537283518777                0.0013455453689101727              
0.11458549166343575                0.07006310512922248                0.00134587502920016                
0.11473407133326015                0.06826437191207911                0.0013306111435753064              
0.1148826508489715                 0.07020952564563544                0.0013526867722628605              
0.11503123021037048                0.06894187817604323                0.0013334711722298765              
0.11517980941725774                0.0683316757382494                 0.0013442369118114332              
0.115328388469434                  0.0663713892883366                 0.0013120360421997677              
0.11547696736669993                0.06843178525317394                0.001344127205589469               
0.11562554610885617                0.06861848314338129                0.0013415975102646686              
0.11577412469570345                0.0694132250927158                 0.0013466242964443324              
0.11592270312704248                0.06992396071209507                0.0013676445163887968              
0.11607128140267389                0.06683871156292359                0.00131665156660489                
0.1162198595223984                 0.06630327662859052                0.001327393590523657               
0.11636843748601669                0.06903710394886055                0.0013539290007583593              
0.11651701529332943                0.07010002576419302                0.0013609731352644766              
0.11666559294413735                0.06690510748035663                0.0013389057341953925              
0.11681417043824113                0.06768051268769959                0.0013275793855293907              
0.11696274777544145                0.06784061731319072                0.0013476790767891697              
0.11711132495553901                0.06936672747964544                0.0013627541075753142              
0.11725990197833454                0.06842093245049997                0.0013517594856423808              
0.11740847884362866                0.06835247620566937                0.0013533153974782028              
0.11755705555122214                0.06934841769831203                0.0013597728960453338              
0.11770563210091566                0.06851394981773468                0.001359982112886339               
0.11785420849250991                0.06652517907190451                0.0013329049735921312              
0.1180027847258056                 0.06646517909293745                0.001329569522359931               
0.11815136080060339                0.0669232475312872                 0.0013446647006220122              
0.11829993671670407                0.06743452340460532                0.0013492302681809975              
0.11844851247390831                0.06820832955818522                0.0013660804444222802              
0.1185970880720168                 0.0685225717601084                 0.0013516588512070577              
0.11874566351083024                0.07124153909173515                0.0013839179946474943              
0.11889423879014938                0.06744356923865975                0.0013515772478432401              
0.11904281390977489                0.06836396789477231                0.0013659141260443605              
0.11919138886950753                0.06983358205876052                0.001379937860163984               
0.11933996366914792                0.06795696690733914                0.0013505234710405563              
0.11948853830849689                0.0684158381379347                 0.0013658604227177768              
0.11963711278735512                0.06668872957900547                0.0013451214706842413              
0.11978568710552326                0.07151417752066884                0.001398212815487006               
0.11993426126280209                0.06717924111241388                0.0013506264357598134              
0.12008283525899235                0.06724571507338159                0.0013547035359609638              
0.12023140909389472                0.07084623658405084                0.0013934343471216082              
0.12037998276730992                0.06876011943710131                0.0013721868909886328              
0.12052855627903868                0.06989752684516123                0.001381741070434293               
0.12067712962888173                0.06384142992001807                0.001315549367252471               
0.12082570281663982                0.06816991483588111                0.0013744381392668257              
0.12097427584211363                0.0674981370513185                 0.0013659001623998622              
0.12112284870510388                0.06658554069737774                0.0013457804776183912              
0.1212714214054114                 0.07008315288999943                0.0013900353932804722              
0.12141999394283678                0.06852930295016024                0.0013675806837830987              
0.12156856631718085                0.07085641124356418                0.0014042678487426147              
0.12171713852824434                0.06733285630383366                0.0013567343853759714              
0.12186571057582794                0.06732232636984001                0.001361228046246057               
0.12201428245973238                0.0692056006159697                 0.0013908039708114882              
0.12216285417975847                0.06994591818977752                0.0013886798759810306              
0.12231142573570686                0.06534818166138391                0.0013509073947095222              
0.12245999712737837                0.06821279090839184                0.0013609933444229947              
0.12260856835457366                0.06814104016112596                0.0013794750359062678              
0.12275713941709357                0.06895809922231369                0.0013889186840468036              
0.1229057103147387                 0.06716378220025114                0.0013613658675181843              
0.12305428104730994                0.06882238740663225                0.0013833820376016955              
0.12320285161460796                0.06846398208858276                0.0013750671029026864              
0.12335142201643355                0.06694430445571112                0.0013684920674519967              
0.12349999225258738                0.06768399867343666                0.0013790106121193578              
0.12364856232287029                0.06844894448629266                0.0013720006186530677              
0.12379713222708298                0.06710003476360456                0.0013748390739011962              
0.12394570196502623                0.06652695293146367                0.0013537518551947178              
0.12409427153650074                0.06826112617118468                0.0013878914962477873              
0.12424284094130733                0.06869219074145622                0.001378538842053346               
0.12439141017924672                0.06593413916601444                0.001355797309959255               
0.12453997925011973                0.06776364733406821                0.0013852412776898411              
0.12468854815372699                0.0698566910201661                 0.00139434790772021                
0.12483711688986938                0.06371543252490919                0.001342642661685826               
0.12498568545834762                0.0668081264060496                 0.001358348971370249               
0.12513425385896246                0.06745807783985489                0.0013761224398860805              
0.12528282209151465                0.0665854411412365                 0.0013773677978232836              
0.125431390155805                  0.0661234077184025                 0.0013542601574102605              
0.12557995805163427                0.06456593341615817                0.0013486402818779785              
0.12572852577880317                0.06554894109716865                0.001355927048033652               
0.12587709333711253                0.06594934057363977                0.0013647937184175817              
0.12602566072636312                0.06533144495891413                0.0013631440936113818              
0.1261742279463557                 0.0666586476042277                 0.0013626525992784645              
0.126322794996891                  0.06462058965209502                0.0013557098549544517              
0.12647136187776986                0.06420255076202755                0.0013425151662949072              
0.126619928588793                  0.06567170530489871                0.0013654961419358868              
0.12676849512976127                0.06692471092953639                0.0013796710148521359              
0.12691706150047535                0.06482052260032084                0.001347215374665811               
0.12706562770073607                0.06496159878175152                0.0013545429706187698              
0.12721419373034423                0.06392789194489912                0.0013356043934555815              
0.12736275958910062                0.06151309259437572                0.0013186760434594467              
0.12751132527680595                0.062228198932339406               0.0013171648612333704              
0.12765989079326104                0.06487699658038096                0.0013472257097847842              
0.12780845613826677                0.06386314307661729                0.0013412956892468852              
0.12795702131162376                0.06457065815962822                0.0013411535308936965              
0.12810558631313296                0.0671912560736474                 0.001368687303496634               
0.12825415114259503                0.06299578932620374                0.0013201704473388975              
0.1284027157998108                 0.06535748036925959                0.0013580820953247598              
0.1285512802845811                 0.06476576383291216                0.0013454961981965918              
0.12869984459670672                0.06610003761206541                0.0013552034094272605              
0.1288484087359884                 0.06302977115487696                0.0013284890613274572              
0.12899697270222704                0.06526315537684584                0.0013408664892750957              
0.12914553649522334                0.0660425375364396                 0.0013693639692375181              
0.12929410011477813                0.06329416652672842                0.0013261322156338964              
0.12944266356069217                0.0634097376165101                 0.0013382824522007466              
0.12959122683276636                0.06360538212408652                0.0013415155547395361              
0.12973978993080143                0.06302754610196507                0.0013193881485772836              
0.12988835285459818                0.06263971662226649                0.0013324583646204444              
0.13003691560395744                0.06198384415338662                0.0013134646793373551              
0.13018547817868006                0.058382533660004                  0.001281354397797901               
0.1303340405785668                 0.06298665619590897                0.0013338166113821424              
0.13048260280341842                0.057978757430210325               0.0012752597870648466              
0.13063116485303583                0.06117915984495798                0.0013145414430905005              
0.13077972672721977                0.062232581578618926               0.0013166678544743258              
0.1309282884257711                 0.061415604253327205               0.0013205366814467412              
0.13107684994849064                0.0611890198612914                 0.001312936089367311               
0.13122541129517912                0.0646556073093454                 0.0013449502582319728              
0.13137397246563748                0.06242532683640386                0.0013348621945647456              
0.13152253345966647                0.061409186058858235               0.0013056921100557996              
0.13167109427706694                0.05973338627736368                0.0013069167242618987              
0.13181965491763964                0.05902751318720034                0.0012856394301429493              
0.1319682153811855                 0.05791970686369634                0.0012801693760021726              
0.13211677566750527                0.06154386928426805                0.001324826714406923               
0.13226533577639982                0.060914917213322595               0.0013088637271624574              
0.13241389570766995                0.06082382902606131                0.0013135946354643354              
0.1325624554611165                 0.06160134983636165                0.0013139425737825367              
0.13271101503654026                0.060045432294755244               0.0013068804437661669              
0.1328595744337422                 0.059898962535048894               0.0013058594391790995              
0.13300813365252293                0.06166134295064916                0.0013255140973286524              
0.13315669269268346                0.05807375441863924                0.0012807617490079857              
0.13330525155402462                0.06107450992546861                0.0013122928562100415              
0.13345381023634717                0.060590094936233206               0.0013122241699588095              
0.13360236873945192                0.059595512931594256               0.0013014106211914215              
0.13375092706313985                0.058628206544659674               0.0012879877534406777              
0.13389948520721168                0.05947272110823345                0.001304653062349541               
0.1340480431714683                 0.0590041171841705                 0.0012943732982296995              
0.13419660095571057                0.05971548012075409                0.0013055878155076345              
0.13434515855973928                0.059232603896195155               0.0012934856340579635              
0.13449371598335533                0.05877369586962616                0.001295253659645221               
0.13464227322635955                0.0566973742036015                 0.0012693795460268322              
0.13479083028855277                0.057597158959666855               0.0012827906861823239              
0.13493938716973589                0.05895561091185983                0.0013024293211715715              
0.1350879438697097                 0.058065787410943176               0.0012762482130375613              
0.13523650038827512                0.05840339265457652                0.001296892864257968               
0.13538505672523296                0.05859099462167587                0.001291540963962214               
0.1355336128803841                 0.05932022385020933                0.0013076156086554973              
0.13568216885352938                0.05728534355809679                0.0012815801734677456              
0.13583072464446966                0.057924079427284905               0.0012774608085809585              
0.1359792802530058                 0.0601079231147985                 0.001311038261496864               
0.13612783567893869                0.058301318033035225               0.0012860932532870323              
0.13627639092206914                0.056340998475604503               0.001268735476985609               
0.13642494598219812                0.05896180425774166                0.0013019308994553914              
0.13657350085912634                0.05884480376465503                0.0012977665133608424              
0.1367220555526548                 0.056980864346233916               0.0012867383235654125              
0.13687061006258433                0.05742643288372539                0.0012736296212303114              
0.13701916438871578                0.05720177832679463                0.001282925213915792               
0.13716771853085005                0.05709806526686406                0.0012761136558108715              
0.137316272488788                  0.05607979607205386                0.0012702830588116666              
0.13746482626233048                0.05483794527054613                0.0012600598872593931              
0.13761337985127842                0.056429797847398024               0.0012652929927552108              
0.13776193325543262                0.06012878718706897                0.0013165134247690882              
0.13791048647459406                0.05555841811580252                0.0012587961197973259              
0.13805903950856357                0.05754406122164533                0.0012896292635126267              
0.13820759235714203                0.057326362444483074               0.0012860428867462778              
0.1383561450201303                 0.05707030283417977                0.0012758118532330968              
0.13850469749732927                0.05566226977191826                0.0012746341951695161              
0.1386532497885399                 0.05862819153825113                0.0012942489454770105              
0.13880180189356303                0.0573865605731826                 0.0012816015024889069              
0.1389503538121995                 0.05577696806606026                0.0012679858831292818              
0.13909890554425028                0.05544416694340942                0.0012613984746409142              
0.13924745708951625                0.05960402082801221                0.001322575873753419               
0.13939600844779823                0.05527607896773691                0.0012517566950546323              
0.13954455961889714                0.058608850034629775               0.001302097423803942               
0.139693110602614                  0.055080118064185286               0.0012566987412128037              
0.13984166139874957                0.0581183940965406                 0.0012937579294291324              
0.13999021200710476                0.057036109902171304               0.0012926082439402484              
0.14013876242748052                0.05877739237446717                0.001295335123152873               
0.14028731265967773                0.05714367174726771                0.001289757293875947               
0.1404358627034973                 0.05870571832194091                0.0012991297779922316              
0.14058441255874016                0.05690983979463007                0.0012825210590323983              
0.14073296222520715                0.05969049457091309                0.0013164174245510344              
0.14088151170269927                0.056636069189276994               0.0012760273721290716              
0.14103006099101734                0.05792189323311161                0.0013020265844961478              
0.14117861008996233                0.054000817571634996               0.0012470954624577337              
0.14132715899933507                0.0591561963337871                 0.0013052689950004287              
0.14147570771893658                0.057156820067513034               0.0012864546602277566              
0.14162425624856775                0.05753333091731156                0.0012906859570705038              
0.1417728045880295                 0.05525354382790581                0.001273989181520684               
0.14192135273712264                0.055495668514348215               0.0012586673221739936              
0.14206990069564823                0.0562365084720555                 0.0012777725046475338              
0.14221844846340712                0.06236029607682988                0.0013461495478639433              
0.14236699604020028                0.05858072040202322                0.001356122396523103               
0.14251554342582856                0.05808028714347499                0.001375862091680935               
0.14266409062009294                0.05811884445168892                0.0013961037366985124              
0.14281263762279436                0.058145394335032276               0.0014186023643294804              
0.14296118443373373                0.058770446694049835               0.0014424638820347603              
0.14310973105271196                0.0578927811098723                 0.0014419224193491064              
0.14325827747953002                0.055635908199245764               0.0014214310538899627              
0.14340682371398877                0.05702453233795329                0.0014621674958449564              
0.14355536975588926                0.058397272240853115               0.0014944212795661449              
0.1437039156050323                 0.058126750178154225               0.0014998266846773579              
0.14385246126121892                0.058413601208255964               0.0015107527207839017              
0.14400100672425004                0.05840689883083323                0.0015348992244339518              
0.1441495519939266                 0.05520939267769298                0.0015026093452144183              
0.14429809707004948                0.05728410336731943                0.00154427593164262                
0.1444466419524197                 0.05951124653882248                0.0015709888283113606              
0.14459518664083823                0.053938059004418                  0.0015111605241145405              
0.14474373113510589                0.057790251467519455               0.0015882197477932057              
0.14489227543502373                0.05643206015678329                0.0015822763966985595              
0.1450408195403927                 0.057822949763725644               0.0016049551350905652              
0.14518936345101366                0.05771431988900214                0.0016056553305243404              
0.14533790716668768                0.060301855140815284               0.0016750515316893136              
0.14548645068721563                0.0558145801684507                 0.0016092178775335476              
0.14563499401239854                0.05368704987344138                0.0015978005598245165              
0.1457835371420373                 0.057597128539737696               0.001653752189234852               
0.14593208007593286                0.0596188237205479                 0.0017013129969337328              
0.14608062281388626                0.056704453218911                  0.0016846210075184105              
0.1462291653556984                 0.05710278899122825                0.0016853355290416562              
0.14637770770117026                0.05584257220016243                0.0016821883352401733              
0.14652624985010276                0.05660277971580324                0.0016936012790355094              
0.14667479180229695                0.058002262262924244               0.0017362523053281195              
0.14682333355755375                0.05500624859637041                0.0017073137992471993              
0.14697187511567414                0.056452864313336085               0.0017225976143997995              
0.14712041647645907                0.059241621657445384               0.0017894586243985126              
0.14726895763970954                0.055177256155780154               0.0017327708075449162              
0.1474174986052265                 0.05569298826010011                0.0017646998622300241              
0.14756603937281096                0.055039024847203064               0.0017527996313898059              
0.14771457994226384                0.05644045682334059                0.001798342487391299               
0.14786312031338616                0.05772866266324579                0.0018450160602003357              
0.14801166048597889                0.05896707414913                   0.001846330710320219               
0.148160200459843                  0.056062662190918953               0.001838367114381642               
0.14830874023477952                0.05916168238139465                0.0018746096413458267              
0.14845727981058934                0.05519570240522301                0.0018378158624113446              
0.14860581918707355                0.05480777318378509                0.0018560253976697058              
0.1487543583640331                 0.05940790770393404                0.0019084569536732775              
0.14890289734126896                0.056647480705582946               0.001877845699956598               
0.1490514361185821                 0.05711038289953995                0.0018747401644478724              
0.1491999746957736                 0.055321990055657015               0.0018886615997489374              
0.14934851307264435                0.05672467635182155                0.0019067791363510406              
0.14949705124899543                0.055071609708381784               0.0018714094785327402              
0.14964558922462776                0.05700262970563842                0.0019325701406902437              
0.14979412699934241                0.05480210233338993                0.0018741923547604458              
0.14994266457294034                0.0566731982224345                 0.0019507719327489645              
0.15009120194522255                0.054118861335933466               0.0018661676322735679              
0.15023973911599006                0.05551251293634894                0.0019326976256339955              
0.15038827608504382                0.06259809864980258                0.0020739675342752303              
0.15053681285218495                0.056658260393738405               0.0019365394727429213              
0.15068534941721437                0.05352809636789388                0.0019178430802801228              
0.1508338857799331                 0.05298265466755531                0.001865077776473196               
0.15098242194014216                0.0475731172396607                 0.001817675375889381               
0.15113095789764253                0.055757361228018935               0.0019615371230337045              
0.15127949365223534                0.05455601880905612                0.0019300532031725063              
0.15142802920372145                0.05444894572306559                0.0019446052043951998              
0.15157656455190194                0.05719204668891277                0.0019536430991281485              
0.15172509969657785                0.053348983118978954               0.0019415682880064217              
0.1518736346375502                 0.05545067663654202                0.0019666328339858277              
0.15202216937462                   0.054650060893524276               0.0019358044750707078              
0.15217070390758822                0.05636576634023307                0.0020066744191544654              
0.15231923823625595                0.05658772448561229                0.0019677479815912165              
0.1524677723604243                 0.05616559346273502                0.0020097629474693703              
0.15261630627989406                0.055150995833505904               0.001942610974001715               
0.1527648399944665                 0.05488792163460178                0.0019780233940044317              
0.1529133735039425                 0.05454447980935539                0.0019983551214705613              
0.15306190680812318                0.05700935099725928                0.00201810914911837                
0.1532104399068095                 0.0559818885088395                 0.00203604160030425                
0.15335897279980254                0.05337951734714382                0.0019337358863017375              
0.15350750548690334                0.051849362036268755               0.0019753033768088912              
0.1536560379679129                 0.057685361208829486               0.00206679255072799                
0.15380457024263233                0.052071218682387926               0.001956956234794179               
0.15395310231086262                0.0548646855819008                 0.0020707341156650134              
0.15410163417240483                0.053911085590672064               0.001984494484709862               
0.15425016582706                   0.054345243027511606               0.002065896158089885               
0.15439869727462913                0.05151351003923611                0.001982755925870364               
0.15454722851491334                0.053729101108196405               0.0020178387472755996              
0.15469575954771367                0.0547079053038344                 0.0021088347742536646              
0.15484429037283115                0.05317149765408622                0.002009693708993806               
0.15499282099006684                0.05416839438423051                0.0021197730780072453              
0.15514135139922183                0.05467131411426068                0.0020474568040934477              
0.1552898816000971                 0.052907252915722736               0.002060973962446402               
0.15543841159249377                0.051976856973179025               0.002052962419785605               
0.15558694137621287                0.05218851296300892                0.0020597163118979945              
0.15573547095105544                0.053052560559013966               0.0021086499734881787              
0.15588400031682265                0.054703871220435095               0.002100889517502559               
0.15603252947331542                0.05372583173133877                0.002113814577230088               
0.15618105842033492                0.05338286860928733                0.0021234564986157226              
0.15632958715768216                0.05377860601711902                0.0021257860550366534              
0.15647811568515826                0.05141337394627262                0.0021059738539184257              
0.15662664400256424                0.05157473772836557                0.0020899138391545736              
0.1567751721097012                 0.05208795656970137                0.0021282562087686007              
0.1569237000063702                 0.05391181106253338                0.002182825425775868               
0.15707222769237236                0.051964772649574734               0.0021005514357392576              
0.15722075516750872                0.054651746616311433               0.002203771124192992               
0.1573692824315803                 0.05294510153792756                0.002187141985080876               
0.1575178094843883                 0.054150377149621697               0.0022180858734557472              
0.15766633632573374                0.0513492772386344                 0.002130326986339555               
0.15781486295541766                0.04983159123887378                0.00212482618985357                
0.15796338937324125                0.05375091580962991                0.0022318852979943465              
0.1581119155790055                 0.05019628275699917                0.0021661294861749086              
0.1582604415725116                 0.05451432115070951                0.002225537841557517               
0.15840896735356055                0.05273234542709443                0.0022363495813660867              
0.15855749292195345                0.05304263700404204                0.0022495088753930817              
0.15870601827749145                0.05236802106070267                0.0022189042655559373              
0.15885454341997562                0.050943449524489724               0.002227601514535459               
0.159003068349207                  0.05509335049544498                0.002309633401175969               
0.15915159306498677                0.0514306776962393                 0.002238232954393582               
0.15930011756711598                0.05148171387430606                0.002259796426896309               
0.15944864185539576                0.04963770157851791                0.002208848729294727               
0.15959716592962722                0.0495084645494982                 0.0022297491022361146              
0.1597456897896114                 0.05087113208928661                0.002263735666637609               
0.15989421343514953                0.053383292115950734               0.0023298378758788907              
0.16004273686604262                0.05457614874031696                0.002370636412970234               
0.1601912600820918                 0.05163204307024335                0.0023021590141552323              
0.16033978308309815                0.05880494775270545                0.0024805370071356377              
0.16048830586886284                0.04733471044653677                0.002236354861121204               
0.160636828439187                  0.05539568720260009                0.002415366742988251               
0.16078535079387168                0.05345716340178222                0.002388289928038251               
0.16093387293271805                0.05252239552728407                0.0023751448268938876              
0.1610823948555272                 0.05141407641430813                0.0023817110980070143              
0.16123091656210026                0.05218169522783614                0.0023792805027378497              
0.16137943805223834                0.04697820650495829                0.0022923017577590023              
0.1615279593257426                 0.05295901416740043                0.002417237223560074               
0.16167648038241414                0.046966738017547936               0.002299971056021082               
0.16182500122205412                0.046585803706893206               0.0023148671972238865              
0.16197352184446365                0.047399993436904105               0.0023267741658441815              
0.16212204224944385                0.055225388452193984               0.0025339146040093863              
0.16227056243679583                0.05051015251206015                0.002418997587329019               
0.1624190824063208                 0.05182992483273902                0.002468091658701858               
0.16256760215781982                0.05358250542539061                0.0025372051675066508              
0.1627161216910941                 0.051876793699692635               0.0024873018777730807              
0.1628646410059447                 0.049203657543085706               0.002444949400176888               
0.16301316010217284                0.05006473389783091                0.0024755417674121364              
0.1631616789795796                 0.04804740279776017                0.002420593183378153               
0.16331019763796614                0.04795759058321873                0.0024699415765100648              
0.16345871607713366                0.048288716777027556               0.002435843541926073               
0.16360723429688329                0.054276659454108436               0.002632804705117276               
0.1637557522970161                 0.04630312844642767                0.0024609835110378005              
0.16390427007733335                0.050920766032131935               0.0025302732069824277              
0.16405278763763612                0.04812154383897867                0.0025397579455249722              
0.1642013049777256                 0.054756259200763935               0.0026654929928498893              
0.16434982209740293                0.052947312098581875               0.002664068392736247               
0.16449833899646926                0.051792835534483356               0.002656916402574332               
0.16464685567472578                0.05361774382184602                0.002680887191092301               
0.16479537213197368                0.050521704606334                  0.002640811804068456               
0.16494388836801405                0.05300648392006098                0.0027049758054831425              
0.16509240438264808                0.05105605247341228                0.0026834465418571415              
0.16524092017567696                0.053302838611214216               0.002759916366225745               
0.16538943574690185                0.05079273486524728                0.0026882365983408388              
0.1655379510961239                 0.0546871928115231                 0.002801709759952835               
0.1656864662231443                 0.05581878121263317                0.002855937296772984               
0.16583498112776424                0.05074213238378077                0.002747840527144754               
0.16598349580978486                0.04903617632600004                0.0027200376630167156              
0.16613201026900737                0.047986366275404986               0.002678337786191038               
0.16628052450523292                0.05034234863672749                0.0027754635234123978              
0.16642903851826274                0.05165723169586364                0.0028181330290257996              
0.16657755230789795                0.04755704928120096                0.0027366006710691183              
0.1667260658739398                 0.05026538557880701                0.0028411675745258656              
0.16687457921618937                0.04967819867101037                0.0027902056181913684              
0.16702309233444793                0.04980651906247294                0.002856599780563838               
0.16717160522851673                0.04930855316377561                0.0028280394775407978              
0.16732011789819684                0.051737486306360644               0.0029337636951489144              
0.1674686303432895                 0.04806550296087673                0.002857197578592839               
0.16761714256359592                0.04617739523348756                0.002764568339240096               
0.16776565455891726                0.05284596851368109                0.003035921567311629               
0.16791416632905476                0.05511339876857606                0.003100370906671807               
0.1680626778738096                 0.05249736269834937                0.003025897681407232               
0.168211189192983                  0.04875106010484534                0.0029724045948754333              
0.1683597002863761                 0.049646300299729405               0.002982957085300923               
0.16850821115379017                0.050118638975041256               0.0030222676451544398              
0.1686567217950264                 0.046796344853063096               0.0029537590956688112              
0.16880523220988602                0.04781701041154542                0.0029944173446781242              
0.1689537423981702                 0.049626433861143994               0.003095611892251581               
0.16910225235968016                0.05205599430860857                0.0031334026415348946              
0.16925076209421713                0.051232660883611204               0.0031834426504868327              
0.16939927160158233                0.048060480649749396               0.0031022906861200537              
0.169547780881577                  0.05004600820229111                0.0031463655782052063              
0.16969628993400226                0.05112530565874577                0.003239934601142351               
0.16984479875865943                0.04938474258910404                0.0031944334432568422              
0.16999330735534968                0.04855698602720319                0.0031879223128257203              
0.17014181572387424                0.047147813806708586               0.003193252883178356               
0.17029032386403442                0.0468595440928616                 0.0031521140450338618              
0.17043883177563132                0.049434345807477555               0.003302971163408675               
0.17058733945846627                0.0423539926821063                 0.0030889823912386614              
0.1707358469123404                 0.04582634551608977                0.003224330418908279               
0.17088435413705508                0.049237438105531585               0.0033658019771689285              
0.1710328611324114                 0.04773543302989853                0.0033258852143436845              
0.17118136789821065                0.050809307113685205               0.0034813963588456787              
0.17132987443425413                0.050464851535591194               0.0034824056002036603              
0.17147838074034302                0.04791397998643876                0.003457893655389595               
0.17162688681627855                0.0603917037904239                 0.0038821257525107327              
0.17177539266186204                0.04753114332546287                0.0034573819389956927              
0.17192389827689467                0.04723549180914972                0.003501327602568327               
0.17207240366117768                0.04813978037114001                0.003548911693394001               
0.17222090881451232                0.04948793878361004                0.0036886131728833434              
0.1723694137366999                 0.04595972746145466                0.003524950185990276               
0.17251791842754163                0.04880198396631053                0.003678587950936188               
0.17266642288683876                0.048943118139277327               0.003699751970988061               
0.17281492711439256                0.051560184030014014               0.0038645991820953846              
0.17296343111000428                0.045176842578035926               0.003701031150819073               
0.1731119348734752                 0.048964140840050234               0.0038351674987651472              
0.1732604384046066                 0.048363454769872395               0.0038115741985810508              
0.17340894170319962                0.0481914850077104                 0.003896050645924704               
0.17355744476905563                0.049467089448711005               0.003986171664126891               
0.1737059476019759                 0.05031939744178113                0.004081442081724696               
0.17385445020176168                0.051841647300814635               0.004164021315416037               
0.17400295256821427                0.05361616987944894                0.0042790361976176175              
0.17415145470113486                0.04883888468393573                0.004127639118682367               
0.17429995660032482                0.047583127550118905               0.004141579653482844               
0.17444845826558536                0.050342756405965576               0.004332814603610698               
0.17459695969671776                0.05092824440048849                0.004383205386992733               
0.17474546089352336                0.04715588110910932                0.004217750227954665               
0.17489396185580336                0.03885187051036263                0.003944809773096464               
0.1750424625833591                 0.05379852110235462                0.004700398612949169               
0.17519096307599183                0.05140391003884768                0.004653891344869583               
0.1753394633335029                 0.05407253323201508                0.0048363944008960845              
0.17548796335569353                0.04866538277789794                0.00461911371799978                
0.17563646314236503                0.04478138593381337                0.004523603094961615               
0.1757849626933187                 0.05725363385612397                0.005226517793690097               
0.17593346200835586                0.04793933829785526                0.004818084782784874               
0.17608196108727775                0.03497854024707531                0.004210921407339073               
0.17623045992988567                0.0481589619895211                 0.0049410052460140425              
0.17637895853598098                0.05353260200626825                0.005380228936552076               
0.17652745690536492                0.04439714869789184                0.005026987185212556               
0.17667595503783887                0.05691954253830483                0.005691954253830483               
0.176824452933204                  0.046523770463440826               0.005336642471647922               
0.17697295059126175                0.05876699322623792                0.0059978811300782624              
0.1771214480118134                 0.05628100963241761                0.006104532593028276               
0.17726994519466022                0.05798576477735368                0.00632676562671732                
0.17741844213960353                0.04372952372131427                0.005553655066264755               
0.17756693884644464                0.05870919428239466                0.00673440644562248                
0.1777154353149849                 0.03697178104977644                0.00528168300711092                
0.17786393154502564                0.05490640471666845                0.006758511220889386               
0.17801242753636812                0.04596341462404495                0.0064361654091971915              
0.17816092328881367                0.0602546896528465                 0.007473674438845939               
0.17830941880216367                0.05505801648938341                0.007357436932093675               
0.1784579140762194                 0.04395770442860573                0.0067828210499773466              
0.17860640911078218                0.04982631467929023                0.007598441753534234               
0.17875490390565335                0.0576801990671767                 0.008325419614586417               
0.17890339846063424                0.05137153799562122                0.00833356389932264                
0.17905189277552622                0.04796254623787892                0.008225508819628394               
0.1792003868501306                 0.051912515039639125               0.009176922853244365               
0.17934888068424865                0.030737739780846436               0.007244954745794672               
0.17949737427768178                0.0446125104427167                 0.009511419184809352               
0.17964586763023138                0.052412013792223565               0.011437239072758761               
0.1797943607416987                 0.062395389640618706               0.01247907792812374                
0.17994285361188503                0.05840221128627955                0.013765533212272595               
0.18009134624059184                0.04866861497800178                0.01404941897931779                
0.18023983862762047                0.06489162751731897                0.020520534402998544               
0.18038833077277225                0.05678029744939471                0.02146093520276764                
0.18053682267584845                0.09733786443924146                0.03973801675472356                
0.18068531433665053                nan                                nan                                
