#####################################################################################################
# NeXus source file: noemi5saxs
# NXdata: name = img{0}_azimuthalIntegration_Px_27                 
#
#
# Exposure_msec                                     1000.0 + 0.0
# _diffrn_source.source                             Storage Ring SOLEIL, beamline SWING
# _diffrn_sofware                                   Foxtrot 3.5.10-3979
# _diffrn_detector.detector                         EIGER-4M
# _diffrn_comment.comment                           -
# _sas_detc.pixnum_ax                               [1035]
# _sas_detc.pixnum_eq                               [1083]
# _sas_detc.pixsize                                 150.0
# _sas_detc.center_ax                               285.110346632731
# _sas_detc.center_eq                               957.0166664324403
# _sas_detc.dist_spec/detc                          6137.21860334
# _sas_detc.energy                                  12.000513668149837
# _sas_detc.gain                                    1.0
# _sas_detc.detector_based_uncertainty              0.0
# _sas_detc.encoder_delta                           0.0
# _sas_detc.delta0                                  0.0
# _sas_detc.gamma_offset                            0.0
# _sas_detc.wave_length                             1.0331573224991384
# _sas_detc.bias                                    0
# _sas_detc.mask                                    E:\20251487\published-data\3120\2026-09-03_session3\\mask_bags_saxs_12kev_sept26.txt
# Normalization                                     true
# Normalization Factor                              0.02571
# Normalization Monitor                             averagemi8b
# Normalization Intensity                           1.3264683662921797e-06
# GlobalNormalization                               30.82010811271701
# AbsTimeStamps                                     nan
# TimeStamps                                        1.3616511821746826
# gapTime                                           500.0
# step_global_regrid                                nan
# xmax_global_regrid                                nan
# xmin_global_regrid                                nan
# ymax_global_regrid                                nan
# ymin_global_regrid                                nan
#####################################################################################################
q(A-1)                             I(q)8_00196{00000}_AzInt_Px_27     Sig(q)8_00196{00000}_AzInt_Px_27   
0.0                                nan                                nan                                
0.00014863910320409943             nan                                nan                                
0.0002972782062084175              nan                                nan                                
0.0004459173088131729              nan                                nan                                
0.0005945564108185842              nan                                nan                                
0.0007431955120248703              nan                                nan                                
0.0008918346122322496              nan                                nan                                
0.001040473711240941               nan                                nan                                
0.001189112808851163               1493.9354681057416                 3.481118898245419                  
0.0013377519048631344              1422.4588815496538                 1.386746813517204                  
0.001486390999077074               1374.4078700021848                 1.0183721863370547                 
0.0016350300912932002              1325.1968868964616                 0.8610118950074085                 
0.0017836691813117322              1291.8598318094996                 0.8729900659572158                 
0.0019323082689328885              1262.7606123108465                 0.8064421016498511                 
0.0020809473539568878              1242.4853803978788                 0.7380958152410849                 
0.0022295864361839487              1221.8191187984623                 0.712917247765156                  
0.0023782255154142914              1204.5635959267365                 0.6517843436284343                 
0.002526864591448133               1190.7315342764298                 0.6702559520457031                 
0.0026755036640856928              1177.8789535826406                 0.6062009957428469                 
0.00282414273312719                1165.0974919260802                 0.6000251794207182                 
0.002972781798372844               1149.2217212651688                 0.5770001161046123                 
0.0031214208596228726              1138.9008370730448                 0.5526284991590563                 
0.003270059916677496               1128.5610657754119                 0.5594388418020722                 
0.0034186989693369323              1117.7515937428884                 0.5107969233910093                 
0.0035673380174014                 1103.5056190123132                 0.5093669521559485                 
0.0037159770606711206              1093.034365176455                  0.501522468676687                  
0.0038646160989463108              1083.8470084751254                 0.48581834483322195                
0.004013255132027191               1072.4591308482522                 0.48004833181947265                
0.00416189415971398                1060.0831873735956                 0.44589232336696694                
0.004310533181806896               1049.2135666904078                 0.45015325272461354                
0.004459172198106161               1038.3734838554099                 0.44130295884731346                
0.0046078112084119915              1026.4397167685643                 0.4289538249143543                 
0.004756450212524608               1014.9468115277991                 0.4253721654599225                 
0.0049050892102442305              1002.958879507186                  0.4003839666423325                 
0.005053728201371077               993.1706061636584                  0.4096797148237852                 
0.00520236718570537                980.5363398172067                  0.38738881374017575                
0.005351006163047325               968.4885032827682                  0.3868305459776837                 
0.005499645133197165               956.8005607247717                  0.3773685049199159                 
0.005648284095955107               945.2846314312617                  0.36677276314012186                
0.005796923051121373               934.1258976053996                  0.37201792485782104                
0.005945561998496182               921.9175053993793                  0.34729891195058793                
0.006094200937879753               909.1222582093757                  0.34698551975475994                
0.006242839869072308               897.4972653814618                  0.34336130798861836                
0.006391478791874063               885.8008437523257                  0.3377155478494328                 
0.006540117706085243               874.2522438222684                  0.3309419286626869                 
0.006688756611506066               861.7133363814419                  0.31599899880390775                
0.006837395507936751               850.8053824022998                  0.3227568811657623                 
0.006986034395177519               838.3000549003144                  0.3094738289032723                 
0.007134673273028592               825.7936329683066                  0.30608082117914287                
0.007283312141290187               814.2219309654315                  0.301306355006997                  
0.007431950999762529               801.9833071862997                  0.29161197797323546                
0.007580589848245835               790.4793432792907                  0.29536227515945435                
0.007729228686540326               778.6438229636241                  0.28054359139793156                
0.007877867514446222               766.5437537114904                  0.28054879060282156                
0.008026506331763748               754.4079631283453                  0.2740171975704183                 
0.00817514513829312                742.4830973329614                  0.2685675652140648                 
0.008323783933834563               731.1432578193103                  0.27142936781989074                
0.008472422718188292               719.4149295108748                  0.25678617919847363                
0.008621061491154536               708.3275145274807                  0.2555225894325226                 
0.00876970025253351                696.1647579224807                  0.2518921402433904                 
0.00891833900212544                685.0960041505425                  0.24918266453482119                
0.009066977739730543               673.2042461496723                  0.24429609540490782                
0.009215616465149042               661.9790401548456                  0.2365049180909669                 
0.00936425517818116                650.9516186572087                  0.2392460994013701                 
0.009512893878627117               639.4807280423786                  0.23036106077919755                
0.009661532566287137               628.9021303255498                  0.22786572306211558                
0.009810171240961438               617.6161337367771                  0.22495491782022495                
0.009958809902450245               606.8976696343498                  0.21704680066144993                
0.010107448550553781               597.0513378564235                  0.2231592319625408                 
0.010256087185072265               585.1996739975287                  0.20964958729015973                
0.01040472580580592                574.5102395367854                  0.2111760296487066                 
0.010553364412554972               564.4571319801253                  0.2042523792723771                 
0.010702003005119639               553.6939705955701                  0.2025264600042739                 
0.010850641583300147               543.2202851004097                  0.20269512397189274                
0.010999280146896714               533.5971380463477                  0.19485354483776196                
0.011147918695709568               523.4303071293555                  0.19384037026997714                
0.011296557229538928               512.6180824987922                  0.18872201527999422                
0.011445195748185017               503.37896131058756                 0.18721413968296155                
0.011593834251448063               493.5356547988736                  0.18497815563531558                
0.011742472739128288               484.24293174594914                 0.17888545686957855                
0.01189111121102591                474.5673420235423                  0.1802369874037065                 
0.012039749666941157               465.7143692770734                  0.1747195156948499                 
0.012188388106674252               456.17175881668317                 0.17119959692579356                
0.012337026530025419               446.8559522188838                  0.1699480463691851                 
0.012485664936794882               438.22348164475983                 0.1659996856641836                 
0.012634303326782862               428.9019474161704                  0.16600365371182033                
0.012782941699789586               420.7410673740096                  0.160190219394792                  
0.012931580055615283               412.5196288819182                  0.15967136988510094                
0.013080218394060168               403.71236755861617                 0.15503230486827738                
0.01322885671492447                395.3573532956111                  0.15441455521976638                
0.013377495018008414               387.4557859389238                  0.15215830358640436                
0.013526133303112226               379.1794716779364                  0.1480899240128292                 
0.013674771570036126               371.3663510831698                  0.14668706859107808                
0.013823409818580348               363.5153524505768                  0.14347250187417643                
0.013972048048545106               355.76044005245154                 0.14344388416906323                
0.014120686259730635               348.45623584010457                 0.13890247671798361                
0.014269324451937156               341.159578187673                   0.1362825869282329                 
0.014417962624964894               333.8866226829492                  0.13643404933695674                
0.014566600778614077               326.5004206281375                  0.13287737411741352                
0.014715238912684931               319.4349387007367                  0.13187209516504447                
0.01486387702697768                312.82920727771335                 0.1282613869635259                 
0.015012515121292555               306.0118590202568                  0.12614258880256018                
0.015161153195429777               299.2759891161129                  0.12596363121700418                
0.015309791249189571               293.0907122746318                  0.12218455102244352                
0.015458429282372172               286.5247568635925                  0.12196243688564302                
0.015607067294777802               280.0168399353211                  0.11768611372546113                
0.015755705286206685               273.9782245793317                  0.11739869613095795                
0.015904343256459057               267.5926767446032                  0.11611259387282594                
0.01605298120533514                261.8050397149695                  0.1124319013842503                 
0.016201619132635157               255.88945641022124                 0.11224544379046393                
0.01635025703815934                250.1640197787111                  0.10877664029801176                
0.016498894921707925               244.63631983519676                 0.10925340049346431                
0.016647532783081127               239.0071254104564                  0.10624595818121167                
0.016796170622079182               233.51350284173589                 0.10388978531365134                
0.016944808438502313               228.17615532539557                 0.10358480038738441                
0.01709344623215075                222.9241190643409                  0.10100454260027093                
0.017242084002824728               217.8834121398148                  0.10085680841278127                
0.01739072175032447                212.93887268611076                 0.09715329161211958                
0.017539359474450206               208.0156470288977                  0.09675334753881677                
0.017687997175002166               203.00208603732617                 0.09538204811550395                
0.017836634851780577               198.24704602005173                 0.09304535098692737                
0.017985272504585672               193.74821914828462                 0.09299025187996734                
0.01813391013321768                189.0026340022868                  0.08959279104067183                
0.018282547737476833               184.754668281449                   0.08958251980208148                
0.018431185317163357               180.47794322287183                 0.08789483931494901                
0.018579822872077482               176.81095570755122                 0.08620488899133846                
0.01872846040201944                173.99163860859102                 0.08607414423463204                
0.018877097906789472               168.94033953221256                 0.08509514858516697                
0.019025735386187796               164.775707560311                   0.0859930896325096                 
0.019174372840014643               160.78369725560648                 0.08373763612032341                
0.01932301026807025                158.42284052376485                 0.08334494176423299                
0.019471647670154846               153.63412216708377                 0.08530702881721017                
0.019620285046068664               149.4955977462901                  0.08384476811575085                
0.019768922395611937               145.60036585728636                 0.08434970272340092                
0.019917559718584898               141.79054172112993                 0.08219331369591797                
0.020066197014787773               138.24191412839596                 0.08281661249301113                
0.0202148342840208                 134.88554870062356                 0.08308537845745716                
0.020363471526084212               131.08914934494908                 0.08033915108140488                
0.02051210874077824                128.00554107324893                 0.08178152624282634                
0.020660745927903117               124.58339748026765                 0.07843936708615377                
0.020809383087259083               121.24566628086531                 0.08037318904921616                
0.02095802021864636                118.33698005432846                 0.07869573312785844                
0.02110665732186519                115.0738080277159                  0.07716872353520014                
0.021255294396715804               112.24072373365944                 0.07720430610366577                
0.021403931442998434               109.15300611812876                 0.07539816612375902                
0.021552568460513323               106.2637965831933                  0.07651067416680976                
0.021701205449060703               103.47061896450536                 0.07418748946425612                
0.021849842408440803               100.80331401149112                 0.07334537630109207                
0.02199847933845386                98.13382039297855                  0.0734633164564741                 
0.02214711623890011                95.39903764282099                  0.0714698590423738                 
0.02229575310957979                96.3063003788143                   0.0713395660495786                 
0.022444389950293145               92.32585557461448                  0.06783573480702385                
0.022593026760840393               89.41824679035471                  0.06712086706351111                
0.02274166354102178                86.78930603557633                  0.06612682179764304                
0.02289030029063754                84.2824941393742                   0.06336984854150018                
0.02303893700948792                81.8947292783992                   0.0634037349419719                 
0.02318757369737314                79.44873530320041                  0.06112327348035576                
0.023336210354093452               77.32371485593745                  0.06160888410477768                
0.02348484697944908                75.20973795003852                  0.05942727172068706                
0.02363348357324028                73.00058759916118                  0.05880384609660419                
0.023782120135267273               70.91272087321349                  0.05795683903560774                
0.023930756665330306               68.90328221320252                  0.05623390109646289                
0.02407939316322961                66.90053817264858                  0.05633454387275241                
0.024228029628765434               64.93732499882981                  0.05432330471678056                
0.024376666061738005               62.992015407951854                 0.053805733423207006               
0.024525302461947576               61.25108947962201                  0.05309462634627053                
0.024673938829194372               59.45951517946389                  0.0515147692891234                 
0.024822575163278647               57.70766924793587                  0.0517566938789027                 
0.02497121146400064                56.123747991669646                 0.049473801000620814               
0.02511984773116057                54.436482674273826                 0.04991262246397685                
0.025268483964558705               52.80179588896276                  0.04864560489625845                
0.025417120163995274               51.24240338463928                  0.047241667616206795               
0.02556575632927051                49.68280090216141                  0.04712196612310655                
0.02571439246018467                48.19587373231808                  0.04530187607619402                
0.025863028556537982               46.776439441735555                 0.045881199141882885               
0.0260116646181307                 45.39854053815169                  0.04434747695912201                
0.026160300644763053               43.99033769268388                  0.04362515312880789                
0.0263089366362353                 42.63479401107839                  0.0428906058664425                 
0.026457572592347666               41.325531568703944                 0.042142940442668926               
0.026606208512900405               40.09793294612111                  0.041733984180889236               
0.026754844397693756               38.935451910487416                 0.04037485576354533                
0.02690348024652797                37.65406021129154                  0.03985951701117784                
0.02705211605920328                36.541768533648465                 0.03960255898657677                
0.027200751835519926               35.35158767510488                  0.03837294841742677                
0.027349387575278168               34.3092889443958                   0.03799865094124553                
0.027498023278278244               33.28747220767581                  0.03725977176048721                
0.0276466589443204                 32.217074436252105                 0.036538593157183163               
0.027795294573204874               31.256497546962336                 0.036198402140992424               
0.027943930164731925               30.275574181764462                 0.03521870650919636                
0.02809256571870178                29.25267230668782                  0.034618644076238686               
0.028241201234914706               28.38857272261808                  0.034060535609516926               
0.02838983671317093                27.620399882413597                 0.03353326488542536                
0.028538472153270714               26.613667331856373                 0.03287525015076964                
0.0286871075550143                 25.745279935549057                 0.03225382351371707                
0.02883574291820193                25.000278227152677                 0.03152953643749032                
0.028984378242633856               24.164987052186913                 0.031405089740059115               
0.029133013528110326               23.413468832792237                 0.03038248967072448                
0.02928164877443159                22.666829377455745                 0.030151685823577263               
0.029430283981397888               21.965473569360846                 0.029608442436574452               
0.029578919148809477               21.247370840141876                 0.028907880516174305               
0.029727554276466603               20.625669865601687                 0.02860342790697184                
0.029876189364169515               19.926709306570572                 0.027843610465160512               
0.03002482441171847                19.32786357713264                  0.027438494924152148               
0.0301734594189137                 18.66916033484807                  0.02703186853674247                
0.030322094385555477               18.130805960242622                 0.02660719309996057                
0.03047072931144404                17.520156169017085                 0.02590707481619402                
0.03061936419637964                16.953399831122454                 0.025560158022805146               
0.030767999040162516               16.470963014698825                 0.02504557212551919                
0.030916633842592953               15.887733616817512                 0.024862184700648868               
0.031065268603471176               15.431944951313985                 0.0240877566507724                 
0.031213903322597436               14.90660288421763                  0.023896766359880476               
0.031362537999772004               14.465934185259123                 0.023321658312863338               
0.031511172634795116               13.99779857032068                  0.02294120035966064                
0.03165980722746703                13.588333050903932                 0.022695406074981286               
0.03180844177758801                13.12794781328824                  0.022013840472406863               
0.03195707628495829                12.735700965254349                 0.021832013591862428               
0.03210571074937814                12.327032685766465                 0.021441820029240142               
0.032254345170647805               11.972284241105172                 0.021034555300539628               
0.03240297954856755                11.582763402344298                 0.02073683844370973                
0.03255161388293761                11.2230126442089                   0.020148872908035277               
0.03270024817355827                10.891518822092669                 0.020120067790213022               
0.03284888242022977                10.574440385090528                 0.019623762029609675               
0.03299751662275236                10.277134037718293                 0.01934593252489071                
0.033146150780926295               9.920505556237961                  0.018964787534533782               
0.03329478489455186                9.669375170795233                  0.018619482225218545               
0.033443418963429276               9.40021856195979                   0.01860689010930516                
0.033592052987358824               9.131033396522081                  0.017994603329416894               
0.03374068696614075                8.862744156622238                  0.01782595327496339                
0.03388932089957531                8.628925109659944                  0.017521608261334393               
0.03403795478746278                8.531182211980493                  0.017460424947763505               
0.03418658862960341                8.403246589296618                  0.017396199212681773               
0.034335222425797444               8.052542782991994                  0.017241116502374428               
0.034483856175845165               7.824263657383286                  0.017211737780572965               
0.03463248987954682                7.629366541192141                  0.017025849455930928               
0.034781123536702666               7.417707968909357                  0.016957651732603007               
0.03492975714711298                7.3006740145922135                 0.016793278938706357               
0.03507839071057801                7.193510057366403                  0.016212787952114338               
0.03522702422689801                7.002267210750696                  0.016123431373783817               
0.03537565769587327                6.7652627081526795                 0.015635007967475054               
0.03552429111730402                6.62070218260722                   0.015510304785025653               
0.035672924490990535               6.457192504703129                  0.015182177120067194               
0.03582155781673309                6.307820853576949                  0.01493181349061367                
0.03597019109433192                6.17967185246241                   0.014951363542381675               
0.03611882432358732                6.019081630149507                  0.014445134918108166               
0.03626745750429954                5.922851576980198                  0.0144611281314399                 
0.03641609063626884                5.797012797654991                  0.014153502749764858               
0.03656472371929549                5.6878540836509695                 0.01407216642790878                
0.03671335675317976                5.612237150087072                  0.013978315629200872               
0.0368619897377219                 5.4827447436390155                 0.0136845997282019                 
0.03701062267272219                5.371266787248748                  0.0135733728334913                 
0.03715925555798089                5.284733874730834                  0.013456485673805101               
0.03730788839329828                5.193211853661387                  0.01331837982836472                
0.037456521178474596               5.126848774226414                  0.013170771861542719               
0.03760515391331015                5.020810887130455                  0.012933105751011562               
0.037753786597605164               4.950710829091588                  0.012956069978572966               
0.03790241923115994                4.898447803835889                  0.01279426083623574                
0.038051051813774724               4.830432258936976                  0.012724800781996263               
0.03819968434524979                4.739006766953501                  0.012539205192873359               
0.03834831682538542                4.716147147236717                  0.012470733450348543               
0.03849694925398188                4.666600742764167                  0.012494256825285755               
0.03864558163083943                4.572746723784716                  0.012261005050333493               
0.03879421395575834                4.537347204478393                  0.012207274480579323               
0.038942846228538906               4.487593272505479                  0.0120191223248931                 
0.03909147844898136                4.4389885342830775                 0.012104911873138231               
0.03924011061688601                4.382304755157095                  0.011889094512903396               
0.0393887427320531                 4.354293880299433                  0.011775201871657344               
0.039537374794282924               4.305523882309683                  0.011720582951234309               
0.039686006803375744               4.269127588308487                  0.011602689537101685               
0.039834638759131825               4.234552995973762                  0.011617877505146082               
0.03998327066135146                4.192202490357599                  0.011453250195912148               
0.04013190250983492                4.176665469528145                  0.011366433280437597               
0.04028053430438246                4.151056974798122                  0.01140241070638478                
0.04042916604479439                4.107583847124243                  0.011277423596692007               
0.04057779773087095                4.080134188686686                  0.011315516338951323               
0.040726429362412435               4.075255870680006                  0.011132501434043292               
0.04087506093921912                4.039657409734499                  0.01121594946140598                
0.04102369246109126                4.024024861188267                  0.011167468326460232               
0.04117232392782917                4.004319494052631                  0.011050740913781826               
0.041320955339233106               3.985182099536536                  0.011097557249424995               
0.041469586695103346               3.9604995586225953                 0.010990115008143009               
0.04161821799524017                3.9595639528047517                 0.011040825624631174               
0.041766849239443855               3.942679556906219                  0.011012040378527913               
0.04191548042751469                3.9021703949880036                 0.010852936868858172               
0.042064111559252944               3.900337167457062                  0.010880797482492736               
0.0422127426344589                 3.8964090499400243                 0.010844927520015694               
0.042361373652932834               4.0016354147317195                 0.010990393743991295               
0.04251000461447503                3.91161236608631                   0.011090136527128093               
0.04265863551888578                3.8744054444782727                 0.011085713842173684               
0.042807266365965366               3.85833396569043                   0.011222917626420272               
0.04295589715551405                3.8400119153060617                 0.011207522556253166               
0.04310452788733213                3.8167977286406902                 0.011230345384510045               
0.04325315856121989                3.8063966683981167                 0.01118093048587055                
0.0434017891769776                 3.763057416717462                  0.011237163405110958               
0.043550419734405564               3.7455477969949533                 0.011199416802874835               
0.04369905023330405                3.735483738601386                  0.011155619313197572               
0.043847680673473347               3.721313471591633                  0.011232903091001119               
0.04399631105471376                3.6795454813557904                 0.011054771603609638               
0.04414494137682554                3.6794556842797603                 0.011175396120563525               
0.044293571639608995               3.6543966313823444                 0.011096726878561712               
0.04444220184286442                3.6316621582275754                 0.01104496827809943                
0.044590831986392084               3.610065543157717                  0.011034951778947175               
0.04473946206999227                3.5876849789173457                 0.010994982862854028               
0.044888092093465295               3.5844569703388474                 0.011129600001090836               
0.04503672205661142                3.5656158129856705                 0.010915872210516408               
0.04518535195923094                3.55430865474979                   0.011076805886862781               
0.04533398180112416                3.5370833821539547                 0.010985843584859557               
0.04548261158209136                3.5081738903796444                 0.0109755373360052                 
0.04563124130193283                3.4856139344212496                 0.011051860823463024               
0.04577987096044885                3.466238161557538                  0.010858163851387317               
0.045928500557439744               3.4241003334387714                 0.010948002113542035               
0.04607713009270576                3.406357563428858                  0.010901977005322059               
0.04622575956604723                3.3887138869790925                 0.010850400106855696               
0.04637438897726441                3.3642472098099465                 0.010834386824487206               
0.04652301832615762                3.304765181155657                  0.010658259470745873               
0.04667164761252716                3.3034011246941244                 0.010823611959893994               
0.0468202768361733                 3.303655862537549                  0.010667783084329032               
0.04696890599689635                3.253132820301513                  0.010614106771361868               
0.04711753509449661                3.2174406708374717                 0.01056700568988721                
0.04726616412877436                3.2075292025616204                 0.010428742331162583               
0.0474147930995299                 3.1687770981076735                 0.010475596705289003               
0.04756342200656354                3.1620516797907703                 0.01033836140848809                
0.04771205084967556                3.131651854357514                  0.01033711740582074                
0.04786067962866626                3.103056007157969                  0.01030608531143756                
0.048009308343335964               3.063648611100863                  0.010108024269022173               
0.04815793699348494                3.0450066614737006                 0.01020923735612677                
0.048306565578913496               2.999244076483792                  0.009985836899895852               
0.04845519409942194                2.978243703214334                  0.010086068478939952               
0.04860382255481056                2.961569890360438                  0.010073716616228075               
0.04875245094487968                2.9262593657867626                 0.009853507112941789               
0.04890107926942957                2.888717991864166                  0.009902106850037423               
0.04904970752826055                2.8711651621776166                 0.009785359311101161               
0.04919833572117292                2.8420072179656963                 0.00983717451708984                
0.04934696384796698                2.83552727723654                   0.009754568094825217               
0.049495591908443035               2.785494066906119                  0.0096382723760634                 
0.049644219902401386               2.7540413815036033                 0.009628338275858633               
0.04979284782964235                2.7287535971484695                 0.009515190545737816               
0.049941475689966215               2.7110685113480506                 0.009582798998616164               
0.05009010348317329                2.6855054502126254                 0.009410668771185399               
0.050238731209063886               2.6413363161660124                 0.009400070989376487               
0.05038735886743832                2.636284385169544                  0.009430047353905862               
0.05053598645809688                2.586890918312181                  0.009278807466764                  
0.05068461398083988                2.5338136758799066                 0.009192559791690102               
0.050833241435467615               2.5273363076631354                 0.00911084638898862                
0.05098186882178042                2.4873352139774942                 0.009131356367779392               
0.05113049613957859                2.4542097046306623                 0.009010051560171813               
0.05127912338866244                2.408367715440479                  0.008948341892718889               
0.05142775056883227                2.4048225605838542                 0.008955530401205742               
0.051576377679888395               2.3680524077412577                 0.0088101723860602                 
0.05172500472163113                2.3506525109126604                 0.008881523385767177               
0.05187363169386079                2.3073136609208658                 0.008648542013455874               
0.052022258596377664               2.277806220266915                  0.008653794273206365               
0.05217088542898209                2.2529950877884843                 0.00865047056067307                
0.052319512191474384               2.2091282857325374                 0.008522341258113892               
0.052468138883654855               2.1850523923730862                 0.008471486458319003               
0.052616765505323786               2.1527227486008607                 0.008378954134276643               
0.05276539205628153                2.127536726199509                  0.008342383262451784               
0.0529140185363284                 2.101508840221651                  0.008303764895806441               
0.05306264494526469                2.0677069175045664                 0.008270232234732264               
0.053211271282890736               2.0346589251395066                 0.008150053774095941               
0.053359897549006836               2.0258501486066676                 0.008095826443920227               
0.053508523743413326               1.9694045080098075                 0.008030429495854603               
0.053657149865910525               1.957436396693311                  0.007961928003100086               
0.05380577591629874                1.9149499836799628                 0.007894771347802068               
0.0539544018943783                 1.8944662533165026                 0.007848501127372409               
0.05410302779994951                1.853393270586017                  0.0077551908729480215              
0.054251653632812716               1.8357788563724913                 0.007753221594766668               
0.05440027939276821                1.7945776488467704                 0.00753751481750251                
0.05454890507961633                1.780931636515687                  0.007605889424738626               
0.0546975306931574                 1.7461375789875124                 0.007534999517851381               
0.05484615623319174                1.7205444042951643                 0.0074534840300059324              
0.05499478169951966                1.6962348191858332                 0.00741541575574582                
0.05514340709194151                1.6591621792641393                 0.007233465820147416               
0.05529203241025758                1.6546769645404755                 0.007327679341255825               
0.055440657654268234               1.6137304160559398                 0.007168666740850752               
0.05558928282377376                1.5902637467404437                 0.007158631055273247               
0.05573790791857452                1.5576530291033637                 0.007060357083320887               
0.05588653293847082                1.5407642822658694                 0.0069807944235061705              
0.05603515788326298                1.515205249368514                  0.006991129024288681               
0.05618378275275134                1.4788384046589091                 0.006839075548770293               
0.05633240754673624                1.457006182112769                  0.006831826731523842               
0.05648103226501799                1.4447617067830374                 0.006763121580075553               
0.05662965690739693                1.4065512203103112                 0.0066828773777784165              
0.056778281473673364               1.397945805218855                  0.006701866825425319               
0.05692690596364766                1.3559052377279694                 0.006504433250393801               
0.05707553037712013                1.353147096022203                  0.006554788271460821               
0.05722415471389112                1.3071589932349008                 0.006404949335916053               
0.05737277897376094                1.311376215706357                  0.006455987648508986               
0.057521403156529954               1.2716067177237886                 0.0063356606912393495              
0.05767002726199845                1.2481817437699474                 0.006243719024872121               
0.05781865128996681                1.2311520917448122                 0.0062646141564274855              
0.05796727524023534                1.2149086334835848                 0.006130509637482951               
0.058115899112604404               1.199227314301243                  0.006152715939666325               
0.0582645229068743                 1.177366967100944                  0.006069869639145766               
0.058413146622845386               1.1671133845532238                 0.006017327567785813               
0.058561770260317995               1.140940679026771                  0.006010114200004808               
0.05871039381909247                1.1178589836138575                 0.00587217404128503                
0.05885901729896914                1.1120158285939044                 0.005904712295155526               
0.059007640699748364               1.0961443571291052                 0.005814864412891481               
0.05915626402123044                1.0770125152440766                 0.00577488678723101                
0.05930488726321576                1.0519394523578025                 0.0057485605068935755              
0.059453510425504646               1.0366480080470966                 0.00564681396888277                
0.05960213350789743                1.020062525423458                  0.005630894032153625               
0.05975075651019445                1.001772456682198                  0.0055483895845022555              
0.05989937943219608                0.9829283301280459                 0.0055301039159865875              
0.060048002273702626               0.9871512644148719                 0.005502546183833105               
0.060196625034514444               0.9729513319161983                 0.00546024855931933                
0.060345247714431886               0.9863782105968156                 0.005531856236907206               
0.06049387031325529                0.9565182878195769                 0.005557490877676734               
0.060642492830785                  0.9466760798044728                 0.005613241185351642               
0.060791115266821405               0.9255489506963972                 0.005578937649257845               
0.06093973762116479                0.9123803159698789                 0.005573873788205196               
0.06108835989361553                0.9009955875221374                 0.005619162942262685               
0.06123698208397396                0.8846289992837788                 0.005555908169460782               
0.061385604192040456               0.872567693767891                  0.005590511865848043               
0.061534226217615354               0.8728056361946052                 0.00557285342369924                
0.06168284816049901                0.8482201277538443                 0.005561292189542604               
0.061831470020491754               0.839504716379896                  0.005557684246154821               
0.06198009179739396                0.8350657538933827                 0.005527328553135368               
0.06212871349100597                0.8085063321148181                 0.005510636413312426               
0.06227733510112815                0.8207482726558885                 0.00550775748872515                
0.06242595662756082                0.8069884897048978                 0.005590220042934114               
0.06257457807010439                0.8029178940640157                 0.005526859935287649               
0.06272319942855915                0.7823623437021177                 0.005446088029848076               
0.06287182070272551                0.7775920982508404                 0.005500607139783046               
0.0630204418924038                 0.7841107292774679                 0.005513709340602252               
0.06316906299739436                0.7561775748236916                 0.005463790670637622               
0.0633176840174976                 0.7723926464018425                 0.005318882960120289               
0.06346630495251382                0.7598337763260099                 0.005254748848708084               
0.06361492580224343                0.7524152751374381                 0.005179963120319569               
0.06376354656648675                0.743675991322346                  0.005118948899079571               
0.06391216724504416                0.7347196780413323                 0.00507427778406611                
0.06406078783771602                0.7235955486719697                 0.004969088688923892               
0.06420940834430268                0.7142831937134057                 0.00495790956540078                
0.06435802876460452                0.7130891995935077                 0.0049251236860458885              
0.06450664909842187                0.7115475621758403                 0.00489675518865472                
0.06465526934555513                0.6992577026448631                 0.004869477886106751               
0.06480388950580464                0.7011207868401133                 0.004838193079373743               
0.0649525095789708                 0.6930246552703865                 0.004827594264496638               
0.06510112956485392                0.6849238397811988                 0.0047551544679034635              
0.06524974946325443                0.6829750907782862                 0.004745973407744774               
0.06539836927397262                0.674497297671643                  0.004728455972091245               
0.06554698899680893                0.6756157274631295                 0.0047227382516890504              
0.06569560863156369                0.6685709925281658                 0.004688523748998675               
0.06584422817803728                0.6690736375390784                 0.004645784627898914               
0.06599284763603007                0.6581939469277582                 0.004605571013477176               
0.06614146700534243                0.6643423817415659                 0.004645523750739677               
0.06629008628577472                0.6549164932900773                 0.004610145014403713               
0.06643870547712732                0.6459370875442318                 0.0045715812244848                 
0.06658732457920061                0.6444389950661454                 0.004492964619586476               
0.06673594359179495                0.6462054565893814                 0.004565711494605348               
0.06688456251471071                0.6424453723127856                 0.004536654438006382               
0.0670331813477483                 0.629459817339735                  0.004466388767197149               
0.06718180009070804                0.6357205870260902                 0.004501755665320313               
0.06733041874339035                0.631916061954596                  0.004477284867747201               
0.06747903730559558                0.6337063119374977                 0.004477064585383295               
0.06762765577712412                0.6234090680050806                 0.004404205791283442               
0.06777627415777635                0.6245107256110267                 0.00444663411478088                
0.06792489244735264                0.6108232251109423                 0.004365808241409929               
0.06807351064565337                0.6187390088611449                 0.004415286297078037               
0.06822212875247895                0.6163161849836872                 0.004385398142547277               
0.0683707467676297                 0.6245030223162389                 0.00438293603725574                
0.06851936469090604                0.6172832183242369                 0.0043846269122553                 
0.06866798252210835                0.6119226570919732                 0.004353034153775394               
0.06881660026103702                4.969592785098484                  0.012423011452885512               
0.06896521790749241                0.6085019336167246                 0.004345001677395682               
0.06911383546127492                0.6119944961070598                 0.0043204395632507895              
0.06926245292218494                0.6070811528272265                 0.004331655373059099               
0.06941107029002283                0.6035715579102279                 0.004276564243984573               
0.06955968756458901                0.5914291825576853                 0.00427138816216491                
0.06970830474568386                0.5986971876466144                 0.004255292961266815               
0.06985692183310774                0.5998125493758437                 0.004275223953087425               
0.07000553882666105                0.5897917171753941                 0.004229446429025203               
0.0701541557261442                 0.5923237455917315                 0.004203309701648394               
0.07030277253135758                0.5965490971474595                 0.00425759081273677                
0.07045138924210155                0.5875679659690507                 0.004196057791674877               
0.07060000585817654                0.5847561448687972                 0.004201554331470717               
0.07074862237938288                0.5901381636111452                 0.004213016228465616               
0.07089723880552104                0.5812057763824611                 0.004139029205010761               
0.07104585513639136                0.5846977709916866                 0.004203305475460168               
0.07119447137179426                0.5799277896055781                 0.004140124024509626               
0.07134308751153012                0.5758556933451401                 0.0041387786971126325              
0.07149170355539934                0.5756386805183261                 0.004147515394662601               
0.07164031950320233                0.5805467150073252                 0.004127329529186719               
0.07178893535473949                0.5779962955321319                 0.004167532157812115               
0.07193755110981116                0.5716794082800046                 0.0040919930979472245              
0.07208616676821783                0.5703418616332814                 0.004107645891003225               
0.07223478232975981                0.5700632569788787                 0.004108517330619754               
0.07238339779423758                0.5684072943375034                 0.004110054368606051               
0.07253201316145147                0.5678573697955793                 0.0041251016933568805              
0.07268062843120196                0.5638725070605488                 0.00403673301301251                
0.07282924360328936                0.5665036830686375                 0.004086366773693183               
0.07297785867751416                0.5627112307474602                 0.0040689734968582005              
0.0731264736536767                 0.5707512101493165                 0.004092379251014932               
0.07327508853157742                0.5547597502223179                 0.004034643040667293               
0.07342370331101672                0.5555486924296733                 0.0040050533905955235              
0.07357231799179499                0.5600575879427903                 0.004057536163389131               
0.07372093257371265                0.5566240929721368                 0.004023274724104611               
0.07386954705657013                0.5497449009057193                 0.00398585692956451                
0.07401816144016779                0.553602690644333                  0.003983887402300997               
0.07416677572430608                0.5514502269778289                 0.003997380735844625               
0.07431538990878538                0.5464629449563443                 0.003991759227782183               
0.07446400399340614                0.5440241200963171                 0.003928509620966717               
0.07461261797796873                0.5477804469834957                 0.003950693627087189               
0.07476123186227358                0.5394758905034456                 0.0039001427661197103              
0.0749098456461211                 0.5395894823828161                 0.003914181545351773               
0.07505845932931171                0.5311183342399282                 0.0038816392717304343              
0.07520707291164581                0.5306951956424447                 0.003856568356817977               
0.07535568639292387                0.5255281148073909                 0.0038344397237054205              
0.07550429977294623                0.5300981643066233                 0.0038428047357323995              
0.07565291305151335                0.5254665336180039                 0.003840846415686725               
0.0758015262284256                 0.5234439377214004                 0.0038071922454208738              
0.0759501393034835                 0.5151200076340907                 0.0037719766919137037              
0.07609875227648738                0.5144958173273368                 0.0037874626398299058              
0.07624736514723769                0.5080710899296735                 0.0037333954373313188              
0.07639597791553485                0.5116331137390896                 0.0037544039659782448              
0.07654459058117927                0.5088752991601456                 0.0037300516779052175              
0.07669320314397139                0.4990535380788236                 0.003696997166782982               
0.07684181560371163                0.49847760388967627                0.0037121344819868018              
0.07699042796020039                0.49739395353197213                0.0036830863063621196              
0.07713904021323813                0.5006393496191606                 0.003706000264843074               
0.07728765236262525                0.49417197312763583                0.0036497350779093832              
0.07743626440816222                0.48997385862968884                0.00366941843347946                
0.0775848763496494                 0.4813138180695129                 0.0036291737052939485              
0.07773348818688727                0.48225149157776004                0.0036084500199294097              
0.07788209991967622                0.4803732560443871                 0.0036210525305003364              
0.07803071154781671                0.4831764623121861                 0.003608911129242967               
0.07817932307110918                0.474064011577451                  0.0036017444838253943              
0.07832793448935403                0.45998163881092063                0.0035168477588366554              
0.07847654580235171                0.4672905092132916                 0.0035402828053580013              
0.07862515700990265                0.4599131471076848                 0.003546091349586148               
0.07877376811180728                0.459286258682324                  0.0035054913348464907              
0.07892237910786605                0.45325756569329584                0.003496853967620834               
0.07907098999787937                0.4440000010574174                 0.0034438270438796803              
0.07921960078164769                0.44452655984742856                0.0034472891038628585              
0.07936821145897144                0.44799333524348456                0.003485195155279771               
0.07951682202965109                0.4410703954669263                 0.0034212068607339463              
0.07966543249348702                0.4328632564952709                 0.0034045747031898736              
0.07981404285027972                0.43256157832587405                0.0033894356499148664              
0.07996265309982961                0.42897199746216297                0.0033934429760874595              
0.08011126324193714                0.42121727427068895                0.003355700459517414               
0.08025987327640273                0.42790442062852546                0.003353355228890582               
0.08040848320302686                0.41597336763986537                0.0033361243255091355              
0.08055709302160995                0.4183045521087237                 0.0033195637726913447              
0.08070570273195243                0.4017364214681573                 0.003274493267806726               
0.08085431233385477                0.4065548423549543                 0.0032699603504688485              
0.08100292182711742                0.4007427983327324                 0.003246504376783543               
0.0811515312115408                 0.3919056290165568                 0.0032275564013431682              
0.0813001404869254                 0.3958883729663208                 0.00322940232599566                
0.08144874965307163                0.3913298345129253                 0.0032094549833421534              
0.08159735870977995                0.3884659572152095                 0.0031899390887752633              
0.08174596765685078                0.3876528462497011                 0.003187887160638147               
0.08189457649408466                0.3813153694534549                 0.003170699742689045               
0.08204318522128196                0.37551955891634314                0.003131287324175894               
0.08219179383824317                0.37087202400954333                0.0031206511307898875              
0.0823404023447687                 0.37414293582665864                0.003114291381770881               
0.08248901074065908                0.3652925878191081                 0.0030945888534542696              
0.0826376190257147                 0.3630663467805147                 0.00307893484531595                
0.08278622719973604                0.36086848685275047                0.0030573293512852666              
0.08293483526252357                0.3591209822747704                 0.0030597025836756405              
0.08308344321387771                0.3576289648219637                 0.003037524141957201               
0.08323205105359896                0.3509100773859035                 0.0030245249975142255              
0.08338065878148777                0.34248550246742265                0.002972520972863601               
0.0835292663973446                 0.34556506338963666                0.00298467068285246                
0.0836778739009699                 0.33941262571944636                0.0029769601530823613              
0.08382648129216412                0.3395673421868104                 0.0029645514904652944              
0.08397508857072775                0.338451216057831                  0.0029456165730165655              
0.08412369573646125                0.3278606603035711                 0.0028866521551279664              
0.08427230278916509                0.32638437001355736                0.002898361830466194               
0.08442090972863972                0.32239186367878303                0.002882868684836754               
0.0845695165546856                 0.3207801166043307                 0.0028710975968457555              
0.08471812326710323                0.31570172483191233                0.002842660420009161               
0.08486672986569305                0.3155103074463152                 0.002831768075277837               
0.08501533635025554                0.3163673820224453                 0.0028546781713453045              
0.08516394272059116                0.30642929594055807                0.0027874491657285108              
0.08531254897650041                0.3077971761039953                 0.002798040527279341               
0.08546115511778372                0.3009901092005424                 0.002772366119358529               
0.08560976114424161                0.4488322586147362                 0.003357826439496826               
0.08575836705567454                0.296868922342096                  0.0027576665708691425              
0.08590697285188292                0.29094632091673667                0.002706623790949982               
0.0860555785326673                 0.29030457042662555                0.0027131268264170613              
0.08620418409782817                0.28658559581063897                0.002699915742896357               
0.08635278954716594                0.28712970674961086                0.002692998397239257               
0.08650139488048113                0.2825984098940935                 0.0026695890039809137              
0.08665000009757422                0.2852100735672919                 0.002669481421785512               
0.08679860519824566                0.2813462969666648                 0.0026595414021480285              
0.08694721018229597                0.2775740256602824                 0.002660263847883503               
0.0870958150495256                 0.2676960428141516                 0.002586223956471928               
0.08724441979973506                0.2636829452036181                 0.0025697358187007848              
0.0873930244327248                 0.26758389100536417                0.002587677688265234               
0.08754162894829534                0.2659430451499622                 0.0025767545904232434              
0.08769023334624715                0.26765301143536696                0.0025910128935760293              
0.08783883762638073                0.26113407096818264                0.0025397148715692887              
0.08798744178849653                0.26007805560447855                0.002552116287556278               
0.08813604583239507                0.25659814541145254                0.002524296112407946               
0.08828464975787681                0.2516136135301004                 0.0025063802394114662              
0.08843325356474228                0.2512467474577233                 0.0024997510885408085              
0.08858185725279195                0.24774361503698344                0.0024690555842081644              
0.08873046082182631                0.24549439386516164                0.002473816939411246               
0.08887906427164587                0.2473130064289997                 0.002470660637748779               
0.0890276676020511                 0.24308005196351604                0.0024503589293183477              
0.0891762708128425                 0.23759578042271481                0.0024253307670180787              
0.08932487390382057                0.23853093309486906                0.0024163163098605256              
0.08947347687478581                0.23942797942313665                0.002427272191353788               
0.08962207972553873                0.23931438749204412                0.002427618070848521               
0.0897706824558798                 0.2324193899375124                 0.002392392159237662               
0.0899192850656095                 0.23361201269861245                0.0023912773804336423              
0.0900678875545284                 0.22562551438946946                0.0023553828412023418              
0.09021648992243694                0.22756466856945787                0.0023539213423509966              
0.09036509216913566                0.22793124754113583                0.0023575870982472805              
0.09051369429442505                0.2278806791673064                 0.0023537926188376707              
0.0906622962981056                 0.2222219339240596                 0.002340215696500944               
0.09081089817997783                0.22580204400972997                0.0023536374402689953              
0.09095949993984224                0.22428073090947537                0.002326433423595681               
0.09110810157749934                0.22054864585875933                0.0023182278192812587              
0.09125670309274964                0.2194181672504184                 0.002299369467318415               
0.09140530448539363                0.22108662734009296                0.002325424701639117               
0.09155390575523184                0.21691384466516347                0.0022887625920053833              
0.09170250690206479                0.21519220248066184                0.00227122896423112                
0.09185110792569297                0.21421430451838014                0.0022890010810133437              
0.09199970882591689                0.21200904980084784                0.002259382285751928               
0.09214830960253707                0.21273686491481245                0.0022666238269532404              
0.09229691025535404                0.21155032322354492                0.0022535980021986296              
0.09244551078416828                0.2134544571150149                 0.0022670748428706947              
0.09259411118878036                0.20912823133556246                0.002254039567206425               
0.09274271146899074                0.2084048972004354                 0.0022269242759151977              
0.09289131162459997                0.20767187748663293                0.0022295536000019357              
0.09303991165540855                0.2121336840296562                 0.0022508898863208724              
0.09318851156121703                0.20625551794732003                0.0022146029145514194              
0.09333711134182592                0.20948502494670249                0.0022534392361942424              
0.0934857109970357                 0.20774446294206425                0.0022177158209428054              
0.09363431052664693                0.20664539001978016                0.00221751115816271                
0.09378290993046016                0.20129608565126153                0.0021854204360134493              
0.09393150920827588                0.20543135743155788                0.002218320791368019               
0.09408010835989462                0.1993372973168853                 0.0021771524099611144              
0.0942287073851169                 0.20176235573800783                0.0021792098779446203              
0.09437730628374329                0.20365709459640025                0.002205471308300715               
0.09452590505557425                0.20169043295086447                0.002185968913258875               
0.09467450370041036                0.19782115083749138                0.0021539230339359112              
0.09482310221805212                0.20037141203647124                0.002175637944844364               
0.09497170060830008                0.20277587425079555                0.002181521066627724               
0.0951202988709548                 0.19751195736329233                0.0021687594145726363              
0.09526889700581676                0.19776643304182603                0.002150524602177849               
0.09541749501268652                0.1999480371171349                 0.0021686133998456837              
0.09556609289136461                0.1996695853380783                 0.0021678897027254066              
0.09571469064165158                0.19531249875878626                0.002138685923314884               
0.09586328826334796                0.1982107106271512                 0.0021599578927568005              
0.09601188575625429                0.1939417482960527                 0.002117464846598399               
0.09616048312017107                0.1975305910333242                 0.0021570337193122934              
0.09630908035489893                0.1968048030319469                 0.0021429838339671312              
0.09645767746023834                0.19851658636279407                0.002154609308521746               
0.09660627443598986                0.1950073827230145                 0.002128592080130315               
0.09675487128195404                0.19479823441991045                0.0021213860924330146              
0.0969034679979314                 0.19576291943873192                0.002145033119125149               
0.09705206458372252                0.19208050497517687                0.0021125613014517015              
0.09720066103912794                0.19493726892131658                0.0021206379193884394              
0.09734925736394817                0.19445303745676712                0.002118003651565873               
0.09749785355798385                0.19554314947379614                0.002131521621578598               
0.09764644962103541                0.19666686407045023                0.0021422439716100253              
0.09779504555290348                0.1970786367147562                 0.0021194927424352233              
0.09794364135338857                0.19535537886596555                0.0021259412620363532              
0.09809223702229126                0.19574608386953993                0.0021250402429621694              
0.09824083255941213                0.19102950948342298                0.002102273995400018               
0.09838942796455168                0.1952585016978859                 0.002114892182779026               
0.09853802323751046                0.1935922698586881                 0.0021006681456887588              
0.09868661837808908                0.18948386529500919                0.0020930097935724966              
0.09883521338608807                0.19052440148871835                0.0020817677277568196              
0.098983808261308                  0.19188461586091066                0.002107731498781739               
0.0991324030035494                 0.19468789711023934                0.0020977886462573685              
0.09928099761261285                0.19402291553259074                0.0021081976319183905              
0.09942959208829895                0.19457161587894992                0.0021186669276042373              
0.09957818643040817                0.1897399558084956                 0.002075303566746609               
0.09972678063874114                0.18668711701855656                0.0020571036749440262              
0.09987537471309844                0.19025866224505175                0.0020737947715666677              
0.10002396865328061                0.19133311182376828                0.0020898557316860675              
0.10017256245908819                0.18923280330158537                0.0020827535542405334              
0.10032115613032179                0.18615679411366856                0.0020392862935117596              
0.10046974966678197                0.18876107597096667                0.002070674962820256               
0.10061834306826929                0.1872604523600107                 0.0020502696145768113              
0.1007669363345843                 0.18568866392599864                0.002054475390090738               
0.10091552946552765                0.1885659951543019                 0.002068161680745454               
0.10106412246089981                0.18803909553300677                0.002048871650067621               
0.10121271532050144                0.18881372669524302                0.0020738746085457523              
0.10136130804413308                0.1861205347993345                 0.002093092504030222               
0.10150990063159528                0.1851795480662475                 0.002121922667408656               
0.10165849308268868                0.18876221334712157                0.0021496101768215263              
0.10180708539721378                0.18795382730258936                0.0021646829776922403              
0.10195567757497122                0.1806437947262091                 0.0021512837187370277              
0.10210426961576155                0.1814109432575432                 0.0021457109107421326              
0.1022528615193854                 0.179286397301226                  0.0021431885048479814              
0.10240145328564329                0.18573693897087992                0.00220413670876727                
0.10255004491433584                0.18310810297175045                0.0021946827311625323              
0.1026986364052636                 0.1794082178277516                 0.002200210159096536               
0.1028472277582272                 0.1868573492325145                 0.0022188391502295417              
0.10299581897302723                0.17993063881023144                0.002210777113198398               
0.10314441004946424                0.1763489371547737                 0.002186834765547365               
0.1032930009873388                 0.17869721836160804                0.0022171485096587028              
0.1034415917864516                 0.17480401188460298                0.0022012755640619637              
0.10359018244660313                0.1787662382129074                 0.002216640352736908               
0.10373877296759404                0.17088344286363497                0.0021962348417613946              
0.10388736334922487                0.1761097866021432                 0.002227632175635912               
0.10403595359129628                0.17541751693768176                0.002229063390528843               
0.1041845436936088                 0.18711505285003904                0.00223310549427579                
0.10433313365596307                0.1800545043424541                 0.0021728035726617367              
0.10448172347815968                0.1805986858582599                 0.0021725789237654713              
0.10463031315999925                0.17945287990706146                0.0021399863410000966              
0.10477890270128232                0.18003278901652997                0.002129261301197555               
0.10492749210180954                0.17069097926306548                0.002076508009034796               
0.10507608136138147                0.1772535054885305                 0.002110310325054815               
0.10522467047979879                0.17549809413286277                0.002090151884408416               
0.10537325945686203                0.1749326618698137                 0.0020812048129146637              
0.10552184829237181                0.1702235509754817                 0.002045991609981942               
0.10567043698612877                0.17380949329351586                0.002060418894324247               
0.10581902553793347                0.17453680431347554                0.002072538736942033               
0.10596761394758658                0.16972258828144304                0.002021653390395002               
0.10611620221488863                0.16958122408370796                0.0020245708317314917              
0.10626479033964027                0.16960317490723043                0.0020277251016476566              
0.10641337832164213                0.16667606103517676                0.0020004648452235344              
0.10656196616069483                0.16563956460942503                0.002000162772757997               
0.10671055385659896                0.1646572612530854                 0.001967328202050904               
0.10685914140915509                0.16340972642340584                0.0019793067786989687              
0.10700772881816392                0.16494104298120904                0.0019783589506192217              
0.10715631608342602                0.16171711284682155                0.001953937614806686               
0.10730490320474204                0.16195417651840716                0.0019532408608819766              
0.10745349018191253                0.16001060516568066                0.0019268599116503502              
0.1076020770147382                 0.15911849398967592                0.0019388841466565967              
0.10775066370301965                0.15884184072102142                0.001928794764263044               
0.10789925024655744                0.15740325912627914                0.001908373973320051               
0.10804783664515225                0.15524863011285214                0.0019082338090807757              
0.1081964228986047                 0.1568563247316658                 0.0018996497572973268              
0.1083450090067154                 0.15755792942919317                0.001920296149902291               
0.108493594969285                  0.1504903654708118                 0.0018547986424082435              
0.10864218078611411                0.1505051099990832                 0.001862778310887829               
0.10879076645700335                0.14748451212371336                0.0018512376178863963              
0.10893935198175338                0.14967687402926594                0.001849131343236052               
0.1090879373601648                 0.15127391002000248                0.0018688613738496625              
0.10923652259203825                0.14461185495813322                0.0017999306551076647              
0.10938510767717442                0.1484572460286149                 0.0018467917382033066              
0.1095336926153739                 0.14820868203854218                0.0018419901256647095              
0.1096822774064373                 0.14365030356451536                0.0018102547738439402              
0.10983086205016526                0.14653659935806201                0.0018289945901207433              
0.10997944654635847                0.145833274721549                  0.0018093959753376714              
0.11012803089481756                0.1435535450499888                 0.0018077440411471612              
0.11027661509534314                0.1410933755933907                 0.0017884295287654349              
0.11042519914773584                0.14388259727453243                0.001787395934917114               
0.11057378305179637                0.1413810106195236                 0.0017809506375988094              
0.11072236680732529                0.141716767407998                  0.0017696631901952544              
0.11087095041412333                0.13965394166642242                0.001770041790306854               
0.11101953387199105                0.1383435390311755                 0.0017402047198638592              
0.11116811718072916                0.13632977078778533                0.0017333479321357636              
0.11131670034013831                0.1404219316553205                 0.001758574570064442               
0.11146528335001911                0.13985644696932228                0.00176342570921966                
0.11161386621017225                0.1391127667580173                 0.0017992397317822808              
0.11176244892039836                0.13656200290792128                0.0017807554742893664              
0.11191103148049807                0.1339899361875607                 0.0017903559913848492              
0.1120596138902721                 0.1340551698794864                 0.0018048124383275323              
0.11220819614952104                0.1328512488472977                 0.0017926701085369812              
0.11235677825804559                0.13187463830494042                0.0018036273168128157              
0.11250536021564642                0.13190416304951771                0.00180588999000668                
0.11265394202212414                0.13419747146655175                0.001841260768501705               
0.1128025236772794                 0.12815713137363752                0.001800748463558103               
0.11295110518091295                0.12822814887024908                0.001804063009371791               
0.11309968653282537                0.12660385476461175                0.0018067837794022224              
0.11324826773281738                0.12461692399224102                0.0017840688809400008              
0.11339684878068956                0.1270749497838884                 0.0018079918660122195              
0.11354542967624269                0.12753082962044082                0.0018040995997879814              
0.11369401041927737                0.1237297490477806                 0.0017805145597899774              
0.11384259100959429                0.12651484003136007                0.0018025788327467036              
0.11399117144699408                0.12132572042737252                0.0017680255370570617              
0.11413975173127745                0.12432336912311778                0.0017883164574946696              
0.11428833186224509                0.12522748168349232                0.0017891465993449568              
0.11443691183969763                0.12196134974426152                0.0017883357245839723              
0.11458549166343575                0.12133736060697152                0.001772340113262224               
0.11473407133326015                0.1210505638890669                 0.0017730756491588903              
0.1148826508489715                 0.11975564805996805                0.001767815658825172               
0.11503123021037048                0.11895633785350784                0.0017527727748463877              
0.11517980941725774                0.11870740221112466                0.0017729375226518264              
0.115328388469434                  0.11915534594623237                0.0017591457656106041              
0.11547696736669993                0.11592362963882104                0.0017506009985196265              
0.11562554610885617                0.11535733261827316                0.0017406603616783865              
0.11577412469570345                0.11693316156649114                0.0017489763240502697              
0.11592270312704248                0.1163830455610278                 0.0017656101931666861              
0.11607128140267389                0.11424760722148822                0.001722543238079995               
0.1162198595223984                 0.1124802283270988                 0.001730055619014029               
0.11636843748601669                0.11371767380039151                0.0017388348751593507              
0.11651701529332943                0.11845339760594249                0.0017703289644814344              
0.11666559294413735                0.11786407000024454                0.001778282817359601               
0.11681417043824113                0.11452470768849113                0.0017280966418131503              
0.11696274777544145                0.1154615949669372                 0.0017593413763532803              
0.11711132495553901                0.11527410233914843                0.0017579135803094496              
0.11725990197833454                0.11153972081190207                0.001727068082555821               
0.11740847884362866                0.11249886899999001                0.0017373436254665964              
0.11755705555122214                0.11124979125643324                0.0017234054203827235              
0.11770563210091566                0.11245019639215176                0.0017434662830006136              
0.11785420849250991                0.10977538939821654                0.0017133591396494307              
0.1180027847258056                 0.10855294211852475                0.0017002959133575308              
0.11815136080060339                0.1114351733455955                 0.0017363065237437135              
0.11829993671670407                0.10839611853357024                0.0017117547626244636              
0.11844851247390831                0.10616132789088574                0.0017054166108783075              
0.1185970880720168                 0.10988929755678763                0.0017128436194540995              
0.11874566351083024                0.10964310594117693                0.001718003817722432               
0.11889423879014938                0.10620950434066063                0.0016972352399495063              
0.11904281390977489                0.10933710809732382                0.0017285554158935766              
0.11919138886950753                0.10946374376168339                0.00172882991661977                
0.11933996366914792                0.10822595215776797                0.0017054563191801796              
0.11948853830849689                0.10807152514081501                0.001717803113191439               
0.11963711278735512                0.10486664418219988                0.001687888359613019               
0.11978568710552326                0.10500561121475455                0.0016954040175540218              
0.11993426126280209                0.10511791741112303                0.0016906193027135428              
0.12008283525899235                0.10961148833391585                0.0017307316820544592              
0.12023140909389472                0.11007492539446195                0.0017380492106777539              
0.12037998276730992                0.10573199702105861                0.0017026991625926952              
0.12052855627903868                0.10620339850190962                0.0017043340439720242              
0.12067712962888173                0.10619156971999168                0.0016978159824686944              
0.12082570281663982                0.10397306283068783                0.0016985525631606551              
0.12097427584211363                0.10705626619698504                0.0017213487151599956              
0.12112284870510388                0.10314384630402523                0.0016760835741241368              
0.1212714214054114                 0.10396757184648883                0.0016941729501554596              
0.12141999394283678                0.10278090449235198                0.0016759488836278283              
0.12156856631718085                0.10478234124190422                0.0017088115688089901              
0.12171713852824434                0.10837463005110633                0.0017224034118605096              
0.12186571057582794                0.10445310929719372                0.0016966871369212598              
0.12201428245973238                0.10543036793046935                0.001717781463654966               
0.12216285417975847                0.10225684441411684                0.0016801842043231588              
0.12231142573570686                0.09882428834503428                0.0016623804506082137              
0.12245999712737837                0.10767648499478555                0.0017110916697332067              
0.12260856835457366                0.10629095329056333                0.0017240401171522393              
0.12275713941709357                0.10090009310970043                0.001681201282981773               
0.1229057103147387                 0.10615768308774315                0.0017126662956725                 
0.12305428104730994                0.103552409619917                  0.0016980368857649748              
0.12320285161460796                0.10268099729391458                0.001685107468857067               
0.12335142201643355                0.10521460250221235                0.0017167743935484353              
0.12349999225258738                0.09990319572010538                0.0016765018792526353              
0.12364856232287029                0.10483450184793747                0.001699075968970601               
0.12379713222708298                0.10498732176256692                0.0017208724130910358              
0.12394570196502623                0.10288897227277141                0.001684668336373162               
0.12409427153650074                0.10364453508217603                0.0017113220425015556              
0.12424284094130733                0.10346673719962701                0.0016929941242906441              
0.12439141017924672                0.1035975893683836                 0.00170060782347501                
0.12453997925011973                0.10392201384230414                0.001716605756605915               
0.12468854815372699                0.10071680421243245                0.001675358922200677               
0.12483711688986938                0.10148020388372476                0.0016955809958639529              
0.12498568545834762                0.10210208634993505                0.0016803655541944064              
0.12513425385896246                0.0993685859396689                 0.0016712999515490657              
0.12528282209151465                0.10287877669201512                0.0017132191899145565              
0.125431390155805                  0.1039279257298401                 0.001698949100345794               
0.12557995805163427                0.10366345138004672                0.00171000347312559                
0.12572852577880317                0.10377695194904389                0.001707236508759933               
0.12587709333711253                0.10492451786093683                0.0017226221509741965              
0.12602566072636312                0.10127506276098933                0.0016983282934919695              
0.1261742279463557                 0.10203214127113652                0.001687000263356723               
0.126322794996891                  0.10167409273853262                0.0017016733512795063              
0.12647136187776986                0.10347404715709674                0.0017054874468676912              
0.126619928588793                  0.10197965487266866                0.0017027380832623598              
0.12676849512976127                0.09925373518278534                0.0016813009880037554              
0.12691706150047535                0.10180457185797119                0.0016894842884407465              
0.12706562770073607                0.10308747485722199                0.0017074859363670279              
0.12721419373034423                0.10005737743084986                0.001672041125167106               
0.12736275958910062                0.10136604268314048                0.001693909998578458               
0.12751132527680595                0.10326588529869972                0.0016979101594538793              
0.12765989079326104                0.09905621841287413                0.0016658105800624254              
0.12780845613826677                0.09892681678138412                0.0016704987378679983              
0.12795702131162376                0.1011972148553794                 0.0016800991838278022              
0.12810558631313296                0.09879973507963274                0.0016607929735152243              
0.12825415114259503                0.10142096077176828                0.0016762077948132411              
0.1284027157998108                 0.09958000550814548                0.0016774678143445343              
0.1285512802845811                 0.10115494224213797                0.0016826470650578938              
0.12869984459670672                0.09890684981173165                0.0016588478997004185              
0.1288484087359884                 0.09942336703897754                0.001669625623234674               
0.12899697270222704                0.09671512971601125                0.0016333846230646087              
0.12914553649522334                0.09865588941700182                0.0016747819778672568              
0.12929410011477813                0.09963083881441184                0.0016649133138405586              
0.12944266356069217                0.09797087667499543                0.0016645929563399349              
0.12959122683276636                0.09972860009192006                0.0016809252116406043              
0.12973978993080143                0.09895428270208932                0.0016543005987296393              
0.12988835285459818                0.10231569999992832                0.001704078689300296               
0.13003691560395744                0.09935673793769287                0.0016640545436243691              
0.13018547817868006                0.09664566273544496                0.0016497142619696565              
0.1303340405785668                 0.09944250523238363                0.0016770562274797884              
0.13048260280341842                0.09982178935402507                0.001674428621066124               
0.13063116485303583                0.09551148932702767                0.0016435771198004953              
0.13077972672721977                0.0983271088862731                 0.0016561272728298337              
0.1309282884257711                 0.09763420642674624                0.0016661030340026342              
0.13107684994849064                0.09780183820531885                0.0016610017755200475              
0.13122541129517912                0.09771522273673823                0.0016545274931183895              
0.13137397246563748                0.09594953695263728                0.001656026234668188               
0.13152253345966647                0.09635101121903818                0.0016365979310509172              
0.13167109427706694                0.09560368114310887                0.001654498604670947               
0.13181965491763964                0.09653846814048535                0.0016452499711562824              
0.1319682153811855                 0.09579286962969867                0.0016474437614150208              
0.13211677566750527                0.0956660106368813                 0.0016528569198106457              
0.13226533577639982                0.09355011684805697                0.0016230971689065806              
0.13241389570766995                0.0956754599316924                 0.0016485970456318474              
0.1325624554611165                 0.09608946974168411                0.0016421352312669367              
0.13271101503654026                0.09396228255920915                0.001635921275255933               
0.1328595744337422                 0.09216345978271515                0.001620898861949183               
0.13300813365252293                0.09281523875735094                0.0016273360843736232              
0.13315669269268346                0.09554235431123627                0.0016438648761393617              
0.13330525155402462                0.09413402617278138                0.001630286140059368               
0.13345381023634717                0.09143335553072414                0.001613055445159583               
0.13360236873945192                0.09248642506311627                0.001622319215572895               
0.13375092706313985                0.09245138721406913                0.0016184708997277737              
0.13389948520721168                0.09070379976102669                0.0016122731581592585              
0.1340480431714683                 0.0917803690862494                 0.0016154110035948646              
0.13419660095571057                0.09095046497744891                0.0016123333458785683              
0.13434515855973928                0.0922909185290189                 0.0016156617055674953              
0.13449371598335533                0.09197974360322983                0.0016214336236979885              
0.13464227322635955                0.09268667543446261                0.00162408376693013                
0.13479083028855277                0.09420669436013272                0.0016416701425832584              
0.13493938716973589                0.08836422274030098                0.0015955836363821302              
0.1350879438697097                 0.08873176091332956                0.0015787170065473173              
0.13523650038827512                0.09051924880574588                0.0016156425537644191              
0.13538505672523296                0.09008491702210022                0.0016025387567025517              
0.1355336128803841                 0.08973412512824701                0.0016093380218641224              
0.13568216885352938                0.08782274660313993                0.0015878785307698053              
0.13583072464446966                0.09033100826148835                0.0015963429330834065              
0.1359792802530058                 0.08813473969656471                0.001588593636062951               
0.13612783567893869                0.0906794609334465                 0.0016050090603180872              
0.13627639092206914                0.08825763734198562                0.001589002984881062               
0.13642494598219812                0.08719345320324386                0.0015842883954244624              
0.13657350085912634                0.08755394581306863                0.0015840544870108584              
0.1367220555526548                 0.08740391129610443                0.001594707010504843               
0.13687061006258433                0.08686279073771355                0.001567450627650429               
0.13701916438871578                0.08851031005106334                0.0015969203541887078              
0.13716771853085005                0.08741785569050266                0.0015800414657514957              
0.137316272488788                  0.08643613546169035                0.0015781007058646673              
0.13746482626233048                0.08720844268405138                0.0015900823438317225              
0.13761337985127842                0.08681735720235355                0.0015704708742556037              
0.13776193325543262                0.0867634107928163                 0.0015824942048291032              
0.13791048647459406                0.08330610867405913                0.0015424412599031705              
0.13805903950856357                0.08560653503316663                0.001574011257994159               
0.13820759235714203                0.08582991254452299                0.001574661988957741               
0.1383561450201303                 0.08373490935963637                0.0015464097227170484              
0.13850469749732927                0.0825380893516947                 0.0015531809854141148              
0.1386532497885399                 0.08474102170838002                0.00155704501638369                
0.13880180189356303                0.08368703302704157                0.0015486980277380003              
0.1389503538121995                 0.0848884215907541                 0.001565312113598577               
0.13909890554425028                0.08192669925086075                0.0015343585200649004              
0.13924745708951625                0.08460320184661121                0.0015767613540835243              
0.13939600844779823                0.0846427483564594                 0.0015500151282590636              
0.13954455961889714                0.07881915980434599                0.001511010666718405               
0.139693110602614                  0.08323293575322344                0.0015458633663635085              
0.13984166139874957                0.08322777234199301                0.0015492450141931368              
0.13999021200710476                0.0822510508198796                 0.00155328965723182                
0.14013876242748052                0.08020863677831477                0.0015141792897599674              
0.14028731265967773                0.08205513080331168                0.001546559177635454               
0.1404358627034973                 0.0800292901462598                 0.0015178420029095545              
0.14058441255874016                0.08016797544693531                0.0015232143818788633              
0.14073296222520715                0.07988740157807554                0.001523947238560388               
0.14088151170269927                0.07913727968397491                0.0015093631664860289              
0.14103006099101734                0.08056588730864495                0.0015366105995118914              
0.14117861008996233                0.08008560170849717                0.0015197302322314933              
0.14132715899933507                0.07757675021923904                0.001495737708177727               
0.14147570771893658                0.0797900689005102                 0.0015209839292584786              
0.14162425624856775                0.0775287093893677                 0.0014992769111767913              
0.1417728045880295                 0.07732882809037739                0.0015081555460043758              
0.14192135273712264                0.07815213326732379                0.0014946571432756632              
0.14206990069564823                0.077998975995991                  0.0015058390830947428              
0.14221844846340712                0.0856343909145942                 0.0015785308794728668              
0.14236699604020028                0.08056959397951322                0.001591464194045851               
0.14251554342582856                0.07943668810520435                0.001610129630470819               
0.14266409062009294                0.07878180303848431                0.0016265293793295134              
0.14281263762279436                0.07863575021960001                0.001650831649674197               
0.14296118443373373                0.08026141763227976                0.0016868195081736325              
0.14310973105271196                0.07958299692809842                0.0016917242812757598              
0.14325827747953002                0.08054705149485773                0.0017114443498872061              
0.14340682371398877                0.07804884987706721                0.0017117457688758976              
0.14355536975588926                0.07563104908501848                0.0017018315651979308              
0.1437039156050323                 0.07905253069208479                0.0017502524480131386              
0.14385246126121892                0.07891475037613974                0.0017571354391103479              
0.14400100672425004                0.07678160793516978                0.0017610275258859527              
0.1441495519939266                 0.0775192059360672                 0.0017816976550612967              
0.14429809707004948                0.07624456508560568                0.0017827975916093171              
0.1444466419524197                 0.07661662492928083                0.0017837124003408148              
0.14459518664083823                0.0781747143300987                 0.0018204797168476375              
0.14474373113510589                0.07854059307794835                0.0018527641461069824              
0.14489227543502373                0.07178928874326514                0.0017858253039568033              
0.1450408195403927                 0.08056061937256703                0.0018956751783702423              
0.14518936345101366                0.07393897441566627                0.0018185991992669638              
0.14533790716668768                0.07515182630692756                0.0018712092488180271              
0.14548645068721563                0.07419360119835268                0.001856581391659778               
0.14563499401239854                0.07566220530117297                0.0018980910736181242              
0.1457835371420373                 0.07388742751266465                0.0018743256092107268              
0.14593208007593286                0.08065121651389988                0.0019801027617423416              
0.14608062281388626                0.07366888421099854                0.0019214337937428602              
0.1462291653556984                 0.07585685548621558                0.0019437700410777324              
0.14637770770117026                0.07347369513051713                0.0019308458406388316              
0.14652624985010276                0.07590942122066155                0.001962591363392539               
0.14667479180229695                0.07619058619378348                0.0019912728692275073              
0.14682333355755375                0.07741934020384265                0.0020268509826390202              
0.14697187511567414                0.07416042226773022                0.0019756804275564673              
0.14712041647645907                0.07415090422910689                0.0020033469436515705              
0.14726895763970954                0.07317751509765048                0.001996823373736985               
0.1474174986052265                 0.0728447033910072                 0.0020195719541233202              
0.14756603937281096                0.07523473156888796                0.0020506703202706187              
0.14771457994226384                0.0734418755892574                 0.0020527628276582745              
0.14786312031338616                0.07610991247071461                0.00211989701732904                
0.14801166048597889                0.0746176942870322                 0.0020783341147569247              
0.148160200459843                  0.07334095256330037                0.002104061391649263               
0.14830874023477952                0.07726269066524245                0.0021437061446274368              
0.14845727981058934                0.07408060626479053                0.002130548266937249               
0.14860581918707355                0.07055223644056101                0.0021072107769484765              
0.1487543583640331                 0.07667652435013624                0.002169607629721832               
0.14890289734126896                0.07274272466471919                0.002129384733109532               
0.1490514361185821                 0.07018920444072062                0.0020797371896213246              
0.1491999746957736                 0.07437765567960514                0.002191372695825288               
0.14934851307264435                0.07560552728028765                0.002202829588591792               
0.14949705124899543                0.07310233799683973                0.002157547287243909               
0.14964558922462776                0.07505526513479599                0.0022190554329226033              
0.14979412699934241                0.07432230395976651                0.002184061606291344               
0.14994266457294034                0.07328941804864325                0.0022198724647036266              
0.15009120194522255                0.07487524954872196                0.0021965202873224497              
0.15023973911599006                0.0741828916207613                 0.002235682351327621               
0.15038827608504382                0.07424098239149746                0.0022601277503844887              
0.15053681285218495                0.07794285204739855                0.0022728597215877326              
0.15068534941721437                0.07203947230141333                0.0022263691835835335              
0.1508338857799331                 0.0715925052082216                 0.002169469854794594               
0.15098242194014216                0.07211561219802703                0.0022394425024954007              
0.15113095789764253                0.07663054206974151                0.0023011033496349123              
0.15127949365223534                0.07363615353374461                0.0022437953461654503              
0.15142802920372145                0.07468909443736553                0.002279056297044143               
0.15157656455190194                0.07156880860670427                0.0021869006427955168              
0.15172509969657785                0.07408075092941986                0.002289454596167993               
0.1518736346375502                 0.07459169467878862                0.0022824687901787607              
0.15202216937462                   0.0694852047298004                 0.0021842486964462515              
0.15217070390758822                0.07282251789328477                0.0022824002273822614              
0.15231923823625595                0.06899628247003554                0.0021742573969262043              
0.1524677723604243                 0.07359523801622998                0.0023021004317604152              
0.15261630627989406                0.06961318829478655                0.0021839599554869765              
0.1527648399944665                 0.07087854760948752                0.0022492627215969564              
0.1529133735039425                 0.07367838426399834                0.0023241120505765687              
0.15306190680812318                0.06845964512220776                0.002212986041698165               
0.1532104399068095                 0.07259186285685681                0.002320045998502447               
0.15335897279980254                0.0714080131419889                 0.0022380668802337595              
0.15350750548690334                0.07610708165715166                0.002394773161164541               
0.1536560379679129                 0.07511334526236428                0.0023600020572596197              
0.15380457024263233                0.07062567176809222                0.0022806218881615426              
0.15395310231086262                0.0700419644321781                 0.0023412446628938745              
0.15410163417240483                0.06956354926505695                0.002255752638171637               
0.15425016582706                   0.07132507351754591                0.0023683101945945867              
0.15439869727462913                0.07129819150402339                0.002334197997441247               
0.15454722851491334                0.0703432733616435                 0.0023103762255047254              
0.15469575954771367                0.06723487004010996                0.0023394003260160004              
0.15484429037283115                0.07377888497713843                0.002368897231035151               
0.15499282099006684                0.07517282317882157                0.0024988291942791186              
0.15514135139922183                0.07393937418196046                0.002382663033296735               
0.1552898816000971                 0.06551894665750159                0.0022950286019064684              
0.15543841159249377                0.07064000763870364                0.00239492055376501                
0.15558694137621287                0.0706543848679459                 0.0023981660862557193              
0.15573547095105544                0.07334889448555479                0.0024810633659620267              
0.15588400031682265                0.07093529566526945                0.0023939502745446177              
0.15603252947331542                0.07186888802871075                0.0024464453998441758              
0.15618105842033492                0.072569079991207                  0.002477467541760757               
0.15632958715768216                0.07025796111697917                0.0024313770032871745              
0.15647811568515826                0.07109010906580099                0.0024780454236134316              
0.15662664400256424                0.07055414965484759                0.0024460250411280087              
0.1567751721097012                 0.06878869797946835                0.002447392042513856               
0.1569237000063702                 0.070178935082371                  0.002492127055883768               
0.15707222769237236                0.06733832217271783                0.002392763087568055               
0.15722075516750872                0.07305527629992908                0.002549646722742285               
0.1573692824315803                 0.07011474714306963                0.002518596067432395               
0.1575178094843883                 0.06359337904712638                0.0024053225013846626              
0.15766633632573374                0.07071059345558288                0.0025015609712071246              
0.15781486295541766                0.07257909574510778                0.00256605853868767                
0.15796338937324125                0.06894871688809841                0.0025294830970464706              
0.1581119155790055                 0.06654974139663405                0.0024958102951702908              
0.1582604415725116                 0.07096324404048669                0.0025408917283741336              
0.15840896735356055                0.0687575452092885                 0.002555354043219452               
0.15855749292195345                0.06792027194271322                0.002547209206345064               
0.15870601827749145                0.06495903406072687                0.002472948163132439               
0.15885454341997562                0.06886060931571032                0.0025916032191504886              
0.159003068349207                  0.06757704492359048                0.002559663098965953               
0.15915159306498677                0.06739782350728911                0.002563934040096921               
0.15930011756711598                0.06793932701262602                0.00259772509421228                
0.15944864185539576                0.07155404613205635                0.002653792676134871               
0.15959716592962722                0.06646813568282947                0.00258531084497206                
0.1597456897896114                 0.06889381400971663                0.00263614853068825                
0.15989421343514953                0.07015276154811655                0.0026726073636456978              
0.16004273686604262                0.07289973171288164                0.0027416765856750213              
0.1601912600820918                 0.07030511567744531                0.002688183284665976               
0.16033978308309815                0.07177077312087829                0.002742220282794619               
0.16048830586886284                0.06950988668530429                0.0027118389597070186              
0.160636828439187                  0.06654249330087303                0.0026490148318858236              
0.16078535079387168                0.0676318697907498                 0.0026881254917485754              
0.16093387293271805                0.06754213906237554                0.0026952247667285083              
0.1610823948555272                 0.06474008095871228                0.0026743880938806313              
0.16123091656210026                0.062028133931229364               0.0025957966153542606              
0.16137943805223834                0.07078540490614911                0.0028156922243207693              
0.1615279593257426                 0.0658452444954965                 0.0026971263052545692              
0.16167648038241414                0.06620212723221447                0.0027324542169668556              
0.16182500122205412                0.06910815835638989                0.0028213287506102104              
0.16197352184446365                0.07148084903386287                0.0028592339613545143              
0.16212204224944385                0.06566043776068665                0.0027648031899115432              
0.16227056243679583                0.06345400186875799                0.0027130972044654314              
0.1624190824063208                 0.07190559758475758                0.00290898910569562                
0.16256760215781982                0.06640591050411392                0.002826423249880398               
0.1627161216910941                 0.07021674536186123                0.0028956897740207137              
0.1628646410059447                 0.05985314381282981                0.0026983881157705766              
0.16301316010217284                0.06729153710124465                0.0028719328187773586              
0.1631616789795796                 0.060933165546270596               0.0027277431132645834              
0.16331019763796614                0.06509031988029472                0.002879426225092708               
0.16345871607713366                0.06668557510466701                0.002864390717540288               
0.16360723429688329                0.0659862399825807                 0.002904882239884165               
0.1637557522970161                 0.06417747896501981                0.0028992429716715464              
0.16390427007733335                0.06219369424395178                0.0027982265941641996              
0.16405278763763612                0.06670847189025965                0.0029922839140026666              
0.1642013049777256                 0.06444400109051335                0.0028936210699188653              
0.16434982209740293                0.06456117096045434                0.002943736009906245               
0.16449833899646926                0.06414509456486374                0.0029587925789025405              
0.16464685567472578                0.06295074684277656                0.002906795408712053               
0.16479537213197368                0.06219979076868425                0.0029321262560614036              
0.16494388836801405                0.06233813638336994                0.002935388198395704               
0.16509240438264808                0.06552939273920201                0.003042125686310741               
0.16524092017567696                0.06281820555464311                0.002998149371908699               
0.16538943574690185                0.06083321321108088                0.0029439255243930494              
0.1655379510961239                 0.0550476684740318                 0.0028128044619316213              
0.1656864662231443                 0.061892333093635205               0.0030093082134959852              
0.16583498112776424                0.06287909554139134                0.0030609064791624592              
0.16598349580978486                0.06179253968991971                0.0030554444417709363              
0.16613201026900737                0.06691135974008035                0.003164798717501051               
0.16628052450523292                0.060062463649501074               0.0030336125243809083              
0.16642903851826274                0.06665906961920204                0.003203430451412734               
0.16657755230789795                0.05928916073017682                0.003057605002497845               
0.1667260658739398                 0.059337677939724616               0.003088996128527115               
0.16687457921618937                0.05963066800516838                0.0030589887246839794              
0.16702309233444793                0.062013166347508454               0.0031896131030590058              
0.16717160522851673                0.06317973170054686                0.003203339556305253               
0.16732011789819684                0.06213456574025078                0.0032172058630057492              
0.1674686303432895                 0.06088489794712967                0.003217866845226825               
0.16761714256359592                0.06098914529990424                0.003179278974012832               
0.16776565455891726                0.06636396566084352                0.0034043996063273995              
0.16791416632905476                0.06304589489605227                0.0033182049945290667              
0.1680626778738096                 0.06618959151756747                0.003399930941896236               
0.168211189192983                  0.06877815065599249                0.0035328962935153594              
0.1683597002863761                 0.06083959567695161                0.003304353257261648               
0.16850821115379017                0.06332505123774664                0.0033994668654155637              
0.1686567217950264                 0.061233848463397654               0.0033810736666244506              
0.16880523220988602                0.060836854299420456               0.0033798252388566917              
0.1689537423981702                 0.054526616955780746               0.003247012787906961               
0.16910225235968016                0.059113340474089164               0.003341283554138325               
0.16925076209421713                0.06397778069714041                0.003559818942995322               
0.16939927160158233                0.0655698395485097                 0.0036260204124986943              
0.169547780881577                  0.0627895953074582                 0.003526615019820909               
0.16969628993400226                0.06394056353645688                0.003625736720950002               
0.16984479875865943                0.06538249303754409                0.003678052592446043               
0.16999330735534968                0.06475923600875373                0.0036840242210065166              
0.17014181572387424                0.06323644074860206                0.0037006327849082614              
0.17029032386403442                0.057537975406507756               0.003495183092237842               
0.17043883177563132                0.05679281511727613                0.003542638472943713               
0.17058733945846627                0.06293905405762444                0.00376806260443305                
0.1707358469123404                 0.06156198954384363                0.0037396245428863045              
0.17088435413705508                0.060131450767033                  0.003722043361753646               
0.1710328611324114                 0.06543381694501064                0.003896527095277418               
0.17118136789821065                0.05756522569877092                0.0037081021584122686              
0.17132987443425413                0.05775112477182587                0.003727819074433803               
0.17147838074034302                0.05797336422853429                0.0038061378288631394              
0.17162688681627855                0.06547005529551966                0.004044753524038628               
0.17177539266186204                0.0604375984298344                 0.0039012302033920028              
0.17192389827689467                0.06159208411083147                0.004000835790907295               
0.17207240366117768                0.058421223055328805               0.003912174457168359               
0.17222090881451232                0.0613919210751409                 0.004111107110496463               
0.1723694137366999                 0.06280525862714209                0.004123367237581172               
0.17251791842754163                0.062194549811386945               0.004155548155693854               
0.17266642288683876                0.054889485169343354               0.003920677512095953               
0.17281492711439256                0.054819587184774324               0.003987538219689833               
0.17296343111000428                0.06497149795185461                0.004441360165759954               
0.1731119348734752                 0.0571509738511508                 0.004146167419966823               
0.1732604384046066                 0.05474473130906617                0.004057949467364089               
0.17340894170319962                0.052356000905332184               0.004063613762655481               
0.17355744476905563                0.05725259020187773                0.004291263063340132               
0.1737059476019759                 0.06066279745655449                0.004484323023549404               
0.17385445020176168                0.058274136018141395               0.00441775085066039                
0.17400295256821427                0.0577912833613908                 0.0044454833354916                 
0.17415145470113486                0.0635753251500631                 0.00471251663239916                
0.17429995660032482                0.05811448974486505                0.0045800634121203635              
0.17444845826558536                0.05899834230434904                0.004693656097451801               
0.17459695969671776                0.06081774496784067                0.004793109769315093               
0.17474546089352336                0.06308437756446066                0.004881615696933492               
0.17489396185580336                0.058556155345360926               0.0048461418977735725              
0.1750424625833591                 0.06250606074926385                0.005069911002015679               
0.17519096307599183                0.059488762811563504               0.005009857588362869               
0.1753394633335029                 0.06064210094790952                0.005125192963180193               
0.17548796335569353                0.055754559121476574               0.00494741709660678                
0.17563646314236503                0.06863445885984801                0.005603980099289058               
0.1757849626933187                 0.05589682911447093                0.0051676636796941875              
0.17593346200835586                0.06497422965335688                0.005612918547400712               
0.17608196108727775                0.05736018377419359                0.005395992189070213               
0.17623045992988567                0.06446689206182861                0.0057205116312889605              
0.17637895853598098                0.06984774168263505                0.0061497507469274095              
0.17652745690536492                0.060985102011836684               0.005895652340301462               
0.17667595503783887                0.05642558829612398                0.00567098499858522                
0.176824452933204                  0.06558803049362599                0.0063406342322827915              
0.17697295059126175                0.05823248765540135                0.005974527172250775               
0.1771214480118134                 0.0570191718597857                 0.006148535427404149               
0.17726994519466022                0.05184213360184187                0.005986213958077588               
0.17741844213960353                0.06073807299365295                0.006549554849938466               
0.17756693884644464                0.05337293909524915                0.006425346804676373               
0.1777154353149849                 0.055153954014323686               0.006455282050239074               
0.17786393154502564                0.0599778740635814                 0.007068460245251859               
0.17801242753636812                0.06678106315576747                0.0077631409046598375              
0.17816092328881367                0.05105281421021778                0.0068839600637780555              
0.17830941880216367                0.0590694986810235                 0.007625839488680833               
0.1784579140762194                 0.052400474370865174               0.007410546153006131               
0.17860640911078218                0.061495831863828246               0.008447102145309209               
0.17875490390565335                0.0709932445690971                 0.009242533197446041               
0.17890339846063424                0.052793818943757786               0.008453776759783968               
0.17905189277552622                0.06780224146153395                0.009786410589869156               
0.1792003868501306                 0.06822615273628654                0.010527523922234359               
0.17934888068424865                0.06326749635574856                0.010401112330230448               
0.17949737427768178                0.08325251050617095                0.013001857752419415               
0.17964586763023138                0.06497770977785415                0.012743177311763347               
0.1797943607416987                 0.06497785049660627                0.012743204908981157               
0.17994285361188503                0.06822689089839491                0.014888328189208969               
0.18009134624059184                0.052794732480302815               0.014642624233241223               
0.18023983862762047                0.08447175535700373                0.02342824963600976                
0.18038833077277225                0.07310071635309005                0.024366905451030017               
0.18053682267584845                0.09746783375559911                0.039791076505939334               
0.18068531433665053                nan                                nan                                
