#####################################################################################################
# NeXus source file: noemi5saxs
# NXdata: name = img{0}_azimuthalIntegration_Px_32                 
#
#
# Exposure_msec                                     1000.0 + 0.0
# _diffrn_source.source                             Storage Ring SOLEIL, beamline SWING
# _diffrn_sofware                                   Foxtrot 3.5.10-3979
# _diffrn_detector.detector                         EIGER-4M
# _diffrn_comment.comment                           -
# _sas_detc.pixnum_ax                               [1035]
# _sas_detc.pixnum_eq                               [1083]
# _sas_detc.pixsize                                 150.0
# _sas_detc.center_ax                               285.110346632731
# _sas_detc.center_eq                               957.0166664324403
# _sas_detc.dist_spec/detc                          6137.21860334
# _sas_detc.energy                                  12.000513668149837
# _sas_detc.gain                                    1.0
# _sas_detc.detector_based_uncertainty              0.0
# _sas_detc.encoder_delta                           0.0
# _sas_detc.delta0                                  0.0
# _sas_detc.gamma_offset                            0.0
# _sas_detc.wave_length                             1.0331573224991384
# _sas_detc.bias                                    0
# _sas_detc.mask                                    E:\20251487\published-data\3120\2026-09-03_session3\\mask_bags_saxs_12kev_sept26.txt
# Normalization                                     true
# Normalization Factor                              0.02571
# Normalization Monitor                             averagemi8b
# Normalization Intensity                           1.344789584553903e-06
# GlobalNormalization                               31.245796309987306
# AbsTimeStamps                                     nan
# TimeStamps                                        1.3919110298156738
# gapTime                                           500.0
# step_global_regrid                                nan
# xmax_global_regrid                                nan
# xmin_global_regrid                                nan
# ymax_global_regrid                                nan
# ymin_global_regrid                                nan
#####################################################################################################
q(A-1)                             I(q)12_00201{00000}_AzInt_Px_32    Sig(q)12_00201{00000}_AzInt_Px_32  
0.0                                nan                                nan                                
0.00014863910320409943             nan                                nan                                
0.0002972782062084175              nan                                nan                                
0.0004459173088131729              nan                                nan                                
0.0005945564108185842              nan                                nan                                
0.0007431955120248703              nan                                nan                                
0.0008918346122322496              nan                                nan                                
0.001040473711240941               nan                                nan                                
0.001189112808851163               2219.730721193361                  4.214289484686749                  
0.0013377519048631344              2140.568100452892                  1.6895191582958866                 
0.001486390999077074               2090.446227311503                  1.2473533373215897                 
0.0016350300912932002              2029.0373000956497                 1.0581207802879995                 
0.0017836691813117322              1989.7207101109798                 1.0760165341886487                 
0.0019323082689328885              1950.0937292427673                 0.9953176429078306                 
0.0020809473539568878              1919.7945842010133                 0.9112043004042452                 
0.0022295864361839487              1889.9575888098116                 0.8806087026636237                 
0.0023782255154142914              1862.7786568244242                 0.8049908874022119                 
0.002526864591448133               1839.1457350153264                 0.8273001520446769                 
0.0026755036640856928              1815.0452986653404                 0.7473625451053993                 
0.00282414273312719                1790.0114249856488                 0.7386479953725977                 
0.002972781798372844               1762.0045100573288                 0.7095757676305924                 
0.0031214208596228726              1740.1371806702016                 0.678427346204406                  
0.003270059916677496               1721.1761389083706                 0.6861578290781397                 
0.0034186989693369323              1695.2085230847395                 0.6247531690758952                 
0.0035673380174014                 1668.3665038166619                 0.6220288116105394                 
0.0037159770606711206              1645.1933500505352                 0.6110872736929341                 
0.0038646160989463108              1622.700661332882                  0.5903783259921126                 
0.004013255132027191               1599.0683864194934                 0.5821694186674922                 
0.00416189415971398                1572.7405742592898                 0.5393986409227864                 
0.004310533181806896               1548.9428612408371                 0.5432095828973321                 
0.004459172198106161               1523.417623804267                  0.5308732136590956                 
0.0046078112084119915              1498.6173786566765                 0.5147667454468783                 
0.004756450212524608               1473.9234017844328                 0.5091035949568563                 
0.0049050892102442305              1446.6522881955427                 0.4775715790721921                 
0.005053728201371077               1423.1675823978492                 0.48705929212691546                
0.00520236718570537                1396.5984571258828                 0.45916871291368866                
0.005351006163047325               1372.162554869342                  0.45729619519617737                
0.005499645133197165               1345.7757827153332                 0.4444905942084354                 
0.005648284095955107               1321.528531795259                  0.4307004552501086                 
0.005796923051121373               1296.2759380754162                 0.4352423732059756                 
0.005945561998496182               1270.7576647131928                 0.4049580543297988                 
0.006094200937879753               1243.5510958133293                 0.4030447825273087                 
0.006242839869072308               1219.418041928146                  0.39749564617171934                
0.006391478791874063               1195.6706295477989                 0.38968175403547045                
0.006540117706085243               1169.8983978266058                 0.38021458216707993                
0.006688756611506066               1143.9837333940543                 0.3616058970165636                 
0.006837395507936751               1120.6189811649335                 0.3678837995341255                 
0.006986034395177519               1094.5186381417743                 0.3512020496655218                 
0.007134673273028592               1070.7239202471856                 0.3461468514344505                 
0.007283312141290187               1045.951774129257                  0.3391673236960912                 
0.007431950999762529               1021.7950587990861                 0.32690824463913426                
0.007580589848245835               998.1586916375812                  0.3296331181321698                 
0.007729228686540326               974.3037395537249                  0.31167315408625534                
0.007877867514446222               950.495212881528                   0.3102674194196423                 
0.008026506331763748               926.6781434099311                  0.30162020351259267                
0.00817514513829312                903.7779639886924                  0.29428114055959753                
0.008323783933834563               881.5818357903884                  0.29601123329740286                
0.008472422718188292               859.2067126336276                  0.2787096674949364                 
0.008621061491154536               837.0002051946009                  0.2758648113106693                 
0.00876970025253351                815.0747011201383                  0.27069397304118653                
0.00891833900212544                793.686084800784                   0.2663715093537377                 
0.009066977739730543               772.6136974549983                  0.2599235227308827                 
0.009215616465149042               751.1072909384599                  0.250201740186534                  
0.00936425517818116                730.2149917267277                  0.251661721479194                  
0.009512893878627117               710.3786771629467                  0.24113573664896024                
0.009661532566287137               690.5356458909375                  0.23713835302025824                
0.009810171240961438               670.5761347637825                  0.23279921018410016                
0.009958809902450245               651.3635029787757                  0.22332052709559586                
0.010107448550553781               632.9223116604458                  0.22819467364229856                
0.010256087185072265               613.4486921545698                  0.21318290539673082                
0.01040472580580592                595.0524566504159                  0.2134492534275962                 
0.010553364412554972               577.2039687627223                  0.20513396587568405                
0.010702003005119639               559.7818641381149                  0.2022448943920129                 
0.010850641583300147               541.8870984979276                  0.20106246274267037                
0.010999280146896714               525.3291733987822                  0.19201652472499128                
0.011147918695709568               508.95711735141487                 0.18983516951241108                
0.011296557229538928               492.47390004561476                 0.18371240997253263                
0.011445195748185017               476.4416251254654                  0.18089111898825389                
0.011593834251448063               460.96161429325247                 0.17754761366476218                
0.011742472739128288               445.74255053842427                 0.1704538113533404                 
0.01189111121102591                430.91890136405397                 0.1705744767628428                 
0.012039749666941157               416.46399724473105                 0.16409358757166545                
0.012188388106674252               402.00742180265144                 0.15961615914119498                
0.012337026530025419               388.02163462078084                 0.1572829526981706                 
0.012485664936794882               374.6269018758611                  0.15243342359663198                
0.012634303326782862               361.99486380068373                 0.15146459305747154                
0.012782941699789586               349.00649336441745                 0.14489939690714806                
0.012931580055615283               336.582172160805                   0.14324239600325955                
0.013080218394060168               324.3319998380158                  0.13800739457723052                
0.01322885671492447                312.68701712782314                 0.13638591745984005                
0.013377495018008414               301.2263527863218                  0.133245436638313                  
0.013526133303112226               290.2983734782364                  0.1286905577845607                 
0.013674771570036126               279.0882873381829                  0.12629397717599647                
0.013823409818580348               268.88538786964807                 0.12254967791113401                
0.013972048048545106               258.48495976061037                 0.1214345112213379                 
0.014120686259730635               248.63996211258188                 0.11653130629479068                
0.014269324451937156               239.35551623653623                 0.11337168072491974                
0.014417962624964894               229.85691252035014                 0.11242769950248394                
0.014566600778614077               220.969385689255                   0.10856666545626986                
0.014715238912684931               212.38603201876583                 0.10679377884099808                
0.01486387702697768                203.82676800986587                 0.1028239241414254                 
0.015012515121292555               195.72657910062622                 0.10019332612572909                
0.015161153195429777               188.17896294059014                 0.09920099998185482                
0.015309791249189571               180.5076550039733                  0.09523231935121254                
0.015458429282372172               173.26786667114436                 0.09419444928253495                
0.015607067294777802               166.17989808243297                 0.09004169689682039                
0.015755705286206685               159.38413596777818                 0.08893016057333618                
0.015904343256459057               152.82436124053388                 0.08714847462269266                
0.01605298120533514                146.64278233079054                 0.08357034218016607                
0.016201619132635157               140.40350727020592                 0.08257579889976893                
0.01635025703815934                134.4816821916349                  0.07920927975625434                
0.016498894921707925               128.9119730218493                  0.0787666552105991                 
0.016647532783081127               123.73944484962222                 0.07592457248489874                
0.016796170622079182               118.41245134179614                 0.07347452983977462                
0.016944808438502313               113.53515677885204                 0.07256836973433103                
0.01709344623215075                108.7148120747916                  0.07005320617301672                
0.017242084002824728               104.08989279531772                 0.06923388428318557                
0.01739072175032447                99.79095355529607                  0.06605366364459576                
0.017539359474450206               95.57670096168802                  0.06513513178100212                
0.017687997175002166               91.60340714569278                  0.06363462472645307                
0.017836634851780577               87.57059465430588                  0.0614174450213954                 
0.017985272504585672               83.91995487551658                  0.0607816472132034                 
0.01813391013321768                80.51150595352661                  0.05807502335892779                
0.018282547737476833               77.1378048441143                   0.05748843446317418                
0.018431185317163357               73.93121683045813                  0.05587100937143222                
0.018579822872077482               71.2056425889651                   0.05433201306007913                
0.01872846040201944                68.78965445777462                  0.05375159659102398                
0.018877097906789472               65.52327211884271                  0.052632886520695504               
0.019025735386187796               62.82993280483533                  0.05273774284474708                
0.019174372840014643               60.292020008400726                 0.05092732777627205                
0.01932301026807025                58.31333252275129                  0.05021986726338263                
0.019471647670154846               55.60485447927713                  0.050970466559719756               
0.019620285046068664               53.220511654336505                 0.04968468822857193                
0.019768922395611937               51.01114021588787                  0.04958566237867516                
0.019917559718584898               48.87277018070422                  0.047925606460866944               
0.020066197014787773               47.01866444809956                  0.04796826580990875                
0.0202148342840208                 45.11389507312888                  0.047721966748872524               
0.020363471526084212               43.3832694382929                   0.04590143733623198                
0.02051210874077824                41.759527970768616                 0.04639165832815872                
0.020660745927903117               40.05089058858518                  0.04417040331393798                
0.020809383087259083               38.471899989694045                 0.044964646785332824               
0.02095802021864636                37.07331188341822                  0.04374646019882936                
0.02110665732186519                35.68855871432267                  0.04268141991065429                
0.021255294396715804               34.36576305315577                  0.04242780564401196                
0.021403931442998434               33.02823465135839                  0.04119143229765319                
0.021552568460513323               31.858141960296205                 0.041606469591751016               
0.021701205449060703               30.71732193042538                  0.040145336822236276               
0.021849842408440803               29.596554253667282                 0.039470914813609474               
0.02199847933845386                28.627653405260357                 0.03940717774271483                
0.02214711623890011                27.615881280375252                 0.03819017623414126                
0.02229575310957979                27.5628822110266                   0.03790414530566185                
0.022444389950293145               26.348389790484703                 0.035991105229183785               
0.022593026760840393               25.349027772787576                 0.035493303008371155               
0.02274166354102178                24.44504320671647                  0.03485469020793917                
0.02289030029063754                23.483528701539637                 0.03322132407533223                
0.02303893700948792                22.73274545485864                  0.033176769138501525               
0.02318757369737314                21.927184199800166                 0.03189156440280982                
0.023336210354093452               21.329089029604862                 0.03213619256905834                
0.02348484697944908                20.634438361923255                 0.030914794307047907               
0.02363348357324028                19.944179833544258                 0.030526142366736123               
0.023782120135267273               19.315064579268594                 0.03004083354742643                
0.023930756665330306               18.728928858971233                 0.02911762898450117                
0.02407939316322961                18.16104543411024                  0.029150880646917867               
0.024228029628765434               17.498613543431023                 0.02800670939085517                
0.024376666061738005               17.018722077683385                 0.027776054595114244               
0.024525302461947576               16.578044332366733                 0.02743352333825837                
0.024673938829194372               16.00074273286665                  0.026540703409453168               
0.024822575163278647               15.572521076047627                 0.026702412681744298               
0.02497121146400064                15.085163360099127                 0.025474063906802923               
0.02511984773116057                14.677757614577994                 0.025740471436009126               
0.025268483964558705               14.22265714397777                  0.02507442091089102                
0.025417120163995274               13.804785082883345                 0.024352669755441005               
0.02556575632927051                13.406324010020517                 0.024310646198920417               
0.02571439246018467                13.080157487511606                 0.023438997113293145               
0.025863028556537982               12.676978403701552                 0.02372194720967432                
0.0260116646181307                 12.3413525511514                   0.02296416352139099                
0.026160300644763053               11.975660619518923                 0.022606292194134667               
0.0263089366362353                 11.639892482292717                 0.022257473306090604               
0.026457572592347666               11.312211015551794                 0.021898312004311523               
0.026606208512900405               10.995658206495456                 0.021705047996415094               
0.026754844397693756               10.743558349680647                 0.021063654747860587               
0.02690348024652797                10.407156643598713                 0.020811982475678288               
0.02705211605920328                10.196298509672804                 0.020776434509491914               
0.027200751835519926               9.896036321431177                  0.020163811501770653               
0.027349387575278168               9.662936642507317                  0.020028026887044994               
0.027498023278278244               9.39038401195284                   0.01965453341638983                
0.0276466589443204                 9.185765571934219                  0.019377053153333903               
0.027795294573204874               8.968722576960637                  0.019257762228187553               
0.027943930164731925               8.74517046911526                   0.018798908208214452               
0.02809256571870178                8.531279219605263                  0.018567594329641803               
0.028241201234914706               8.31743822673408                   0.018310312913283493               
0.02838983671317093                8.127632477807424                  0.018066089914644565               
0.028538472153270714               7.929078161253879                  0.01782170841794526                
0.0286871075550143                 7.769932136362152                  0.01759795849752174                
0.02883574291820193                7.579353553057174                  0.017241797014414015               
0.028984378242633856               7.41764295395271                   0.01728068676241412                
0.029133013528110326               7.27502730556063                   0.016820119318702604               
0.02928164877443159                7.118812044938658                  0.016781904872406505               
0.029430283981397888               6.990765255763883                  0.01658933266458599                
0.029578919148809477               6.82724545699327                   0.016274501357560117               
0.029727554276466603               6.704750983455536                  0.016196704496901235               
0.029876189364169515               6.576125030067287                  0.0158859820610043                 
0.03002482441171847                6.464414418796664                  0.01575992821892923                
0.0301734594189137                 6.365462808839892                  0.015676530318005037               
0.030322094385555477               6.227130000493544                  0.015486588294239406               
0.03047072931144404                6.1562429080268135                 0.01525206146640984                
0.03061936419637964                6.046116809395136                  0.015159842144845581               
0.030767999040162516               5.951977491735343                  0.014952829499240277               
0.030916633842592953               5.872288522640649                  0.015011817871747414               
0.031065268603471176               5.764894479148291                  0.014621872201611841               
0.031213903322597436               5.685353041970851                  0.014657158891442095               
0.031362537999772004               5.621040588452099                  0.014438292196360473               
0.031511172634795116               5.548687082802665                  0.014345069777505657               
0.03165980722746703                5.516442917570385                  0.01436169537920287                
0.03180844177758801                5.426208524649216                  0.014056167185742235               
0.03195707628495829                5.356236444786046                  0.014061560403371481               
0.03210571074937814                5.29844225115586                   0.013961360960014423               
0.032254345170647805               5.267008154680937                  0.013856326269265234               
0.03240297954856755                5.18909287315948                   0.013784894722475589               
0.03255161388293761                5.16718689177987                   0.013578268634478441               
0.03270024817355827                5.094844411862762                  0.01366696114426596                
0.03284888242022977                5.0459455786791                    0.013463132919089115               
0.03299751662275236                5.0163844993039435                 0.0134236415642469                 
0.033146150780926295               4.997113827251092                  0.013367862832384048               
0.03329478489455186                4.9445161234790636                 0.013223656921969631               
0.033443418963429276               4.877190553418421                  0.013311008454705824               
0.033592052987358824               4.874426286246863                  0.0130576596903359                 
0.03374068696614075                4.797083323487035                  0.013025025098489658               
0.03388932089957531                4.797465264657624                  0.012975461585193792               
0.03403795478746278                4.792341173160704                  0.012997066613922111               
0.03418658862960341                4.816396686818322                  0.013080165021589044               
0.034335222425797444               4.72757867311832                   0.013120172006793935               
0.034483856175845165               4.704187523995201                  0.013254598468813706               
0.03463248987954682                4.656328239813642                  0.013210146162352776               
0.034781123536702666               4.6134347175251715                 0.013282025693595005               
0.03492975714711298                4.59288315614513                   0.013228725414709198               
0.03507839071057801                4.669617906691102                  0.012973263171385332               
0.03522702422689801                4.574831878472583                  0.012943358588895826               
0.03537565769587327                4.509129369450253                  0.012677201755495927               
0.03552429111730402                4.470043937579118                  0.012657428476008393               
0.035672924490990535               4.423617608453308                  0.012480220430123189               
0.03582155781673309                4.370941770043633                  0.012344732171853993               
0.03597019109433192                4.331405224663484                  0.012431793359350102               
0.03611882432358732                4.276186055119879                  0.012092220632790638               
0.03626745750429954                4.246316736658212                  0.012160858140441287               
0.03641609063626884                4.205264668006753                  0.011972359564426148               
0.03656472371929549                4.155840140212123                  0.011946410575894096               
0.03671335675317976                4.094714532371078                  0.011858231667119822               
0.0368619897377219                 4.105132093553535                  0.011760287358501929               
0.03701062267272219                4.015274786372062                  0.0116554308620739                 
0.03715925555798089                3.9731835449059347                 0.01158805870267154                
0.03730788839329828                3.906564943692169                  0.011472344533471814               
0.037456521178474596               3.868402600060474                  0.011362478828682401               
0.03760515391331015                3.8272640832348985                 0.011214538134447918               
0.037753786597605164               3.7502384754723628                 0.01119928322575426                
0.03790241923115994                3.706881424384237                  0.011053799564080249               
0.038051051813774724               3.663418628444382                  0.011005823627319038               
0.03819968434524979                3.5827634757625213                 0.010828210608947106               
0.03834831682538542                3.569245820095242                  0.010774765655656578               
0.03849694925398188                3.5123701567530308                 0.010765433570210689               
0.03864558163083943                3.457258027224868                  0.01058826189470039                
0.03879421395575834                3.407273567375832                  0.01050612310782647                
0.038942846228538906               3.3211906853214828                 0.010269142892062811               
0.03909147844898136                3.281539992724596                  0.010336648574564204               
0.03924011061688601                3.223314775830813                  0.01012675099357328                
0.0393887427320531                 3.1684999473644635                 0.00997602721283795                
0.039537374794282924               3.1090833522358516                 0.00989176236524253                
0.039686006803375744               3.0627805912258768                 0.009760415991925665               
0.039834638759131825               2.984200521617497                  0.00968630830604917                
0.03998327066135146                2.9456363772776735                 0.009534951090930405               
0.04013190250983492                2.8833826616131657                 0.00937954524543419                
0.04028053430438246                2.814494279408974                  0.009324784378293689               
0.04042916604479439                2.7697164605646574                 0.009197199586205662               
0.04057779773087095                2.7273884458091993                 0.009188231550863495               
0.040726429362412435               2.665145074805406                  0.00894122505405772                
0.04087506093921912                2.604135180237408                  0.008943691666715547               
0.04102369246109126                2.5549249191462056                 0.008837608386671936               
0.04117232392782917                2.5111871097258853                 0.00869136228623993                
0.041320955339233106               2.4579179555225075                 0.008655821264331356               
0.041469586695103346               2.4152000807288276                 0.008523639829881304               
0.04161821799524017                2.353271216853431                  0.008453472450135623               
0.041766849239443855               2.291397339852485                  0.00833764763814361                
0.04191548042751469                2.2720805298936546                 0.00822483704498937                
0.042064111559252944               2.2144436716550886                 0.00814260280467694                
0.0422127426344589                 2.169929618602388                  0.008037823886496803               
0.042361373652932834               2.196994939552862                  0.008087798104149065               
0.04251000461447503                2.0986376405156584                 0.008067686183149934               
0.04265863551888578                2.053463925357386                  0.00801541383454478                
0.042807266365965366               2.0100133027357776                 0.008045010464694071               
0.04295589715551405                1.9569257958979929                 0.007946059174495663               
0.04310452788733213                1.9064530427846897                 0.007882752248988021               
0.04325315856121989                1.8828900517898424                 0.0078100656734607496              
0.0434017891769776                 1.8429202190920022                 0.0078101760138675                 
0.043550419734405564               1.784385524115328                  0.00767720897014129                
0.04369905023330405                1.7467357295644543                 0.0075762647513334894              
0.043847680673473347               1.7080996157949198                 0.007558258868810446               
0.04399631105471376                1.687876423670282                  0.007436084056575966               
0.04414494137682554                1.6395132842338977                 0.007408834403899935               
0.044293571639608995               1.6225778823425085                 0.00734363549245143                
0.04444220184286442                1.5793037367701581                 0.00723378945729238                
0.044590831986392084               1.5509698596083261                 0.007183496022001366               
0.04473946206999227                1.5199456894040884                 0.007107595781711355               
0.044888092093465295               1.4949174870711064                 0.007138348746567472               
0.04503672205661142                1.4664847230969007                 0.006952663668573709               
0.04518535195923094                1.4382018977440707                 0.006997907290145113               
0.04533398180112416                1.4164852456960646                 0.0069045927871017486              
0.04548261158209136                1.3882566387727695                 0.00685711440289836                
0.04563124130193283                1.3764050387181235                 0.006897475599768152               
0.04577987096044885                1.3325189072449108                 0.006686289268963857               
0.045928500557439744               1.3189525949692216                 0.006748348542937338               
0.04607713009270576                1.3151116326750556                 0.006727639855838471               
0.04622575956604723                1.2799061989513456                 0.0066227544530907834              
0.04637438897726441                1.2523378893811545                 0.0065651163506926895              
0.04652301832615762                1.2305108117879864                 0.006459218602722999               
0.04667164761252716                1.211898482396781                  0.006510973965408361               
0.0468202768361733                 1.1987391476014189                 0.006382052907921254               
0.04696890599689635                1.1827622410861602                 0.006356273273960209               
0.04711753509449661                1.1590367230570517                 0.006298926577532564               
0.04726616412877436                1.146740902458535                  0.0061929925800543704              
0.0474147930995299                 1.123190516387578                  0.006194138605502029               
0.04756342200656354                1.1247544800810447                 0.006123748900121637               
0.04771205084967556                1.1118063424368614                 0.006117142040581688               
0.04786067962866626                1.0934469665444886                 0.006076018231516709               
0.048009308343335964               1.0898599791060546                 0.005987609004735074               
0.04815793699348494                1.067079336230112                  0.006002315404661104               
0.048306565578913496               1.0623417886350537                 0.0059024453737744126              
0.04845519409942194                1.0470110519374112                 0.00593934714208244                
0.04860382255481056                1.0316040099318629                 0.005904818154926211               
0.04875245094487968                1.020243751840393                  0.005778401016088432               
0.04890107926942957                1.0126528251711475                 0.0058227293621059455              
0.04904970752826055                1.0072964625351835                 0.0057563557234629826              
0.04919833572117292                0.9855472492407523                 0.0057533102358363775              
0.04934696384796698                0.9889876740956421                 0.005721472960425402               
0.049495591908443035               0.9872976913601271                 0.005698931244072045               
0.049644219902401386               0.9728753990704223                 0.005683501780493415               
0.04979284782964235                0.9624839053247078                 0.005612461143384205               
0.049941475689966215               0.9530763727173236                 0.005642963801271074               
0.05009010348317329                0.9505985710923381                 0.005560672625624548               
0.050238731209063886               0.9455105549019798                 0.005585650436759349               
0.05038735886743832                0.9252592223137961                 0.005548437987462157               
0.05053598645809688                0.9262184611356654                 0.00551418207283659                
0.05068461398083988                0.921510806799775                  0.005505802416106071               
0.050833241435467615               0.9152635570042312                 0.005445296992514317               
0.05098186882178042                0.9008111581935966                 0.005457657678566874               
0.05113049613957859                0.8954325028835224                 0.005405167406247351               
0.05127912338866244                0.8915592584244566                 0.005407263804325476               
0.05142775056883227                0.8832227822552962                 0.005390216454604954               
0.051576377679888395               0.8808276416521466                 0.005336487532896194               
0.05172500472163113                0.8713596278363724                 0.005370481739373094               
0.05187363169386079                0.8705737387191975                 0.005276107579764989               
0.052022258596377664               0.8654758379388375                 0.005297816766094105               
0.05217088542898209                0.8534659115372158                 0.005287787332500201               
0.052319512191474384               0.8460516913936452                 0.005238032414546363               
0.052468138883654855               0.8426365632232269                 0.005224805450042884               
0.052616765505323786               0.8337173037498826                 0.005178767942565022               
0.05276539205628153                0.827462792495051                  0.005167103047910783               
0.0529140185363284                 0.825604187269294                  0.005169120515202716               
0.05306264494526469                0.8170676223155365                 0.005163254064443997               
0.053211271282890736               0.8044822737652463                 0.005089723444915954               
0.053359897549006836               0.805050694043548                  0.005068628079126635               
0.053508523743413326               0.8022676628030102                 0.005090403790309356               
0.053657149865910525               0.793908063905096                  0.005035942970323591               
0.05380577591629874                0.7880019176276044                 0.005029742551243537               
0.0539544018943783                 0.779547585302152                  0.005000182822916181               
0.05410302779994951                0.7748842107214594                 0.004980218376380213               
0.054251653632812716               0.7668384683284916                 0.004976743303341404               
0.05440027939276821                0.7688825258236613                 0.004900025356869923               
0.05454890507961633                0.7590645669401967                 0.004931590674919447               
0.0546975306931574                 0.7500435913360117                 0.004904655768169082               
0.05484615623319174                0.7499157333702263                 0.004887130042867622               
0.05499478169951966                0.7434799029602402                 0.004875828432076763               
0.05514340709194151                0.7324881709750346                 0.004773353543587442               
0.05529203241025758                0.7180095962194767                 0.004793980360161976               
0.055440657654268234               0.7238774881075908                 0.004768444304874923               
0.05558928282377376                0.7097136952641264                 0.004749613541226338               
0.05573790791857452                0.7215133940243948                 0.004772377434179547               
0.05588653293847082                0.7041839097065384                 0.004687066082176736               
0.05603515788326298                0.6983299691620274                 0.004713713739936163               
0.05618378275275134                0.7033425347577088                 0.004684268303209791               
0.05633240754673624                0.69050355415572                   0.004671005572980438               
0.05648103226501799                0.692288043953059                  0.004649580589385977               
0.05662965690739693                0.6924728270649604                 0.0046570228075749325              
0.056778281473673364               0.6817808361968247                 0.004648301622331279               
0.05692690596364766                0.6839972774011673                 0.004588209701363738               
0.05707553037712013                0.6708011536453462                 0.004583575018083247               
0.05722415471389112                0.6604473319448827                 0.004521597150439812               
0.05737277897376094                0.6565677280833832                 0.004536909182954083               
0.057521403156529954               0.6546817397557526                 0.004514939111622847               
0.05767002726199845                0.6542205067446041                 0.004489394754222161               
0.05781865128996681                0.6552968222429001                 0.004539194425703554               
0.05796727524023534                0.6357488833580734                 0.0044044212939970875              
0.058115899112604404               0.6399246947304065                 0.004463770156669229               
0.0582645229068743                 0.6374579738472134                 0.004435785120905141               
0.058413146622845386               0.6275364410306448                 0.004382156511946731               
0.058561770260317995               0.6230309378161596                 0.00441090067713203                
0.05871039381909247                0.6222239008986615                 0.004351109702198356               
0.05885901729896914                0.6226098632941544                 0.004388059780874774               
0.059007640699748364               0.6206425986927342                 0.004345580375111261               
0.05915626402123044                0.6049305734257622                 0.004298403162784346               
0.05930488726321576                0.6096249009858365                 0.0043462666211164964              
0.059453510425504646               0.600068150211436                  0.004266869791626675               
0.05960213350789743                0.599155410426637                  0.004286027773175804               
0.05975075651019445                0.5917410224674569                 0.004235157088168097               
0.05989937943219608                0.5830664265677149                 0.004230119767519915               
0.060048002273702626               0.583543780279495                  0.004201746488503831               
0.060196625034514444               0.5796078923723229                 0.004185576461865306               
0.060345247714431886               0.5977671487592071                 0.004276972445631573               
0.06049387031325529                0.5872467343900559                 0.004324776864340643               
0.060642492830785                  0.570418203093443                  0.004327439147827474               
0.060791115266821405               0.5749033820897724                 0.004366872614708004               
0.06093973762116479                0.5646100808689848                 0.004354765476677689               
0.06108835989361553                0.5529010216340322                 0.004371749511729564               
0.06123698208397396                0.5535521836444629                 0.0043649074261370175              
0.061385604192040456               0.5407293115261442                 0.004370823256414439               
0.061534226217615354               0.5441567479275897                 0.004370208317410053               
0.06168284816049901                0.5438694285544613                 0.004422725959681387               
0.061831470020491754               0.5420163477016833                 0.004435164903946715               
0.06198009179739396                0.5298313693298251                 0.0043726534363284445              
0.06212871349100597                0.5317843988016702                 0.004438631808841666               
0.06227733510112815                0.5224303427824016                 0.0043642065587721655              
0.06242595662756082                0.5153583994676108                 0.0044368136917595745              
0.06257457807010439                0.5132759793105405                 0.004388737854379845               
0.06272319942855915                0.5120758079807006                 0.0043759172137835855              
0.06287182070272551                0.5083129221346033                 0.004416940655536568               
0.0630204418924038                 0.49830737653561785                0.0043654106969818855              
0.06316906299739436                0.4976657179243568                 0.004402225632133152               
0.0633176840174976                 0.49759252259775405                0.00423993864202918                
0.06346630495251382                0.49720520300693866                0.0042216456640553875              
0.06361492580224343                0.4873543224968453                 0.004140392919744542               
0.06376354656648675                0.47715479535949795                0.004072300712503424               
0.06391216724504416                0.46980840051169115                0.004029907444724921               
0.06406078783771602                0.46829654691443695                0.0039701833423310875              
0.06420940834430268                0.45641765700363046                0.003936097826944673               
0.06435802876460452                0.4507526917498205                 0.0038889795271600486              
0.06450664909842187                0.45983622503140403                0.003909572718882963               
0.06465526934555513                0.4483703809214945                 0.0038726077163849884              
0.06480388950580464                0.4390144726236286                 0.003802309575855781               
0.0649525095789708                 0.4368257165841783                 0.003806552282797074               
0.06510112956485392                0.42918540675884376                0.0037384126833596453              
0.06524974946325443                0.422991713484392                  0.0037094547547991707              
0.06539836927397262                0.41799184384152577                0.00369687210832731                
0.06554698899680893                0.4219898957933885                 0.0037069464073449473              
0.06569560863156369                0.40828037470242856                0.0036388393954793143              
0.06584422817803728                0.4099562421996858                 0.0036117039613434974              
0.06599284763603007                0.40277873505957024                0.0035781709722433118              
0.06614146700534243                0.398763015856833                  0.003574517449278688               
0.06629008628577472                0.390170008362547                  0.003534026847163361               
0.06643870547712732                0.3862267671532901                 0.003510862286747118               
0.06658732457920061                0.38486227767956394                0.003448387371524513               
0.06673594359179495                0.3782026746334926                 0.0034690194342826253              
0.06688456251471071                0.3675317062639857                 0.003407895608911931               
0.0670331813477483                 0.36267736814164636                0.0033670845729102334              
0.06718180009070804                0.3586521937591959                 0.0033582019385734983              
0.06733041874339035                0.35204951105155374                0.003319007112890141               
0.06747903730559558                0.3457477738093764                 0.003284356712644687               
0.06762765577712412                0.3475704637584353                 0.0032660569860922667              
0.06777627415777635                0.3463042597495426                 0.0032886044636448006              
0.06792489244735264                0.3426024893947698                 0.0032473075547564986              
0.06807351064565337                0.3296441484983437                 0.003200730339950358               
0.06822212875247895                0.33358475200887255                0.0032042885484542477              
0.0683707467676297                 0.3253224875960836                 0.003141782982815391               
0.06851936469090604                0.3166019014062686                 0.0031186630135754977              
0.06866798252210835                0.3246248200022473                 0.0031488788286381493              
0.06881660026103702                4.175418969233996                  0.011309353888050202               
0.06896521790749241                0.30832273490141726                0.003071729879451738               
0.06911383546127492                0.30409980811722                   0.0030247085188745307              
0.06926245292218494                0.2977589276503186                 0.0030128963956371647              
0.06941107029002283                0.2981076761974795                 0.002984959735205855               
0.06955968756458901                0.29065125589746876                0.002973891002755566               
0.06970830474568386                0.28821485063871394                0.0029322791584196067              
0.06985692183310774                0.28421841658648966                0.0029227958622133113              
0.07000553882666105                0.28016812910457134                0.0028951084649100423              
0.0701541557261442                 0.2870370706395283                 0.002906043382817416               
0.07030277253135758                0.27727638856932785                0.0028828267840415333              
0.07045138924210155                0.2761259578528506                 0.0028568491168573036              
0.07060000585817654                0.26850340884570156                0.0028276051821214494              
0.07074862237938288                0.26697425021799065                0.0028143120460277227              
0.07089723880552104                0.2674256286752382                 0.0027884080176550684              
0.07104585513639136                0.2609451202359626                 0.0027888239831547197              
0.07119447137179426                0.2599936918964274                 0.00275314494934891                
0.07134308751153012                0.25690884613154175                0.002745529927784102               
0.07149170355539934                0.25567485760146313                0.0027452273299487574              
0.07164031950320233                0.2515726332154603                 0.002698382655963165               
0.07178893535473949                0.2504267601718872                 0.0027244452192863784              
0.07193755110981116                0.250512258537053                  0.00269026083585461                
0.07208616676821783                0.2468965384810446                 0.0026841337544559335              
0.07223478232975981                0.2509773729414781                 0.0027074607114144136              
0.07238339779423758                0.23929181741560707                0.0026485181284299068              
0.07253201316145147                0.236196655309134                  0.0026422455680253677              
0.07268062843120196                0.2327436722402319                 0.0025757267470182836              
0.07282924360328936                0.23719100348748667                0.002626070384631867               
0.07297785867751416                0.2321756588972305                 0.002595802780075057               
0.0731264736536767                 0.23125665897555334                0.0025871455201621424              
0.07327508853157742                0.23614827855596748                0.002614365582425637               
0.07342370331101672                0.23062948177015713                0.00256286622021673                
0.07357231799179499                0.22837069880330213                0.0025732828588002506              
0.07372093257371265                0.22726344916572896                0.0025531995880959386              
0.07386954705657013                0.22499189068233114                0.0025324787730491467              
0.07401816144016779                0.22588975542022943                0.0025274205194624187              
0.07416677572430608                0.22199366245482652                0.002518917384159383               
0.07431538990878538                0.22333252608328039                0.002534435529314625               
0.07446400399340614                0.22564752096799434                0.0025127848620152492              
0.07461261797796873                0.22222579929027755                0.002499128616829376               
0.07476123186227358                0.22063224490174013                0.0024771383147652315              
0.0749098456461211                 0.2210844190564308                 0.0024883391680480165              
0.07505845932931171                0.22324186660920858                0.0024993589302692862              
0.07520707291164581                0.22079190980482657                0.0024705367232489856              
0.07535568639292387                0.2193351794787027                 0.0024602507062520744              
0.07550429977294623                0.22471393300208542                0.002484885877474578               
0.07565291305151335                0.22042682716455234                0.002470631166022467               
0.0758015262284256                 0.21749972706688625                0.0024373638100632007              
0.0759501393034835                 0.21778917353081978                0.0024358706067059786              
0.07609875227648738                0.21998502796535382                0.00245966111643772                
0.07624736514723769                0.2155591010687635                 0.0024151616990036287              
0.07639597791553485                0.2205504528685664                 0.0024481438604230295              
0.07654459058117927                0.21930991034171973                0.0024319776104336182              
0.07669320314397139                0.21416934014248307                0.002405334485685007               
0.07684181560371163                0.2166397840242893                 0.002430475587696834               
0.07699042796020039                0.2147225094873783                 0.0024033759581182455              
0.07713904021323813                0.2151814562808124                 0.002413051865735958               
0.07728765236262525                0.21746398448147283                0.002404568962345725               
0.07743626440816222                0.21199538814409682                0.002397150329321004               
0.0775848763496494                 0.2183086199651587                 0.00242745011060012                
0.07773348818688727                0.21790632923237413                0.0024090183449696624              
0.07788209991967622                0.21194270626567763                0.002388778781612506               
0.07803071154781671                0.2160824153212487                 0.0023969241756899543              
0.07817932307110918                0.2135049046990264                 0.0024005989647271036              
0.07832793448935403                0.21480312749520264                0.002386848757504117               
0.07847654580235171                0.21577877773128848                0.0023892969030507713              
0.07862515700990265                0.21621133474950724                0.0024147518977059635              
0.07877376811180728                0.21411070444456498                0.0023771010417046943              
0.07892237910786605                0.21040895988096028                0.0023662376490721777              
0.07907098999787937                0.2087789555277583                 0.002345386857054832               
0.07921960078164769                0.21248463065997827                0.0023670852041491                 
0.07936821145897144                0.21175842989423396                0.002379758898748924               
0.07951682202965109                0.20655007806178624                0.002325194793112912               
0.07966543249348702                0.21360185359094266                0.0023752607676406565              
0.07981404285027972                0.21295435644375046                0.0023619351382479126              
0.07996265309982961                0.20780391390495348                0.0023457094954362485              
0.08011126324193714                0.2103235517657194                 0.0023550239844469458              
0.08025987327640273                0.21117992296789656                0.0023396654883474843              
0.08040848320302686                0.21118352523857362                0.0023608085081854536              
0.08055709302160995                0.20761502589287226                0.002322658670831497               
0.08070570273195243                0.20571358107814228                0.002327160093953874               
0.08085431233385477                0.20055988366345784                0.002281004974475996               
0.08100292182711742                0.2062155051904511                 0.0023129437337906836              
0.0811515312115408                 0.2026169870888011                 0.002304848034879999               
0.0813001404869254                 0.20299080025592894                0.0022966522361187007              
0.08144874965307163                0.20152819576155864                0.00228743624095122                
0.08159735870977995                0.20344629528738                   0.002292725602112837               
0.08174596765685078                0.1997320363299672                 0.002272618811667026               
0.08189457649408466                0.19475665885347895                0.0022505071658127044              
0.08204318522128196                0.20227710771583615                0.0022824500745898383              
0.08219179383824317                0.19992631765577754                0.0022755660541662593              
0.0823404023447687                 0.1986244536252366                 0.002253606606442643               
0.08248901074065908                0.19833665217767388                0.0022646719255809836              
0.0826376190257147                 0.19856922495534204                0.002261438344313565               
0.08278622719973604                0.19609044743421714                0.0022382945920444513              
0.08293483526252357                0.19627069896533578                0.0022465073193520197              
0.08308344321387771                0.19006922814010338                0.002199280286302284               
0.08323205105359896                0.18989414586643205                0.0022097153192339306              
0.08338065878148777                0.19052766994460288                0.002201933200384485               
0.0835292663973446                 0.1859775521078541                 0.0021746183534872747              
0.0836778739009699                 0.18857770012375505                0.0022038167143271165              
0.08382648129216412                0.18904260958628624                0.00219683365043181                
0.08397508857072775                0.18765551939621736                0.002178362372898481               
0.08412369573646125                0.18546266087947183                0.0021562510452056653              
0.08427230278916509                0.18174847410804143                0.002148051018784                  
0.08442090972863972                0.18246965001486812                0.0021540184755856904              
0.0845695165546856                 0.17862214587129435                0.0021278115732026636              
0.08471812326710323                0.17882688553715798                0.002124830012581953               
0.08486672986569305                0.17736618120644018                0.002108665018567636               
0.08501533635025554                0.1747032709050127                 0.002106847504806493               
0.08516394272059116                0.17872660302373006                0.0021142566004031882              
0.08531254897650041                0.17351655446591616                0.002086476141370487               
0.08546115511778372                0.17256212057060724                0.002084819619111144               
0.08560976114424161                0.3196674093789433                 0.0028144055197332654              
0.08575836705567454                0.1738905583277885                 0.0020961321916813614              
0.08590697285188292                0.16727193490219566                0.0020382351204473077              
0.0860555785326673                 0.1651217939750381                 0.002032200895453303               
0.08620418409782817                0.16594066079425515                0.0020404253939935893              
0.08635278954716594                0.166622208847326                  0.002037439657762999               
0.08650139488048113                0.16556745363521305                0.0020294030694755286              
0.08665000009757422                0.16507322974468228                0.0020169915415838117              
0.08679860519824566                0.15912811106642513                0.001986464864337969               
0.08694721018229597                0.1599448560129334                 0.0020055879862517054              
0.0870958150495256                 0.15748301763132344                0.001970077445085602               
0.08724441979973506                0.1562173754119922                 0.001964415744934227               
0.0873930244327248                 0.15933060490299045                0.0019831295307343047              
0.08754162894829534                0.15630344075272307                0.001961933528883366               
0.08769023334624715                0.15621191351160593                0.0019659019955618777              
0.08783883762638073                0.14767032454249335                0.0018967980187813917              
0.08798744178849653                0.15127771336689033                0.001933113529165296               
0.08813604583239507                0.1490983873170042                 0.0019110466788288959              
0.08828464975787681                0.1502215284306716                 0.0019233895799014018              
0.08843325356474228                0.14687399325669637                0.001898192589964633               
0.08858185725279195                0.14839773027638795                0.0018978616115586508              
0.08873046082182631                0.1455652820856085                 0.0018918946668663565              
0.08887906427164587                0.1456601654030731                 0.0018831343153412298              
0.0890276676020511                 0.14158052704328408                0.0018572830144623562              
0.0891762708128425                 0.14185582235198235                0.0018612147151984176              
0.08932487390382057                0.13947866813539653                0.0018350867857699845              
0.08947347687478581                0.142476330727812                  0.0018596177007081855              
0.08962207972553873                0.13920822094137886                0.001838864290017248               
0.0897706824558798                 0.1396213085305319                 0.0018415915949541505              
0.0899192850656095                 0.13708902548141125                0.001819302830070677               
0.0900678875545284                 0.14023468792001184                0.0018442356321150789              
0.09021648992243694                0.1359371154071235                 0.0018068821781918776              
0.09036509216913566                0.13161951134947575                0.0017792920149707072              
0.09051369429442505                0.13568579756191815                0.0018038603816330156              
0.0906622962981056                 0.1339183796852629                 0.0018042794380890338              
0.09081089817997783                0.13408554749537727                0.0018013076546673625              
0.09095949993984224                0.13053569965283685                0.0017627088225561716              
0.09110810157749934                0.13281932593295187                0.0017867172548870942              
0.09125670309274964                0.1325525668716516                 0.0017749569332252307              
0.09140530448539363                0.133320068870655                  0.001793453368331223               
0.09155390575523184                0.12865627086717396                0.0017506280002844825              
0.09170250690206479                0.12801360187601496                0.0017397906464286452              
0.09185110792569297                0.12740963025356153                0.0017532513082408846              
0.09199970882591689                0.12578115438639473                0.001728389375576399               
0.09214830960253707                0.12510752218442314                0.0017263190541161062              
0.09229691025535404                0.12746945973214427                0.001737376549201245               
0.09244551078416828                0.1273015929140762                 0.001738807253231942               
0.09259411118878036                0.12801381795386457                0.0017514788951955597              
0.09274271146899074                0.12533916488108382                0.001715205529941378               
0.09289131162459997                0.12588988799781567                0.0017240338031511548              
0.09303991165540855                0.12196061085278131                0.001695042174593163               
0.09318851156121703                0.12398121200260724                0.0017052666482366447              
0.09333711134182592                0.1225153210636582                 0.0017115352257284391              
0.0934857109970357                 0.12150068280256307                0.0016844254928932868              
0.09363431052664693                0.12137325658784759                0.0016878573367545096              
0.09378290993046016                0.12417794718392822                0.0017047506052901631              
0.09393150920827588                0.12163626112892939                0.0016952891916033879              
0.09408010835989462                0.11957255002054772                0.0016746790045337186              
0.0942287073851169                 0.11912490102763403                0.0016630355976683078              
0.09437730628374329                0.12066613866161031                0.001686031283103335               
0.09452590505557425                0.12107620992197202                0.0016821008161171033              
0.09467450370041036                0.11783902440744565                0.0016510478804424955              
0.09482310221805212                0.12023468024675547                0.0016738051583584026              
0.09497170060830008                0.11641976979338313                0.0016416702133589954              
0.0951202988709548                 0.12212139028773042                0.001693681840750969               
0.09526889700581676                0.11853795435367173                0.0016535529992644234              
0.09541749501268652                0.12068687366802816                0.0016733040543307233              
0.09556609289136461                0.11835996844099489                0.0016576961358718686              
0.09571469064165158                0.11649184248977411                0.0016404047956065015              
0.09586328826334796                0.1165260989525282                 0.0016448057274556194              
0.09601188575625429                0.11718777001763309                0.001634718513967374               
0.09616048312017107                0.1189807881659055                 0.0016626447050020312              
0.09630908035489893                0.11391006793725728                0.0016192107705273922              
0.09645767746023834                0.11669372545570322                0.0016406470623821657              
0.09660627443598986                0.11596499343994354                0.0016302403920510414              
0.09675487128195404                0.11560106663101173                0.001623040698520325               
0.0969034679979314                 0.11438768656616373                0.0016284697817736014              
0.09705206458372252                0.11578205501685232                0.0016289568588899422              
0.09720066103912794                0.11514133106738446                0.0016186613143541688              
0.09734925736394817                0.11379890748841377                0.0016091986717115768              
0.09749785355798385                0.11275726734674167                0.0016075407503783371              
0.09764644962103541                0.11404936859771637                0.0016202090581267214              
0.09779504555290348                0.11531865749045982                0.0016102126280785733              
0.09794364135338857                0.11122572217085977                0.0015931712910107563              
0.09809223702229126                0.11234323443755727                0.0015988781212100222              
0.09824083255941213                0.11291468503072336                0.001605223769434357               
0.09838942796455168                0.11261263112352313                0.0015951373671306776              
0.09853802323751046                0.11199173944617657                0.0015868201960232253              
0.09868661837808908                0.11322233287175815                0.001606839401502273               
0.09883521338608807                0.1106796082643425                 0.001575839765992076               
0.098983808261308                  0.1126761814083648                 0.00160410409596866                
0.0991324030035494                 0.11221579688794056                0.0015817597957652138              
0.09928099761261285                0.10893045257918973                0.0015688475443869482              
0.09942959208829895                0.11132043580431303                0.0015915917293591558              
0.09957818643040817                0.11235119275465694                0.0015860335098663292              
0.09972678063874114                0.11268629708748006                0.0015872883905514235              
0.09987537471309844                0.1097415984159804                 0.0015642295172733202              
0.10002396865328061                0.11019173062034211                0.0015751322423647718              
0.10017256245908819                0.10758366713474035                0.0015596750501011654              
0.10032115613032179                0.10623245092971603                0.0015299901526997924              
0.10046974966678197                0.10685166734736305                0.0015472754763279709              
0.10061834306826929                0.10656983782269261                0.0015361243520106104              
0.1007669363345843                 0.106186852884558                  0.0015429963641833977              
0.10091552946552765                0.1061881100780643                 0.0015413881803539946              
0.10106412246089981                0.10519113828860971                0.0015219540268894877              
0.10121271532050144                0.10872504777896397                0.0015629741530318632              
0.10136130804413308                0.10773159606780959                0.001581554287290213               
0.10150990063159528                0.10758901073783964                0.0016063429798639853              
0.10165849308268868                0.1011721411929848                 0.0015629818324248163              
0.10180708539721378                0.10367656340960645                0.0015967256135950743              
0.10195567757497122                0.1041652549295146                 0.0016224409054377729              
0.10210426961576155                0.10466504529562355                0.001618682166359046               
0.1022528615193854                 0.10267454454256973                0.0016107916656298384              
0.10240145328564329                0.10247798363682503                0.0016260202568532855              
0.10255004491433584                0.10230698052638584                0.0016292655647883792              
0.1026986364052636                 0.09996642089007114                0.0016311404264930888              
0.1028472277582272                 0.10234337366833467                0.0016308794978383194              
0.10299581897302723                0.10326165205443964                0.0016633483578234098              
0.10314441004946424                0.1028485083191584                 0.0016586311795334955              
0.1032930009873388                 0.1024852397382218                 0.0016675844201436232              
0.1034415917864516                 0.10116766211578433                0.0016631861199885507              
0.10359018244660313                0.10153116077021898                0.001659103350366017               
0.10373877296759404                0.09847708600694104                0.0016558372913857847              
0.10388736334922487                0.10122457813781015                0.001677320306318494               
0.10403595359129628                0.10133558881363974                0.0016826284105096313              
0.1041845436936088                 0.10249567721917599                0.0016414548130272856              
0.10433313365596307                0.10324523952426107                0.001634085475667992               
0.10448172347815968                0.1027066180101838                 0.0016271918630601893              
0.10463031315999925                0.09869859562555942                0.0015762044599223596              
0.10477890270128232                0.09757090923945035                0.001556806415168842               
0.10492749210180954                0.09814884480570737                0.0015638395846223464              
0.10507608136138147                0.09942630493300718                0.001569715105241382               
0.10522467047979879                0.10182628125352684                0.0015812220638852924              
0.10537325945686203                0.10001271225250827                0.0015628894229915645              
0.10552184829237181                0.09937944693300453                0.0015526143417767693              
0.10567043698612877                0.0972851223021825                 0.0015309579837576711              
0.10581902553793347                0.09566813075972894                0.0015239266748410026              
0.10596761394758658                0.09589038464430642                0.001509196140876205               
0.10611620221488863                0.09324349893573013                0.001490989736627001               
0.10626479033964027                0.09610472575646718                0.0015159530134116297              
0.10641337832164213                0.09643594686432744                0.0015112456518841496              
0.10656196616069483                0.09317447963897103                0.001489886098686859               
0.10671055385659896                0.09475888593240424                0.0014822369223222631              
0.10685914140915509                0.09409462609523798                0.0014916875027738894              
0.10700772881816392                0.09479360322838061                0.0014895377701309984              
0.10715631608342602                0.09503302708224268                0.0014876174554649577              
0.10730490320474204                0.09354827438087836                0.0014743442335278883              
0.10745349018191253                0.0947990903397089                 0.0014729877081373034              
0.1076020770147382                 0.09272558016315838                0.0014699839391129896              
0.10775066370301965                0.09159945252033044                0.001454692775945999               
0.10789925024655744                0.09012451565376521                0.0014341658496955516              
0.10804783664515225                0.09099172588527007                0.001450908180617854               
0.1081964228986047                 0.094038857753976                  0.001460822575940205               
0.1083450090067154                 0.09328838367554042                0.0014675170080672999              
0.108493594969285                  0.08988033795210972                0.0014236264540174815              
0.10864218078611411                0.09221562601039282                0.0014481351314489885              
0.10879076645700335                0.09032893981655174                0.001438877082717036               
0.10893935198175338                0.08778944924137005                0.0014064776987094078              
0.1090879373601648                 0.08820235910554074                0.0014172825913193155              
0.10923652259203825                0.08582808686787828                0.0013771771917052867              
0.10938510767717442                0.08860408889133689                0.0014169854324122477              
0.1095336926153739                 0.08743370045050641                0.001405112783926963               
0.1096822774064373                 0.08780165060345121                0.001405591259396078               
0.10983086205016526                0.08763833645084618                0.0014047780394610505              
0.10997944654635847                0.08627244783900351                0.0013821737685699989              
0.11012803089481756                0.08858282443834106                0.0014103471321179216              
0.11027661509534314                0.09013477907565456                0.001419665405408466               
0.11042519914773584                0.08640180812618149                0.0013756226793759823              
0.11057378305179637                0.08636818532019916                0.0013824661907303535              
0.11072236680732529                0.08753792788227825                0.001381336253451829               
0.11087095041412333                0.08663396057276082                0.0013845934918990167              
0.11101953387199105                0.08606402597228452                0.0013631793883404721              
0.11116811718072916                0.08640929909589835                0.0013705406333759118              
0.11131670034013831                0.08973965386003087                0.0013962294449752061              
0.11146528335001911                0.08737631718122019                0.0013843122779814455              
0.11161386621017225                0.08894577936992033                0.0014288593842843428              
0.11176244892039836                0.08566291743385922                0.001400738482013934               
0.11191103148049807                0.08676464576604641                0.0014308561783145115              
0.1120596138902721                 0.085132639955352                  0.0014284321700597472              
0.11220819614952104                0.08403631975820464                0.0014160296565460184              
0.11235677825804559                0.0856480641045509                 0.0014435978259882789              
0.11250536021564642                0.08374655100429503                0.0014291137073992632              
0.11265394202212414                0.08340355059931075                0.0014416395337033725              
0.1128025236772794                 0.08273502859370926                0.0014369698465136313              
0.11295110518091295                0.08324424927380294                0.0014436383690173103              
0.11309968653282537                0.08070084266172749                0.0014326596634975195              
0.11324826773281738                0.08349130966655585                0.0014503239591736133              
0.11339684878068956                0.08385848694716679                0.0014586842384264075              
0.11354542967624269                0.08382868035869342                0.00145268185773203                
0.11369401041927737                0.08395742599831646                0.001456663711792911               
0.11384259100959429                0.08344747854999722                0.001453956526155123               
0.11399117144699408                0.0814761064526395                 0.0014389592918603597              
0.11413975173127745                0.08180381716692134                0.0014407082822532357              
0.11428833186224509                0.08166683336539568                0.0014349614769178058              
0.11443691183969763                0.08204490599091922                0.0014567500189153779              
0.11458549166343575                0.08293888093807432                0.0014552920638660472              
0.11473407133326015                0.08182107596437273                0.001447763856897042               
0.1148826508489715                 0.08131490033558399                0.0014467560963979692              
0.11503123021037048                0.07955696314250213                0.001423613850705229               
0.11517980941725774                0.08026277721914665                0.0014478811124847678              
0.115328388469434                  0.08110424648109595                0.0014414120171044706              
0.11547696736669993                0.08117532839089328                0.001454904522547772               
0.11562554610885617                0.08121999897299458                0.0014505884230001363              
0.11577412469570345                0.07898344258307453                0.0014275929488695815              
0.11592270312704248                0.08092626454592346                0.001462231030470128               
0.11607128140267389                0.08259062350406904                0.001454565317850303               
0.1162198595223984                 0.07934592896882199                0.001443130400759936               
0.11636843748601669                0.0759241337483833                 0.0014110927532790373              
0.11651701529332943                0.08051154424254486                0.0014495412291977094              
0.11666559294413735                0.07926101285659776                0.0014483089164771315              
0.11681417043824113                0.07780451503512599                0.0014146275460931996              
0.11696274777544145                0.08107321429826096                0.0014641693673498402              
0.11711132495553901                0.07879925617869234                0.0014434906859791133              
0.11725990197833454                0.07625705260983211                0.0014182603762687767              
0.11740847884362866                0.07907631952432465                0.001446625615882633               
0.11755705555122214                0.07752755192042544                0.001428851738880985               
0.11770563210091566                0.07790936412517813                0.001441283961862942               
0.11785420849250991                0.07723345403468009                0.001427315301293195               
0.1180027847258056                 0.07738962217300649                0.0014258254264344229              
0.11815136080060339                0.07664035312907429                0.00143009628790174                
0.11829993671670407                0.07588340583401747                0.0014224249682220262              
0.11844851247390831                0.07598931195215715                0.0014329955904894159              
0.1185970880720168                 0.07478955200206214                0.0014034009356385334              
0.11874566351083024                0.07594086037797294                0.001420013576580766               
0.11889423879014938                0.07298063292534972                0.0013972864336397406              
0.11904281390977489                0.07490833409753739                0.001420973129154003               
0.11919138886950753                0.07500703548891288                0.0014213119300330356              
0.11933996366914792                0.07297910915508948                0.0013908985423825018              
0.11948853830849689                0.0743339366404918                 0.0014149223024287874              
0.11963711278735512                0.07463075339460061                0.0014141817424950557              
0.11978568710552326                0.07298313505769954                0.0014037814270042982              
0.11993426126280209                0.07536397187817563                0.001421708692933915               
0.12008283525899235                0.07401956120281253                0.0014125253145553243              
0.12023140909389472                0.07628151101004448                0.0014369736110900985              
0.12037998276730992                0.07851615183628925                0.0014572547791233085              
0.12052855627903868                0.07270635186090234                0.0014005317835664125              
0.12067712962888173                0.07566689491348771                0.0014233766390395835              
0.12082570281663982                0.07233972744820033                0.0014071107682294645              
0.12097427584211363                0.07469375289826657                0.001427993511391852               
0.12112284870510388                0.07492712904114754                0.0014187792724749612              
0.1212714214054114                 0.07425834810002888                0.0014220102112516445              
0.12141999394283678                0.07488311531116987                0.0014207503871550196              
0.12156856631718085                0.07405261598606026                0.0014267293956860964              
0.12171713852824434                0.07536063049186706                0.0014264764461018316              
0.12186571057582794                0.07391522963602486                0.0014175204293986447              
0.12201428245973238                0.07238446182849913                0.0014136080385225903              
0.12216285417975847                0.07289745059782146                0.00140892590616507                
0.12231142573570686                0.0725154083722012                 0.0014142787109031137              
0.12245999712737837                0.07450758483523029                0.0014136254823368562              
0.12260856835457366                0.07543941704149254                0.0014425127431322074              
0.12275713941709357                0.07418817864777741                0.001431734743786038               
0.1229057103147387                 0.07157005536350917                0.0013966384439643245              
0.12305428104730994                0.07377047837421814                0.0014234086331209516              
0.12320285161460796                0.07285872675756928                0.0014097582131941428              
0.12335142201643355                0.07239261872343655                0.0014143068387774064              
0.12349999225258738                0.07253988324166286                0.0014188094113179025              
0.12364856232287029                0.07472303617008903                0.0014246533865157548              
0.12379713222708298                0.07361950424298094                0.001431192226285432               
0.12394570196502623                0.07033364181181351                0.001383352411986732               
0.12409427153650074                0.0724936544748875                 0.0014214442053899507              
0.12424284094130733                0.07049728866275784                0.0013879140151639262              
0.12439141017924672                0.07236467515942131                0.001411607432855667               
0.12453997925011973                0.07417365080353004                0.0014403329483431812              
0.12468854815372699                0.07325774777412364                0.0014190737153976537              
0.12483711688986938                0.07287958604374249                0.0014270924339889449              
0.12498568545834762                0.06972304315404994                0.001379100479478083               
0.12513425385896246                0.07209009536489724                0.001413803088470676               
0.12528282209151465                0.07187262760411112                0.0014221751182058654              
0.125431390155805                  0.07177485570969609                0.001402237839610313               
0.12557995805163427                0.07214618948271437                0.0014168117166259528              
0.12572852577880317                0.07180654414588075                0.0014104137305312075              
0.12587709333711253                0.07244652901294757                0.0014216137259062199              
0.12602566072636312                0.07244937968470641                0.0014266222736079729              
0.1261742279463557                 0.07277153516038261                0.0014149747777881005              
0.126322794996891                  0.07270242921051961                0.001429113712051891               
0.12647136187776986                0.06948470941450784                0.0013880295510127563              
0.126619928588793                  0.0715096911220742                 0.0014161028992708533              
0.12676849512976127                0.06891030715631977                0.00139134685799087                
0.12691706150047535                0.07090904139702112                0.0014003693729136473              
0.12706562770073607                0.07013199656837396                0.0013987289580036592              
0.12721419373034423                0.07036199908491464                0.0013925563002773135              
0.12736275958910062                0.07111474817905365                0.001409110996333612               
0.12751132527680595                0.06939299668906294                0.001382341582170248               
0.12765989079326104                0.07115235547608816                0.0014021699812188627              
0.12780845613826677                0.07095140663010018                0.0014050472189106524              
0.12795702131162376                0.06850829975356239                0.0013729145755569387              
0.12810558631313296                0.07107318575656225                0.0013989808840658667              
0.12825415114259503                0.068587389495219                  0.0013690124974720327              
0.1284027157998108                 0.07093598333615274                0.0014061210186199088              
0.1285512802845811                 0.0707879832750907                 0.0013979786187452948              
0.12869984459670672                0.06781130006377362                0.0013641612155722979              
0.1288484087359884                 0.07088280612747741                0.0014001243192817649              
0.12899697270222704                0.06720816233158394                0.0013523015444795725              
0.12914553649522334                0.06912784615667687                0.0013923376397801486              
0.12929410011477813                0.06844291144763928                0.0013705038214872158              
0.12944266356069217                0.06656288097144723                0.0013626894422494229              
0.12959122683276636                0.06704244862144143                0.0013687834448391086              
0.12973978993080143                0.06956279121315626                0.0013775485360461208              
0.12988835285459818                0.06682392644291635                0.0013677470313884542              
0.13003691560395744                0.06655414984547645                0.0013526260446663294              
0.13018547817868006                0.06944127057335553                0.0013888254114671106              
0.1303340405785668                 0.06762361236391193                0.0013735107370154143              
0.13048260280341842                0.06618607656340704                0.0013541243961412313              
0.13063116485303583                0.06748433698407703                0.0013720977470432945              
0.13077972672721977                0.06900558486681242                0.0013779088041565417              
0.1309282884257711                 0.06556752298970012                0.0013560213387921155              
0.13107684994849064                0.06750353756975379                0.0013705066105312877              
0.13122541129517912                0.06684426910645327                0.0013590838280794085              
0.13137397246563748                0.06766207998355594                0.0013811464241257941              
0.13152253345966647                0.06427289863070466                0.001327544484897817               
0.13167109427706694                0.06636951110321024                0.0013690984771131988              
0.13181965491763964                0.06491110923481724                0.0013398694526030913              
0.1319682153811855                 0.0677707537880344                 0.0013762154993379086              
0.13211677566750527                0.06458913555361563                0.0013488307080282173              
0.13226533577639982                0.06613733059258758                0.001355398386832378               
0.13241389570766995                0.06822915644800676                0.001382676301030672               
0.1325624554611165                 0.06812338428332872                0.001373220911198373               
0.13271101503654026                0.06663900254765892                0.0013682679226512484              
0.1328595744337422                 0.06717563420850552                0.001374370106692335               
0.13300813365252293                0.06776949759392739                0.001381039259736104               
0.13315669269268346                0.0638035757598659                 0.0013341723514843256              
0.13330525155402462                0.06748030134285878                0.0013708827328851847              
0.13345381023634717                0.06411100617684785                0.0013414810529793365              
0.13360236873945192                0.06492512957358569                0.0013499727704011008              
0.13375092706313985                0.0641668621978215                 0.0013391365405935572              
0.13389948520721168                0.06623180877332112                0.0013682973043831336              
0.1340480431714683                 0.06456009393615261                0.0013455861055462477              
0.13419660095571057                0.06535227951582566                0.001357388060191735               
0.13434515855973928                0.0626047531804262                 0.001321587375499388               
0.13449371598335533                0.06425294536499516                0.001345925055643506               
0.13464227322635955                0.06352236526175231                0.0013353170174515336              
0.13479083028855277                0.06422510937737998                0.0013462283240918609              
0.13493938716973589                0.06593154170657581                0.0013688291296298641              
0.1350879438697097                 0.0636681248623694                 0.001328149756983656               
0.13523650038827512                0.06365789422309928                0.001345619360821528               
0.13538505672523296                0.06501227900859305                0.001352077157275529               
0.1355336128803841                 0.06240509106617333                0.0013329066858224251              
0.13568216885352938                0.06411306234477274                0.001347436507879722               
0.13583072464446966                0.06361130668320297                0.0013304427883599815              
0.1359792802530058                 0.06120402481151356                0.0013147722431212665              
0.13612783567893869                0.06327214315554065                0.0013315288367803729              
0.13627639092206914                0.05886457238183659                0.0012888335755530675              
0.13642494598219812                0.0636594340403141                 0.001344450970906957               
0.13657350085912634                0.06335033645936265                0.0013382214831061036              
0.1367220555526548                 0.061876003638913615               0.001332594075304817               
0.13687061006258433                0.0635829754716671                 0.0013318910022497715              
0.13701916438871578                0.06269324065198809                0.0013348054318892127              
0.13716771853085005                0.06247998578297037                0.0013266615767907103              
0.137316272488788                  0.06286396503304158                0.0013366238574110839              
0.13746482626233048                0.06099779208000844                0.0013207441250668907              
0.13761337985127842                0.06041496504480702                0.0013011283816627393              
0.13776193325543262                0.060100548285927535               0.0013080800356126921              
0.13791048647459406                0.0605086212191406                 0.0013055698688394747              
0.13805903950856357                0.059062496574811225               0.0012984689094360923              
0.13820759235714203                0.06448565756033738                0.0013555665877214736              
0.1383561450201303                 0.06053709333060555                0.001305880259507885               
0.13850469749732927                0.0621845397881953                 0.001338928395523869               
0.1386532497885399                 0.05880969362337671                0.0012882497284300558              
0.13880180189356303                0.0591962993141544                 0.001293618502952094               
0.1389503538121995                 0.0640018166530846                 0.0013498768453933559              
0.13909890554425028                0.06147950372704901                0.0013200809904537732              
0.13924745708951625                0.0596241206165845                 0.0013146339419077297              
0.13939600844779823                0.05907546288355957                0.0012860738436168671              
0.13954455961889714                0.06148767715303565                0.0013254609988659957              
0.139693110602614                  0.06017948858382566                0.0013054764009781893              
0.13984166139874957                0.060930391807724506               0.001316510228241977               
0.13999021200710476                0.06050064979976499                0.0013230706112197712              
0.14013876242748052                0.05940740259565013                0.0012942205661443018              
0.14028731265967773                0.06058072118267355                0.0013197819100108366              
0.1404358627034973                 0.06124869988952098                0.0013187783289917842              
0.14058441255874016                0.06012042948805816                0.001310065141560631               
0.14073296222520715                0.0621961754032689                 0.0013354692840934677              
0.14088151170269927                0.061987293407063465               0.0013267093994081575              
0.14103006099101734                0.060591303218020164               0.0013234716854990804              
0.14117861008996233                0.06192693030819945                0.0013272426782477069              
0.14132715899933507                0.059935812722724024               0.0013057322502768789              
0.14147570771893658                0.05974222746330442                0.001307110162044157               
0.14162425624856775                0.060428694108753206               0.0013145994932244657              
0.1417728045880295                 0.06127556393104859                0.0013333383170600556              
0.14192135273712264                0.0617488682753689                 0.0013194925573142499              
0.14206990069564823                0.05964501112917411                0.0013078033830624788              
0.14221844846340712                0.06526659740830798                0.0013686605257251223              
0.14236699604020028                0.0623558494784928                 0.0013905005491969362              
0.14251554342582856                0.06026275194689553                0.001392823347083969               
0.14266409062009294                0.06098096004349303                0.0014212398072817735              
0.14281263762279436                0.06064314480466427                0.0014398090761488823              
0.14296118443373373                0.06329239636543435                0.0014876893421774298              
0.14310973105271196                0.061507847580030556               0.00147708668380349                
0.14325827747953002                0.059398955703756466               0.0014596497037533233              
0.14340682371398877                0.06054417084841358                0.0014973159725129633              
0.14355536975588926                0.06066261478574296                0.0015137297821776867              
0.1437039156050323                 0.059513676939214194               0.0015082470233292696              
0.14385246126121892                0.06452546196451861                0.001578021754140226               
0.14400100672425004                0.06390311230771452                0.0015955845719725866              
0.1441495519939266                 0.06309316175270362                0.0015964002118308029              
0.14429809707004948                0.06093768481128148                0.0015829305042275098              
0.1444466419524197                 0.05910654009732345                0.0015559741312351932              
0.14459518664083823                0.06205572411396654                0.0016108863340426418              
0.14474373113510589                0.06039858929757512                0.0016136439999885038              
0.14489227543502373                0.06340585829696643                0.0016668446299222411              
0.1450408195403927                 0.06023529744234864                0.0016279810119553687              
0.14518936345101366                0.06141611835939702                0.0016461247583547793              
0.14533790716668768                0.0578133816836797                 0.0016300016828979848              
0.14548645068721563                0.06122242866439944                0.001674971125760485               
0.14563499401239854                0.05908514420525855                0.0016658580017994153              
0.1457835371420373                 0.06045260356250145                0.0016837924236377515              
0.14593208007593286                0.06008390738671932                0.0016973938821340311              
0.14608062281388626                0.0625810756472015                 0.0017588393391160214              
0.1462291653556984                 0.05698958340051777                0.0016732717837251773              
0.14637770770117026                0.06036054999858208                0.001738119109816669               
0.14652624985010276                0.05900929855786311                0.0017185554510242447              
0.14667479180229695                0.05985512597636166                0.0017528795484949443              
0.14682333355755375                0.05862120711595332                0.0017516435964676086              
0.14697187511567414                0.06157273578175176                0.0017879118628679636              
0.14712041647645907                0.060808202927083506               0.0018017739632353853              
0.14726895763970954                0.05863662380668857                0.0017752379816057282              
0.1474174986052265                 0.06345754580835669                0.0018720750600545921              
0.14756603937281096                0.06367923840608175                0.0018737293885794956              
0.14771457994226384                0.05727391398220535                0.0018003900606247253              
0.14786312031338616                0.05713468969934526                0.001824170253066235               
0.14801166048597889                0.05652839604781865                0.0017965903620551162              
0.148160200459843                  0.05686122353053                   0.0018399859837244718              
0.14830874023477952                0.057201557427938664               0.0018319159571422972              
0.14845727981058934                0.05481861699423261                0.00182022230161571                
0.14860581918707355                0.05760971267386308                0.0018911314673196273              
0.1487543583640331                 0.05928232563524251                0.001894671344130853               
0.14890289734126896                0.06259059016620369                0.0019617115881200064              
0.1490514361185821                 0.05932516763262423                0.0018989523412943088              
0.1491999746957736                 0.05750694773705102                0.0019137113924261335              
0.14934851307264435                0.058115703294947176               0.0019181040275284456              
0.14949705124899543                0.05445666448967333                0.0018494452883695313              
0.14964558922462776                0.06018394446843609                0.0019735092840893554              
0.14979412699934241                0.061407992434954664               0.001971691809759222               
0.14994266457294034                0.05896022019425423                0.0019774623173077826              
0.15009120194522255                0.061079869851890525               0.0019703183823190492              
0.15023973911599006                0.060877172527207514               0.002011438397454616               
0.15038827608504382                0.05952020512598584                0.0020098545186490245              
0.15053681285218495                0.05994885155673438                0.001979685489646934               
0.15068534941721437                0.05524472380208274                0.0019363265672142607              
0.1508338857799331                 0.058101888717405306               0.0019410478670089026              
0.15098242194014216                0.058786001407872907               0.0020080915551163986              
0.15113095789764253                0.055684582597239435               0.0019481569418420754              
0.15127949365223534                0.05766125180620343                0.001971973203576524               
0.15142802920372145                0.056797053991618524               0.0019738340722050625              
0.15157656455190194                0.057015506246886144               0.0019385853708276432              
0.15172509969657785                0.06002051341898155                0.0020466825201928504              
0.1518736346375502                 0.055594946513770324               0.0019570348046479523              
0.15202216937462                   0.06149506119306773                0.0020407852831052916              
0.15217070390758822                0.0558132043484012                 0.001984489087932171               
0.15231923823625595                0.056769891940884075               0.001958747361799559               
0.1524677723604243                 0.05675291305928894                0.0020077737347885204              
0.15261630627989406                0.05697285093345927                0.0019622492188858163              
0.1527648399944665                 0.058577583000050885               0.002030812299032992               
0.1529133735039425                 0.0603090715779953                 0.002088332356665049               
0.15306190680812318                0.05609606465258214                0.0019895223880903676              
0.1532104399068095                 0.05763337169993425                0.0020531038572384965              
0.15335897279980254                0.05763505784474171                0.001996936396911377               
0.15350750548690334                0.056860109414072206               0.0020557815944689272              
0.1536560379679129                 0.05565893295817934                0.0020176347434574735              
0.15380457024263233                0.057750224085360055               0.0020481893773945993              
0.15395310231086262                0.05604210815813113                0.0020799177135952676              
0.15410163417240483                0.05815389632011684                0.002048383632336589               
0.15425016582706                   0.05507263423691646                0.0020668391331996813              
0.15439869727462913                0.05434688986004826                0.002023983944837527               
0.15454722851491334                0.06085215263693486                0.0021341781692819435              
0.15469575954771367                0.05459665000836603                0.0020936859532385116              
0.15484429037283115                0.054992933675140215               0.0020312103510071785              
0.15499282099006684                0.057598366536410796               0.0021723635375994936              
0.15514135139922183                0.05551316880682331                0.0020504256740280337              
0.1552898816000971                 0.056617419369155396               0.0021188536671457635              
0.15543841159249377                0.05662307611810499                0.0021295299496208032              
0.15558694137621287                0.055400163416158596               0.0021090481768732965              
0.15573547095105544                0.05802868358046536                0.0021917131302237316              
0.15588400031682265                0.050205463092918436               0.002000233527784604               
0.15603252947331542                0.053886072316716785               0.002103897656775783               
0.15618105842033492                0.05414415580572784                0.002125344024690961               
0.15632958715768216                0.057183515264430544               0.0021785184303833916              
0.15647811568515826                0.05350711676137026                0.0021351664056463633              
0.15662664400256424                0.053031151101858735               0.00210613606589343                
0.1567751721097012                 0.05694375300907493                0.0022115121144174127              
0.1569237000063702                 0.0528118670954195                 0.0021471077244371336              
0.15707222769237236                0.05006728035189068                0.002049117374169584               
0.15722075516750872                0.05538349393757329                0.002204782081412712               
0.1573692824315803                 0.05149037364673304                0.002143572302347243               
0.1575178094843883                 0.058060606397626405               0.0022825979718677576              
0.15766633632573374                0.05796266467696098                0.0022493876330181577              
0.15781486295541766                0.054945546554997476               0.0022174217965518243              
0.15796338937324125                0.05373014796368224                0.0022176805416937607              
0.1581119155790055                 0.05160967686468865                0.002182856749466113               
0.1582604415725116                 0.05438185815893438                0.0022091119793537376              
0.15840896735356055                0.05292645490023827                0.0022266326925305707              
0.15855749292195345                0.052484077857506334               0.0022238217498575857              
0.15870601827749145                0.0565523062833779                 0.002291615095751358               
0.15885454341997562                0.05089374304418137                0.0022127714367035376              
0.159003068349207                  0.051163796283307715               0.002212003806810794               
0.15915159306498677                0.06070713598581402                0.0024167129250869403              
0.15930011756711598                0.05114205823078266                0.0022384270784627618              
0.15944864185539576                0.0553372027311886                 0.0023178203637888232              
0.15959716592962722                0.052767465039816705               0.0022877597501270264              
0.1597456897896114                 0.05671225822446671                0.002375415100536573               
0.15989421343514953                0.054333211436976434               0.0023359672127313737              
0.16004273686604262                0.05278571816252522                0.00231703586221056                
0.1601912600820918                 0.05545755419730654                0.002371193791219075               
0.16033978308309815                0.04857328452989625                0.0022405185427647975              
0.16048830586886284                0.059275074325615844               0.0024871268692853755              
0.160636828439187                  0.050865243745216275               0.002300205832907758               
0.16078535079387168                0.05237772529819014                0.002349462076116144               
0.16093387293271805                0.05314904352317548                0.002374524147067532               
0.1610823948555272                 0.05394154502585084                0.0024244921491655613              
0.16123091656210026                0.05539693175664594                0.0024363542729314053              
0.16137943805223834                0.053691491962855414               0.002435495534032218               
0.1615279593257426                 0.054159806513076565               0.0024293993434773777              
0.16167648038241414                0.051283461265918456               0.002388508914791148               
0.16182500122205412                0.056691921293511596               0.002537878944902097               
0.16197352184446365                0.055841547416429875               0.002509890905859442               
0.16212204224944385                0.04983758162077665                0.00239228047199727                
0.16227056243679583                0.05309238460711038                0.0024647520785608663              
0.1624190824063208                 0.058156970609016034               0.0025982618289488004              
0.16256760215781982                0.05256709105546649                0.002497537867505639               
0.1627161216910941                 0.05017825209265529                0.002431144257665989               
0.1628646410059447                 0.05171799678048418                0.0024911682473544115              
0.16301316010217284                0.049811300523145                  0.002454026639444757               
0.1631616789795796                 0.05179218236983686                0.0024976408192394794              
0.16331019763796614                0.04711609990395757                0.002433064936883634               
0.16345871607713366                0.05655370884404943                0.002619799972714194               
0.16360723429688329                0.05802352013340384                0.0027053605757713867              
0.1637557522970161                 0.049350606739549926               0.00252499670082295                
0.16390427007733335                0.04818298387244594                0.0024461203949791496              
0.16405278763763612                0.052957461041549594               0.0026478730520774793              
0.1642013049777256                 0.05651737335980766                0.0026913034933241744              
0.16434982209740293                0.049912604567351845               0.0025706299193426724              
0.16449833899646926                0.050482333324178896               0.0026068964832298203              
0.16464685567472578                0.056532537535216504               0.0027358012411929757              
0.16479537213197368                0.05058163695717966                0.002626067744473823               
0.16494388836801405                0.05358119358571152                0.0027028136814465195              
0.16509240438264808                0.04708444153273473                0.002561055992013711               
0.16524092017567696                0.04911824155497001                0.0026330141230137003              
0.16538943574690185                0.053680778428027286               0.0027465475580414887              
0.1655379510961239                 0.04933577557130714                0.0026446751702971327              
0.1656864662231443                 0.05542047856927713                0.002828164454074567               
0.16583498112776424                0.05144041220885655                0.002749605690285208               
0.16598349580978486                0.05484071601351956                0.002858769941507367               
0.16613201026900737                0.05167767153860606                0.00276228773491004                
0.16628052450523292                0.05380338919042737                0.002851573923950506               
0.16642903851826274                0.05906952972662957                0.0029949440438035877              
0.16657755230789795                0.05163784410286616                0.00283399487270705                
0.1667260658739398                 0.0521846337046881                 0.002877031987028369               
0.16687457921618937                0.05309122650631552                0.00286665677826758                
0.16702309233444793                0.05000266444603973                0.0028445521949822155              
0.16717160522851673                0.04790070714522765                0.002770169419382712               
0.16732011789819684                0.0527438743979427                 0.0029438759955143484              
0.1674686303432895                 0.04646745482401544                0.002791958771678156               
0.16761714256359592                0.05051330312823995                0.002873601414666558               
0.16776565455891726                0.0513342897896027                 0.0029737155640233077              
0.16791416632905476                0.05719133785837809                0.0031387824389226167              
0.1680626778738096                 0.05943087802696515                0.0031996509153144337              
0.168211189192983                  0.050299094239929856               0.0030005923978318836              
0.1683597002863761                 0.04708806217073474                0.0028871543336991307              
0.16850821115379017                0.05094189204166267                0.003028181161629552               
0.1686567217950264                 0.05229722103525737                0.00310326913495766                
0.16880523220988602                0.05704466271755743                0.0032504213236192307              
0.1689537423981702                 0.05855181755317064                0.003341728735348032               
0.16910225235968016                0.048807326169229545               0.003015326680736799               
0.16925076209421713                0.0455223978612546                 0.002982271441143894               
0.16939927160158233                0.06072077476522333                0.0034655176618775094              
0.169547780881577                  0.050602357011320404               0.0031442774735233343              
0.16969628993400226                0.04968493379489718                0.003174253983513334               
0.16984479875865943                0.049593325122475836               0.003181413289941117               
0.16999330735534968                0.05354088699843921                0.0033268688425716867              
0.17014181572387424                0.055539309346944885               0.0034444017470581264              
0.17029032386403442                0.050052496839457644               0.0032376268750208682              
0.17043883177563132                0.04969785911801832                0.0032913211239337646              
0.17058733945846627                0.052068423204748325               0.0034038193072181934              
0.1707358469123404                 0.050416005658773605               0.0033610670439182403              
0.17088435413705508                0.0477224827838617                 0.003293164177545139               
0.1710328611324114                 0.05286980234786987                0.003478577606696896               
0.17118136789821065                0.05277566909726398                0.0035262227164234825              
0.17132987443425413                0.04652087098937656                0.0033229193563840396              
0.17147838074034302                0.0492961582088867                 0.003485764775594867               
0.17162688681627855                0.04978922272140156                0.003503157486080779               
0.17177539266186204                0.0494301119395609                 0.003504007731541286               
0.17192389827689467                0.04639783211243385                0.0034487237007730875              
0.17207240366117768                0.05478279715921524                0.0037624979562382223              
0.17222090881451232                0.057025383648924594               0.003935125326440749               
0.1723694137366999                 0.051535666018256224               0.003709618412526509               
0.17251791842754163                0.05504817534501305                0.0038827989140620338              
0.17266642288683876                0.051931814343987574               0.0037875168288779926              
0.17281492711439256                0.05235613837865307                0.003870277115454141               
0.17296343111000428                0.049412361627626196               0.0038467471355634344              
0.1731119348734752                 0.04687806552105372                0.0037294186493341424              
0.1732604384046066                 0.05399889702947848                0.004002664552355409               
0.17340894170319962                0.04915390502461911                0.003910474718801775               
0.17355744476905563                0.0380714084605318                 0.003475428201637716               
0.1737059476019759                 0.04970012632741531                0.004031212561605869               
0.17385445020176168                0.05153398822957137                0.004126021196707177               
0.17400295256821427                0.049583311626498434               0.004089562616410282               
0.17415145470113486                0.054095285220281994               0.004317273764584227               
0.17429995660032482                0.054474411141963434               0.004403995118267427               
0.17444845826558536                0.05303807767182403                0.004419839805985336               
0.17459695969671776                0.049183669650220196               0.004280888962004865               
0.17474546089352336                0.05141939922889646                0.0043771099401289475              
0.17489396185580336                0.05617597300275767                0.004714182932809232               
0.1750424625833591                 0.05475891959084738                0.004712897414036955               
0.17519096307599183                0.05867829653482469                0.004941604015171347               
0.1753394633335029                 0.05041627691172411                0.004641194485386648               
0.17548796335569353                0.05196374843549338                0.004743619531773917               
0.17563646314236503                0.05551350221618808                0.005005483926238                  
0.1757849626933187                 0.04806667076743893                0.004759309595944838               
0.17593346200835586                0.055001779625169486               0.0051289423962244665              
0.17608196108727775                0.05207244745798989                0.0051061235713235655              
0.17623045992988567                0.055577441705774895               0.0052751773178504645              
0.17637895853598098                0.0464648427726564                 0.004981554036583226               
0.17652745690536492                0.04947265406320473                0.005273802643144275               
0.17667595503783887                0.053970282923368286               0.005508318934829031               
0.176824452933204                  0.06167136266556128                0.0061063748215328915              
0.17697295059126175                0.05139291177453782                0.005574343939942147               
0.1771214480118134                 0.05166448515846776                0.005812708715936421               
0.17726994519466022                0.052499466396244865               0.005982869454339457               
0.17741844213960353                0.05224760432806742                0.006033033684664555               
0.17756693884644464                0.05569772399578905                0.006518925512680599               
0.1777154353149849                 0.06110970756991663                0.006748438264933495               
0.17786393154502564                0.04765726616601061                0.0062577056201051995              
0.17801242753636812                0.05251896771038975                0.0068373872120526934              
0.17816092328881367                0.057681973066280236               0.0072672455173763495              
0.17830941880216367                0.06117798161789184                0.007707701193991561               
0.1784579140762194                 0.04238299388440421                0.006619111595029191               
0.17860640911078218                0.05951353059640392                0.008253041774970358               
0.17875490390565335                0.0474752833229951                 0.007506501393123592               
0.17890339846063424                0.06008603493610303                0.008957097241036908               
0.17905189277552622                0.06966511828895082                0.00985213551085602                
0.1792003868501306                 0.06729664952641909                0.010384098463151293               
0.17934888068424865                0.06071891269742569                0.010119818782904282               
0.17949737427768178                0.044063472885411244               0.009394363984285694               
0.17964586763023138                0.06409246288372247                0.012569566112243162               
0.1797943607416987                 0.05916240155570099                0.012076474647425759               
0.17994285361188503                0.07370665169209623                0.015368899289686343               
0.18009134624059184                0.03605224479365418                0.01201741493121806                
0.18023983862762047                0.08973022629110886                0.023981411715644625               
0.18038833077277225                0.13619796083590208                0.03303285756000951                
0.18053682267584845                0.11216327047860619                0.042393731417437804               
0.18068531433665053                nan                                nan                                
