#####################################################################################################
# NeXus source file: noemi7
# NXdata: name = img{0}_azimuthalIntegration_Px_5                  
#
#
# Exposure_msec                                     1000.0 + 0.0
# _diffrn_source.source                             Storage Ring SOLEIL, beamline SWING
# _diffrn_sofware                                   Foxtrot 3.5.10-3979
# _diffrn_detector.detector                         EIGER-4M
# _diffrn_comment.comment                           -
# _sas_detc.pixnum_ax                               [1035]
# _sas_detc.pixnum_eq                               [1083]
# _sas_detc.pixsize                                 150.0
# _sas_detc.center_ax                               285.110346632731
# _sas_detc.center_eq                               957.0166664324403
# _sas_detc.dist_spec/detc                          6137.21860334
# _sas_detc.energy                                  12.000505731836514
# _sas_detc.gain                                    1.0
# _sas_detc.detector_based_uncertainty              0.0
# _sas_detc.encoder_delta                           0.0
# _sas_detc.delta0                                  0.0
# _sas_detc.gamma_offset                            0.0
# _sas_detc.wave_length                             1.0331580057586949
# _sas_detc.bias                                    0
# _sas_detc.mask                                    E:\20251487\published-data\3120\2026-09-03_session3\\mask_bags_saxs_12kev_sept26.txt
# Normalization                                     true
# Normalization Factor                              0.02571
# Normalization Monitor                             averagemi8b
# Normalization Intensity                           1.2868724727374877e-06
# GlobalNormalization                               29.900108999895014
# AbsTimeStamps                                     nan
# TimeStamps                                        1.3981142044067383
# gapTime                                           500.0
# step_global_regrid                                nan
# xmax_global_regrid                                nan
# xmin_global_regrid                                nan
# ymax_global_regrid                                nan
# ymin_global_regrid                                nan
#####################################################################################################
q(A-1)                             I(q)15_00208{00000}_AzInt_Px_5     Sig(q)15_00208{00000}_AzInt_Px_5   
0.0                                nan                                nan                                
0.0001486390049044326              nan                                nan                                
0.00029727800960908403             nan                                nan                                
0.000445917013914173               nan                                nan                                
0.0005945560176199183              nan                                nan                                
0.0007431950205265388              nan                                nan                                
0.0008918340224342532              nan                                nan                                
0.0010404730231432808              nan                                nan                                
0.0011891120224538396              22964.967765836678                 13.856914940868673                 
0.001337751020166149               22512.276031855115                 5.6010275870287884                 
0.0014863900160804278              21951.601183698556                 4.132020883662642                  
0.0016350290099968942              21354.490261925217                 3.5090878876246947                 
0.0017836680017157683              20776.97953835897                  3.5544589546030414                 
0.001932306991037268               20163.125387029708                 3.2716911393750587                 
0.0020809459777616124              19585.712118141913                 2.9752089778522044                 
0.0022295849616890207              18952.012169341575                 2.8506507983215146                 
0.0023782239426197124              18311.038945539283                 2.5800388378487846                 
0.0025268629203539046              17698.211045388394                 2.6234882875614356                 
0.0026755018946918183              17077.34461939851                  2.3434580242518575                 
0.002824140865433671               16456.713287355586                 2.289499675727743                  
0.0029727798323796835              15790.00931322463                  2.1714302007884516                 
0.003121418795330073               15201.46168792865                  2.0498103871296673                 
0.0032700577540850603              14622.708944892413                 2.044488609979243                  
0.0034186967084448633              14027.736363678678                 1.837173255681338                  
0.0035673356582097003              13400.762193939509                 1.802141688890451                  
0.003715974603179794               12840.031067507756                 1.7451679026410196                 
0.00386461354315536                12304.960912506056                 1.6619223592484387                 
0.00401325247793662                11764.823818919462                 1.614239597414619                  
0.004161891407323792               11214.368759453351                 1.4724078752076981                 
0.004310530331117095               10707.069490077036                 1.459971734053739                  
0.00445916924911675                10212.604446986592                 1.4051056929816133                 
0.004607808161122976               9737.174610154689                  1.3413465382660537                 
0.004756447066935991               9277.287529900063                  1.305685640484867                  
0.004905085966356017               8827.179920388551                  1.2059430431974187                 
0.00505372485918327                8404.587006501084                  1.209961115280573                  
0.005202363745217974               7994.353014791261                  1.123020238812985                  
0.005351002624260346               7606.767534213616                  1.1006628066910864                 
0.005499641496110608               7225.160026843632                  1.0528327092292833                 
0.005648280360568975               6867.559981299179                  1.0036856207964888                 
0.005796919217435672               6531.28409451286                   0.9987140053728936                 
0.0059455580665109175              6197.911633977743                  0.9142411714071521                 
0.00609419690759493                5875.2363565442565                 0.8955576961942746                 
0.006242835740487932               5583.531454872145                  0.869500756861733                  
0.00639147456499014                5306.547816101537                  0.839208249889576                  
0.006540113380901778               5036.132085185009                  0.8064225527100526                 
0.006688752188023065               4773.171145735774                  0.7550722261276157                 
0.0068373909861542195              4525.504040988242                  0.7557437556509081                 
0.006986029775095464               4280.934857220213                  0.710025887972001                  
0.0071346685546470195              4051.243916624367                  0.6882959940383087                 
0.007283307324609103               3824.366937234717                  0.6629753242335477                 
0.00743194608478194                3616.0682125425174                 0.6286684918857064                 
0.007580584834965747               3416.413727354962                  0.623412755780666                  
0.007729223574960747               3227.2280531621836                 0.5798644074082707                 
0.007877862304567157               3047.903507701704                  0.5679645456331215                 
0.008026501023585205               2879.13289912083                   0.5434833424086409                 
0.008175139731815108               2716.3283437885557                 0.5215333704330452                 
0.008323778429057087               2565.643175231966                  0.5162195124006899                 
0.00847241711511136                2419.0754681586413                 0.4780654124258835                 
0.008621055789778157               2277.8814673912843                 0.4652201292968535                 
0.00876969445285769                2144.0007880273315                 0.44879887838276034                
0.008918333104150186               2021.0544384518669                 0.4345220374169004                 
0.009066971743455865               1900.0516774819537                 0.4166836905727713                 
0.009215610370574947               1786.3632138269913                 0.39444243704333276                
0.009364248985307655               1679.4227687231016                 0.390149650160927                  
0.009512887587454211               1576.7893366489993                 0.3672509007486877                 
0.00966152617681484                1480.2116844623383                 0.3549196750094576                 
0.009810164753189759               1388.5342755970005                 0.34244842345086474                
0.00995880331637919                1300.7705211095872                 0.32260915663845835                
0.010107441866183361               1220.674920533025                  0.32395875718480116                
0.010256080402402487               1141.2526437215886                 0.2972443206767339                 
0.010404718924836796               1067.8208817757047                 0.29229785711519657                
0.010553357433286508               998.3222297603892                  0.2757831360313935                 
0.010701995927551847               932.2011120546525                  0.2667978810301762                 
0.010850634407433035               871.6359605051003                  0.2606775164505916                 
0.01099927287273029                813.7827843042608                  0.24430733563745077                
0.011147911323243845               759.7099713382344                  0.23709336723894536                
0.011296549758773915               707.8147803485462                  0.2251469724593426                 
0.011445188179120724               659.7687804871939                  0.2176044088055092                 
0.0115938265840845                 615.068858043446                   0.20965428385538995                
0.011742464973465466               572.9172853103776                  0.1975468209878153                 
0.011891103347063838               533.9023050535687                  0.19409153137077892                
0.012039741704679847               496.8957417412684                  0.18322930270237542                
0.012188380046113712               462.52966115043273                 0.17502054332597702                
0.012337018371165662               430.60189576460374                 0.16937568508241763                
0.01248565667963592                400.9191205032751                  0.1612012929432814                 
0.012634294971324705               373.3850092095631                  0.15725257649527824                
0.012782933246032245               347.7492326124943                  0.1478571488223021                 
0.012931571503558769               324.01369350568376                 0.14367033937932247                
0.013080209743704493               301.87083557538233                 0.13610605564560999                
0.013228847966269644               281.61738872367215                 0.1323133761640726                 
0.013377486171054451               262.58266663998245                 0.12717399161364396                
0.013526124357859137               245.5148501521998                  0.12098253432644619                
0.013674762526483924               229.52264313672137                 0.11708035102827662                
0.013823400676729044               214.66278490742792                 0.11193511912401742                
0.013972038808394713               201.4080465719135                  0.10957773305815986                
0.014120676921281166               188.94869722837126                 0.10384569881141315                
0.014269315015188622               177.67954728952836                 0.09985297232570246                
0.014417953089917307               167.15925479511702                 0.09800972391671366                
0.014566591145267453               157.68907647107153                 0.09375418493272279                
0.014715229181039282               149.2832183863473                  0.09152671727234307                
0.014863867197033016               141.41968996897347                 0.0875543883377022                 
0.015012505193048892               134.37938304929298                 0.08486715150061044                
0.015161143168887127               127.82473597210404                 0.08357904023141115                
0.01530978112434795                121.90859158239381                 0.0800042612287689                 
0.01545841905923159                116.75666579051206                 0.07904357097232727                
0.015607056973338276               111.93458304031688                 0.07554330525392582                
0.015755694866468228               107.47962523367849                 0.07465330080358928                
0.015904332738421678               103.55269047589925                 0.07333370070897985                
0.01605297058899886                100.03716157764175                 0.07056054516122934                
0.016201608417999988               96.85503828332743                  0.0701107038748112                 
0.0163502462252253                 93.6383582896896                   0.06756640407720335                
0.016498884010475022               91.2462300936586                   0.0677427236896097                 
0.01664752177354938                88.81004874957823                  0.06575347967778106                
0.0167961595142486                 86.5603371426261                   0.06421803497227341                
0.016944797232372917               84.47627074378138                  0.06398953647414135                
0.017093434927722556               82.72103003367019                  0.06246705571625519                
0.017242072600097746               81.17731477329238                  0.06250160513373298                
0.01739071024929872                79.51770029766699                  0.060275752781010036               
0.017539347875125698               78.09735029762136                  0.06018896020904662                
0.017687985477378917               76.68993391132473                  0.05952045852991907                
0.01783662305585861                75.4285713605795                   0.05826932004638597                
0.017985260610364994               74.21102354274672                  0.058429674685807516               
0.018133898140698313               73.02352370234097                  0.056539403699252325               
0.018282535646658788               71.8027021862859                   0.05669916345359749                
0.018431173128046652               70.73323756276747                  0.05586551048400115                
0.018579810584662137               69.66787618479563                  0.05493818278095641                
0.01872844801630547                68.5611937829858                   0.054856538918563603               
0.018877085422776888               67.5730430610832                   0.054639353411247496               
0.01902572280387662                66.51548812655962                  0.05547011225081192                
0.019174360159404893               65.49786988330204                  0.05426177202711346                
0.019322997489161938               64.39868854377177                  0.053949764624029825               
0.019471634792947997               63.333116105418576                 0.05560797700006366                
0.019620272070563285               62.27872503421887                  0.054942993241465364               
0.019768909321808054               61.202695211715834                 0.0555224076286828                 
0.019917546546482524               60.034781211272765                 0.05429939842755916                
0.020066183744386925               58.97306148164344                  0.05491678737772321                
0.0202148209153215                 57.836857544291206                 0.055236344337410107               
0.020363458059086476               56.600590259079105                 0.05359632833819951                
0.020512095175482088               55.397368716685385                 0.054621810104539516               
0.020660732264308566               54.18745122055402                  0.05252112870627284                
0.02080936932536615                53.03427624543617                  0.05396809704222906                
0.020958006358455062               51.80238463187271                  0.052862355850057094               
0.02110664336337555                50.54966141671237                  0.0519269593532731                 
0.021255280339927837               49.34627874996151                  0.05197256987070375                
0.02140391728791216                48.02076259291211                  0.05077362274888276                
0.021552554207128764               46.928389309573255                 0.05162117455453696                
0.02170119109737787                45.66389996285381                  0.050036778886394205               
0.021849827958459727               44.3216788229387                   0.04937693523008236                
0.021998464790174553               43.107088770133515                 0.049432914568733236               
0.022147101592322593               41.79648909971237                  0.0480287764715495                 
0.022295738364704085               40.69255487312634                  0.047080523740594946               
0.022444375107119267               39.49708986054815                  0.04504640171124292                
0.022593011819368364               38.248590649099214                 0.04456900048455824                
0.022741648501251623               37.038386731037185                 0.043858246719895015               
0.022890285152569273               35.894580912067                    0.04198644615075143                
0.02303892177312156                34.686082124625                    0.041893358972736244               
0.023187558362708714               33.53621079505679                  0.04031816885476337                
0.02333619492113097                32.4657498046988                   0.04053035421207354                
0.023484831448188578               31.329279909879226                 0.038940780712627035               
0.023633467943681763               30.171166441350724                 0.038381266180346776               
0.023782104407410774               29.214976650130886                 0.03776818209363062                
0.023930740839175842               28.124708073147797                 0.036475643506229366               
0.024079377238777205               27.172839401843536                 0.036450893696391415               
0.024228013606015102               26.207773820017866                 0.035037631760329514               
0.024376649940689773               25.266133064063713                 0.03459679645245781                
0.024525286242601464               24.368967881280426                 0.03400109633813614                
0.024673922511550404               23.482113346566564                 0.03286777917428711                
0.024822558747336843               22.6063552076959                   0.03288862571546584                
0.024971194949761022               21.81921394092601                  0.03131858906375887                
0.025119831118623162               21.074045804619736                 0.031529712714191194               
0.025268467253723528               20.329218558425204                 0.030645047352721524               
0.025417103354862348               19.589317514303392                 0.029655197459623275               
0.02556573942183986                18.947981042303034                 0.02954490044282585                
0.02571437545445632                18.310671045395992                 0.02834941373844758                
0.025863011452511953               17.665957406690936                 0.02862664565285784                
0.026011647415807016               17.170950360237686                 0.0276901832918797                 
0.02616028334414174                16.544122400270908                 0.027161945712026944               
0.026308919237316375               16.102293268150426                 0.026761142816442214               
0.026457555095131157               15.61929277638718                  0.026304314357753496               
0.026606190917386335               15.161716554788674                 0.0260545594554105                 
0.026754826703882146               14.739094630243283                 0.02522054520588019                
0.026903462454418846               14.37955300830918                  0.02500803173356665                
0.027052098168796664               14.004850462150277                 0.024891347017306886               
0.027200733846815844               13.64459958572444                  0.024203702107563143               
0.027349369488276647               13.390126137299593                 0.024101015760526014               
0.0274980050929793                 13.042369080616748                 0.023678747038182565               
0.027646640660724066               12.777721512638301                 0.023362331060588562               
0.02779527619131117                12.479582954173358                 0.023222018889581357               
0.027943911684540874               12.293763657607487                 0.022785068064328534               
0.02809254714021341                12.080931126498259                 0.022586980553609574               
0.02824118255812904                11.855516630273607                 0.022347072043780353               
0.028389817938087997               11.68970136008951                  0.022148445979330522               
0.028538453279890536               11.433105190953395                 0.021876583418998563               
0.0286870885833369                 11.313264041302132                 0.021707362103726903               
0.02883572384822734                11.141803408402758                 0.021369954791247252               
0.028984359074362098               11.00548829780147                  0.021517514617649943               
0.029132994261541426               10.87867776186378                  0.02102612430651465                
0.029281629409565572               10.733060826062218                 0.02106486595461746                
0.029430264518234783               10.61805550743261                  0.02090010486207936                
0.029578899587349307               10.521303862824032                 0.02065280891964806                
0.029727534616709395               10.374809657568985                 0.020596091572571026               
0.029876169606115298               10.309519714554698                 0.02033329055185838                
0.030024804555367265               10.179764706717016                 0.020217056406188566               
0.03017343946426554                10.036522180948207                 0.02012268790126202                
0.030322074332610385               9.987497389344808                  0.020049314991860304               
0.03047070916020204                9.868965036165507                  0.01974085193465116                
0.030619343946840766               9.784255842212207                  0.019714225752207548               
0.03076797869232679                9.677311161305859                  0.01949079289411639                
0.030916613396460405               9.543657037170085                  0.01956349388267219                
0.031065248059041834               9.427238500220101                  0.019114324852935367               
0.031213882679871328               9.329977346433578                  0.01919423396674054                
0.031362517258749154               9.184635934718994                  0.0188667828972949                 
0.031511151795475555               9.063218272725399                  0.01874166543676673                
0.031659786289850785               8.95357892179574                   0.01870397410026233                
0.03180842074167511                8.837675998260234                  0.01833779549487036                
0.03195705515074876                8.68845817252584                   0.018307726544240746               
0.03210568951687201                8.622248827135497                  0.018206369049507884               
0.032254323839845105               8.441294144539103                  0.01793205389228734                
0.03240295811946831                8.353914279138015                  0.017879779228300755               
0.032551592355541864               8.234944658385606                  0.017522943756256206               
0.032700226547866036               8.052360447465643                  0.01756416519563214                
0.03284886069624108                7.921146272320875                  0.017243613572607758               
0.03299749480046724                7.772574842829194                  0.017081138249973767               
0.033146128860344785               7.6672107907798415                 0.01692701870177347                
0.033294762875673976               7.489361312358657                  0.016636864477568392               
0.03344339684625505                7.351181119288756                  0.016705676675023384               
0.0335920307718883                 7.203841627276079                  0.016227255841391435               
0.03374066465237394                7.039897296805513                  0.016129931103549114               
0.03388929848751226                6.880246102276612                  0.01588467362953532                
0.034037932277103514               6.719457916573125                  0.015732509861146347               
0.03418656602094795                6.6063269354667105                 0.015659992247550988               
0.034335199718845834               6.442235518127831                  0.015656614489900054               
0.034483833370597426               6.304765491514047                  0.015686214324188104               
0.03463246697600298                6.151734055356624                  0.015521869153356084               
0.03478110053486277                6.035525029174204                  0.01552991457397546                
0.034929734046977044               5.845386583465781                  0.015256023028383716               
0.03507836751214607                5.725166162249586                  0.01468459644833058                
0.0352270009301701                 5.59553302030606                   0.014633208418550472               
0.03537563430084941                5.447292388517756                  0.01424383094995006                
0.03552426762398426                5.349252620797238                  0.0141545332493648                 
0.035672900899374894               5.213042224602349                  0.013849640525586092               
0.0358215341268216                 5.113806845515841                  0.013649782604997277               
0.03597016730612462                4.948471139081872                  0.01358358198689917                
0.036118800437084236               4.838731352891357                  0.013149309099320983               
0.036267433519500715               4.739828187513903                  0.013134052325768945               
0.036416066553174295               4.611412957171276                  0.012816206754597319               
0.036564699537905254               4.530028017620097                  0.012750225822060686               
0.03671333247349387                4.434176304628853                  0.012614615194864367               
0.036861965359740394               4.296964664205841                  0.01229970427203462                
0.037010598196445095               4.225720843908959                  0.012223075980883857               
0.037159230983408245               4.13042147304056                   0.012078081903318523               
0.03730786372043011                4.034784430632146                  0.01191857236996186                
0.03745649640731094                3.972960505037196                  0.01177128271782399                
0.037605129043851035               3.9006510738466678                 0.01157351134047475                
0.03775376162985063                3.828013706678346                  0.011566632582755365               
0.03790239416511001                3.773304882659406                  0.011400597155880668               
0.03805102664942944                3.677024702422755                  0.011271636135407822               
0.038199659082609194               3.6280065021139634                 0.011138868229752972               
0.038348291464449534               3.5450431129671642                 0.010977154504704031               
0.03849692379475074                3.5067662760586855                 0.010996239992763506               
0.03864555607331307                3.4651750751756745                 0.010836294059719155               
0.0387941882999368                 3.4102806185653582                 0.010744679230262176               
0.03894282047442221                3.3585780926906663                 0.010556608839331008               
0.03909145259656955                3.332087378706772                  0.010647766146872416               
0.03924008466617912                3.2743269956221255                 0.010433720749442488               
0.03938871668305117                3.2476217855604                    0.010324592247548624               
0.03953734864698598                3.212012381311963                  0.01027792655891015                
0.03968598055778383                3.184632331690518                  0.010174180718622031               
0.03983461241524497                3.1518888858333827                 0.01017628237506747                
0.0399832442191697                 3.126233421392668                  0.010041509792789957               
0.040131875969358285               3.086773866265707                  0.009920703307078805               
0.040280507665611                  3.046411643316601                  0.009917274157168306               
0.040429139307728124               3.012487982204536                  0.009805280667535584               
0.04057777089550993                3.007991536105411                  0.00986407012125047                
0.040726402428756685               2.975273376798909                  0.009657382883708685               
0.04087503390726868                2.955786861345994                  0.009740494966310215               
0.04102366533084617                2.9420242090058277                 0.009694562525072606               
0.041172296699289464               2.9072793238570553                 0.009559850687573252               
0.04132092801239882                2.912533794396256                  0.009632066857510339               
0.04146955926997452                2.8615440399694174                 0.009484362896048211               
0.04161819047181683                2.8432843112372814                 0.009498799208482261               
0.041766821617726047               2.8230904199495983                 0.00946052291414239                
0.041915452707502444               2.779467683348899                  0.009299415863431297               
0.042064083740946306               2.7708211170795876                 0.009310962744176818               
0.0422127147178579                 2.7605534386414945                 0.009267725342524015               
0.04236134563803752                2.7255831509523394                 0.009208839503452412               
0.042509976501285435               2.7070797177431096                 0.009366777479131177               
0.04265860730740194                2.6871182329521806                 0.009373142328992187               
0.042807238056187316               2.6509077203854474                 0.009444606438436353               
0.04295586874744183                2.634775979612898                  0.009425315064800504               
0.043104499380965784               2.5845977350322578                 0.009382546237478445               
0.04325312995655945                2.580921117797478                  0.009347360314000505               
0.04340176047402311                2.547525139155903                  0.009386986777171008               
0.04355039093315706                2.5073023936569205                 0.009302973565517776               
0.043699021333761565               2.5031892760135324                 0.009271452941767                  
0.04384765167563693                2.4609455433091587                 0.009274181254784141               
0.04399628195858344                2.4260090822102063                 0.009113382340281443               
0.044144912182401366               2.402225573132654                  0.009167664760712103               
0.04429354234689099                2.3592368286464183                 0.009052187035308953               
0.044442172451852634               2.3321752365155604                 0.008986137001039058               
0.04459080249708656                2.296500667330386                  0.008935664974588227               
0.044739432482393045               2.2710200461570413                 0.008881341766836033               
0.044888062407572406               2.2401227475060654                 0.00893273543798856                
0.04503669227242491                2.2101837752075384                 0.008725414267534284               
0.04518532207675085                2.1734802390924632                 0.00879418336440976                
0.04533395182035053                2.138985814276459                  0.008673520468024387               
0.04548258150302422                2.1131033441381484                 0.008648211402776709               
0.04563121112457223                2.0789113763507707                 0.008665516363509183               
0.045779840684794834               2.044612178747435                  0.008466684099352263               
0.045928470183492345               2.0017658405705125                 0.008498630776525346               
0.04607709962046502                1.969306846571697                  0.00841584122466537                
0.046225728995513186               1.9325832849223354                 0.008319133707429715               
0.046374358308437114               1.9011910029384134                 0.008269018341193942               
0.04652298755903712                1.8846889203424269                 0.008171777203841685               
0.046671616747113474               1.8387433741378305                 0.008198469988940311               
0.046820245872466484               1.8012030675809432                 0.007997215661705769               
0.04696887493489644                1.781544445981324                  0.007974649027388007               
0.04711750393420365                1.7540191470821185                 0.00792126469292284                
0.047266132870188396               1.7234840109911742                 0.007761237086061986               
0.04741476174265097                1.679740693692671                  0.0077434543082256935              
0.047563390551391686               1.6516226589675664                 0.007585834049727405               
0.04771201929621082                1.6345449273177854                 0.007582140631278709               
0.047860647976908685               1.6070116134524675                 0.007529898581190081               
0.04800927659328559                1.5719788215255648                 0.007351074743359477               
0.048157905145141816               1.5545483490454168                 0.007405970664744715               
0.04830653363227766                1.5176623568180907                 0.007211852533515365               
0.04845516205449344                1.4903670743998783                 0.007243844404007752               
0.04860379041158943                1.4761578409716187                 0.0072206422554760685              
0.04875241870336596                1.4614825061858356                 0.007069878167807174               
0.04890104692962332                1.451381600426418                  0.007126011762107169               
0.04904967509016181                1.4303212990657548                 0.007012052926018861               
0.04919830318478172                1.394987737776943                  0.006997190148052119               
0.049346931213283374               1.3716791975884388                 0.006888078681867604               
0.049495559175467066               1.3602995816200611                 0.006838266967517765               
0.0496441870711331                 1.354992481904792                  0.00685670153097943                
0.049792814900081785               1.3335104335602583                 0.006753271831049621               
0.04994144266211342                1.3187201310290486                 0.006785457639061088               
0.05009007035702831                1.2948560801296884                 0.006634358138178933               
0.05023869798462676                1.2887180500815276                 0.006666209082097093               
0.050387325544709094               1.2653618414349057                 0.0066329359696840175              
0.050535953037075594               1.2658155405737368                 0.00658975108074203                
0.050684580461526595               1.240573360942873                  0.006530418957052467               
0.05083320781786236                1.2435079059440994                 0.006488318712362863               
0.05098183510588326                1.2341287416513917                 0.0065302387486440225              
0.05113046232538955                1.2270151176741746                 0.006468105450006271               
0.05127908947618157                1.2124651954422192                 0.006446092067827629               
0.05142771655805962                1.1924845312733734                 0.006402607278050059               
0.05157634357082401                1.1960640008393892                 0.006356918655565629               
0.05172497051427505                1.1743924276249376                 0.006373537731389244               
0.051873597388213066               1.1703579022828228                 0.006253593101498579               
0.05202222419243834                1.1624577769057223                 0.006276499029266772               
0.05217085092675122                1.1577523839146826                 0.006295759727387635               
0.052319477590952006               1.155647557487195                  0.006258090630614947               
0.05246810418484102                1.1474029738667721                 0.006232572976274604               
0.05261673070821854                1.1279018928656024                 0.006157609150549921               
0.052765357160884915               1.1224794323959921                 0.0061520732026414246              
0.052913983542640465               1.1151977580766652                 0.006141381421760973               
0.05306260985328549                1.1046192609389327                 0.006137057801506552               
0.05321123609262031                1.1013115234156294                 0.006087660860473463               
0.053359862260445236               1.0941646452289084                 0.006040592825585412               
0.05350848835656059                1.0867581396327606                 0.006056454427130133               
0.05365711438076671                1.0841418876350735                 0.006015866245952746               
0.05380574033286389                1.0699532915059056                 0.0059913396621357915              
0.05395436621265246                1.0612738302549607                 0.005964001019178924               
0.054102992019932725               1.0603561244333939                 0.005955459396940341               
0.05425161775450505                1.0545955760725563                 0.005966170778757479               
0.0544002434161697                 1.0375626245077552                 0.005818819751872206               
0.054548869004727024               1.0243213357616092                 0.005856325206577379               
0.054697494519977345               1.0237731432234458                 0.005857692353324896               
0.054846119961720986               1.0169093152374338                 0.005817658020130765               
0.05499474532975826                1.006170550952026                  0.005798411227873569               
0.055143370623889514               0.9976459720394388                 0.005694701097508259               
0.05529199584391504                0.9897512143477797                 0.005753784085677262               
0.05544062098963519                0.9810791328459509                 0.0056748660030313414              
0.055589246060850264               0.9704495075131738                 0.005677570896910902               
0.05573787105736062                0.957846109724224                  0.005621081308958635               
0.05588649597896656                0.9449159994658477                 0.005550269126263082               
0.056035120825468424               0.9388316623048879                 0.005587096097402158               
0.05618374559666653                0.9321375503763675                 0.005512615932203007               
0.056332370292361225               0.9086372661128294                 0.0054774965347976256              
0.05648099491235282                0.9204191749835904                 0.005480530584010246               
0.05662961945644166                0.8972657069809161                 0.005419097245163893               
0.05677824392442804                0.8908711977957754                 0.005431737558271391               
0.056926868316112336               0.8751118224715403                 0.005305267183943734               
0.057075492631294855               0.8674840950321822                 0.005328409778635183               
0.05722411686977594                0.8500415405280177                 0.0052438741359799555              
0.05737274103135591                0.8408155480444904                 0.005248438342906315               
0.057521365115835124               0.8352534192889915                 0.005213211298855205               
0.05766998912301387                0.8311435461886437                 0.00517276977396891                
0.057818613052692536               0.8164174788977189                 0.005179350645924888               
0.05796723690467142                0.8133365873807742                 0.0050926123404169375              
0.05811586067875089                0.8024897747349518                 0.005109948885099184               
0.05826448437473124                0.7937192925868325                 0.005059849530538698               
0.05841310799241284                0.784044450850633                  0.005007237200133665               
0.05856173153159601                0.7731204531079379                 0.0050229108078456665              
0.05871035499208109                0.7683498346090899                 0.004942715374349591               
0.058858978373668436               0.7521427436476703                 0.004930308390462975               
0.05900760167615837                0.737127229280603                  0.004841251411432553               
0.059156224899351226               0.7421435200415094                 0.004866959615933854               
0.059304848043047365               0.724846348577114                  0.004844705765865449               
0.05945347110704712                0.7258697668885307                 0.004797310944533566               
0.05960209409115083                0.7134614544339215                 0.004781122911259531               
0.05975071699515884                0.71013747579135                   0.004742794566016212               
0.0598993398188715                 0.6921140775785849                 0.004711312377142956               
0.060047962562089136               0.6839460144660298                 0.004650112372777715               
0.06019658522461209                0.679068139845732                  0.00463131398112405                
0.06034520780624073                0.6733097945629849                 0.004640206512482229               
0.06049383030677538                0.6657979772319387                 0.0047074319263520755              
0.0606424527260164                 0.6623723351512749                 0.004766995994253338               
0.060791075063764154               0.6532918488415402                 0.00475867586708752                
0.06093969731981895                0.6480753928880728                 0.004769387795860646               
0.06108831949398115                0.638399078131005                  0.004802165379935217               
0.0612369415860511                 0.6307261959514943                 0.0047629453727049504              
0.06138556359582917                0.6327403676292493                 0.00483331915191311                
0.061534185523115695               0.6232598381453209                 0.004781169207839596               
0.061682807367711034               0.6189726632487693                 0.004823228689996892               
0.061831429129415506               0.6041837242483982                 0.004786824476872421               
0.061980050808029506               0.6076795661578994                 0.004787104999749907               
0.06212867240335336                0.6039570766248037                 0.004835526582872367               
0.06227729391518745                0.597908429769762                  0.004772740834962685               
0.06242591534333208                0.597349594365652                  0.004883039220333754               
0.06257453668758765                0.5890808764302139                 0.004806301884983768               
0.06272315794775449                0.5776773477622535                 0.004751208066470077               
0.06287177912363298                0.5822475648035393                 0.004832470843367581               
0.06302040021502343                0.5744462077078413                 0.004791379235867918               
0.06316902122172624                0.5684890489758732                 0.004809765468899611               
0.06331764214354177                0.5648013385734042                 0.0046177447215919945              
0.06346626298027035                0.5670794476523762                 0.004608879071492546               
0.06361488373171235                0.5566698742809326                 0.004523529411798379               
0.06376350439766815                0.5541621047243861                 0.004486296975531706               
0.06391212497793805                0.5447042107139815                 0.004435825588890169               
0.06406074547232249                0.5444197081236781                 0.004375990970732424               
0.06420936588062177                0.5446047262634058                 0.004395262128463916               
0.0643579862026363                 0.5376944960595195                 0.004342038808763084               
0.06450660643816641                0.5376716474651956                 0.004321611133754489               
0.06465522658701248                0.5268170335308424                 0.004291156619596442               
0.06480384664897484                0.5273598694213434                 0.004260111896679811               
0.06495246662385391                0.5289325563589037                 0.004281907316735266               
0.06510108651145002                0.5206086823701825                 0.004209009290837307               
0.06524970631156356                0.5208278935113084                 0.004207757269936244               
0.06539832602399485                0.5110169762451687                 0.004178569208060926               
0.0655469456485443                 0.5090400469989054                 0.004161986519696601               
0.06569556518501228                0.5158569461953172                 0.004181264968712474               
0.06584418463319913                0.5083090930294079                 0.0041111824049083045              
0.06599280399290525                0.4962448306271807                 0.004060085993497754               
0.06614142326393099                0.499716899932375                  0.004090547281515922               
0.06629004244607672                0.49075456572683157                0.004051673959726697               
0.06643866153914282                0.4926888613661025                 0.004053576700457012               
0.06658728054292967                0.47806100154752756                0.0039288409202554025              
0.06673589945723764                0.48270808445188695                0.004006324603107005               
0.06688451828186709                0.481486251638316                  0.0039874039597068665              
0.06703313701661841                0.47791509310513514                0.003951196088214928               
0.06718175566129193                0.47327319826242353                0.003943532555605126               
0.0673303742156881                 0.4701429475843849                 0.00392085413828305                
0.06747899267960726                0.4666168311026428                 0.003900409775059338               
0.06762761105284978                0.4515390213505744                 0.0038054794663064887              
0.06777622933521604                0.45822873022691457                0.003867081237796814               
0.06792484752650643                0.4480176210870258                 0.003796077990886432               
0.0680734656265213                 0.44519033126116864                0.0038024076565524216              
0.0682220836350611                 0.4444481046246686                 0.0037809284970668246              
0.06837070155192615                0.4387951479965872                 0.003730005412734201               
0.06851931937691683                0.44105965144718595                0.003762874796833025               
0.06866793710983354                0.43004441478967187                0.0037049398088222127              
0.06881655475047667                5.55608674298375                   0.013336187281223235               
0.06896517229864657                0.42543078358777286                0.003688536760983608               
0.06911378975414369                0.42687973958015546                0.003663427834099685               
0.06926240711676834                0.4240656674409538                 0.003675596010549242               
0.06941102438632095                0.4141580861651385                 0.0035966185763447543              
0.06955964156260189                0.40440408743898765                0.003585965658528882               
0.06970825864541157                0.4110798313555709                 0.0035798896025942013              
0.06985687563455034                0.40675541779517693                0.003574361404807835               
0.07000549252981861                0.3966328804592351                 0.003521350410643855               
0.07015410933101678                0.39926424678356254                0.003503666192330844               
0.07030272603794524                0.3981280276610837                 0.003531286003176297               
0.07045134265040434                0.39026665356828893                0.003471952870967362               
0.07059995916819455                0.387072241692028                  0.0034705578962150917              
0.07074857559111615                0.39112504827283207                0.0034822086467928776              
0.07089719191896963                0.3830365338791945                 0.0034114131748852797              
0.07104580815155535                0.3792420579257394                 0.003436878464891761               
0.07119442428867372                0.37332927314773884                0.0033725089179883765              
0.07134304033012509                0.37124835990686006                0.0033738699454457467              
0.0714916562757099                 0.36997007503436663                0.0033758023732963073              
0.07164027212522854                0.37011566233644816                0.0033458000528309444              
0.0717888878784814                 0.36539771740416105                0.003364186318790438               
0.07193750353526884                0.3651912809930797                 0.0033204696196203884              
0.07208611909539134                0.3564730015659783                 0.0032970033422733023              
0.07223473455864923                0.3577752551413003                 0.0033045280417210786              
0.07238334992484297                0.35200975753526337                0.0032837931285240904              
0.07253196519377289                0.3515685516318348                 0.0032953437875215628              
0.07268058036523947                0.3489955441265033                 0.003224261077055359               
0.07282919543904304                0.35350838941353374                0.0032773025135006844              
0.07297781041498405                0.3466807681991808                 0.003242557139567015               
0.07312642529286288                0.3402662037954098                 0.0032080605348311733              
0.07327504007247997                0.3442892102989193                 0.0032269708669065227              
0.07342365475363567                0.340829530102734                  0.003184905465604669               
0.07357226933613044                0.33724744136301343                0.0031966941131426427              
0.07372088381976465                0.3350302446061895                 0.003168993795911539               
0.07386949820433873                0.33386562832824734                0.0031536075693080375              
0.07401811248965308                0.3298226014924934                 0.003121970958545977               
0.07416672667550812                0.32553129766792                   0.003118167374166271               
0.07431534076170422                0.3240323645196734                 0.0031207491932170837              
0.07446395474804186                0.32118806387627624                0.00306463766865058                
0.07461256863432139                0.32101233884618213                0.0030705179802613947              
0.07476118242034327                0.31856681471158926                0.003042814269478342               
0.07490979610590787                0.3217040735316624                 0.0030684439899642006              
0.07505840969081562                0.3122997895952206                 0.0030219415866786156              
0.07520702317486694                0.3143598109652296                 0.0030135101470795873              
0.07535563655786226                0.3075601906718506                 0.0029781714198026782              
0.07550424983960197                0.3108922222817101                 0.0029878293483647433              
0.0756528630198865                 0.3052392154164742                 0.0029720442279795294              
0.07580147609851624                0.30138637588319683                0.00293300106906626                
0.07595008907529169                0.3027524209496802                 0.0029358867346740555              
0.07609870195001317                0.30259613647914946                0.002948966342553851               
0.07624731472248115                0.29866962086606297                0.0029061496156840517              
0.07639592739249607                0.2970978144238018                 0.0029046385643953167              
0.07654453995985831                0.2977200653670417                 0.0028966359034559453              
0.0766931524243683                 0.2940729966177209                 0.0028812690554423878              
0.07684176478582651                0.2913576696924685                 0.0028813419124587595              
0.07699037704403329                0.2899424494616301                 0.002854948247144485               
0.07713898919878912                0.2864834988260344                 0.0028462526921348                 
0.0772876012498944                 0.28540460055971417                0.002816005275338287               
0.07743621319714959                0.2845898162792901                 0.002839233784863092               
0.07758482504035506                0.2840672476670021                 0.0028306414729802583              
0.0777334367793113                 0.2785885563737466                 0.0027844936647928547              
0.0778820484138187                 0.2808751303159815                 0.002811141790070461               
0.0780306599436777                 0.2778762433394343                 0.0027786235056921644              
0.07817927136868873                0.2716856325499067                 0.002768269931008604               
0.07832788268865222                0.2685387623653402                 0.002728145350912087               
0.07847649390336861                0.2735685294550164                 0.002750161744670196               
0.07862510501263834                0.2744167205920172                 0.0027809807648800024              
0.07877371601626182                0.27440929047405144                0.002750978970535557               
0.0789223269140395                 0.26921021606549567                0.0027360966007090124              
0.07907093770577181                0.2673500744519444                 0.0027131305677763258              
0.0792195483912592                 0.25588672995553985                0.0026554212397904148              
0.07936815897030208                0.26354557534380624                0.002713937755817071               
0.07951676944270093                0.2595569083100497                 0.002664540766276486               
0.07966537980825614                0.2583246484333014                 0.0026702450789632807              
0.07981399006676818                0.25037988071195927                0.002618085525714907               
0.07996260021803749                0.2535704462642963                 0.0026488422484898587              
0.0801112102618645                 0.24836532273871165                0.0026161116400242744              
0.08025982019804966                0.24435904512974638                0.002572770681324989               
0.0804084300263934                 0.24316505030616112                0.002589647988241899               
0.08055703974669619                0.24875608403447844                0.002598976004850301               
0.08070564935875844                0.24553680938965447                0.002599037200860494               
0.08085425886238064                0.24366339177860583                0.002570151674049733               
0.0810028682573632                 0.2430129923071424                 0.0025667204402925756              
0.08115147754350657                0.2459019783169932                 0.002595642007416311               
0.08130008672061122                0.2382758744171357                 0.0025436450577805826              
0.08144869578847758                0.23876115783468768                0.002545202494412519               
0.0815973047469061                 0.2418442550947786                 0.0025553740975053385              
0.08174591359569723                0.2408508575544632                 0.0025511514634331987              
0.08189452233465144                0.23268186390542683                0.002514634805012766               
0.08204313096356916                0.23627605609964153                0.0025217218908278913              
0.08219173948225086                0.23596338436137854                0.002527180048017809               
0.08234034789049698                0.23356267718372234                0.0024981751530744343              
0.08248895618810799                0.23285337286569804                0.0025084444421191207              
0.08263756437488433                0.22968309248300917                0.0024862952923626683              
0.08278617245062646                0.23049346675779261                0.002480720008710251               
0.08293478041513484                0.2249077860462685                 0.002458338945968542               
0.08308338826820992                0.22968418727056586                0.0024714375290066253              
0.08323199600965217                0.22630551594594164                0.00246596847910955                
0.08338060363926207                0.22420646855663334                0.0024417915898018645              
0.08352921115684006                0.22891786069117442                0.0024663348390704227              
0.08367781856218658                0.22163739625921206                0.0024423687681890916              
0.08382642585510211                0.2256959831295527                 0.002453797096180055               
0.08397503303538713                0.22183927498677625                0.002421185626177719               
0.08412364010284208                0.2172040407336236                 0.0023854177293418447              
0.08427224705726745                0.2212336632397155                 0.0024226697889723455              
0.08442085389846368                0.2209210277504476                 0.00242288078023584                
0.08456946062623125                0.2180495619108237                 0.0024032698471861892              
0.08471806724037062                0.21196600972299123                0.0023648320931334357              
0.08486667374068227                0.21283013073802037                0.0023612836198929903              
0.08501528012696667                0.2102323240667231                 0.0023626083941609105              
0.08516388639902428                0.21204424544511646                0.0023541587892238016              
0.08531249255665557                0.2110049891258842                 0.002352061863439213               
0.08546109859966101                0.21588879000835132                0.0023838021644503123              
0.08560970452784111                0.20937631355736708                0.0023284165660444095              
0.08575831034099632                0.2089134677499799                 0.002348677020608348               
0.08590691603892707                0.20464729282424168                0.0023046509304579595              
0.0860555216214339                 0.1999704878499243                 0.0022861609650320844              
0.08620412708831726                0.20534310709200215                0.002320298128535573               
0.08635273243937762                0.20879967438176775                0.0023315387238237767              
0.08650133767441548                0.20405636160725918                0.002303113337672432               
0.08664994279323132                0.20013693296856985                0.0022703289423293507              
0.08679854779562558                0.19997798783399895                0.002276449099484631               
0.08694715268139878                0.20262189160615615                0.0023075928063805494              
0.08709575745035139                0.19936492929782784                0.002265949513394334               
0.0872443621022839                 0.19567056864745222                0.002247454480179124               
0.08739296663699678                0.19923427290494336                0.002266955090692389               
0.08754157105429052                0.1957380182060334                 0.0022443832886712253              
0.08769017535396562                0.19468091407750804                0.002243499042935225               
0.08783877953582254                0.19311826731633844                0.002217407763140902               
0.0879873835996618                 0.19198017204701057                0.002226165693805237               
0.08813598754528384                0.19277074139015263                0.0022213387559212663              
0.08828459137248919                0.18678333740241457                0.0021924497538786335              
0.08843319508107834                0.18963132914879388                0.002204866402225142               
0.08858179867085175                0.1895464400346376                 0.002192644081396764               
0.08873040214160996                0.18428721471737253                0.002176081043992452               
0.08887900549315342                0.18132069727695455                0.002147800806353913               
0.08902760872528265                0.18553260590970924                0.0021734310129388327              
0.08917621183779811                0.1839158408633584                 0.002166416107602639               
0.08932481483050034                0.17906019583735858                0.0021255026586260895              
0.08947341770318981                0.17851417574386472                0.00212788463058204                
0.08962202045566703                0.17903056590018965                0.0021317694911864656              
0.08977062308773248                0.17786311239329544                0.0021248086659126637              
0.08991922559918666                0.17628561294080927                0.0021089753243106342              
0.0900678279898301                 0.1730065216998455                 0.002094012803367712               
0.09021643025946328                0.17285045515821817                0.002082837968833528               
0.09036503240788671                0.1749201526379469                 0.0020968454878657933              
0.09051363443490087                0.16958461543347245                0.002061523845662708               
0.09066223634030629                0.1694892964928245                 0.0020749816396298656              
0.09081083812390348                0.1727668849836804                 0.0020901938909117586              
0.09095943978549291                0.17143360178872732                0.00206501549751337                
0.09110804132487513                0.16715419363213105                0.0020490060792170343              
0.09125664274185061                0.17068268822998248                0.0020589599496174866              
0.09140524403621988                0.1670784528762817                 0.002052399781785265               
0.09155384520778345                0.16658333019274266                0.0020363553865488234              
0.09170244625634183                0.16802178894631245                0.0020375634800908356              
0.09185104718169552                0.16329722729573223                0.0020290458563068862              
0.09199964798364504                0.16430259207441997                0.0020193677692955476              
0.0921482486619909                 0.16237714817081844                0.002010486773646421               
0.09229684921653362                0.1605504149058235                 0.001993223558741488               
0.09244544964707371                0.16482434337408708                0.002022574903651838               
0.09259404995341172                0.16194765112650295                0.0020138319322619996              
0.0927426501353481                 0.1594818741441478                 0.001977824935769155               
0.09289125019268343                0.1590412693741678                 0.001980909718873171               
0.09303985012521819                0.15910887594959755                0.0019791437064057946              
0.09318844993275292                0.16105677988966893                0.0019868417535039463              
0.09333704961508814                0.15743800821952564                0.001983375055804427               
0.09348564917202434                0.15957140016425095                0.001973328494693816               
0.09363424860336209                0.15953200568123274                0.0019781424327165904              
0.09378284790890191                0.159701589080779                  0.0019762989817786103              
0.0939314470884443                 0.1571599050628357                 0.00196989262288499                
0.09408004614178979                0.1570626746514174                 0.001962057530161406               
0.0942286450687389                 0.15971408546377208                0.001968481290911178               
0.09437724386909221                0.15179874724878148                0.0019331538880706335              
0.09452584254265017                0.158248301367834                  0.0019658553287908317              
0.09467444108921338                0.15512473861916024                0.0019364890388722173              
0.09482303950858231                0.1548416183867042                 0.0019417498906740415              
0.09497163780055753                0.15451151202229754                0.001933358465608309               
0.0951202359649396                 0.15692619793339427                0.001962651092631576               
0.09526883400152898                0.15279825273273723                0.001919145986769242               
0.09541743191012625                0.15295688924069453                0.0019257006582623954              
0.09556602969053193                0.1510299891102905                 0.0019142273331127781              
0.09571462734254658                0.1517398843074272                 0.001913870552443379               
0.09586322486597074                0.15134574235534984                0.0019162295042189912              
0.09601182226060492                0.15460849026905524                0.0019194549286372295              
0.09616041952624964                0.15199007336551237                0.0019210030660612976              
0.09630901666270551                0.15025709521771785                0.00190107493470356                
0.09645761366977304                0.1463878163174105                 0.0018784657969737213              
0.09660621054725275                0.14843857912832192                0.0018854759736593586              
0.0967548072949452                 0.14883183009524908                0.0018825902857287282              
0.09690340391265093                0.14778446792027228                0.0018921862175054816              
0.0970520004001705                 0.14460717639733045                0.0018609867962583017              
0.09720059675730447                0.14519656916942378                0.0018581379556064691              
0.09734919298385332                0.14816915876061432                0.0018770633907383                 
0.0974977890796177                 0.14491902990882397                0.0018629956538061437              
0.09764638504439807                0.14806985918297347                0.0018871975226984776              
0.09779498087799501                0.140926337699525                  0.0018196544975343236              
0.09794357658020908                0.1464221927252193                 0.001868627434509139               
0.09809217215084083                0.14479334322990703                0.0018555625933848391              
0.09824076758969084                0.14158153323798933                0.0018374819715099337              
0.09838936289655961                0.14105650402157302                0.0018249900746247223              
0.09853795807124772                0.13914149881095814                0.0018081001227608234              
0.09868655311355574                0.14079011334209754                0.0018316897503998367              
0.09883514802328423                0.13847416858364284                0.001801864151391445               
0.09898374280023374                0.13836619937594974                0.0018171505356712433              
0.09913233744420481                0.13825900759338802                0.0017948148917282113              
0.09928093195499803                0.1429700765717904                 0.0018373338488588417              
0.09942952633241396                0.1389926357915332                 0.0018180236688811599              
0.09957812057625312                0.13614892398174236                0.0017848019622848205              
0.09972671468631612                0.13670660417988778                0.0017872053112449665              
0.09987530866240353                0.13394941047000034                0.0017666261400799599              
0.1000239025043159                 0.13684478844980466                0.0017943867909727745              
0.10017249621185377                0.13385686394951546                0.0017784460240945375              
0.10032108978481775                0.13185306793175816                0.0017424670224463657              
0.10046968322300841                0.13266286646621464                0.0017624268147283973              
0.10061827652622628                0.13237598866840364                0.0017501418214033052              
0.10076686969427194                0.13146742308065032                0.0017550844401823377              
0.10091546272694601                0.1314491628217373                 0.0017531230661240228              
0.101064055624049                  0.12971517144316655                0.0017276937277513902              
0.10121264838538155                0.12561647228620387                0.001717393053146652               
0.1013612410107442                 0.13075313871639235                0.0017811398938926471              
0.10150983349993749                0.12887228919617855                0.0017971879868793595              
0.10165842585276207                0.1280565481106771                 0.0017975615401002868              
0.10180701806901846                0.12761611869032863                0.0018109321304644796              
0.10195561014850726                0.12908177139497734                0.0018462874516237055              
0.10210420209102905                0.12760923934070387                0.0018270953904007943              
0.10225279389638445                0.12591313442306554                0.0018234880091039373              
0.10240138556437398                0.12084035981123518                0.0018049953343204285              
0.10254997709479825                0.12616252385145374                0.0018495404848989305              
0.10269856848745783                0.12120892831131572                0.001836077456793932               
0.10284715974215335                0.12302717311276472                0.0018278979425357174              
0.10299575085868538                0.12302864389473353                0.0018559924732251601              
0.10314434183685449                0.12248780499056912                0.0018503618486963131              
0.10329293267646124                0.12161557809270662                0.0018569969285482755              
0.1034415233773063                 0.12449341365614469                0.0018860473672492712              
0.10359011393919021                0.12199453628529217                0.001859102640978775               
0.10373870436191358                0.11521635745395603                0.0018309081083582436              
0.10388729464527696                0.11797901850491536                0.0018511210495732327              
0.10403588478908102                0.11649469835675995                0.0018442496654138424              
0.10418447479312629                0.1207890611006732                 0.0018215847118130844              
0.10433306465721338                0.12216217717231696                0.001817052797746005               
0.1044816543811429                 0.12128397309171657                0.0018075930800331176              
0.1046302439647155                 0.11779233906151242                0.001760252627478878               
0.10477883340773168                0.11766665775957316                0.0017476745349851957              
0.10492742270999211                0.11756438924129789                0.001749632811829445               
0.10507601187129732                0.11876630673055626                0.0017537844951637568              
0.10522460089144804                0.11862290822631502                0.0017446431938049612              
0.10537318977024476                0.11645833950736863                0.0017240321452296438              
0.10552177850748812                0.116830475804163                  0.001720888733634151               
0.10567036710297875                0.11777663931498308                0.0017219837512020657              
0.10581895555651723                0.11623442303410232                0.0017171459969847818              
0.10596754386790419                0.11676224863093833                0.001702428156939182               
0.10611613203694019                0.11859230888227439                0.001718909643527282               
0.10626472006342588                0.11507346696860639                0.001695744357242395               
0.10641330794716188                0.11730819355910506                0.0017038806709829958              
0.10656189568794881                0.11506889084612987                0.001692555647976418               
0.10671048328558726                0.11508739072741543                0.0016698633731974215              
0.10685907073987783                0.11416991638848463                0.001679696027962675               
0.10700765805062118                0.11197436868574702                0.0016549341902323226              
0.1071562452176179                 0.11695278294291338                0.0016870139634261726              
0.10730483224066863                0.11718395555329263                0.0016868423455864711              
0.10745341911957391                0.1142531394599954                 0.0016530672499123925              
0.1076020058541345                 0.11423781262920833                0.0016679274738574897              
0.10775059244415094                0.1152767935483113                 0.0016682272078219068              
0.10789917888942382                0.11626506956786585                0.0016651829129755633              
0.10804776518975381                0.11355789725369361                0.0016569410671334252              
0.10819635134494156                0.11276048770945538                0.0016352406890548998              
0.10834493735478763                0.11188923077189128                0.0016429445874289635              
0.10849352321909271                0.11176333504473993                0.0016228291138529892              
0.1086421089376574                 0.11216942269199873                0.001632689069894388               
0.10879069451028231                0.11175939403126889                0.0016361068807682253              
0.1089392799367681                 0.11274475409471209                0.0016293683381178366              
0.10908786521691538                0.11047313181377298                0.0016214520046391745              
0.1092364503505248                 0.10890374962086974                0.001585827463822531               
0.10938503533739702                0.11172587614106916                0.0016265776506651604              
0.10953362017733265                0.11168602671669352                0.0016234188663127272              
0.1096822048701323                 0.11413898680942323                0.0016382649020043136              
0.10983078941559662                0.112031022774439                  0.0016236380112237536              
0.10997937381352627                0.1113518961573765                 0.001605220906910956               
0.1101279580637219                 0.11021530375757627                0.0016081687618301956              
0.11027654216598413                0.11054812329760932                0.001607218416648097               
0.11042512612011357                0.10901223173445339                0.0015795556815471053              
0.11057370992591092                0.11007305544575927                0.001595429233830431               
0.11072229358317678                0.10678468891455731                0.0015596070342341606              
0.11087087709171187                0.1068821471252401                 0.001572136312902994               
0.11101946045131672                0.10622815621453305                0.0015481798706212335              
0.11116804366179206                0.10556375926827005                0.0015485616913758489              
0.11131662672293854                0.10773969821277922                0.0015639104722553088              
0.11146520963455678                0.1053809716602923                 0.0015540955438975662              
0.11161379239644743                0.10638149468603739                0.0015974205822875786              
0.11176237500841117                0.10349652543220586                0.0015739209904315423              
0.11191095747024861                0.10445372814306175                0.0016048925817651707              
0.11205953978176046                0.10086107654080752                0.001589398447565329               
0.11220812194274735                0.10365172246644772                0.0016076315151015567              
0.11235670395300991                0.104987742221181                  0.001633864944388937               
0.11250528581234887                0.10089530717852048                0.0016035341596372427              
0.1126538675205648                 0.10189608564215077                0.001628930581722145               
0.1128024490774584                 0.10135087689933027                0.0016258336670090306              
0.11295103048283038                0.09879009493562249                0.0016076718594201119              
0.11309961173648131                0.09985458665892263                0.001629098788638045               
0.11324819283821194                0.09988606898007121                0.0016216467593130111              
0.11339677378782287                0.09967051673610271                0.0016256630960462552              
0.11354535458511482                0.0981767964581868                 0.001607082009050431               
0.11369393522988842                0.09988489961594187                0.0016241983884021363              
0.11384251572194438                0.0980042397147826                 0.00161074449853656                
0.11399109606108329                0.09797025307211779                0.0016130205571242072              
0.11413967624710591                0.09789467172155435                0.001611121184500397               
0.11428825627981287                0.09809494546844134                0.0016076818617799798              
0.11443683615900485                0.10146856935269234                0.0016560917854173203              
0.1145854158844825                 0.09587782946894903                0.001599519669731952               
0.11473399545604654                0.09631862168563313                0.0016057564668579304              
0.11488257487349764                0.09837036758242843                0.001626678827638096               
0.11503115413663645                0.09940296802276558                0.00162671771121496                
0.11517973324526365                0.09891419876750465                0.0016431020705996266              
0.11532831219917995                0.09599791358155291                0.0016030853732382723              
0.11547689099818605                0.09676413787418062                0.0016238245215380765              
0.11562546964208253                0.09681480395627519                0.0016189857094411676              
0.11577404813067017                0.0968023730211715                 0.0016156183585149318              
0.11592262646374966                0.09688235600732471                0.0016355092601972449              
0.11607120464112164                0.09500807893309154                0.001594804810781067               
0.1162197826625868                 0.0935593179520463                 0.0016019397849657585              
0.11636836052794586                0.09331838615331395                0.00159922165303123                
0.11651693823699948                0.0950712484136444                 0.0016102210710240877              
0.11666551578954835                0.09325436791583899                0.0016059255206858482              
0.11681409318539324                0.09633103973513438                0.0016090970821454448              
0.11696267042433472                0.09378554467451757                0.0016098298872031316              
0.11711124750617356                0.09179611636308956                0.001592665210964344               
0.11725982443071048                0.09451880770993823                0.0016141150693954336              
0.1174084011977461                 0.09787352787456072                0.0016452237170089899              
0.11755697780708119                0.09439113551742498                0.0016116997948283735              
0.11770555425851639                0.09793853497478235                0.0016519273310203525              
0.11785413055185245                0.09366483786630737                0.001606811378268474               
0.11800270668689006                0.09421414013631205                0.0016082088555545587              
0.11815128266342986                0.09361452296033752                0.0016157254207989718              
0.11829985848127267                0.0946512364752522                 0.0016239719300659326              
0.11844843414021912                0.09369844927276272                0.0016266503555406049              
0.11859700964006994                0.09557541683178619                0.0016217869785847931              
0.11874558498062582                0.09334354552995003                0.001609371474654311               
0.1188941601616875                 0.09440894529674101                0.001624604364223968               
0.11904273518305566                0.09098356298374066                0.0016008906898960218              
0.11919131004453105                0.09605764071338002                0.0016442345568332987              
0.11933988474591431                0.09798198463137629                0.0016475124378191517              
0.11948845928700624                0.09563574632499225                0.001640622125279649               
0.11963703366760754                0.09274740776595775                0.0016115976154692719              
0.11978560788751887                0.08958576871708465                0.0015898903004430308              
0.11993418194654097                0.09257311090739964                0.0016107590182637085              
0.12008275584447463                0.09270276362070619                0.0016159530560078362              
0.1202313295811205                 0.09295327230852574                0.0016215520875101426              
0.12037990315627929                0.09233788665519012                0.00161549405202349                
0.12052847656975177                0.09154079899122612                0.0016064734574513062              
0.12067704982133863                0.09001266948364485                0.0015870043282302474              
0.12082562291084065                0.09381501978405041                0.001638081300385079               
0.12097419583805849                0.09294758136737367                0.0016284054727507638              
0.12112276860279289                0.09163461378667052                0.001603926558663415               
0.12127134120484465                0.09086107909670499                0.0016079718114018593              
0.1214199136440144                 0.09154905149416524                0.0016058765954581958              
0.12156848592010293                0.0918628888670767                 0.0016244295049953582              
0.12171705803291097                0.08975676297646222                0.0015914219617767255              
0.12186562998223927                0.09215616511268798                0.0016180203200029217              
0.12201420176788849                0.08865312489654832                0.001599236776345255               
0.12216277338965947                0.0918009462701304                 0.00161627396121365                
0.12231134484735287                0.08863467504504544                0.001598383901334654               
0.12245991614076948                0.09013700226173826                0.001589443484298841               
0.12260848726971                   0.08990320897537496                0.001609783628098704               
0.12275705823397523                0.08919225685175569                0.0016047899612668815              
0.1229056290333658                 0.08777848714642945                0.0015811452742343366              
0.12305419966768259                0.08828394840094213                0.001591800301755773               
0.12320277013672629                0.08839511831247561                0.0015873671858990072              
0.12335134044029764                0.08878854549710544                0.0016011587076205547              
0.12349991057819736                0.08682441997873813                0.001586777350355315               
0.12364848055022623                0.0866297925926927                 0.0015681045320005888              
0.12379705035618503                0.08644040313944401                0.0015853287260045863              
0.12394561999587449                0.08689098763413014                0.0015718028020208603              
0.12409418946909531                0.08629986543800014                0.0015854198551114942              
0.12424275877564833                0.08572001176498098                0.0015645047210905488              
0.12439132791533426                0.08684389972950778                0.0015808100908970824              
0.1245398968879539                 0.08417583810109767                0.0015685241338089266              
0.12468846569330792                0.08623545575287231                0.0015739122624091931              
0.1248370343311972                 0.0842194482573586                 0.0015682480778102183              
0.1249856028014224                 0.08366473042526784                0.0015443237955151956              
0.12513417110378433                0.08515706091007862                0.0015707999213576947              
0.12528273923808372                0.08531181551133513                0.001583927575764491               
0.1254313072041214                 0.08370805111288893                0.001548027055228769               
0.1255798750016981                 0.08176077951348869                0.00154183310136526                
0.12572844263061453                0.08444701122532765                0.0015635654631172538              
0.12587701009067154                0.08663896669934981                0.001589237709580976               
0.1260255773816699                 0.08378304181973369                0.0015682999888857962              
0.1261741445034103                 0.08271695677717411                0.0015421428940801387              
0.12632271145569363                0.08398879178147896                0.001570226870215604               
0.12647127823832058                0.08162324409755721                0.001537872844219367               
0.12661984485109193                0.0818492083376844                 0.0015487417834774424              
0.1267684112938085                 0.08272684315741165                0.00155838930000137                
0.12691697756627102                0.08173006123769255                0.001536887653604163               
0.1270655436682803                 0.08267533851290937                0.0015524687558008095              
0.1272141095996371                 0.08035453349692115                0.0015212769411659518              
0.12736267536014226                0.08128879193890133                0.0015400687670391916              
0.12751124094959648                0.08183960406852511                0.0015346124725678966              
0.12765980636780058                0.08258418882858298                0.0015442367753514743              
0.1278083716145554                 0.08118112569547403                0.0015363754616510414              
0.12795693668966165                0.07938328644072352                0.0015107613694078784              
0.12810550159292017                0.08014230021670823                0.001518620308826012               
0.1282540663241317                 0.082411098767349                  0.0015340430277871863              
0.12840263088309706                0.08068213864995974                0.0015329836292761376              
0.12855119526961703                0.08107121176324995                0.0015293733018319903              
0.12869975948349244                0.08153142082231105                0.001529102438386229               
0.12884832352452402                0.08193400517827334                0.0015388194018525784              
0.1289968873925127                 0.07973002540364932                0.0015056807493137388              
0.1291454510872591                 0.08155829423747536                0.0015460072667656066              
0.12929401460856416                0.08130250284408007                0.0015269590266389244              
0.1294425779562286                 0.08256077218784946                0.0015514119120960865              
0.12959114113005324                0.07864566681421117                0.001515502378612817               
0.12973970412983893                0.08218646244489576                0.001530657297300117               
0.12988826695538638                0.08317163840760979                0.0015598643297388929              
0.13003682960649648                0.07836886237729121                0.0015004494182939995              
0.13018539208297003                0.07808160927888107                0.0015054717680692237              
0.13033395438460782                0.08022930061120641                0.0015293567052492181              
0.13048251651121062                0.08141128874737394                0.0015352424544190877              
0.13063107846257932                0.081249914290711                  0.0015390560171228607              
0.13077964023851468                0.07912686590334542                0.0015083417406449872              
0.1309282018388175                 0.0813546831365881                 0.0015440907703267186              
0.13107676326328868                0.0799917416162774                 0.001525105394908193               
0.13122532451172894                0.07790926042087079                0.0014999200447342682              
0.13137388558393917                0.07928054482460509                0.0015283040962162649              
0.13152244647972017                0.08177924065883697                0.0015307916665557818              
0.13167100719887273                0.07962721518386062                0.001532994351575781               
0.13181956774119763                0.0788151859886519                 0.0015092713768233824              
0.13196812810649583                0.07832640114020797                0.0015124421973383396              
0.13211668829456807                0.08024169511094756                0.001536870126307065               
0.13226524830521522                0.0786638835675774                 0.0015110914139224096              
0.13241380813823803                0.07765391961998612                0.0015079141687783287              
0.13256236779343739                0.07902856972998897                0.0015119720904602683              
0.1327109272706141                 0.08091179616956622                0.0015412469693032933              
0.13285948656956903                0.07672224866364143                0.0015014742455328118              
0.13300804569010294                0.07696625084094261                0.0015045217501898677              
0.13315660463201676                0.0784533291654526                 0.001512357723961459               
0.1333051633951113                 0.07892818392330578                0.0015156093210643184              
0.1334537219791874                 0.0780549039447665                 0.0015131352765734777              
0.13360228038404576                0.08110565830717904                0.001542423331049775               
0.13375083860948744                0.0767216293312162                 0.0014968827407531714              
0.13389939665531317                0.073850452639909                  0.00147700905279818                
0.13404795452132376                0.07748883131065228                0.0015069831122357725              
0.13419651220732015                0.07733844619630208                0.0015094919056939482              
0.1343450697131031                 0.07580129562440732                0.0014865857136325703              
0.13449362703847348                0.07683783652833855                0.0015046009603821887              
0.1346421841832322                 0.07638391471386423                0.0014968608251547059              
0.13479074114717998                0.07661090053030278                0.0015030415762743285              
0.13493929793011783                0.07700635884942944                0.0015122560492084553              
0.13508785453184646                0.07371387808855341                0.0014608985579309922              
0.13523641095216685                0.07671830805626363                0.001510097588649029               
0.13538496719087975                0.0749024842586492                 0.0014835811418191435              
0.1355335232477861                 0.07607273408423547                0.0015044011655976424              
0.13568207912268665                0.07575806786817103                0.0014973002849814824              
0.13583063481538238                0.0769135032252315                 0.0014955114921675386              
0.13597919032567404                0.07614819317004251                0.001499166089006543               
0.1361277456533626                 0.07218124305792642                0.001453837594880184               
0.13627630079824887                0.07507872944219049                0.0014879478656871685              
0.13642485576013377                0.07501067271517327                0.0014918821767369445              
0.13657341053881802                0.07532967183067542                0.0014917497895276493              
0.13672196513410265                0.07077898469931415                0.0014569623430602642              
0.13687051954578844                0.07250886940435274                0.0014539626181068839              
0.13701907377367628                0.07430556527142841                0.0014855172173354986              
0.13716762781756708                0.0724452340249945                 0.0014603401067983651              
0.13731618167726167                0.07285058125362691                0.0014709037227204785              
0.13746473535256093                0.07408300878449399                0.0014879226296215747              
0.13761328884326574                0.07470076620562315                0.001479005629661507               
0.13776184214917697                0.07259368670146905                0.0014696162302818396              
0.13791039527009552                0.07462421392234485                0.0014821453217695449              
0.1380589482058223                 0.07401110698920231                0.0014858792499432758              
0.1382075009561581                 0.07390931575814329                0.0014835366953483747              
0.13835605352090388                0.07150418972990974                0.0014508340255422153              
0.1385046058998605                 0.07206299047520516                0.001473437412239915               
0.13865315809282888                0.06980206743068135                0.0014347266222550065              
0.13880171009960984                0.07025036032296626                0.001440597414492323               
0.13895026192000431                0.07435001771453455                0.0014872978436113208              
0.1390988135538132                 0.07416926092638634                0.001482199932506636               
0.13924736500083743                0.07200053153507256                0.0014767980550170199              
0.13939591626087777                0.07203300826043241                0.0014517356036185718              
0.13954446733373518                0.07288403785201791                0.0014751919550436388              
0.13969301821921062                0.07090799375759296                0.0014486110408649072              
0.13984156891710492                0.07309570494060735                0.0014740512875605165              
0.13999011942721898                0.07220365036820765                0.0014775493436840251              
0.14013866974935374                0.07133286120727843                0.0014497471026758413              
0.14028721988331003                0.07114926651895614                0.0014621084204044193              
0.14043576982888886                0.0727588826409173                 0.0014693517956882076              
0.14058431958589104                0.07001573027688211                0.0014452370219144638              
0.14073286915411753                0.07416485580437483                0.0014907696929328674              
0.14088141853336925                0.07091949996934058                0.0014506636017059056              
0.14102996772344703                0.07159557593162856                0.0014706590980552406              
0.14117851672415188                0.07312654528816526                0.0014743734546075                 
0.14132706553528462                0.07155117649162307                0.0014584069792236856              
0.14147561415664625                0.07026101606403125                0.0014490658159598668              
0.14162416258803764                0.07220370243002487                0.001468963492952534               
0.1417727108292597                 0.07288643221438584                0.0014865497917169988              
0.14192125888011337                0.07413347361592924                0.0014779475830262595              
0.14206980674039957                0.07143908210390983                0.0014631294108025863              
0.1422183544099192                 0.07378268312471184                0.0014876024702126505              
0.14236690188847323                0.07274452300971222                0.0015352960333376842              
0.14251544917586248                0.0714186991842816                 0.0015500187033613794              
0.142663996271888                  0.06888305038831823                0.0015441370117170842              
0.14281254317635064                0.07276758366897985                0.001612287323604165               
0.14296108988905137                0.07304736999545693                0.0016337973492804574              
0.1431096364097911                 0.07105953725123412                0.0016229730883371512              
0.14325818273837077                0.07253009935128293                0.0016488372399602008              
0.1434067288745913                 0.07189838153566286                0.0016680008188465106              
0.14355527481825364                0.06809002761582991                0.0016394152122330536              
0.1437038205691587                 0.07297692230703882                0.001707325276598932               
0.14385236612710747                0.07162368090164332                0.0016995547353255078              
0.14400091149190083                0.0696101781550663                 0.0017023725533135104              
0.14414945666333978                0.07230651842998122                0.0017470235896867275              
0.14429800164122517                0.06952405421465253                0.0017284062613369124              
0.14444654642535806                0.06698882719604904                0.0016933440399886056              
0.14459509101553933                0.06773271288200526                0.0017204126276164214              
0.1447436354115699                 0.07163159307612912                0.0017964124147629794              
0.14489217961325077                0.07344868831899026                0.0018339262311525334              
0.1450407236203829                 0.07315375382542288                0.0018340092708326332              
0.14518926743276714                0.07160336142459878                0.0018169696911431907              
0.14533781105020457                0.07333403728957918                0.0018766620706194015              
0.14548635447249608                0.06958065870006236                0.0018253902589521322              
0.14563489769944266                0.07254223276507012                0.0018869209288430978              
0.1457834407308452                 0.07018170844254212                0.001854609273836178               
0.14593198356650475                0.0708056778218839                 0.001883636093849518               
0.1460805262062222                 0.06751553776832876                0.0018675229063585825              
0.1462290686497985                 0.07069525397517906                0.0019051241788858174              
0.1463776108970347                 0.07076565045430495                0.0019238606181104663              
0.14652615294773166                0.06590160898430449                0.0018565675075513325              
0.14667469480169043                0.06962998746484851                0.0019326756312959125              
0.14682323645871195                0.06656503097188468                0.0019080987599714042              
0.14697177791859717                0.07090847981580742                0.0019613738509419785              
0.1471203191811471                 0.06973764598133328                0.001972478495095502               
0.14726886024616265                0.07076745488819311                0.0019936471865021586              
0.14741740111344484                0.06741009074842953                0.0019724385884478646              
0.14756594178279467                0.06787033497207764                0.0019774583610781757              
0.14771448225401304                0.06635719706535133                0.001981032519088058               
0.147863022526901                  0.06913978469700376                0.002051345708246903               
0.14801156260125947                0.06969363824799049                0.0020392558432042324              
0.1481601024768895                 0.07037108702295711                0.0020924879088778086              
0.14830864215359202                0.06547768499407071                0.0020035846228684943              
0.148457181631168                  0.07080195112420622                0.0021146691014338067              
0.1486057209094185                 0.06662496629677227                0.0020789870328624385              
0.14875425998814445                0.0688478308787706                 0.0020872564618222966              
0.14890279886714686                0.06624281194670459                0.002063048447987919               
0.1490513375462267                 0.06980807698256818                0.002105750092108096               
0.149199876025185                  0.066883263301643                  0.0021097666537346848              
0.1493484143038227                 0.07230857524338534                0.0021871558134616146              
0.14949695238194086                0.0714790291249961                 0.002166031185605943               
0.1496454902593404                 0.06627391111635902                0.0021170424341565392              
0.1497940279358224                 0.0670826091617553                 0.002106643116164775               
0.1499425654111878                 0.06889100905519105                0.0021850901220985307              
0.15009110268523762                0.0619026802521368                 0.002027689710116709               
0.15023963975777288                0.0629225077554453                 0.0020904602993004956              
0.15038817662859452                0.07049690261560289                0.002236025972859351               
0.15053671329750368                0.06551623997205612                0.002115629730233878               
0.15068524976430123                0.06581626057541247                0.0021605246000808505              
0.15083378602878825                0.06939066075343338                0.002168458148544793               
0.1509823220907657                 0.06659285560971007                0.002184840720857571               
0.15113085795003464                0.06823343686564871                0.0022045222799452536              
0.15127939360639608                0.06772673902092553                0.0021847335168040495              
0.15142792905965102                0.06752509465201163                0.002200086469967126               
0.15157646430960048                0.06371437625589181                0.0020949157866522227              
0.15172499935604547                0.06848345664377314                0.0022348731440627176              
0.15187353419878702                0.0663040776457611                 0.002184793639943355               
0.15202206883762617                0.06610283586558899                0.0021629508626238515              
0.1521706032723639                 0.0665098298438333                 0.0022145350990534682              
0.15231913750280127                0.06674049382721205                0.0021710684264865786              
0.15246767152873936                0.06390919631550725                0.00217801958380229                
0.15261620534997902                0.06843574200112354                0.002198472774916221               
0.1527647389663215                 0.06783563091686305                0.002234047527126189               
0.15291327237756766                0.06612161780488024                0.002235318664693095               
0.15306180558351865                0.06724793151549353                0.0022268015309491324              
0.15321033858397537                0.0659595116629138                 0.002245287888957456               
0.153358871378739                  0.07114684664662217                0.002268078631488738               
0.15350740396761053                0.06547758549223864                0.0022551678366374023              
0.15365593635039093                0.06374338110736301                0.002207252769885247               
0.15380446852688134                0.06627040344819582                0.0022429133334327797              
0.15395300049688274                0.06380770912278684                0.002268740954016695               
0.1541015322601962                 0.06642606256478596                0.002237950910274858               
0.15425006381662276                0.06711609251085283                0.002332445450616817               
0.1543985951659634                 0.06900210866394631                0.0023313652006305766              
0.1545471263080193                 0.06304334786085927                0.0022206072173570684              
0.15469565724259146                0.06460507483821809                0.0023282052880800362              
0.15484418796948088                0.062015210612009555               0.0022050070441596795              
0.15499271848848864                0.06652650171453256                0.002386624954799063               
0.15514124879941582                0.06402644535981765                0.002251049941928271               
0.15528977890206347                0.06446890313379136                0.002311322157839315               
0.15543830879623263                0.07122335563756582                0.0024415051868246426              
0.15558683848172433                0.06569654687182436                0.0023478030465613874              
0.1557353679583397                 0.06989641269958453                0.0024589472180441435              
0.1558838972258798                 0.06537307450727188                0.002333265083466509               
0.15603242628414563                0.06034577108890229                0.0022759838628233784              
0.15618095513293828                0.06608378679018859                0.0024002712238266363              
0.15632948377205885                0.06114480583505637                0.0023028466135814004              
0.15647801220130841                0.06099037492497856                0.0023303224404847794              
0.15662654042048801                0.06223584859455437                0.0023323870356583526              
0.1567750684293987                 0.06408399768492845                0.0023982833377609813              
0.15692359622784158                0.06741234134417652                0.0024798030623450584              
0.15707212381561775                0.06345079414282553                0.0023581301930548104              
0.1572206511925283                 0.06493862287450573                0.002440542897379794               
0.15736917835837416                0.06313318864576724                0.002426405547861143               
0.15751770531295659                0.06189278825802241                0.0024091735155041577              
0.15766623205607658                0.0666832051433382                 0.0024663674358406684              
0.15781475858753524                0.06433856802100522                0.002452884910112584               
0.15796328490713368                0.06600059515724116                0.0025125997164176577              
0.15811181101467295                0.06145788212114949                0.002435049948013473               
0.15826033690995414                0.06489426812527345                0.0024669099213373404              
0.1584088625927784                 0.06255240922170145                0.0024745350646717115              
0.15855738806294672                0.062231214960213346               0.002475424818235169               
0.15870591332026027                0.06404655721058547                0.0024930088582810683              
0.15885443836452012                0.060523500412959466               0.002466753721793598               
0.15900296319552734                0.06306046429978113                0.0025103974460412215              
0.1591514878130831                 0.06333878968659985                0.0025234777838012788              
0.15930001221698845                0.06286297008666408                0.0025369430064114255              
0.15944853640704448                0.06371193801210519                0.002542383105573764               
0.15959706038305235                0.06312344855269071                0.0025578912179881827              
0.15974558414481307                0.05749711345025315                0.0024450259709035637              
0.1598941076921279                 0.06569937970230164                0.0026258753274386666              
0.16004263102479782                0.06302641371181404                0.0025881846025515437              
0.16019115414262397                0.0656876766389417                 0.0026380805773547557              
0.16033967704540744                0.0573472980114726                 0.0024886607586021283              
0.1604881997329494                 0.06477822478950462                0.002657882757444832               
0.16063672220505093                0.05956781294259014                0.002544610857047074               
0.16078524446151318                0.05925040814228539                0.0025544664816018114              
0.16093376650213723                0.05975377100242282                0.0025737771197903267              
0.1610822883267242                 0.05955780689703337                0.002604281062327039               
0.16123080993507524                0.06001762196455053                0.002592366429682676               
0.16137933132699142                0.0583014568021117                 0.002594380776669735               
0.16152785250227394                0.06069693346961451                0.0026290760304975213              
0.1616763734607239                 0.06498408937332822                0.002748534126039705               
0.1618248942021424                 0.06233023424829019                0.0027203144431154165              
0.16197341472633062                0.06083041409828274                0.002677909661249802               
0.16212193503308964                0.0604806698636303                 0.002694023156574862               
0.1622704551222206                 0.054884000870374476               0.002561765778352045               
0.1624189749935247                 0.060046552077139125               0.0026988918101199405              
0.16256749464680298                0.0629930674164699                 0.0027948654210046336              
0.16271601408185665                0.06154528116007332                0.002752388647365221               
0.16286453329848682                0.05931224889184523                0.00272718010958628                
0.16301305229649465                0.057612183231471145               0.002697937669442033               
0.16316157107568127                0.061171742361447394               0.0027748065826396413              
0.16331008963584778                0.059609124722897276               0.002797594841069659               
0.16345860797679546                0.06062083265459967                0.0027727323471452864              
0.16360712609832537                0.0639303092777825                 0.0029029258061099702              
0.1637556440002386                 0.058726918902690536               0.0028157402423148415              
0.1639041616823364                 0.05878668807998069                0.0027620395475590554              
0.16405267914441987                0.05990649161748874                0.0028789222619075372              
0.16420119638629022                0.06495370742168763                0.0029493959220131907              
0.16434971340774857                0.056862968818162815               0.0028048434051710053              
0.16449823020859602                0.053879772344561414               0.002753127757447822               
0.16464674678863386                0.05727825408062722                0.0028150726089282985              
0.16479526314766318                0.06112165265134248                0.002950981197823858               
0.16494377928548515                0.05613514916609535                0.002828047959039746               
0.16509229520190094                0.05706444741625704                0.0028821898380498936              
0.16524081089671167                0.060031169144998994               0.0029756345797369815              
0.16538932636971862                0.06299869597256924                0.00304160570334955                
0.16553784162072283                0.06370448324984454                0.0030721029787312776              
0.16568635664952555                0.059875393395926936               0.0030050598531812206              
0.16583487145592796                0.05913109902655858                0.0030135998545505692              
0.1659833860397312                 0.06416103181808151                0.0031609871583793254              
0.1661319004007365                 0.06218115215052314                0.0030974638159681597              
0.16628041453874493                0.0604891156838069                 0.0030908494257840162              
0.1664289284535578                 0.061410651210456794               0.0031216788375963                 
0.16657744214497625                0.059813148355430265               0.0031179758955603566              
0.1667259556128014                 0.06514155442289131                0.0032859567460594044              
0.16687446885683452                0.057259918588184855               0.0030433303367811988              
0.16702298187687672                0.061046489542156746               0.0032129731337977234              
0.16717149467272932                0.06294734356273611                0.0032462613773078866              
0.16732000724419338                0.061814209916570745               0.003257894918335506               
0.16746851959107012                0.05872631484214725                0.0032085613342491713              
0.16761703171316078                0.06406154117056004                0.0033081237611461314              
0.16776554361026652                0.05688492662459539                0.003200027134519846               
0.16791405528218858                0.05670502572705685                0.003194966250514139               
0.1680625667287281                 0.05544502628790701                0.0031592735787948313              
0.16821107794968634                0.061728626009709395               0.003398049025386332               
0.1683595889448644                 0.06326654429356124                0.003421062908444613               
0.16850809971406366                0.060006479000777095               0.0033597178201364825              
0.16865661025708517                0.059269302204935106               0.0033771819228174474              
0.16880512057373023                0.06232165783708902                0.00347305020841857                
0.16895363066379998                0.05859602580455747                0.003417389623240999               
0.16910214052709568                0.054897385167237196               0.0032690917135979637              
0.16925065016341856                0.0628837961797085                 0.0035831368313049804              
0.1693991595725698                 0.05704621529436896                0.0034337786467635314              
0.16954766875435065                0.06227154591338929                0.003565658346515628               
0.16969617770856224                0.06209334801183443                0.0036275321236696485              
0.1698446864350059                 0.047986414163155626               0.003199094277543709               
0.1699931949334828                 0.05746273066128813                0.00352326607226647                
0.17014170320379415                0.06027118312585016                0.0036679873961725402              
0.17029021124574129                0.06127801703621126                0.003662061954248003               
0.17043871905912528                0.06013476058440379                0.0037010386700097363              
0.17058722664374745                0.061852752526207554               0.0037924355829245956              
0.17073573399940897                0.0538558119970629                 0.0035511470809737843              
0.17088424112591122                0.060319297868504845               0.0037847693609451127              
0.17103274802305524                0.05357504580347871                0.003579633319238185               
0.17118125469064235                0.05539710552156963                0.003693140368104642               
0.1713297611284738                 0.0620084106934517                 0.0039217562375689664              
0.17147826733635088                0.060272299688615624               0.003940123490273889               
0.17162677331407472                0.05512093503555074                0.003767989547474319               
0.17177527906144666                0.057365345949188906               0.003858810753820595               
0.1719237845782679                 0.060808430921065366               0.004035997314412764               
0.17207228986433967                0.05751839665379487                0.0039410955994561925              
0.17222079491946324                0.06299712372666227                0.004228090105021646               
0.1723692997434399                 0.0569245462063688                 0.003985515417255521               
0.17251780433607086                0.056380889423023973               0.004016972047084995               
0.17266630869715735                0.06206302394520841                0.004232663102105259               
0.17281481282650069                0.05531043464825369                0.00406650403077601                
0.17296331672390208                0.04944559185296871                0.003933680076900939               
0.17311182038916287                0.05332856129817964                0.004066264677933533               
0.1732603238220842                 0.05270857175040639                0.004042562914471126               
0.17340882702246738                0.059168580833010805               0.004385867011027639               
0.17355732999011372                0.05801957888886769                0.004385867911789633               
0.17370583272482443                0.05911243283417903                0.004494235045582739               
0.17385433522640084                0.05868632342280629                0.0045010355389465805              
0.17400283749464415                0.061684360871219694               0.0046628993899203094              
0.1741513395293557                 0.06337110152234357                0.0047767765068439435              
0.1742998413303367                 0.05767022388464554                0.004632183852628185               
0.17444834289738848                0.058119391135169875               0.0047296889736608075              
0.17459684423031224                0.05217598081085642                0.004507318239623779               
0.17474534532890937                0.06385730495569261                0.00498641776949922                
0.17489384619298107                0.0599444647945256                 0.004978116843437                  
0.17504234682232866                0.06570094651394644                0.0052772270167191025              
0.1751908472167534                 0.053491197694420387               0.004823138868305142               
0.1753393473760566                 0.058043145777363025               0.005090720646984318               
0.17548784730003958                0.05384991383471246                0.004936413507737959               
0.17563634698850353                0.05282388804234489                0.004991388251555827               
0.17578484644124984                0.06303368054194958                0.005571442869294885               
0.17593334565807975                0.061975410525804686               0.005565556162860257               
0.17608184463879456                0.05964833538188075                0.005586578460313585               
0.17623034338319563                0.05284644440366911                0.005258417755201532               
0.17637884189108416                0.0602764686066965                 0.005800105895979375               
0.1765273401622615                 0.05287420769637076                0.005573430859911208               
0.176675838196529                  0.049936857984105784               0.005416412732258642               
0.17682433599368788                0.0593922874489762                 0.006125846713878353               
0.17697283355353952                0.0486512327893991                 0.005544322534151961               
0.17712133087588516                0.0662911532959857                 0.006730846828136395               
0.17726982796052618                0.056287256491386196               0.00633281112547784                
0.17741832480726386                0.0545990652584356                 0.006304557004891948               
0.17756682141589947                0.06139374691249587                0.006996466789165147               
0.1777153177862344                 0.05918733302323081                0.006789252720682915               
0.17786381391806994                0.0498021338758078                 0.006539340548034671               
0.1780123098112074                 0.059533712974546495               0.007441714121818312               
0.17816080546544807                0.05453725052860318                0.007223635299049758               
0.17830930088059335                0.04566526000422435                0.006807375038643198               
0.17845779605644455                0.05077202187313059                0.00740586053885511                
0.17860629099280295                0.05023200204709986                0.007750966191170166               
0.17875478568946987                0.04465076462520608                0.007441794104201012               
0.1789032801462467                 0.07116230947031538                0.009964716468472044               
0.17905177436293476                0.046592303105792626               0.008236433369301252               
0.17920026833933536                0.04353477718395164                0.008537872245418592               
0.17934876207524983                0.052876361819570804               0.009653858709127947               
0.17949725557047952                0.04186054361246164                0.009360302109255883               
0.17964574882482584                0.05667285859945733                0.012082694051324519               
0.17979424183809004                0.05409693672679922                0.011804919400752099               
0.17994273461007346                0.07367503541811452                0.015707570328666983               
0.18009122714057746                0.06279135957577246                0.016212659328179224               
0.18023971942940345                0.06027983606050709                0.020093278686835695               
0.18038821147635273                0.066977741151444                  0.023680207478371667               
0.18053670328122662                0.033488943400066314               0.02368025897295937                
0.18068519484382653                nan                                nan                                
