#####################################################################################################
# NeXus source file: noemi5saxs
# NXdata: name = img{0}_azimuthalIntegration_Px_29                 
#
#
# Exposure_msec                                     1000.0 + 0.0
# _diffrn_source.source                             Storage Ring SOLEIL, beamline SWING
# _diffrn_sofware                                   Foxtrot 3.5.10-3979
# _diffrn_detector.detector                         EIGER-4M
# _diffrn_comment.comment                           -
# _sas_detc.pixnum_ax                               [1035]
# _sas_detc.pixnum_eq                               [1083]
# _sas_detc.pixsize                                 150.0
# _sas_detc.center_ax                               285.110346632731
# _sas_detc.center_eq                               957.0166664324403
# _sas_detc.dist_spec/detc                          6137.21860334
# _sas_detc.energy                                  12.000513668149837
# _sas_detc.gain                                    1.0
# _sas_detc.detector_based_uncertainty              0.0
# _sas_detc.encoder_delta                           0.0
# _sas_detc.delta0                                  0.0
# _sas_detc.gamma_offset                            0.0
# _sas_detc.wave_length                             1.0331573224991384
# _sas_detc.bias                                    0
# _sas_detc.mask                                    E:\20251487\published-data\3120\2026-09-03_session3\\mask_bags_saxs_12kev_sept26.txt
# Normalization                                     true
# Normalization Factor                              0.02571
# Normalization Monitor                             averagemi8b
# Normalization Intensity                           1.3214787617999622e-06
# GlobalNormalization                               30.70417609820565
# AbsTimeStamps                                     nan
# TimeStamps                                        1.357347011566162
# gapTime                                           500.0
# step_global_regrid                                nan
# xmax_global_regrid                                nan
# xmin_global_regrid                                nan
# ymax_global_regrid                                nan
# ymin_global_regrid                                nan
#####################################################################################################
q(A-1)                             I(q)9_00198{00000}_AzInt_Px_29     Sig(q)9_00198{00000}_AzInt_Px_29   
0.0                                nan                                nan                                
0.00014863910320409943             nan                                nan                                
0.0002972782062084175              nan                                nan                                
0.0004459173088131729              nan                                nan                                
0.0005945564108185842              nan                                nan                                
0.0007431955120248703              nan                                nan                                
0.0008918346122322496              nan                                nan                                
0.001040473711240941               nan                                nan                                
0.001189112808851163               2244.409807041379                  4.274864677610608                  
0.0013377519048631344              2173.0853905990703                 1.71725214233332                   
0.001486390999077074               2119.9489181555773                 1.2671550705235206                 
0.0016350300912932002              2059.742502445601                  1.0754587763277472                 
0.0017836691813117322              2019.6775538253842                 1.093606237462675                  
0.0019323082689328885              1982.2589627431178                 1.0123046438548184                 
0.0020809473539568878              1948.8253938185824                 0.9261299289580617                 
0.0022295864361839487              1919.7805837948727                 0.8953231537526751                 
0.0023782255154142914              1890.0042781011257                 0.817972693200575                  
0.002526864591448133               1864.7203132861973                 0.8403475871019008                 
0.0026755036640856928              1836.7695964817842                 0.7584238999157976                 
0.00282414273312719                1811.8481190168332                 0.7496656147577543                 
0.002972781798372844               1782.7984939323528                 0.7200181956247852                 
0.0031214208596228726              1761.0646096769324                 0.6884879147305649                 
0.003270059916677496               1737.8890194434184                 0.6955357523963754                 
0.0034186989693369323              1711.2483585518428                 0.6332139893221675                 
0.0035673380174014                 1681.829872263547                  0.6300178811905282                 
0.0037159770606711206              1658.447912149339                  0.6189317463044306                 
0.0038646160989463108              1635.4368755970286                 0.5978953367605628                 
0.004013255132027191               1610.8587884806464                 0.5894428167266895                 
0.00416189415971398                1582.1904740652285                 0.5457676122880349                 
0.004310533181806896               1556.095725950484                  0.5492435349225252                 
0.004459172198106161               1531.6378916388717                 0.5369779473377788                 
0.0046078112084119915              1504.6590365286502                 0.520332825285066                  
0.004756450212524608               1478.9378810518574                 0.5144471287039635                 
0.0049050892102442305              1451.857964524512                  0.4826313564479475                 
0.005053728201371077               1426.7276985686653                 0.49195053005333855                
0.00520236718570537                1399.5894378867922                 0.46369660051111994                
0.005351006163047325               1373.2553070127528                 0.46149555642637763                
0.005499645133197165               1346.9796168687337                 0.4485943582497944                 
0.005648284095955107               1322.038144438388                  0.4345663819993917                 
0.005796923051121373               1296.612235919817                  0.43912136952405906                
0.005945561998496182               1270.694658074075                  0.40850403335516045                
0.006094200937879753               1244.110110073333                  0.40667546362426704                
0.006242839869072308               1218.6136718803339                 0.4008539482856388                 
0.006391478791874063               1193.9578889670404                 0.39282206108072487                
0.006540117706085243               1169.4936926232401                 0.3834870585469                    
0.006688756611506066               1143.5733655482356                 0.3647158774196292                 
0.006837395507936751               1119.8740028369996                 0.3709909641622002                 
0.006986034395177519               1094.650367635348                  0.3543074214451719                 
0.007134673273028592               1070.4071603867762                 0.34913485721312604                
0.007283312141290187               1046.0597389183808                 0.3421633522491234                 
0.007431950999762529               1023.3702484758613                 0.330033057309763                  
0.007580589848245835               999.7762564683143                  0.33279709452948364                
0.007729228686540326               976.8914100468485                  0.31482733363417                   
0.007877867514446222               953.538423323412                   0.313492662303879                  
0.008026506331763748               930.3054301081492                  0.3048637737177442                 
0.00817514513829312                908.9815877263052                  0.2977187413003823                 
0.008323783933834563               887.2303181410391                  0.2995657356323961                 
0.008472422718188292               865.744081768997                   0.28222471473967964                
0.008621061491154536               844.151300133525                   0.27947357186438054                
0.00876970025253351                823.525761187843                   0.27448306132480277                
0.00891833900212544                803.2322724852651                  0.27032177951343517                
0.009066977739730543               783.3025497013156                  0.2640135563917362                 
0.009215616465149042               763.3630950684371                  0.2544497284255608                 
0.00936425517818116                743.7390323918104                  0.25621181457554754                
0.009512893878627117               724.8901838539919                  0.24572526016295296                
0.009661532566287137               706.5835864245463                  0.24198452588706543                
0.009810171240961438               687.814149643516                   0.23784284077954937                
0.009958809902450245               670.2491784967299                  0.22852417703226452                
0.010107448550553781               653.6387889420243                  0.23393558173464635                
0.010256087185072265               635.6865382649632                  0.2189181836414575                 
0.01040472580580592                618.6471132239724                  0.219551083025779                  
0.010553364412554972               602.5876815119979                  0.21143657796839468                
0.010702003005119639               585.972794922023                   0.20873917180006166                
0.010850641583300147               570.139588972557                   0.20804834521693455                
0.010999280146896714               555.6408269809009                  0.1992126875675656                 
0.011147918695709568               540.2805454563429                  0.19730714742079486                
0.011296557229538928               525.547437665367                   0.19144759761749883                
0.011445195748185017               511.399229635055                   0.18905558251034915                
0.011593834251448063               497.3796512273826                  0.18604737203004562                
0.011742472739128288               483.4406601878433                  0.17907432850962246                
0.01189111121102591                470.043829112151                   0.1797142554983077                 
0.012039749666941157               457.11531664784246                 0.17342545387882288                
0.012188388106674252               444.4020578498027                  0.16929530954043887                
0.012337026530025419               431.7472755895108                  0.16736535406773292                
0.012485664936794882               419.54548651182813                 0.16272988766434732                
0.012634303326782862               407.7966214719667                  0.1621730947105873                 
0.012782941699789586               396.5855503867456                  0.15581718070146516                
0.012931580055615283               385.242716987371                   0.15459317456137942                
0.013080218394060168               374.2139527663293                  0.14954245969855282                
0.01322885671492447                363.3646280647045                  0.1483142921829889                 
0.013377495018008414               353.17417839283013                 0.1455450397009799                 
0.013526133303112226               343.04854375817416                 0.1411234700149822                 
0.013674771570036126               332.96781855563205                 0.13915859640616818                
0.013823409818580348               323.3124947760981                  0.13556166432544725                
0.013972048048545106               313.906495064222                   0.1349962533668432                 
0.014120686259730635               304.6007772601183                  0.13011271150463888                
0.014269324451937156               295.2091494336664                  0.12701202668121442                
0.014417962624964894               286.63283552481846                 0.12664982215949766                
0.014566600778614077               278.22204010399673                 0.12289190735778019                
0.014715238912684931               269.80651817277493                 0.12142448544571023                
0.01486387702697768                261.75299130840773                 0.117545624148929                  
0.015012515121292555               253.93973595682513                 0.1151267640303279                 
0.015161153195429777               246.40823070128533                 0.11451310597490853                
0.015309791249189571               238.67842697489726                 0.11046894525213577                
0.015458429282372172               231.45948788844905                 0.10982491243675647                
0.015607067294777802               224.40637593703875                 0.105552639375382                  
0.015755705286206685               217.20335591165207                 0.10472656772294973                
0.015904343256459057               210.60621299414586                 0.10320391190260843                
0.01605298120533514                203.98123872541677                 0.0994292174338642                 
0.016201619132635157               197.52521832822316                 0.09880346048979581                
0.01635025703815934                191.32038613125837                 0.09530642884517548                
0.016498894921707925               185.28300634313834                 0.09526001487538034                
0.016647532783081127               179.2360814753852                  0.09218028964458047                
0.016796170622079182               173.42206819789337                 0.0896989552975674                 
0.016944808438502313               167.92246413977753                 0.08902944345160793                
0.01709344623215075                162.27541603735534                 0.08633901648262818                
0.017242084002824728               157.19894047766672                 0.08582944397371514                
0.01739072175032447                151.9634020339098                  0.0822276545514648                 
0.017539359474450206               146.8812459153675                  0.08145533359637092                
0.017687997175002166               142.08633185499383                 0.07994860668163324                
0.017836634851780577               137.33952434125803                 0.07759030165773535                
0.017985272504585672               132.74824686872685                 0.07711721131257071                
0.01813391013321768                128.3313310002003                  0.07396458790922232                
0.018282547737476833               124.06845792086709                 0.07354863395517101                
0.018431185317163357               119.89359634886738                 0.07177408399887156                
0.018579822872077482               116.25676257415175                 0.07003333022011687                
0.01872846040201944                113.2150696163491                  0.06956311131456297                
0.018877097906789472               108.58266219785894                 0.06834971642798027                
0.019025735386187796               105.0133201265232                  0.06877926173363706                
0.019174372840014643               101.2605895322355                  0.06657915389892965                
0.01932301026807025                98.76018047902042                  0.06592947869200017                
0.019471647670154846               94.49084649405131                  0.06702768176232475                
0.019620285046068664               91.0278436185852                   0.06554917773073582                
0.019768922395611937               87.68745263220151                  0.06558271699677662                
0.019917559718584898               84.42299879460363                  0.06354210546157787                
0.020066197014787773               81.32123862412158                  0.06363820777820856                
0.0202148342840208                 78.53442828559206                  0.06351704555545834                
0.020363471526084212               75.55094281210413                  0.061105762070885264               
0.02051210874077824                72.94332274688365                  0.061851744405943807               
0.020660745927903117               70.25601389300984                  0.059015229896391665               
0.020809383087259083               67.57574118270394                  0.06011624588460284                
0.02095802021864636                65.10384114201037                  0.058480705852901695               
0.02110665732186519                62.6382689145823                   0.057041547919242236               
0.021255294396715804               60.26666063067049                  0.056679134979910964               
0.021403931442998434               57.94264610686171                  0.05503772190602356                
0.021552568460513323               55.778512917587754                 0.05553684256530634                
0.021701205449060703               53.817117384495695                 0.05360443487628448                
0.021849842408440803               51.73936717350106                  0.0526458627300384                 
0.02199847933845386                49.853911027088465                 0.05246010423034577                
0.02214711623890011                47.7712982284673                   0.05067022180837677                
0.02229575310957979                47.7498812720885                   0.050327761749578                  
0.022444389950293145               45.29145161758164                  0.04760179593353461                
0.022593026760840393               43.299576872808835                 0.04679556161659629                
0.02274166354102178                41.52738076116651                  0.04582792217638549                
0.02289030029063754                39.99593556953018                  0.04373612120814399                
0.02303893700948792                38.26854401438973                  0.043423636481771145               
0.02318757369737314                36.73196080894574                  0.04163930976267811                
0.023336210354093452               35.38332446804556                  0.041754631925530535               
0.02348484697944908                34.010568504720375                 0.04003815488186488                
0.02363348357324028                32.626891331404785                 0.039386624022384825               
0.023782120135267273               31.35687618435309                  0.03861245069732806                
0.023930756665330306               30.1394251611801                   0.03726182269370713                
0.02407939316322961                28.998537457902277                 0.03715920199277307                
0.024228029628765434               27.842978087306815                 0.03563815254093887                
0.024376666061738005               26.70747755064509                  0.0351010893292084                 
0.024525302461947576               25.684614016228757                 0.03444677247066553                
0.024673938829194372               24.74828524885172                  0.033297527680915935               
0.024822575163278647               23.828234047075693                 0.03332069436674807                
0.02497121146400064                22.916536945136333                 0.03167340794697001                
0.02511984773116057                21.98693158607094                  0.03178088801596926                
0.025268483964558705               21.19464424467309                  0.030878107978329798               
0.025417120163995274               20.355851995463826                 0.029831388721664878               
0.02556575632927051                19.636402604154405                 0.029680395632649237               
0.02571439246018467                18.85223341344911                  0.02838644571777678                
0.025863028556537982               18.143921790515673                 0.028628930021980255               
0.0260116646181307                 17.537790283828084                 0.027615554125208584               
0.026160300644763053               16.92837345938022                  0.027113419092450606               
0.0263089366362353                 16.318106371777997                 0.026584795949556622               
0.026457572592347666               15.775940705207995                 0.026087448068835246               
0.026606208512900405               15.173207827335059                 0.02572088528577787                
0.026754844397693756               14.704153336844065                 0.024858604240599824               
0.02690348024652797                14.172698107485193                 0.024500263122513005               
0.02705211605920328                13.760923919483448                 0.024348410776598724               
0.027200751835519926               13.300409251673582                 0.02358150752037561                
0.027349387575278168               12.859175698678191                 0.023307046327944697               
0.027498023278278244               12.50707680132512                  0.022882108732376852               
0.0276466589443204                 12.078762696957963                 0.022414979747820578               
0.027795294573204874               11.745060650782843                 0.022231319049652136               
0.027943930164731925               11.447823217892642                 0.021697366213262903               
0.02809256571870178                11.066323320778999                 0.021332773031872015               
0.028241201234914706               10.820389657908901                 0.021067815143058968               
0.02838983671317093                10.545054437136704                 0.020758866042759894               
0.028538472153270714               10.214771467082244                 0.020405600804609878               
0.0286871075550143                 10.001893961201624                 0.020141502927911423               
0.02883574291820193                9.728039738446288                  0.019704988576108133               
0.028984378242633856               9.506825801205258                  0.019735261177288965               
0.029133013528110326               9.31984259207804                   0.019204947383323626               
0.02928164877443159                9.124670511316738                  0.01916651537300202                
0.029430283981397888               8.919093199898557                  0.018902706107704503               
0.029578919148809477               8.760228702623964                  0.01859686459934909                
0.029727554276466603               8.58212246012583                   0.018485438647816835               
0.029876189364169515               8.453448081950468                  0.01816950334894633                
0.03002482441171847                8.325694692014867                  0.018042510013428933               
0.0301734594189137                 8.153791314148526                  0.017898301713086224               
0.030322094385555477               7.998990708772718                  0.01770624452031242                
0.03047072931144404                7.886536778569778                  0.017414496168533234               
0.03061936419637964                7.7698251033672765                 0.017336407571659253               
0.030767999040162516               7.6290130929131985                 0.017077488274646793               
0.030916633842592953               7.516903017145885                  0.01713350209567909                
0.031065268603471176               7.45640955099843                   0.01677525977287805                
0.031213903322597436               7.3838867946292455                 0.016850417515833827               
0.031362537999772004               7.27963807843683                   0.016575225081488756               
0.031511172634795116               7.159965272209744                  0.01643842031613089                
0.03165980722746703                7.10604546754319                   0.016443233048259568               
0.03180844177758801                7.049465076188935                  0.01616195267024226                
0.03195707628495829                6.942901580610972                  0.016149951620800015               
0.03210571074937814                6.920423257076762                  0.01609596637006016                
0.032254345170647805               6.854661665730195                  0.015946162736710255               
0.03240297954856755                6.787840605005997                  0.015904522106766537               
0.03255161388293761                6.750431323635891                  0.01565597603408085                
0.03270024817355827                6.632098330915391                  0.015730011843689502               
0.03284888242022977                6.641230972187633                  0.015581031990010992               
0.03299751662275236                6.573936281333439                  0.01550189383456284                
0.033146150780926295               6.530001606520022                  0.015415445427195569               
0.03329478489455186                6.457273650208127                  0.01524443542167626                
0.033443418963429276               6.426633974677825                  0.015413985803429878               
0.033592052987358824               6.404719085452749                  0.015099087775992504               
0.03374068696614075                6.358634665176763                  0.015127562259847372               
0.03388932089957531                6.3163317177710505                 0.01501918740412289                
0.03403795478746278                6.360624112802848                  0.015104919697583385               
0.03418658862960341                6.368291069693118                  0.015172621563272398               
0.034335222425797444               6.257410697881967                  0.01522700712738708                
0.034483856175845165               6.228515226464269                  0.015385570434374985               
0.03463248987954682                6.156805507832589                  0.015323593438419889               
0.034781123536702666               6.105345888108948                  0.015413608980873735               
0.03492975714711298                6.120728259198476                  0.015405433632456281               
0.03507839071057801                6.168952556149146                  0.015042199521835841               
0.03522702422689801                6.06821186557783                   0.015037888351495146               
0.03537565769587327                5.990036453318003                  0.01473970737078439                
0.03552429111730402                5.959567480346779                  0.014743277207784233               
0.035672924490990535               5.898564308293427                  0.014537967741529155               
0.03582155781673309                5.863444904163164                  0.014423400419680814               
0.03597019109433192                5.784562046950049                  0.014492779714049036               
0.03611882432358732                5.715545728581132                  0.014102746278326932               
0.03626745750429954                5.67961747546171                   0.014187786598927167               
0.03641609063626884                5.621847072140194                  0.013964316150877492               
0.03656472371929549                5.574853986987566                  0.01395795657668013                
0.03671335675317976                5.522925150133733                  0.013892799530251288               
0.0368619897377219                 5.4775955317684755                 0.013703970668401344               
0.03701062267272219                5.405870305239716                  0.01364270795139546                
0.03715925555798089                5.390774866578985                  0.013616454666287208               
0.03730788839329828                5.300795415382594                  0.013481004474296215               
0.037456521178474596               5.253020871268347                  0.013356998938973257               
0.03760515391331015                5.182691627240024                  0.013164729384685478               
0.037753786597605164               5.138757838582789                  0.013224733712457588               
0.03790241923115994                5.0937511234912725                 0.013071432175802002               
0.038051051813774724               5.023536892441998                  0.013001131368962675               
0.03819968434524979                4.962882103756113                  0.012856172140166329               
0.03834831682538542                4.8995886957737955                 0.012734927886130709               
0.03849694925398188                4.852111580725889                  0.012764207347769667               
0.03864558163083943                4.7725014406028805                 0.012549571191238399               
0.03879421395575834                4.706586376746616                  0.01245630043853139                
0.038942846228538906               4.62053879483795                   0.012218859650799024               
0.03909147844898136                4.581890892423074                  0.012321408231246738               
0.03924011061688601                4.506892172174662                  0.012079652198578062               
0.0393887427320531                 4.442013537059591                  0.011915651324912948               
0.039537374794282924               4.382630866710989                  0.011847371665598638               
0.039686006803375744               4.301041695611466                  0.011667942643630524               
0.039834638759131825               4.237327755443579                  0.011643603033433255               
0.03998327066135146                4.17533469072519                   0.011451743813737316               
0.04013190250983492                4.098790143330536                  0.011281206722090311               
0.04028053430438246                4.04109941472609                   0.011271597054486361               
0.04042916604479439                3.9766168068731114                 0.011117109963808715               
0.04057779773087095                3.9029171465918906                 0.011087922291188185               
0.040726429362412435               3.849702811903594                  0.010840449130732987               
0.04087506093921912                3.7706167184550132                 0.010856462214121551               
0.04102369246109126                3.695371316382962                  0.010721901134531288               
0.04117232392782917                3.6510854839861517                 0.010571981432503205               
0.041320955339233106               3.592066643317048                  0.010555865701759322               
0.041469586695103346               3.5357126239137413                 0.010403610563649938               
0.04161821799524017                3.4539940565920726                 0.010331348645766111               
0.041766849239443855               3.4081478014199402                 0.010257691175118698               
0.04191548042751469                3.3549224752606177                 0.010082164085534839               
0.042064111559252944               3.288136972397475                  0.010009282719321269               
0.0422127426344589                 3.235094111519034                  0.00990047876322119                
0.042361373652932834               3.261334537781774                  0.009940552481115021               
0.04251000461447503                3.144103704853433                  0.009961523719621513               
0.04265863551888578                3.0844636217170667                 0.0099099009058157                 
0.042807266365965366               2.999048136664954                  0.009913247297725228               
0.04295589715551405                2.9389685451804537                 0.009823339628020468               
0.04310452788733213                2.8997093161606173                 0.009807066658293255               
0.04325315856121989                2.8191014347259475                 0.00964039061386701                
0.0434017891769776                 2.7481190609773076                 0.009621048430102695               
0.043550419734405564               2.68920483258911                   0.009507537180158497               
0.04369905023330405                2.647444741163188                  0.009409186293223976               
0.043847680673473347               2.580083663257143                  0.009370853186081673               
0.04399631105471376                2.54980516971662                   0.009219864533228362               
0.04414494137682554                2.4947128961101117                 0.009219338872950518               
0.044293571639608995               2.4574703325148                    0.00911694957180813                
0.04444220184286442                2.3849328353979478                 0.008967433893227655               
0.044590831986392084               2.332179349987065                  0.008886121025725705               
0.04473946206999227                2.3089577031025463                 0.008837180978949807               
0.044888092093465295               2.2278018658911583                 0.00879072120753848                
0.04503672205661142                2.197555774065612                  0.008585774488662745               
0.04518535195923094                2.144109340844811                  0.008619434916932905               
0.04533398180112416                2.1018769177615577                 0.008484627057582395               
0.04548261158209136                2.058696964914767                  0.008423640081502398               
0.04563124130193283                2.0152540584795324                 0.008419358893576106               
0.04577987096044885                1.9624576617155036                 0.008185509070524781               
0.045928500557439744               1.9214811616081484                 0.008216711752108863               
0.04607713009270576                1.8749020386725255                 0.008103409576008731               
0.04622575956604723                1.8602127139713955                 0.008054302948178913               
0.04637438897726441                1.8120722676299592                 0.007966480521801463               
0.04652301832615762                1.7666361948827112                 0.007807426464042997               
0.04667164761252716                1.7454535290755653                 0.007882501423413363               
0.0468202768361733                 1.689167082247653                  0.007642429397053213               
0.04696890599689635                1.6703723288119698                 0.007620045292089179               
0.04711753509449661                1.621761727315779                  0.007516376844603516               
0.04726616412877436                1.5963931155044018                 0.007371144171707036               
0.0474147930995299                 1.5661592307487573                 0.007378519632093682               
0.04756342200656354                1.5353215556894588                 0.007217474478215176               
0.04771205084967556                1.5033406361687511                 0.0071756254964790624              
0.04786067962866626                1.4863499632563095                 0.007146243647720467               
0.048009308343335964               1.4559942498315426                 0.006981439594876273               
0.04815793699348494                1.429110308357533                  0.007007295111034974               
0.048306565578913496               1.3961549161708793                 0.006825959752556336               
0.04845519409942194                1.3699766842502505                 0.006853568204713125               
0.04860382255481056                1.349037176437008                  0.0068117554884821385              
0.04875245094487968                1.334352915371538                  0.00666635036581587                
0.04890107926942957                1.2982129908249405                 0.006650684796351136               
0.04904970752826055                1.2903615259355603                 0.006572366099848447               
0.04919833572117292                1.2701051515214339                 0.006588643076658168               
0.04934696384796698                1.2407030604682225                 0.00646462610508843                
0.049495591908443035               1.2381748252573668                 0.006438095521365456               
0.049644219902401386               1.2098986526309798                 0.006393798724736006               
0.04979284782964235                1.1988743698597473                 0.006318886020996117               
0.049941475689966215               1.1752495676641934                 0.0063212874165048                 
0.05009010348317329                1.1631642483790297                 0.00620506515412174                
0.050238731209063886               1.1469777509867198                 0.006206048049077806               
0.05038735886743832                1.1307840032562206                 0.006187652673146921               
0.05053598645809688                1.137221939615952                  0.00616373664913246                
0.05068461398083988                1.116629058890641                  0.006113950849179225               
0.050833241435467615               1.101292288014723                  0.0060255522947062845              
0.05098186882178042                1.088648136473812                  0.006052436680427988               
0.05113049613957859                1.070536715616456                  0.0059619808924230395              
0.05127912338866244                1.0652421134462768                 0.0059624354341375725              
0.05142775056883227                1.054668028908141                  0.00594190958497191                
0.051576377679888395               1.0550487911642865                 0.005891737354154464               
0.05172500472163113                1.0529607361227762                 0.0059554926120849285              
0.05187363169386079                1.0378592914258689                 0.005811351899902409               
0.052022258596377664               1.02558617008264                   0.005817717274937695               
0.05217088542898209                1.0357507278403828                 0.005876322040554087               
0.052319512191474384               1.0145319594003779                 0.00578628303742                   
0.052468138883654855               1.003153757746596                  0.005750833587307111               
0.052616765505323786               1.0053613695795212                 0.0057368727213051845              
0.05276539205628153                1.0054472478039707                 0.005745788091988196               
0.0529140185363284                 0.9964765636593029                 0.0057287692969257035              
0.05306264494526469                0.9960369272678252                 0.005750813577789794               
0.053211271282890736               0.9896958370122653                 0.005694871012638155               
0.053359897549006836               0.9853948489607208                 0.005656932923570897               
0.053508523743413326               0.981485022060993                  0.005679779850522299               
0.053657149865910525               0.9812108336265443                 0.005647730159191115               
0.05380577591629874                0.9806762828145921                 0.0056603336246503645              
0.0539544018943783                 0.9822726781451471                 0.005662101824445532               
0.05410302779994951                0.9626543536711223                 0.005599667561847449               
0.054251653632812716               0.9611425683094554                 0.005620620666003578               
0.05440027939276821                0.9645035217365447                 0.005536270677969265               
0.05454890507961633                0.9601962984815888                 0.005595317710226194               
0.0546975306931574                 0.9482017310682973                 0.005563046961077256               
0.05484615623319174                0.9635076495331517                 0.005588204887438977               
0.05499478169951966                0.9404150900282998                 0.005531853470754704               
0.05514340709194151                0.9435371516633075                 0.005465122126176548               
0.05529203241025758                0.9345164481546664                 0.005517237451186188               
0.055440657654268234               0.917571801513771                  0.005415783352074546               
0.05558928282377376                0.9343291172193309                 0.005497480497663126               
0.05573790791857452                0.9302889790022397                 0.005466616365795336               
0.05588653293847082                0.9232504782479658                 0.005413957885033715               
0.05603515788326298                0.9234091447060602                 0.0054679813490170325              
0.05618378275275134                0.9141401667433998                 0.005387183784701788               
0.05633240754673624                0.9181870561563734                 0.0054336302733603995              
0.05648103226501799                0.922056326170902                  0.005413101423546575               
0.05662965690739693                0.9089232387943555                 0.005382297200174581               
0.056778281473673364               0.9100800225103038                 0.005417622889698663               
0.05692690596364766                0.8988307568008465                 0.005305815075356649               
0.05707553037712013                0.8978336589452499                 0.005349367799893554               
0.05722415471389112                0.9161759670154042                 0.005372288088131648               
0.05737277897376094                0.8949815868741141                 0.005343483153059084               
0.057521403156529954               0.8941478495273276                 0.005322780125435882               
0.05767002726199845                0.8848387813636399                 0.005266897508116904               
0.05781865128996681                0.8771426397327854                 0.005297755858778185               
0.05796727524023534                0.8816216298004971                 0.00523219887989446                
0.058115899112604404               0.8818561318915439                 0.005286075154714759               
0.0582645229068743                 0.8689261501990436                 0.005224361605082943               
0.058413146622845386               0.8625091261860494                 0.005182595737603017               
0.058561770260317995               0.8585710019114052                 0.005223452560364074               
0.05871039381909247                0.8571266337602456                 0.005151648914320511               
0.05885901729896914                0.8564138577719874                 0.00519162667162912                
0.059007640699748364               0.846352599427427                  0.005119172184203635               
0.05915626402123044                0.8422793897164309                 0.005116577318650832               
0.05930488726321576                0.8412036895904424                 0.005150301748794079               
0.059453510425504646               0.8297450413551195                 0.0050614914700481016              
0.05960213350789743                0.8330592420923293                 0.005098239766863529               
0.05975075651019445                0.8214031728997796                 0.005033602855025681               
0.05989937943219608                0.8215542700045522                 0.0050653428876287175              
0.060048002273702626               0.8124009325387507                 0.005001213613997434               
0.060196625034514444               0.8130185304291863                 0.005000753313489597               
0.060345247714431886               0.8213796594729035                 0.005057541752556557               
0.06049387031325529                0.8036789187199126                 0.005103777848825953               
0.060642492830785                  0.8027834478497582                 0.005178816949589863               
0.060791115266821405               0.7896347512968876                 0.005162776121034526               
0.06093973762116479                0.7826932361345134                 0.005172295422328115               
0.06108835989361553                0.7744541541033158                 0.005219471197242724               
0.06123698208397396                0.7632429757959053                 0.005170401105632434               
0.061385604192040456               0.7543036533969729                 0.005207670158606427               
0.061534226217615354               0.7521990408702247                 0.005183267132921972               
0.06168284816049901                0.7406716031396297                 0.005206580992374375               
0.061831470020491754               0.742182875596078                  0.005235475343410583               
0.06198009179739396                0.7398359431172146                 0.005212439315140709               
0.06212871349100597                0.718662964385757                  0.005205243276636639               
0.06227733510112815                0.7132144101817782                 0.005143967670614239               
0.06242595662756082                0.7035285969741132                 0.005229431339908033               
0.06257457807010439                0.6813815430879461                 0.005101012969067318               
0.06272319942855915                0.6804781348781174                 0.005088691582133281               
0.06287182070272551                0.6817513089543203                 0.005160194290312549               
0.0630204418924038                 0.673820877153342                  0.005120893644710858               
0.06316906299739436                0.6584967565851122                 0.005108311005915709               
0.0633176840174976                 0.668836390488215                  0.004958835147743784               
0.06346630495251382                0.6520307722077355                 0.0048769136629480975              
0.06361492580224343                0.6413180967553513                 0.0047912956284463055              
0.06376354656648675                0.6290610924735583                 0.004716867544023906               
0.06391216724504416                0.6184535525252679                 0.004664287389492511               
0.06406078783771602                0.6159313543978258                 0.0045931784233364                 
0.06420940834430268                0.6023655869128485                 0.004561543450400808               
0.06435802876460452                0.6008837334196802                 0.004529588930276123               
0.06450664909842187                0.5986848774487489                 0.00450011822537645                
0.06465526934555513                0.5821521987731663                 0.004451438670245252               
0.06480388950580464                0.5696499755270655                 0.004369272894882587               
0.0649525095789708                 0.5608540948384341                 0.004351106588018417               
0.06510112956485392                0.5662918810578003                 0.0043319357860831225              
0.06524974946325443                0.5522103323350359                 0.004275564743740788               
0.06539836927397262                0.5427864917309362                 0.004249737574739382               
0.06554698899680893                0.5419037398332357                 0.00423763385757829                
0.06569560863156369                0.5271336270497866                 0.0041710084623750865              
0.06584422817803728                0.5239780971059361                 0.004119049726488712               
0.06599284763603007                0.5131391093387835                 0.004074201027136363               
0.06614146700534243                0.5088034667036222                 0.004073165821367744               
0.06629008628577472                0.5001839774734065                 0.004036499149912342               
0.06643870547712732                0.49790885850255323                0.004021282753190164               
0.06658732457920061                0.49063309194875143                0.0039277050408182785              
0.06673594359179495                0.4788098674154235                 0.003937522563002873               
0.06688456251471071                0.4811611786761209                 0.0039335189079836574              
0.0670331813477483                 0.4646043853659627                 0.0038444350146777597              
0.06718180009070804                0.46395122237929937                0.00385303805479384                
0.06733041874339035                0.46346717384923236                0.0038416064753734693              
0.06747903730559558                0.4539210393828352                 0.0037962766553054426              
0.06762765577712412                0.4458670112794956                 0.003731660035052951               
0.06777627415777635                0.4429872405734084                 0.0037521086718905624              
0.06792489244735264                0.43584662893613535                0.0036948097921661645              
0.06807351064565337                0.42998975400860956                0.003687674066803655               
0.06822212875247895                0.4259182312602315                 0.0036524872774919195              
0.0683707467676297                 0.42051128052835135                0.003603338323053568               
0.06851936469090604                0.41337815983193077                0.003594864527873111               
0.06866798252210835                0.4111672463621291                 0.0035749619049422485              
0.06881660026103702                4.692936390108666                  0.012095036198390158               
0.06896521790749241                0.3964762363208204                 0.0035138717215435285              
0.06911383546127492                0.4007296984973649                 0.0035026625243595737              
0.06926245292218494                0.39118158117960367                0.003483678557824781               
0.06941107029002283                0.3826296191152414                 0.003411444143849305               
0.06955968756458901                0.38074647708840986                0.0034336337287984298              
0.06970830474568386                0.37851684821161735                0.003389899464801437               
0.06985692183310774                0.3716643640333617                 0.0033716688342278417              
0.07000553882666105                0.3679490511233735                 0.003346928173681671               
0.0701541557261442                 0.3675207358676695                 0.003317195725009522               
0.07030277253135758                0.36153191482957414                0.0033207218454202113              
0.07045138924210155                0.3588108442243179                 0.0032852130613033425              
0.07060000585817654                0.35551173224949817                0.0032822216839094166              
0.07074862237938288                0.3596585711099327                 0.003295185315957513               
0.07089723880552104                0.35424746554042463                0.00323746633089821                
0.07104585513639136                0.3453491233745043                 0.003236478812013049               
0.07119447137179426                0.34741325732732214                0.0032104649996247507              
0.07134308751153012                0.3392220033050279                 0.0031825536584006364              
0.07149170355539934                0.3417439630031508                 0.003201708601077868               
0.07164031950320233                0.3344451986567489                 0.003138566943282917               
0.07178893535473949                0.33758044040635243                0.0031909751689779492              
0.07193755110981116                0.3279325948074943                 0.0031050547719673745              
0.07208616676821783                0.3347252196649173                 0.0031527384634625778              
0.07223478232975981                0.3297700521580918                 0.003130744019606232               
0.07238339779423758                0.3219990678541716                 0.0030992985109315396              
0.07253201316145147                0.3209454190690813                 0.003107055218284419               
0.07268062843120196                0.3236698148845986                 0.003064142939619669               
0.07282924360328936                0.3211134255903892                 0.003082361432982459               
0.07297785867751416                0.32416412278681805                0.0030941609299805933              
0.0731264736536767                 0.31651074122574546                0.003053268764773493               
0.07327508853157742                0.32089964347472594                0.0030743663451596377              
0.07342370331101672                0.31573197824025223                0.0030249965608997644              
0.07357231799179499                0.3154620723421354                 0.0030509703507309977              
0.07372093257371265                0.30973508416422046                0.003006853328050305               
0.07386954705657013                0.3143024939979009                 0.0030194884266053035              
0.07401816144016779                0.309472925364041                  0.0029842667774721138              
0.07416677572430608                0.31089840732795726                0.0030071144580073716              
0.07431538990878538                0.30603439675563915                0.0029928672538482603              
0.07446400399340614                0.3062560037888567                 0.002953108501894712               
0.07461261797796873                0.3067998675759669                 0.002962211253578318               
0.07476123186227358                0.3100262129246153                 0.002962184103524179               
0.0749098456461211                 0.3017366586773363                 0.0029325243050056203              
0.07505845932931171                0.303238674282295                  0.0029385303174166064              
0.07520707291164581                0.31057228267413894                0.002955821184320835               
0.07535568639292387                0.3048417266170695                 0.002925900134511218               
0.07550429977294623                0.3011288882481186                 0.0029017816650152533              
0.07565291305151335                0.3002610402174457                 0.002908856236664287               
0.0758015262284256                 0.30550150743755594                0.0029140349321374504              
0.0759501393034835                 0.3041118397155148                 0.002903687066961323               
0.07609875227648738                0.2949797391206544                 0.002873239853767177               
0.07624736514723769                0.30502986781418967                0.002898219596779795               
0.07639597791553485                0.29730959577948135                0.0028673750073628154              
0.07654459058117927                0.2938755121321091                 0.002839940346575231               
0.07669320314397139                0.2970383866896521                 0.0028575918055398506              
0.07684181560371163                0.29715796814284995                0.0028715271103938195              
0.07699042796020039                0.30211458476122555                0.002875847454175724               
0.07713904021323813                0.2970732570890258                 0.0028601781786644076              
0.07728765236262525                0.2906744488974401                 0.002804426549179221               
0.07743626440816222                0.2918118295633694                 0.0028371388118971965              
0.0775848763496494                 0.2918728523632857                 0.0028314493456226063              
0.07773348818688727                0.2920803911663754                 0.0028135423727568116              
0.07788209991967622                0.29272608100622616                0.0028320080193536237              
0.07803071154781671                0.29229924330217366                0.0028122602154979576              
0.07817932307110918                0.29489541797276725                0.0028460778359325947              
0.07832793448935403                0.2927878340790771                 0.002811112256527241               
0.07847654580235171                0.285439098182935                  0.002772168093334029               
0.07862515700990265                0.2860575805442413                 0.0028019287806368347              
0.07877376811180728                0.2864793670935795                 0.0027737812044709574              
0.07892237910786605                0.28796738044855036                0.0027925114838908416              
0.07907098999787937                0.28397059461317165                0.00275933790451999                
0.07921960078164769                0.28409744073328946                0.0027610919190006983              
0.07936821145897144                0.2831792612118677                 0.002776133853329143               
0.07951682202965109                0.2813680293875518                 0.0027376700765122447              
0.07966543249348702                0.2781161265498966                 0.002734128661697961               
0.07981404285027972                0.27813315474587885                0.002723003240371063               
0.07996265309982961                0.2844114754903179                 0.0027683308761673043              
0.08011126324193714                0.28079840845079174                0.002745021664765557               
0.08025987327640273                0.2791893779427047                 0.00271377586335187                
0.08040848320302686                0.2781836133402417                 0.0027333395823338656              
0.08055709302160995                0.2739201524450387                 0.002691318322982354               
0.08070570273195243                0.27227366182867585                0.0027008139582640643              
0.08085431233385477                0.2723943331730687                 0.0026816389599666197              
0.08100292182711742                0.2721569994513812                 0.0026804717739733644              
0.0811515312115408                 0.2635553949537561                 0.002651779443767404               
0.0813001404869254                 0.2676545330847749                 0.0026603662929321472              
0.08144874965307163                0.265112633697141                  0.0026466308823653475              
0.08159735870977995                0.26630064427270406                0.0026461250907055135              
0.08174596765685078                0.2574111010472525                 0.002602636061702595               
0.08189457649408466                0.25876924983549526                0.002616903152365248               
0.08204318522128196                0.26180142159441105                0.0026194553127768102              
0.08219179383824317                0.26083313530275226                0.002622001395286044               
0.0823404023447687                 0.2546638122457249                 0.002574200924216093               
0.08248901074065908                0.2536756590329589                 0.0025836892626623035              
0.0826376190257147                 0.2494055681002898                 0.002556695037023401               
0.08278622719973604                0.25604732460978546                0.0025801575300270258              
0.08293483526252357                0.24822040284334554                0.002548566181866926               
0.08308344321387771                0.24583684947899098                0.002523162614631741               
0.08323205105359896                0.24798539637528008                0.0025473620005622053              
0.08338065878148777                0.24902263652474074                0.0025394613044703723              
0.0835292663973446                 0.24339110061508187                0.002509586719082962               
0.0836778739009699                 0.23918570688487517                0.0025037732292087418              
0.08382648129216412                0.24324493919300927                0.0025138322972829007              
0.08397508857072775                0.23486651873817996                0.0024584256887080214              
0.08412369573646125                0.23547131521628498                0.0024509652793575326              
0.08427230278916509                0.23163879367761553                0.0024463124597042447              
0.08442090972863972                0.23125658924093262                0.002446235345985295               
0.0845695165546856                 0.23372292372881948                0.002455349081102393               
0.08471812326710323                0.22994965138637674                0.002430643342492692               
0.08486672986569305                0.23008955667779193                0.0024228008305072824              
0.08501533635025554                0.22636822614975272                0.0024192870038717744              
0.08516394272059116                0.21959905892301146                0.0023641520595297193              
0.08531254897650041                0.22087491315545668                0.002374724515690726               
0.08546115511778372                0.21543852568115826                0.0023499277482702634              
0.08560976114424161                0.3716273662726231                 0.00306117678715387                
0.08575836705567454                0.21406207202266542                0.0023461058574008437              
0.08590697285188292                0.21020659193987495                0.0023049578094150643              
0.0860555785326673                 0.20753613982336763                0.0022983088057933797              
0.08620418409782817                0.2105869361006381                 0.0023187669402534184              
0.08635278954716594                0.20520785091412216                0.002280932178575409               
0.08650139488048113                0.20830652195594387                0.0022963037577359434              
0.08665000009757422                0.2001124547909046                 0.0022402675435772386              
0.08679860519824566                0.20342200869318774                0.002265705598904456               
0.08694721018229597                0.1995678329992447                 0.0022599504964088985              
0.0870958150495256                 0.20194392134033648                0.0022504994027189498              
0.08724441979973506                0.20145635083865943                0.0022503822511232025              
0.0873930244327248                 0.19720689025682128                0.0022256639740607545              
0.08754162894829534                0.19103815224900897                0.0021880495314985813              
0.08769023334624715                0.1890036275548294                 0.002181408151881379               
0.08783883762638073                0.19001968354347748                0.002170555237342829               
0.08798744178849653                0.18898887498222283                0.002179641554492756               
0.08813604583239507                0.1892181468444385                 0.002171767296768055               
0.08828464975787681                0.18372138468078406                0.0021457449555825465              
0.08843325356474228                0.17947265077781555                0.002116723032634718               
0.08858185725279195                0.18124819098297165                0.002115849761817128               
0.08873046082182631                0.17730925158455949                0.0021063513852789444              
0.08887906427164587                0.1818990057242355                 0.00212286870649371                
0.0890276676020511                 0.18097148994671564                0.002118256170323764               
0.0891762708128425                 0.1750488595401045                 0.0020856892945438155              
0.08932487390382057                0.17510813881249995                0.002074211093321344               
0.08947347687478581                0.17754434261974084                0.0020941259765095126              
0.08962207972553873                0.17451522638091502                0.0020769735908956347              
0.0897706824558798                 0.168607598623494                  0.0020415175526649807              
0.0899192850656095                 0.170047518755279                  0.0020440234536420357              
0.0900678875545284                 0.1701295653985484                 0.0020491589787860103              
0.09021648992243694                0.16495109237109074                0.002007869496066409               
0.09036509216913566                0.16852808235219102                0.0020310485588867213              
0.09051369429442505                0.1639966100055445                 0.002000553795846538               
0.0906622962981056                 0.16114221053563402                0.001996574131265379               
0.09081089817997783                0.16245551252406729                0.0020001437552344486              
0.09095949993984224                0.16464300124050113                0.0019970302306581813              
0.09110810157749934                0.16265453844710231                0.001994597925353766               
0.09125670309274964                0.16016618204881275                0.001968231758130606               
0.09140530448539363                0.15845566080131596                0.0019723922088970155              
0.09155390575523184                0.15945744462602224                0.0019660649708349107              
0.09170250690206479                0.1576062061605047                 0.001947388786829648               
0.09185110792569297                0.16005204148668067                0.0019823061460592104              
0.09199970882591689                0.15685791779860064                0.0019470813516255171              
0.09214830960253707                0.15485233623712225                0.0019374714346610494              
0.09229691025535404                0.1576954653386778                 0.001949384729448763               
0.09244551078416828                0.15178289818069476                0.0019153273896582337              
0.09259411118878036                0.1521709337291479                 0.0019263686889173473              
0.09274271146899074                0.15301239858537455                0.0019117590551937882              
0.09289131162459997                0.15369905815325374                0.0019216886754921203              
0.09303991165540855                0.14856519288812894                0.0018872364811772337              
0.09318851156121703                0.14853290287417306                0.0018828805461124124              
0.09333711134182592                0.14988429953601073                0.0019097028074780919              
0.0934857109970357                 0.14907139970190125                0.0018821606328973878              
0.09363431052664693                0.144581687697528                  0.0018583518869983635              
0.09378290993046016                0.14670742408268297                0.0018692256661697016              
0.09393150920827588                0.1485479206800896                 0.0018899165367185105              
0.09408010835989462                0.14481041696874947                0.0018591430463428496              
0.0942287073851169                 0.14603381497628232                0.0018574796268254685              
0.09437730628374329                0.14425138840461718                0.0018596447832146235              
0.09452590505557425                0.1473739997905339                 0.0018721046523403095              
0.09467450370041036                0.1445650944016579                 0.0018447770853421634              
0.09482310221805212                0.14639991526193602                0.001863191579465653               
0.09497170060830008                0.14613055401349273                0.0018554110563485289              
0.0951202988709548                 0.14282491725643875                0.001847715177987067               
0.09526889700581676                0.14217738862371568                0.0018268451916110585              
0.09541749501268652                0.14267123897379885                0.0018353129778538064              
0.09556609289136461                0.1435545373373587                 0.0018416540025564462              
0.09571469064165158                0.14134872619975147                0.0018228305439981062              
0.09586328826334796                0.1395619830287233                 0.0018158653695348357              
0.09601188575625429                0.14313379511670976                0.0018225103527321489              
0.09616048312017107                0.1366371859777963                 0.001797390996850215               
0.09630908035489893                0.13896747112834787                0.001804163865329148               
0.09645767746023834                0.14285943317448713                0.0018312302281151757              
0.09660627443598986                0.1419858885969607                 0.0018197338002907421              
0.09675487128195404                0.14178051920199114                0.001813233963613575               
0.0969034679979314                 0.13917225905049282                0.001812022052150719               
0.09705206458372252                0.1387445809975056                 0.001798846250407758               
0.09720066103912794                0.1429920326931253                 0.001819673032591398               
0.09734925736394817                0.1414407060494486                 0.0018097763200768645              
0.09749785355798385                0.13792878442852208                0.001793553140206602               
0.09764644962103541                0.14093646915026245                0.0018169098579822428              
0.09779504555290348                0.13908912377678956                0.0017839270856313053              
0.09794364135338857                0.14133372535234687                0.001811673085677389               
0.09809223702229126                0.14264569107320582                0.0018174743956534632              
0.09824083255941213                0.13812931095931796                0.00179101971092597                
0.09838942796455168                0.13598297590806732                0.0017682508728331743              
0.09853802323751046                0.13737391680797406                0.0017728987722060454              
0.09868661837808908                0.13761370531651515                0.0017870402811441654              
0.09883521338608807                0.13614931363997598                0.0017631247894240962              
0.098983808261308                  0.14050612839938362                0.001807012661772325               
0.0991324030035494                 0.13727030265940757                0.0017648138521090336              
0.09928099761261285                0.13878916301902827                0.001786409177305459               
0.09942959208829895                0.1391968240928455                 0.0017953782620658562              
0.09957818643040817                0.13522652964786785                0.0017553007610338115              
0.09972678063874114                0.13808670229405132                0.0017725287555443205              
0.09987537471309844                0.1348433556039933                 0.001749148517667281               
0.10002396865328061                0.13463593016670083                0.0017563864644492303              
0.10017256245908819                0.13336578693164686                0.0017517827419516255              
0.10032115613032179                0.13687645346753766                0.0017519490884238226              
0.10046974966678197                0.1319020342124384                 0.0017342025149619867              
0.10061834306826929                0.13630010072515883                0.0017524853031027335              
0.1007669363345843                 0.1371513014055685                 0.001768994851444001               
0.10091552946552765                0.13367629095840552                0.001744609956774532               
0.10106412246089981                0.13590920362820816                0.0017451528269061868              
0.10121271532050144                0.13622870651420743                0.0017648930121966359              
0.10136130804413308                0.13243259208329386                0.0017689154332956876              
0.10150990063159528                0.13145258872191856                0.0017911665435267146              
0.10165849308268868                0.13460558984565524                0.0018186623725772733              
0.10180708539721378                0.13190679134877797                0.0018168565883501617              
0.10195567757497122                0.13022751088413734                0.0018300202322299266              
0.10210426961576155                0.13055981228127694                0.0018237385661446575              
0.1022528615193854                 0.13236229236069177                0.0018449610242690585              
0.10240145328564329                0.13090847240709008                0.0018539226822238926              
0.10255004491433584                0.13080629399522578                0.0018584489687348128              
0.1026986364052636                 0.12954572612485896                0.0018731514775126748              
0.1028472277582272                 0.13189172079224307                0.0018676601415028946              
0.10299581897302723                0.13093135530568004                0.0018894377389100327              
0.10314441004946424                0.1302500036863257                 0.0018829412650936982              
0.1032930009873388                 0.1270459189382728                 0.0018729863065706628              
0.1034415917864516                 0.127549496319606                  0.0018838939155924337              
0.10359018244660313                0.12558678183608213                0.00186141326748259                
0.10373877296759404                0.12851899602534997                0.0019082303603929426              
0.10388736334922487                0.1251565139856256                 0.0018814679323195197              
0.10403595359129628                0.1249305469686955                 0.0018846843101692258              
0.1041845436936088                 0.1308678331286055                 0.0018710685000621664              
0.10433313365596307                0.12917492161094601                0.0018438514520148857              
0.10448172347815968                0.1255059799517298                 0.0018145495564285232              
0.10463031315999925                0.12456973756716697                0.0017863247466989025              
0.10477890270128232                0.12550536032062418                0.0017811588310173575              
0.10492749210180954                0.12320838352296536                0.0017675300669662112              
0.10507608136138147                0.1254664498262201                 0.0017788161628185767              
0.10522467047979879                0.11993922395665395                0.0017311735809442243              
0.10537325945686203                0.12260454319052379                0.00174562521209397                
0.10552184829237181                0.12157128171080307                0.0017323190370287665              
0.10567043698612877                0.12344506666855869                0.001739698548508677               
0.10581902553793347                0.12188609065592462                0.0017352201221141254              
0.10596761394758658                0.12061768976184421                0.0017075000819198845              
0.10611620221488863                0.11924726230162622                0.001700930842423823               
0.10626479033964027                0.1209907047996296                 0.0017158781604785414              
0.10641337832164213                0.11495919335473412                0.0016645027547909732              
0.10656196616069483                0.1178255778578892                 0.0016901351881513712              
0.10671055385659896                0.11532956520629972                0.0016495863570856945              
0.10685914140915509                0.1150064138158758                 0.0016636177522776497              
0.10700772881816392                0.11544926630475004                0.0016582677986617918              
0.10715631608342602                0.11877175661635803                0.0016776742876702419              
0.10730490320474204                0.116858121405441                  0.0016622928231416474              
0.10745349018191253                0.11338061127314777                0.00162503795623914                
0.1076020770147382                 0.1103687561675239                 0.001617830276645948               
0.10775066370301965                0.1143738340923                    0.0016397787636209947              
0.10789925024655744                0.10966699458645904                0.0015959267363320942              
0.10804783664515225                0.11432752012379631                0.0016406330056779367              
0.1081964228986047                 0.11223233974991931                0.0016099036398419635              
0.1083450090067154                 0.11377512889494526                0.0016348958885498341              
0.108493594969285                  0.11124593808423529                0.001597728039643693               
0.10864218078611411                0.1090931262913478                 0.0015889220738644603              
0.10879076645700335                0.11025549147284198                0.001603642023179118               
0.10893935198175338                0.10768261995408637                0.0015713812596152117              
0.1090879373601648                 0.1037329983393611                 0.0015505004341095142              
0.10923652259203825                0.10616426572862242                0.0015451169619536346              
0.10938510767717442                0.10112085977076017                0.0015270594842259307              
0.1095336926153739                 0.10446410582685935                0.0015493601283588904              
0.1096822774064373                 0.10279196537142615                0.0015342084383794948              
0.10983086205016526                0.10710362022547058                0.0015666060403105196              
0.10997944654635847                0.10246422880144007                0.0015195318187816375              
0.11012803089481756                0.10243901737147063                0.0015299633746381673              
0.11027661509534314                0.1015775971979701                 0.0015203229186579585              
0.11042519914773584                0.1034160517483645                 0.0015181999152254634              
0.11057378305179637                0.10192106243804834                0.0015149791900220466              
0.11072236680732529                0.10214717063397154                0.0015052600114854355              
0.11087095041412333                0.09991713680410733                0.0015000138401533162              
0.11101953387199105                0.10291896239615247                0.0015037891807813287              
0.11116811718072916                0.10171534240664179                0.0015000370360006864              
0.11131670034013831                0.1005190321583791                 0.0014906847935564121              
0.11146528335001911                0.10451839037894622                0.0015273220928947275              
0.11161386621017225                0.09908740419702079                0.0015213639435015089              
0.11176244892039836                0.10018018265078558                0.0015280888738275899              
0.11191103148049807                0.10140617431039087                0.0015604643737901203              
0.1120596138902721                 0.1003417290520893                 0.0015644058693805717              
0.11220819614952104                0.09986896104202034                0.0015572243177796863              
0.11235677825804559                0.10013368148716945                0.0015746158189518006              
0.11250536021564642                0.09661514103472714                0.001548470693660078               
0.11265394202212414                0.09854299838684553                0.0015807907077556693              
0.1128025236772794                 0.09796020302310579                0.001577338330396251               
0.11295110518091295                0.09691639442630934                0.001571364706940326               
0.11309968653282537                0.09594552698187879                0.0015758447876193147              
0.11324826773281738                0.0949628842186008                 0.0015603370021365045              
0.11339684878068956                0.09698292785045462                0.0015824591186524217              
0.11354542967624269                0.09683544326955161                0.0015750286025126496              
0.11369401041927737                0.09652330873003069                0.0015755889215861134              
0.11384259100959429                0.09481902771684426                0.0015634702983715648              
0.11399117144699408                0.09289604531167303                0.0015499905914784149              
0.11413975173127745                0.0953310502656501                 0.001568929870468566               
0.11428833186224509                0.09449974487979167                0.0015571475852726076              
0.11443691183969763                0.0926520975236838                 0.0015616507851849626              
0.11458549166343575                0.09705700953645047                0.001588113738905299               
0.11473407133326015                0.09184109788463955                0.0015473221592500934              
0.1148826508489715                 0.0912625929019354                 0.0015461574962500472              
0.11503123021037048                0.0947259358690793                 0.0015670564206407877              
0.11517980941725774                0.09438357952270844                0.0015838757439124325              
0.115328388469434                  0.09319720294683181                0.001558708326385948               
0.11547696736669993                0.0921868332773813                 0.0015640620900602147              
0.11562554610885617                0.09140573079745748                0.00155237451497131                
0.11577412469570345                0.09513388063446394                0.0015805238202540334              
0.11592270312704248                0.0920598796160537                 0.0015732709537279745              
0.11607128140267389                0.09111230647458438                0.0015411803060175176              
0.1162198595223984                 0.09436789952799855                0.0015876415993847362              
0.11636843748601669                0.09527822168529386                0.001594628547275156               
0.11651701529332943                0.08928836006460524                0.001539912314212402               
0.11666559294413735                0.09261666017165074                0.0015793305199829234              
0.11681417043824113                0.08967284090540056                0.0015320299286534593              
0.11696274777544145                0.09138334940910549                0.0015681342162796458              
0.11711132495553901                0.09146420578267916                0.0015688289153923674              
0.11725990197833454                0.09198990647172577                0.0015713868884022673              
0.11740847884362866                0.08857759348641041                0.0015445143237121349              
0.11755705555122214                0.09229444375116762                0.0015726931142569045              
0.11770563210091566                0.09274182880506843                0.0015863157142826066              
0.11785420849250991                0.08949404334547743                0.001549927315508694               
0.1180027847258056                 0.09139937663262068                0.0015631249073933217              
0.11815136080060339                0.08839306711036166                0.0015493256362828594              
0.11829993671670407                0.08731565333693943                0.0015392142949037274              
0.11844851247390831                0.08989722078072279                0.0015723122759056492              
0.1185970880720168                 0.09108941341379095                0.0015624003338445506              
0.11874566351083024                0.09181782559021458                0.0015751260584768191              
0.11889423879014938                0.09049371628886906                0.001569596118708095               
0.11904281390977489                0.09227663059500608                0.0015909763895690704              
0.11919138886950753                0.09060951377855954                0.0015758772115364759              
0.11933996366914792                0.08743101624805756                0.0015357694028724392              
0.11948853830849689                0.08754011483102024                0.0015489580500768893              
0.11963711278735512                0.09222748773140763                0.001585891885692945               
0.11978568710552326                0.0882563891148771                 0.0015572501688209375              
0.11993426126280209                0.08976674579018025                0.0015652493955735033              
0.12008283525899235                0.08906814572763481                0.0015630802177023229              
0.12023140909389472                0.09002321011446014                0.0015747567237766066              
0.12037998276730992                0.08689218162989543                0.0015464768043214612              
0.12052855627903868                0.08785322563361694                0.001553040289866059               
0.12067712962888173                0.08972627426904262                0.0015635931870151675              
0.12082570281663982                0.08907427855053193                0.0015751179611064603              
0.12097427584211363                0.08770753764134466                0.0015609882268144658              
0.12112284870510388                0.08967235401821878                0.0015657472184824716              
0.1212714214054114                 0.08978407347632279                0.0015773453877393991              
0.12141999394283678                0.08805435573645744                0.0015541693060366214              
0.12156856631718085                0.08769493446763112                0.0015662307104534444              
0.12171713852824434                0.08652697012140435                0.001541931803412064               
0.12186571057582794                0.0880553019378556                 0.0015607638276964638              
0.12201428245973238                0.08546061646483992                0.0015494815750428466              
0.12216285417975847                0.08790049014734001                0.0015607189640631813              
0.12231142573570686                0.08600478628107278                0.001553739620771666               
0.12245999712737837                0.08657561240585437                0.0015371950700241851              
0.12260856835457366                0.08446121602767422                0.00153973590084731                
0.12275713941709357                0.08598487202256294                0.0015549030257444051              
0.1229057103147387                 0.0868942772655354                 0.0015524262510925634              
0.12305428104730994                0.08421120311737276                0.001534158767302419               
0.12320285161460796                0.08552508940049894                0.0015408050304386882              
0.12335142201643355                0.08834730895382109                0.001576123466361819               
0.12349999225258738                0.0856520631166594                 0.0015552550607651713              
0.12364856232287029                0.0862407773911672                 0.0015439575859634617              
0.12379713222708298                0.08564905523458216                0.0015572555497196756              
0.12394570196502623                0.08658139686735046                0.0015483197287936624              
0.12409427153650074                0.08242318648232855                0.0015289792633372487              
0.12424284094130733                0.08692322501138973                0.001554681190498075               
0.12439141017924672                0.0842053880235978                 0.001536093471162473               
0.12453997925011973                0.08607005322815983                0.0015651687856623837              
0.12468854815372699                0.08599126969420656                0.001550966544783917               
0.12483711688986938                0.0828386368628275                 0.001534838559973233               
0.12498568545834762                0.08419417468293082                0.0015287829796256992              
0.12513425385896246                0.08289879019206044                0.0015294042646735533              
0.12528282209151465                0.08422321263380038                0.0015530458985025559              
0.125431390155805                  0.08274258456027854                0.0015187879197527685              
0.12557995805163427                0.0833854601138942                 0.001536553477849244               
0.12572852577880317                0.08296853845758256                0.001529390220228751               
0.12587709333711253                0.08204226184023682                0.0015261200694533267              
0.12602566072636312                0.08316128656420538                0.001541875611000614               
0.1261742279463557                 0.08410657303050777                0.0015345462194123363              
0.126322794996891                  0.08193226959270984                0.001530442059091437               
0.12647136187776986                0.08388749718581208                0.0015385080843128536              
0.126619928588793                  0.08113266291120147                0.001521623828445991               
0.12676849512976127                0.08067478116002894                0.0015186555837802403              
0.12691706150047535                0.08068734688173133                0.0015069248302263972              
0.12706562770073607                0.08286653386684524                0.0015337766650352267              
0.12721419373034423                0.08004523296498335                0.001498333496167917               
0.12736275958910062                0.07913162425427851                0.0014994689613099337              
0.12751132527680595                0.07961235751483227                0.0014936363274670092              
0.12765989079326104                0.07969040673584062                0.0014969459530028506              
0.12780845613826677                0.07778102069280128                0.0014840355625077727              
0.12795702131162376                0.0781163953151577                 0.0014789043722655262              
0.12810558631313296                0.08045353286786373                0.0015015110177552524              
0.12825415114259503                0.0780561476912921                 0.0014732820833244457              
0.1284027157998108                 0.07862599995301747                0.0014933773798935562              
0.1285512802845811                 0.07681290287589987                0.001469044403260151               
0.12869984459670672                0.0798989978533047                 0.0014937654259746594              
0.1288484087359884                 0.08021051505586611                0.001502480606819681               
0.12899697270222704                0.07791898911866829                0.0014688629044780845              
0.12914553649522334                0.07531294689420448                0.0014660539289984582              
0.12929410011477813                0.07811215899490488                0.0014769724978244336              
0.12944266356069217                0.07821272614870856                0.0014901041427706708              
0.12959122683276636                0.07874749085780561                0.0014964949196588971              
0.12973978993080143                0.07598113309533895                0.0014523402286426802              
0.12988835285459818                0.07452662599097969                0.0014571108438669804              
0.13003691560395744                0.07659632683629661                0.0014638319491872018              
0.13018547817868006                0.07629124171573785                0.001468497600564504               
0.1303340405785668                 0.07639652381819334                0.001472708349145858               
0.13048260280341842                0.07620626600975479                0.0014657761791305364              
0.13063116485303583                0.07628320520029894                0.00147161802746789                
0.13077972672721977                0.075738749007355                  0.0014562451527783474              
0.1309282884257711                 0.07331663494901189                0.0014465067732893347              
0.13107684994849064                0.07605642256242133                0.0014675161509794543              
0.13122541129517912                0.07331004580139429                0.001435796780755594               
0.13137397246563748                0.07358946083501314                0.0014530211513505567              
0.13152253345966647                0.07536835083925231                0.0014501960582166706              
0.13167109427706694                0.07521398998932882                0.001470268885662176               
0.13181965491763964                0.07399300687465869                0.0014430965325522992              
0.1319682153811855                 0.07417068831606932                0.0014523741676590249              
0.13211677566750527                0.07438526741061832                0.0014602198488035175              
0.13226533577639982                0.07264647384524975                0.001433005896592439               
0.13241389570766995                0.07185644482517502                0.0014314146436684588              
0.1325624554611165                 0.07464910829751319                0.0014501124705390183              
0.13271101503654026                0.07333230258421759                0.0014479435713083825              
0.1328595744337422                 0.07125069775710204                0.0014278725617364462              
0.13300813365252293                0.07412013548779595                0.001456981604535248               
0.13315669269268346                0.07239576865969469                0.0014336498492060882              
0.13330525155402462                0.07161813215936566                0.001424689977869465               
0.13345381023634717                0.07186894656834121                0.0014328012798323787              
0.13360236873945192                0.07332586755131265                0.0014472523908164924              
0.13375092706313985                0.07391615157487944                0.0014498938496710003              
0.13389948520721168                0.0730671541808272                 0.0014497907831801128              
0.1340480431714683                 0.07314785403371796                0.001444865051641629               
0.13419660095571057                0.07499754396377425                0.0014668788595515235              
0.13434515855973928                0.07279417443295669                0.0014375985120386723              
0.13449371598335533                0.07187048815911155                0.0014359745059464464              
0.13464227322635955                0.07132713798001265                0.001427399456360246               
0.13479083028855277                0.07190532746462674                0.0014369574427971852              
0.13493938716973589                0.07094094078061797                0.0014323467581435253              
0.1350879438697097                 0.072150022344785                  0.001426268619308707               
0.13523650038827512                0.0704542034258944                 0.001428060550271344               
0.13538505672523296                0.07093788511368321                0.0014247542896804826              
0.1355336128803841                 0.06967688091624608                0.0014207941520654362              
0.13568216885352938                0.07115170931647716                0.0014319399076114583              
0.13583072464446966                0.0697738911384823                 0.0014056350942199005              
0.1359792802530058                 0.07130861223670229                0.0014316227871071473              
0.13612783567893869                0.06989177463725187                0.0014117389992549263              
0.13627639092206914                0.07207880202850031                0.0014387015092141376              
0.13642494598219812                0.07157268679003508                0.0014380842084843822              
0.13657350085912634                0.0699624144634379                 0.001418675287499789               
0.1367220555526548                 0.0679324627438647                 0.0014085507658104653              
0.13687061006258433                0.0696731153419084                 0.0014064618311263152              
0.13701916438871578                0.06758776303115388                0.0013981015478828074              
0.13716771853085005                0.07103540016933835                0.0014270006808643299              
0.137316272488788                  0.07059575313459486                0.001428876474926502               
0.13746482626233048                0.07016404513588019                0.0014289466481865866              
0.13761337985127842                0.06749757638548447                0.0013873596204598856              
0.13776193325543262                0.06996832622064239                0.0014237800959205885              
0.13791048647459406                0.0681406560773851                 0.0013976284093631668              
0.13805903950856357                0.06725064506565194                0.0013977225013639633              
0.13820759235714203                0.06863900601931405                0.001410820809266541               
0.1383561450201303                 0.06911566780195574                0.001407595608997712               
0.13850469749732927                0.07214146497597466                0.0014548080413307766              
0.1386532497885399                 0.07193712574434634                0.0014373059268952392              
0.13880180189356303                0.07079843258080998                0.001427144131531774               
0.1389503538121995                 0.06762246460245151                0.0013997180703564384              
0.13909890554425028                0.06813101256463422                0.001401860816247354               
0.13924745708951625                0.07002652231491775                0.0014372165230942511              
0.13939600844779823                0.06649969887103374                0.001376477931265361               
0.13954455961889714                0.07176044517797732                0.0014444833710131465              
0.139693110602614                  0.06651498720550349                0.0013845275744444408              
0.13984166139874957                0.06895256249291808                0.001412796245111593               
0.13999021200710476                0.07016559264361309                0.001437348819400408               
0.14013876242748052                0.06889097608812643                0.0014059382875127842              
0.14028731265967773                0.07130493391796044                0.0014444144255876122              
0.1404358627034973                 0.0703622703158917                 0.0014259042426625161              
0.14058441255874016                0.06957662757999299                0.001421708681963199               
0.14073296222520715                0.06778716739410368                0.0014064454151119037              
0.14088151170269927                0.06724182166787189                0.001393931007364949               
0.14103006099101734                0.06930881130054897                0.0014279099089001045              
0.14117861008996233                0.06869308342798916                0.0014101462015227567              
0.14132715899933507                0.06860635688598249                0.0014092569495515743              
0.14147570771893658                0.07025453860534929                0.0014299002860134649              
0.14162425624856775                0.06850847805361256                0.0014120207873833453              
0.1417728045880295                 0.0697081471236287                 0.0014346155886110236              
0.14192135273712264                0.0674577211294542                 0.0013912505566694652              
0.14206990069564823                0.06772984450093672                0.0014058614045206728              
0.14221844846340712                0.07290196620412911                0.0014592071571285065              
0.14236699604020028                0.07074485923226372                0.0014940911133652242              
0.14251554342582856                0.0683035575404631                 0.001495857745433152               
0.14266409062009294                0.07176460178480568                0.0015553296405915523              
0.14281263762279436                0.07023580544830464                0.001563113117662718               
0.14296118443373373                0.070244813163291                  0.0015810320998264683              
0.14310973105271196                0.06757428043738263                0.0015618111090997836              
0.14325827747953002                0.07022919559249355                0.0016010878437985917              
0.14340682371398877                0.06945028994783375                0.001617749951979196               
0.14355536975588926                0.06915138735096073                0.0016303667733874381              
0.1437039156050323                 0.06577576794429689                0.0015995363847575378              
0.14385246126121892                0.06750949746979791                0.0016282719328399589              
0.14400100672425004                0.06953059084238956                0.0016789735624066619              
0.1441495519939266                 0.0684810496032526                 0.0016777718737188269              
0.14429809707004948                0.06594594693031215                0.0016611544049824527              
0.1444466419524197                 0.06577643851461541                0.0016558342265599122              
0.14459518664083823                0.06676748836078614                0.001685596293378001               
0.14474373113510589                0.06887830660653857                0.0017383316404951934              
0.14489227543502373                0.06697688363478678                0.0017281839604674297              
0.1450408195403927                 0.06720822914439015                0.0017347308674147876              
0.14518936345101366                0.0683363739753382                 0.0017516389937203018              
0.14533790716668768                0.06664333861028114                0.0017654251674431905              
0.14548645068721563                0.06682584133107745                0.001765311457687353               
0.14563499401239854                0.06744019564923283                0.0017953755836388604              
0.1457835371420373                 0.06791428636307366                0.0018003572481052308              
0.14593208007593286                0.06753631123587615                0.0018153872927425445              
0.14608062281388626                0.06539534258605344                0.001813740468234996               
0.1462291653556984                 0.06749403783190354                0.0018369550374251946              
0.14637770770117026                0.06560182066867899                0.0018279232681965131              
0.14652624985010276                0.06550007010052616                0.0018265067456891824              
0.14667479180229695                0.06467219369037493                0.0018380497840546825              
0.14682333355755375                0.0633837375843576                 0.001837402759140301               
0.14697187511567414                0.06646278744718206                0.001873864704572019               
0.14712041647645907                0.06660748935079563                0.0019022948358305806              
0.14726895763970954                0.0647028036471881                 0.0018811816217483809              
0.1474174986052265                 0.06704985392064013                0.0019412327705751965              
0.14756603937281096                0.06457811278370298                0.0019034772357605922              
0.14771457994226384                0.06847820284547117                0.0019859185240867164              
0.14786312031338616                0.06732918323740651                0.0019976259931831775              
0.14801166048597889                0.06815906582411299                0.0019900987337756436              
0.148160200459843                  0.06767996900499088                0.0020250398063036113              
0.14830874023477952                0.07134528746496513                0.002063865253673536               
0.14845727981058934                0.06544200016348277                0.0020062532377406422              
0.14860581918707355                0.06431165117583887                0.0020156530083478325              
0.1487543583640331                 0.060759417945119666               0.0019349740601931633              
0.14890289734126896                0.06682310786437282                0.0020447538941162024              
0.1490514361185821                 0.06655728176064439                0.0020290345451184923              
0.1491999746957736                 0.062474638248316464               0.002012172610482392               
0.14934851307264435                0.06178222900262842                0.0019950522272619425              
0.14949705124899543                0.0633431625999755                 0.0020121618739128294              
0.14964558922462776                0.060060187951276676               0.001988791557821851               
0.14979412699934241                0.06577684770010528                0.00205854414797698                
0.14994266457294034                0.06344236124202642                0.002069261662948574               
0.15009120194522255                0.06396835108009478                0.0020340752252927894              
0.15023973911599006                0.06533265011540064                0.0021020435613101117              
0.15038827608504382                0.06657880699040848                0.0021443589850366792              
0.15053681285218495                0.06353441752185349                0.002055925470220343               
0.15068534941721437                0.06215886277824477                0.0020719620926081587              
0.1508338857799331                 0.0626242592795387                 0.0020328694805323228              
0.15098242194014216                0.06722232589417913                0.002166209177347405               
0.15113095789764253                0.062909226913811                  0.0020888665946820458              
0.15127949365223534                0.06478643686227083                0.0021086189153567358              
0.15142802920372145                0.06310416908853762                0.002098813443847222               
0.15157656455190194                0.06419230407137543                0.0020750424960692074              
0.15172509969657785                0.06299687749699269                0.0021152281319100764              
0.1518736346375502                 0.06351614460380098                0.002110182562572528               
0.15202216937462                   0.06313119531040687                0.0020859134065039997              
0.15217070390758822                0.06469629546488234                0.002155346100093174               
0.15231923823625595                0.0608662017602099                 0.002045994990001813               
0.1524677723604243                 0.06440405794181035                0.0021576171229221596              
0.15261630627989406                0.06189805977744463                0.002063268659248155               
0.1527648399944665                 0.06104384284652648                0.002091327596146304               
0.1529133735039425                 0.06196162981540783                0.002135338778180852               
0.15306190680812318                0.06268644756030835                0.0021216148045402933              
0.1532104399068095                 0.06013860087598047                0.002115668595992742               
0.15335897279980254                0.06336922422716576                0.0021123074742388586              
0.15350750548690334                0.060888641615153255               0.0021460426320456063              
0.1536560379679129                 0.059841216996845276               0.002110437002818393               
0.15380457024263233                0.05906462805858412                0.0020895563325038615              
0.15395310231086262                0.06229385098461112                0.002212119509532691               
0.15410163417240483                0.05756440072483977                0.002055871454458563               
0.15425016582706                   0.05928046307713306                0.0021631748202849813              
0.15439869727462913                0.058297129654817044               0.0021146591507076916              
0.15454722851491334                0.05994518181900227                0.002136814960280089               
0.15469575954771367                0.0638119866885194                 0.0022833724090547494              
0.15484429037283115                0.06237622952942738                0.0021822680335528435              
0.15499282099006684                0.057864001282273925               0.0021964874514753025              
0.15514135139922183                0.05872745276630589                0.002127471145659813               
0.1552898816000971                 0.06310340015171932                0.0022565729824107848              
0.15543841159249377                0.057132892578982755               0.0021578795710466866              
0.15558694137621287                0.06054444634584901                0.002224155811384089               
0.15573547095105544                0.06149526957363725                0.0022760420404230306              
0.15588400031682265                0.06049833249561217                0.0022150013267897804              
0.15603252947331542                0.059183425329774934               0.002224249328636367               
0.15618105842033492                0.06392872092491432                0.002329692100755694               
0.15632958715768216                0.061401670593482956               0.002277261909448196               
0.15647811568515826                0.057745784274319784               0.002237603689766549               
0.15662664400256424                0.05873338562387269                0.002235941777664419               
0.1567751721097012                 0.06284281026291395                0.002343641354975603               
0.1569237000063702                 0.06013938253548721                0.002311344232077419               
0.15707222769237236                0.0589728160477828                 0.002243431651601207               
0.15722075516750872                0.06457782851694178                0.0024016752843499006              
0.1573692824315803                 0.06075338730610375                0.0023488616551397236              
0.1575178094843883                 0.06301160277169793                0.0023988107209942356              
0.15766633632573374                0.06156128083101125                0.0023385196836985672              
0.15781486295541766                0.06292689792298585                0.0023938520151915383              
0.15796338937324125                0.06278183148874714                0.002418265792616893               
0.1581119155790055                 0.05956659002116355                0.0023656915031863798              
0.1582604415725116                 0.06118576162635315                0.0023638121960520347              
0.15840896735356055                0.05862645338097832                0.00236404677021403                
0.15855749292195345                0.05791665400489397                0.002356595229991258               
0.15870601827749145                0.063219825822761                  0.0024442196773574224              
0.15885454341997562                0.057176256438726994               0.0023659703258464755              
0.159003068349207                  0.05926802027022231                0.002401661379926067               
0.15915159306498677                0.05776390510823902                0.0023781023389454247              
0.15930011756711598                0.05663047236437929                0.002376161835986146               
0.15944864185539576                0.058388050674015965               0.0024017634741946158              
0.15959716592962722                0.0600572875392106                 0.002462108745206547               
0.1597456897896114                 0.0536626485607103                 0.0023309565007922127              
0.15989421343514953                0.06418327936338339                0.0025611916731018832              
0.16004273686604262                0.059512894113445014               0.002481859248981144               
0.1601912600820918                 0.06066593020426976                0.0025018207952910146              
0.16033978308309815                0.05742306972863817                0.0024574805202556486              
0.16048830586886284                0.06286944511713344                0.0025839182774266187              
0.160636828439187                  0.05896056208382752                0.0024982391936432106              
0.16078535079387168                0.0604872023391835                 0.002546970682494131               
0.16093387293271805                0.059376496154016585               0.0025318223029444967              
0.1610823948555272                 0.058663504506556566               0.002550587152458981               
0.16123091656210026                0.05986343892385494                0.0025549093139546216              
0.16137943805223834                0.06048471347235452                0.0026076811630290245              
0.1615279593257426                 0.057333097740385544               0.0025215067555329797              
0.16167648038241414                0.05433901857852818                0.0024802255190126826              
0.16182500122205412                0.058848115684543685               0.002608396868427967               
0.16197352184446365                0.06118903493479434                0.0026503913110680747              
0.16212204224944385                0.05983169970084408                0.0026442125367739985              
0.16227056243679583                0.057289298327866674               0.0025828010346820537              
0.1624190824063208                 0.06296299936649387                0.002727230240149577               
0.16256760215781982                0.057358525337229106               0.002631789636794725               
0.1627161216910941                 0.055258743361478166               0.0025736562603421802              
0.1628646410059447                 0.05592732553471438                0.002613312300939172               
0.16301316010217284                0.05794896999190327                0.0026701475913319408              
0.1631616789795796                 0.055157226292903906               0.0026001365828768855              
0.16331019763796614                0.05830382641978866                0.0027303268292847983              
0.16345871607713366                0.057551313588862694               0.002666013120121525               
0.16360723429688329                0.05545288388009422                0.0026679781196261216              
0.1637557522970161                 0.056268722033294166               0.0027198513390776593              
0.16390427007733335                0.059521932369393585               0.0027426258718621795              
0.16405278763763612                0.06022389445259256                0.002848492463265771               
0.1642013049777256                 0.06012269710977897                0.002800193171115577               
0.16434982209740293                0.060493592004659584               0.0028548691160097226              
0.16449833899646926                0.05657862034075069                0.0027840519009309107              
0.16464685567472578                0.05375732496215182                0.0026912323937573657              
0.16479537213197368                0.05924353911031565                0.002866995802721585               
0.16494388836801405                0.05591380257196451                0.0027852648960347446              
0.16509240438264808                0.05131725799994447                0.0026971751995368905              
0.16524092017567696                0.05687912432064814                0.0028582835420540662              
0.16538943574690185                0.060490887794082154               0.0029411676112612957              
0.1655379510961239                 0.060882056795938604               0.002963692154076137               
0.1656864662231443                 0.05845427366645919                0.0029300479826422964              
0.16583498112776424                0.05833042648820865                0.0029536759601694385              
0.16598349580978486                0.05565645119039457                0.0029052431035559824              
0.16613201026900737                0.05724716938694149                0.0029328613328872765              
0.16628052450523292                0.05552147391036848                0.0029221828373878146              
0.16642903851826274                0.05037622976615971                0.002790081317642556               
0.16657755230789795                0.049224867570635884               0.0027912861580113198              
0.1667260658739398                 0.058916068031684476               0.0030838079432736177              
0.16687457921618937                0.05812315143049905                0.0030257704039073838              
0.16702309233444793                0.05829510360394941                0.0030983497996154973              
0.16717160522851673                0.06032073290803185                0.003135925579371595               
0.16732011789819684                0.05802172281537211                0.0031147692789802537              
0.1674686303432895                 0.05718841662860875                0.003124536978945522               
0.16761714256359592                0.05256885536295856                0.00295722915671974                
0.16776565455891726                0.05732356551364708                0.003170000416363911               
0.16791416632905476                0.0552200601200934                 0.0031112979171240944              
0.1680626778738096                 0.05364245271118107                0.0030665349145138306              
0.168211189192983                  0.053007946807528586               0.0031073808734384213              
0.1683597002863761                 0.059628148500204356               0.003277459452675931               
0.16850821115379017                0.05971733039181558                0.0033074370320904265              
0.1686567217950264                 0.060715479781387686               0.003373082210077094               
0.16880523220988602                0.05560072636462669                0.00323719944473567                
0.1689537423981702                 0.05337388902691292                0.0032185666091697714              
0.16910225235968016                0.056492934950421354               0.0032725478546203617              
0.16925076209421713                0.05765823662167585                0.003385808236581121               
0.16939927160158233                0.05233189072450569                0.0032454860882827614              
0.169547780881577                  0.051494980191745816               0.0031997423791981527              
0.16969628993400226                0.05468883274861435                0.0033595082902822464              
0.16984479875865943                0.0598141025519221                 0.0035245797937543074              
0.16999330735534968                0.05637865887996865                0.0034438747144597214              
0.17014181572387424                0.058692828599327514               0.003571931798626225               
0.17029032386403442                0.06265696079780418                0.003654228161623548               
0.17043883177563132                0.050574526998455896               0.003349379872635724               
0.17058733945846627                0.05185470884039383                0.003426655612291522               
0.1707358469123404                 0.06156640993220205                0.0037468123893863517              
0.17088435413705508                0.05527080439773294                0.0035751711307447495              
0.1710328611324114                 0.05496697777039276                0.003578045487917294               
0.17118136789821065                0.05202829723117848                0.003531910954391472               
0.17132987443425413                0.05941840943690937                0.003788379418423632               
0.17147838074034302                0.054429828013184495               0.003694937486637707               
0.17162688681627855                0.04916252693707428                0.0035116090669338774              
0.17177539266186204                0.0540936690919866                 0.0036977670932411034              
0.17192389827689467                0.060259461063113993               0.0039647814543838054              
0.17207240366117768                0.04759716284033253                0.0035378692517192317              
0.17222090881451232                0.04587236784134188                0.0035603862415451775              
0.1723694137366999                 0.05407515954582624                0.0038332864259863326              
0.17251791842754163                0.051002575754684296               0.0037702188871334605              
0.17266642288683876                0.05734558177718578                0.00401499380347964                
0.17281492711439256                0.05473542763776517                0.00399199134350812                
0.17296343111000428                0.05089349629550528                0.003938256981835202               
0.1731119348734752                 0.059178344972792674               0.004227024640913762               
0.1732604384046066                 0.05344178020681322                0.004016930182185135               
0.17340894170319962                0.04812144678641789                0.0039031647422805384              
0.17355744476905563                0.05682304657651155                0.004283198294072221               
0.1737059476019759                 0.06155733110028987                0.004525784992200302               
0.17385445020176168                0.05277921870811894                0.004212240222339788               
0.17400295256821427                0.05114446173671578                0.0041899175612482254              
0.17415145470113486                0.04873811315253832                0.004133912802947279               
0.17429995660032482                0.05760927196494739                0.004568712448386935               
0.17444845826558536                0.057721838158289886               0.004651358271370645               
0.17459695969671776                0.05573891125880579                0.004597267917086884               
0.17474546089352336                0.061805861624922395               0.004841008698823014               
0.17489396185580336                0.06763409603435133                0.0052180837948791236              
0.1750424625833591                 0.059439855294145236               0.004953321274512103               
0.17519096307599183                0.052090394364679625               0.004696832685648314               
0.1753394633335029                 0.050436030908211325               0.004682867907904272               
0.17548796335569353                0.05816842514576077                0.005062911550004252               
0.17563646314236503                0.05603346705182544                0.005073031742885898               
0.1757849626933187                 0.05946476476243577                0.005340093517554199               
0.17593346200835586                0.0574321477619638                 0.005287057748104987               
0.17608196108727775                0.059105349460124953               0.005487793928035366               
0.17623045992988567                0.057576885057032894               0.005416377730967455               
0.17637895853598098                0.05815447589169948                0.005622005384583225               
0.17652745690536492                0.05663851800428738                0.005692385239454854               
0.17667595503783887                0.05492231615732889                0.005605485419886331               
0.176824452933204                  0.06029809581344474                0.006091027491760421               
0.17697295059126175                0.06337466436781222                0.006244491229544076               
0.1771214480118134                 0.04259308899571946                0.005324136124464932               
0.17726994519466022                0.05065020101601635                0.005928157632629171               
0.17741844213960353                0.04253539967457417                0.0054912964854634035              
0.17756693884644464                0.048139372752365836               0.006113706453259972               
0.1777154353149849                 0.06218767991641667                0.006867480396223978               
0.17786393154502564                0.06522136500877294                0.007384865373499554               
0.17801242753636812                0.05888052521743483                0.007303230317817724               
0.17816092328881367                0.04938210250701129                0.006783153449335041               
0.17830941880216367                0.05336327855602606                0.0072618224146815185              
0.1784579140762194                 0.05785815936283376                0.007801592616959773               
0.17860640911078218                0.051245908540292276               0.007725611394046312               
0.17875490390565335                0.05193620095207919                0.007920196393698939               
0.17890339846063424                0.06386354751232015                0.009315455814909964               
0.17905189277552622                0.058133086293686576               0.009078862776679996               
0.1792003868501306                 0.0538086679710874                 0.00936688679050533                
0.17934888068424865                0.07208832334770343                0.011123469785701124               
0.17949737427768178                0.0468789663896143                 0.009774940208331726               
0.17964586763023138                0.07274878753411176                0.01350911070311738                
0.1797943607416987                 0.07776611370863508                0.013967206340087922               
0.17994285361188503                0.0978350002645296                 0.017862145519468915               
0.18009134624059184                0.09375874530320344                0.019550049839623974               
0.18023983862762047                0.08479070157254541                0.02351670940018289                
0.18038833077277225                0.08152969788985658                0.025781954227737047               
0.18053682267584845                0.13044780029278358                0.04612026208894789                
0.18068531433665053                nan                                nan                                
