#####################################################################################################
# NeXus source file: noemi7
# NXdata: name = img{0}_azimuthalIntegration_Px_4                  
#
#
# Exposure_msec                                     1000.0 + 0.0
# _diffrn_source.source                             Storage Ring SOLEIL, beamline SWING
# _diffrn_sofware                                   Foxtrot 3.5.10-3979
# _diffrn_detector.detector                         EIGER-4M
# _diffrn_comment.comment                           -
# _sas_detc.pixnum_ax                               [1035]
# _sas_detc.pixnum_eq                               [1083]
# _sas_detc.pixsize                                 150.0
# _sas_detc.center_ax                               285.110346632731
# _sas_detc.center_eq                               957.0166664324403
# _sas_detc.dist_spec/detc                          6137.21860334
# _sas_detc.energy                                  12.000505731836514
# _sas_detc.gain                                    1.0
# _sas_detc.detector_based_uncertainty              0.0
# _sas_detc.encoder_delta                           0.0
# _sas_detc.delta0                                  0.0
# _sas_detc.gamma_offset                            0.0
# _sas_detc.wave_length                             1.0331580057586949
# _sas_detc.bias                                    0
# _sas_detc.mask                                    E:\20251487\published-data\3120\2026-09-03_session3\\mask_bags_saxs_12kev_sept26.txt
# Normalization                                     true
# Normalization Factor                              0.02571
# Normalization Monitor                             averagemi8b
# Normalization Intensity                           1.3030491743975921e-06
# GlobalNormalization                               30.27596997535515
# AbsTimeStamps                                     nan
# TimeStamps                                        1.397834062576294
# gapTime                                           500.0
# step_global_regrid                                nan
# xmax_global_regrid                                nan
# xmin_global_regrid                                nan
# ymax_global_regrid                                nan
# ymin_global_regrid                                nan
#####################################################################################################
q(A-1)                             I(q)14_00207{00000}_AzInt_Px_4     Sig(q)14_00207{00000}_AzInt_Px_4   
0.0                                nan                                nan                                
0.0001486390049044326              nan                                nan                                
0.00029727800960908403             nan                                nan                                
0.000445917013914173               nan                                nan                                
0.0005945560176199183              nan                                nan                                
0.0007431950205265388              nan                                nan                                
0.0008918340224342532              nan                                nan                                
0.0010404730231432808              nan                                nan                                
0.0011891120224538396              1899.6171995479729                 3.9605365943335062                 
0.001337751020166149               1826.2325663338238                 1.5853435992135236                 
0.0014863900160804278              1785.8066362360032                 1.1712078511085469                 
0.0016350290099968942              1729.4125886164302                 0.9923989630104945                 
0.0017836680017157683              1695.4708584732266                 1.0090549451549755                 
0.001932306991037268               1663.998949437346                  0.9340223083107544                 
0.0020809459777616124              1640.6190483175358                 0.8557344579657045                 
0.0022295849616890207              1612.7335965241732                 0.8263899484608664                 
0.0023782239426197124              1590.1504737655455                 0.7555726249661145                 
0.0025268629203539046              1571.3360021369622                 0.7768484941176163                 
0.0026755018946918183              1552.368932244326                  0.7021531228659865                 
0.002824140865433671               1532.8424238783964                 0.694392695313584                  
0.0029727798323796835              1509.7197779492415                 0.6672524941318564                 
0.003121418795330073               1491.652166044996                  0.6381050023832814                 
0.0032700577540850603              1474.666528275129                  0.6452158712410943                 
0.0034186967084448633              1456.6491836110536                 0.5883302172184505                 
0.0035673356582097003              1432.9394276133792                 0.5856328803682279                 
0.003715974603179794               1416.1481230439765                 0.5759647078122245                 
0.00386461354315536                1397.0755553555377                 0.5565035144105214                 
0.00401325247793662                1377.0237337997744                 0.5488243201307443                 
0.004161891407323792               1355.3450885823615                 0.5086897786334295                 
0.004310530331117095               1336.3338757169213                 0.5125709380381139                 
0.00445916924911675                1315.8770512037177                 0.5012284883910155                 
0.004607808161122976               1295.2704640695936                 0.4861744122534064                 
0.004756447066935991               1273.4446384736689                 0.480734739621581                  
0.004905085966356017               1252.0964988556375                 0.45135895214959665                
0.00505372485918327                1231.728947355628                  0.4603182056842688                 
0.005202363745217974               1210.849685743947                  0.43433856448852226                
0.005351002624260346               1189.8953890704895                 0.43260941080349674                
0.005499641496110608               1167.567870269437                  0.42059495039571154                
0.005648280360568975               1146.9333151730493                 0.40761758208750176                
0.005796919217435672               1126.314102634616                  0.41215347566499555                
0.0059455580665109175              1105.0588782077307                 0.3836349336804185                 
0.00609419690759493                1081.9707733286389                 0.3819231791294547                 
0.006242835740487932               1060.0547020691686                 0.3765017264886483                 
0.00639147456499014                1040.0416716288207                 0.3692125261426063                 
0.006540113380901778               1018.8031731409193                 0.36045130830022676                
0.006688752188023065               996.5486225221306                  0.34286376670503116                
0.0068373909861542195              976.553522114735                   0.34888031611366715                
0.006986029775095464               954.5432473193429                  0.33318852176545255                
0.0071346685546470195              933.4350896889966                  0.3283299195211787                 
0.007283307324609103               911.8649377720518                  0.32171417610642                   
0.00743194608478194                891.8143387762715                  0.31026155559110635                
0.007580584834965747               870.1672204027099                  0.3126649272059687                 
0.007729223574960747               849.9099257100216                  0.2957232208123201                 
0.007877862304567157               829.5420367173622                  0.29446058572117756                
0.008026501023585205               808.7542232115297                  0.28625363821525746                
0.008175139731815108               788.88215778897                    0.27930865217096695                
0.008323778429057087               769.0720017143153                  0.28087115612554847                
0.00847241711511136                749.3055736466475                  0.26441095804624776                
0.008621055789778157               729.0733139497939                  0.2615567250687538                 
0.00876969445285769                709.7703420818274                  0.25661708627846114                
0.008918333104150186               690.54748145965                    0.2524102151642321                 
0.009066971743455865               671.1948772372881                  0.24611351607056106                
0.009215610370574947               652.6726392246132                  0.23693750247156486                
0.009364248985307655               634.9201851247111                  0.23839553844215566                
0.009512887587454211               615.5286090232861                  0.22802764758995564                
0.00966152617681484                598.5059607573481                  0.22427959024870106                
0.009810164753189759               580.4634454797217                  0.2200349451370089                 
0.00995880331637919                563.2024874897577                  0.21095799140564922                
0.010107441866183361               546.5566024763785                  0.21542427429956365                
0.010256080402402487               528.8053124659033                  0.20107492934396085                
0.010404718924836796               511.983916533692                   0.2011369863224603                 
0.010553357433286508               495.56805436124506                 0.1930951382280922                 
0.010701995927551847               479.53680362595566                 0.19016294411649498                
0.010850634407433035               464.60564355004567                 0.18913225397872485                
0.01099927287273029                448.99110657100954                 0.1803385114487188                 
0.011147911323243845               433.75815687355254                 0.17803552581293725                
0.011296549758773915               418.86015705590415                 0.17211874717172668                
0.011445188179120724               404.5861752891723                  0.16934199886957962                
0.0115938265840845                 390.08469747706323                 0.16592379840327676                
0.011742464973465466               376.6954923263747                  0.15918665133935003                
0.011891103347063838               363.1977549903735                  0.1590869732689729                 
0.012039741704679847               350.11056862659274                 0.1528453583888919                 
0.012188380046113712               337.40708892438334                 0.14855377340102424                
0.012337018371165662               324.1830735208341                  0.1460480008561674                 
0.01248565667963592                312.2758145836072                  0.1413828279205303                 
0.012634294971324705               300.43411131376627                 0.1401784663787176                 
0.012782933246032245               288.5908547640122                  0.1338560090395464                 
0.012931571503558769               277.7403644425299                  0.1321880781726113                 
0.013080209743704493               266.3817562463325                  0.1270593009563549                 
0.013228847966269644               256.07494942385654                 0.12538480770978086                
0.013377486171054451               245.68715033250888                 0.12224858750062034                
0.013526124357859137               235.29509601106818                 0.11770030427774054                
0.013674762526483924               225.62766630006456                 0.11535987483136137                
0.013823400676729044               216.05094469166093                 0.11159723226628086                
0.013972038808394713               207.1739962344021                  0.1104431735238714                 
0.014120676921281166               198.2169572539568                  0.10569983702115981                
0.014269315015188622               189.44262110703033                 0.10246333265540272                
0.014417953089917307               181.20491283339402                 0.10140895082383225                
0.014566591145267453               173.18537197408693                 0.09764113383614369                
0.014715229181039282               165.38041112188253                 0.0957352284163478                 
0.014863867197033016               157.98914553540035                 0.09196529238055823                
0.015012505193048892               150.71628676714187                 0.08931836199074471                
0.015161143168887127               143.77096053409528                 0.08808721258398577                
0.01530978112434795                137.19939700344622                 0.08434501434753584                
0.01545841905923159                130.656753217529                   0.08309578479193945                
0.015607056973338276               124.38587630549492                 0.07913830197359908                
0.015755694866468228               118.31381535058279                 0.07783788480901373                
0.015904332738421678               112.66348115210818                 0.0760154453376692                 
0.01605297058899886                107.03752264556782                 0.07253316434664651                
0.016201608417999988               101.78285083307112                 0.07142460987402832                
0.0163502462252253                 96.64963552369483                  0.06821680482691833                
0.016498884010475022               91.77607276418522                  0.06751608893342204                
0.01664752177354938                87.15951886293423                  0.06473400117386269                
0.0167961595142486                 82.70830749514745                  0.062382024132152686               
0.016944797232372917               78.38047887906367                  0.0612537817289136                 
0.017093434927722556               74.38409624166684                  0.05886680540514023                
0.017242072600097746               70.42624340104805                  0.05785334104416545                
0.01739071024929872                66.59770942232278                  0.05481857426911929                
0.017539347875125698               63.096834603477774                 0.053763784313782                  
0.017687985477378917               59.773742916781266                 0.05222033637681298                
0.01783662305585861                56.44351206248534                  0.0500917698437582                 
0.017985260610364994               53.51061928870322                  0.049306775151418125               
0.018133898140698313               50.54462089233991                  0.046746021614720704               
0.018282535646658788               47.814224778849095                 0.04598033904357465                
0.018431173128046652               45.123661531812026                 0.04434263761262803                
0.018579810584662137               42.69716713848407                  0.04274102055244006                
0.01872844801630547                40.367775333489064                 0.041830588878764764               
0.018877085422776888               38.108036124218046                 0.04077692286828593                
0.01902572280387662                36.05539818244085                  0.04058543025289312                
0.019174360159404893               34.034649664444764                 0.03887123861515501                
0.019322997489161938               32.122116691775254                 0.037865219019347945               
0.019471634792947997               30.461715274574825                 0.038325355996042434               
0.019620272070563285               28.72002514474048                  0.03707850540126058                
0.019768909321808054               27.225241518154338                 0.036800713567084475               
0.019917546546482524               25.65744324286103                  0.03527667088126889                
0.020066183744386925               24.39480161669236                  0.03510057931764435                
0.0202148209153215                 23.085498971234642                 0.0346800384148336                 
0.020363458059086476               21.896567788117512                 0.03312835983112401                
0.020512095175482088               20.760216291337233                 0.03322957672999995                
0.020660732264308566               19.760878494012108                 0.031519198514878444               
0.02080936932536615                18.76270976447585                  0.031900237372245156               
0.020958006358455062               17.924094421857056                 0.03090136060912407                
0.02110664336337555                17.05416864781447                  0.029973426726208036               
0.021255280339927837               16.295408064930335                 0.02968020942143201                
0.02140391728791216                15.522083412151481                 0.0286870562409852                 
0.021552554207128764               14.854860645622018                 0.028862350844182212               
0.02170119109737787                14.287532920679187                 0.02781434384186446                
0.021849827958459727               13.673823804300634                 0.027255137143653175               
0.021998464790174553               13.243351984322919                 0.027228780073069014               
0.022147101592322593               12.728981238413477                 0.02634000165253428                
0.022295738364704085               12.323316351147115                 0.025747493552490213               
0.022444375107119267               11.965242452162427                 0.024639146557859926               
0.022593011819368364               11.643240613373525                 0.024437088689848837               
0.022741648501251623               11.287399939298613                 0.02406077128446963                
0.022890285152569273               10.976841438449716                 0.023073884852466024               
0.02303892177312156                10.707283476338555                 0.023131008187697172               
0.023187558362708714               10.474264226110147                 0.02239200175359014                
0.02333619492113097                10.220980619912218                 0.022599629312615287               
0.023484831448188578               10.016669375008894                 0.021881569539077057               
0.023633467943681763               9.897066362254495                  0.02184559316655599                
0.023782104407410774               9.69744109459646                   0.021624159571096355               
0.023930740839175842               9.561303168193401                  0.021135126334453067               
0.024079377238777205               9.444001779088794                  0.021355318483102768               
0.024228013606015102               9.337392231215668                  0.020783554850788696               
0.024376649940689773               9.232902051314385                  0.020783704733492853               
0.024525286242601464               9.173240727234267                  0.0207311360183617                 
0.024673922511550404               9.0999187168609                    0.020333300537708564               
0.024822558747336843               9.006645402992074                  0.02063000522382847                
0.024971194949761022               8.97474919721552                   0.01996094745188682                
0.025119831118623162               8.90645190908202                   0.020369753348087938               
0.025268467253723528               8.82576436336512                   0.020066123053388653               
0.025417103354862348               8.789135068794632                  0.019740201865193735               
0.02556573942183986                8.757870826835793                  0.019961247550367357               
0.02571437545445632                8.709617266210977                  0.019430270208150052               
0.025863011452511953               8.71200616179606                   0.019977829968758458               
0.026011647415807016               8.652201197684288                  0.019533466495803856               
0.02616028334414174                8.628556495972                     0.01949375196793785                
0.026308919237316375               8.56933017300421                   0.019400886756958727               
0.026457555095131157               8.54096992871125                   0.0193302402805417                 
0.026606190917386335               8.513983669681169                  0.019402750845813665               
0.026754826703882146               8.471736068870824                  0.01900170749868682                
0.026903462454418846               8.41409207869375                   0.01901068657207377                
0.027052098168796664               8.376109121068911                  0.019130119264392603               
0.027200733846815844               8.340727774647094                  0.0188057530012663                 
0.027349369488276647               8.285470982973147                  0.018840349970744005               
0.0274980050929793                 8.197891868963376                  0.018656016647209058               
0.027646640660724066               8.17081388902078                   0.018565620837011142               
0.02779527619131117                8.106562629786085                  0.018599688113763387               
0.027943911684540874               8.039266693101435                  0.018310637769192187               
0.02809254714021341                7.977545649551332                  0.018240215943629786               
0.02824118255812904                7.923882412300826                  0.018155856894994                  
0.028389817938087997               7.872010686905169                  0.018062245549332834               
0.028538453279890536               7.7809973837244915                 0.017935041451191364               
0.0286870885833369                 7.720768471241981                  0.017820944045219753               
0.02883572384822734                7.665934776556985                  0.017615532277610712               
0.028984359074362098               7.560480502391133                  0.017723500432709798               
0.029132994261541426               7.4692974845362174                 0.017314039440440236               
0.029281629409565572               7.351461729526558                  0.017324914808780664               
0.029430264518234783               7.324476718610851                  0.01725049746725624                
0.029578899587349307               7.185070924628461                  0.01696083494239837                
0.029727534616709395               7.100546084613971                  0.016932768596028425               
0.029876169606115298               6.997001323766348                  0.016646839053661534               
0.030024804555367265               6.95147593705668                   0.016602554614822546               
0.03017343946426554                6.817555444127777                  0.016481474359911204               
0.030322074332610385               6.694744005866015                  0.0163126883811284                 
0.03047070916020204                6.624788486697153                  0.01607324065560818                
0.030619343946840766               6.530634523831959                  0.016005928336288014               
0.03076797869232679                6.378814147994521                  0.015725681711474565               
0.030916613396460405               6.269629318239341                  0.015757861970514053               
0.031065248059041834               6.243584386565929                  0.015458632089400714               
0.031213882679871328               6.084881761178049                  0.01540436903687872                
0.031362517258749154               5.975783064577042                  0.015123476760227609               
0.031511151795475555               5.847680842872325                  0.01496050125025043                
0.031659786289850785               5.744896179090536                  0.014888947704911809               
0.03180842074167511                5.595628981349939                  0.014500730980702025               
0.03195705515074876                5.510439458609968                  0.01448917073559856                
0.03210568951687201                5.419303668360492                  0.014344062282172948               
0.032254323839845105               5.28697370289969                   0.01410316043543179                
0.03240295811946831                5.171414698462041                  0.013980064666160164               
0.032551592355541864               5.059400777530925                  0.013649401818536275               
0.032700226547866036               4.944915242325475                  0.013678317756654974               
0.03284886069624108                4.848059763727367                  0.013406197111469294               
0.03299749480046724                4.746077228503768                  0.013264445653253345               
0.033146128860344785               4.659543782620081                  0.013113566522036902               
0.033294762875673976               4.515499215820225                  0.012837762172740609               
0.03344339684625505                4.429714906304043                  0.012887264766713508               
0.0335920307718883                 4.318037011271479                  0.012485143495313501               
0.03374066465237394                4.2232622834814775                 0.012415400406493715               
0.03388929848751226                4.133551348310848                  0.012235601694323974               
0.034037932277103514               4.014800089235308                  0.012085098900001506               
0.03418656602094795                3.917938385524859                  0.011984713743774494               
0.034335199718845834               3.829199628058653                  0.01199557073618409                
0.034483833370597426               3.7417631928097848                 0.012009064515869148               
0.03463246697600298                3.626072356273513                  0.011842702724375468               
0.03478110053486277                3.5516144697242353                 0.011838912215928706               
0.034929734046977044               3.4504553798089237                 0.011648239108560714               
0.03507836751214607                3.3851714399244446                 0.011221364123262854               
0.0352270009301701                 3.286524577656246                  0.01114486011520484                
0.03537563430084941                3.2007499432074518                 0.010850498549128422               
0.03552426762398426                3.1510197525190096                 0.01079597610112727                
0.035672900899374894               3.0431945960451805                 0.01051586724327063                
0.0358215341268216                 2.968815290926253                  0.010335524395695699               
0.03597016730612462                2.9037285140194955                 0.010340562050294455               
0.036118800437084236               2.815066482103292                  0.009967101015510783               
0.036267433519500715               2.7420615912793656                 0.009927580060427635               
0.036416066553174295               2.670959976014486                  0.009693118902772564               
0.036564699537905254               2.608089389955477                  0.009614263521085704               
0.03671333247349387                2.542665884270349                  0.00949291362835197                
0.036861965359740394               2.4925082844431516                 0.00930935166987937                
0.037010598196445095               2.410763339755684                  0.009174760828656685               
0.037159230983408245               2.3520619577109905                 0.009057587059186132               
0.03730786372043011                2.304580576365244                  0.008951532054178557               
0.03745649640731094                2.2371092542182374                 0.008778041235602161               
0.037605129043851035               2.1748829954668705                 0.008588194899983071               
0.03775376162985063                2.1311296106949977                 0.008576547214015087               
0.03790239416511001                2.08359881188189                   0.008419010566593816               
0.03805102664942944                2.0158388453467038                 0.008293807376743066               
0.038199659082609194               1.9773949833518556                 0.00817223985813286                
0.038348291464449534               1.914582937908511                  0.008016844528716066               
0.03849692379475074                1.8935210996612637                 0.008029957123134455               
0.03864555607331307                1.844208312484918                  0.00785616382556078                
0.0387941882999368                 1.8056000236625653                 0.007769561790895454               
0.03894282047442221                1.7761982525547126                 0.007629213635436828               
0.03909145259656955                1.727855441408829                  0.007619761338967117               
0.03924008466617912                1.6788962348738858                 0.007424675290260206               
0.03938871668305117                1.6450307052378208                 0.007302381918896803               
0.03953734864698598                1.6187427449802234                 0.007250921027291492               
0.03968598055778383                1.5667702363233544                 0.0070918543354235065              
0.03983461241524497                1.5372033727540109                 0.007062471644914794               
0.0399832442191697                 1.5185315468994458                 0.006954846953396804               
0.040131875969358285               1.4927535971364472                 0.006856010440951098               
0.040280507665611                  1.4702599757996315                 0.006846718086302388               
0.040429139307728124               1.4310788278293012                 0.006716089872239319               
0.04057777089550993                1.411961454983771                  0.006716091731833932               
0.040726402428756685               1.3840815704594827                 0.006545822247398033               
0.04087503390726868                1.3559177798017068                 0.006556144238331195               
0.04102366533084617                1.3452156348071855                 0.0065146096894546065              
0.041172296699289464               1.3180109234793127                 0.006396679436859681               
0.04132092801239882                1.3044408146862787                 0.006405949993702986               
0.04146955926997452                1.2955046669907477                 0.006341832824227419               
0.04161819047181683                1.2657703905579296                 0.0062983005646407905              
0.041766821617726047               1.2533623378231997                 0.006264384710176903               
0.041915452707502444               1.2399080528880444                 0.0061724410117579565              
0.042064083740946306               1.2332102405329453                 0.006172999738122346               
0.0422127147178579                 1.2180007226117011                 0.006117672177448211               
0.04236134563803752                1.1991654793147641                 0.006070187384074657               
0.042509976501285435               1.1945582685922636                 0.006183447855825397               
0.04265860730740194                1.1822073877307917                 0.006178399848291208               
0.042807238056187316               1.176455824381346                  0.006252615534794469               
0.04295586874744183                1.1660084543642424                 0.006231064277116378               
0.043104499380965784               1.1576667661519675                 0.0062402698351460215              
0.04325312995655945                1.1525426925518694                 0.006207510771577509               
0.04340176047402311                1.1510309169231916                 0.0062704370792093485              
0.04355039093315706                1.1367247342948863                 0.006224915164930795               
0.043699021333761565               1.1240733102287144                 0.006174270103173362               
0.04384765167563693                1.1406591839474245                 0.006274655424056427               
0.04399628195858344                1.134856776698776                  0.006194286095311124               
0.044144912182401366               1.1295528948317188                 0.006247301561116718               
0.04429354234689099                1.1123215936854243                 0.006176895956639464               
0.044442172451852634               1.1150912187952882                 0.006174972053377463               
0.04459080249708656                1.111693524265616                  0.006178363841626396               
0.044739432482393045               1.1114315501823016                 0.00617442915737464                
0.044888062407572406               1.1097621245325537                 0.006248141634003056               
0.04503669227242491                1.1094536952374847                 0.006143470904074812               
0.04518532207675085                1.1079501983233537                 0.006239720569379474               
0.04533395182035053                1.097948861013604                  0.006175467843114175               
0.04548258150302422                1.1035573333981101                 0.006210845586401771               
0.04563121112457223                1.1079370660934729                 0.006286680040842095               
0.045779840684794834               1.099172377535835                  0.006169189918767968               
0.045928470183492345               1.0981197778321385                 0.006255392057588638               
0.04607709962046502                1.105056063128392                  0.006264989488979044               
0.046225728995513186               1.098060642021475                  0.0062317426547446875              
0.046374358308437114               1.0890383683855405                 0.006219421967418982               
0.04652298755903712                1.089089246239435                  0.006173277027396742               
0.046671616747113474               1.0897808250590397                 0.006272334121308104               
0.046820245872466484               1.0925248866854407                 0.006189570172464001               
0.04696887493489644                1.0834079681315176                 0.006180115804885928               
0.04711750393420365                1.086503268683009                  0.006195555220933665               
0.047266132870188396               1.0877249661007546                 0.006127371639313266               
0.04741476174265097                1.0862300954268902                 0.006188165022834704               
0.047563390551391686               1.0790625064920174                 0.006093384389651793               
0.04771201929621082                1.0711783863333795                 0.006099744690264995               
0.047860647976908685               1.0694118279160554                 0.006104350521931566               
0.04800927659328559                1.0746283412055666                 0.006040098083022963               
0.048157905145141816               1.0530012984645651                 0.0060573361687750685              
0.04830653363227766                1.0498010687568038                 0.005960739120026657               
0.04845516205449344                1.0508204487670016                 0.006044690931710909               
0.04860379041158943                1.0395346631116111                 0.00602166055220695                
0.04875241870336596                1.0545125515401064                 0.005967993600093989               
0.04890104692962332                1.0359344521541916                 0.005982865222196573               
0.04904967509016181                1.029819599697222                  0.005912842514158115               
0.04919830318478172                1.0212072578320355                 0.0059495316627390035              
0.049346931213283374               1.007037936371174                  0.005865190084295854               
0.049495559175467066               0.9993688132437546                 0.005824773183306052               
0.0496441870711331                 0.991155232881064                  0.005827804767391283               
0.049792814900081785               0.9827094028912255                 0.005761239515396514               
0.04994144266211342                0.9845371362582566                 0.005826479590289033               
0.05009007035702831                0.9708101327978652                 0.005708771562513733               
0.05023869798462676                0.9631637516675432                 0.00572713463756072                
0.050387325544709094               0.9598425676216115                 0.005740976829903345               
0.050535953037075594               0.9311894430108387                 0.005616815688147205               
0.050684580461526595               0.9265178532593619                 0.005608465691589677               
0.05083320781786236                0.9127193183766683                 0.005524129786267354               
0.05098183510588326                0.9082362435168333                 0.005567184230889423               
0.05113046232538955                0.8979520293108902                 0.005498776346026147               
0.05127908947618157                0.8891838550636706                 0.005485863546143406               
0.05142771655805962                0.8664297719933942                 0.005423560926040386               
0.05157634357082401                0.8550223532435336                 0.00534128229619565                
0.05172497051427505                0.838705442334234                  0.005352615204968903               
0.051873597388213066               0.8220654866082684                 0.005208478003831247               
0.05202222419243834                0.8144822929204519                 0.005221040339233666               
0.05217085092675122                0.7977655785876476                 0.005193561789302623               
0.052319477590952006               0.7895829399478125                 0.005140618519167345               
0.05246810418484102                0.7828663771270894                 0.005116118088322624               
0.05261673070821854                0.7585685197245938                 0.005018353112759016               
0.052765357160884915               0.7482425043806099                 0.004991612214000674               
0.052913983542640465               0.7443001551477584                 0.00498599150955727                
0.05306260985328549                0.7222196864548873                 0.004931464622083792               
0.05321123609262031                0.7164966746244472                 0.004879662675523444               
0.053359862260445236               0.6987384782128853                 0.004797145668776517               
0.05350848835656059                0.686366612930244                  0.004783187776625633               
0.05365711438076671                0.6686121892904914                 0.004694935252397116               
0.05380574033286389                0.6524836750723185                 0.0046495798422965876              
0.05395436621265246                0.6359094024550723                 0.004587847330250927               
0.054102992019932725               0.6309052209769844                 0.004565189471595562               
0.05425161775450505                0.6087685962304255                 0.004504703193331389               
0.0544002434161697                 0.6022080267659563                 0.004405430636070637               
0.054548869004727024               0.5896096158696668                 0.004415467655210471               
0.054697494519977345               0.5718635605399469                 0.004350691179487845               
0.054846119961720986               0.5677821987156214                 0.004320015595412502               
0.05499474532975826                0.552231141115                     0.004268949439684595               
0.055143370623889514               0.5373332104304748                 0.004153286607281341               
0.05529199584391504                0.5268857721194043                 0.004171921494570156               
0.05544062098963519                0.5109025882115341                 0.004069677510649719               
0.055589246060850264               0.5060674135149522                 0.004074437248781445               
0.05573787105736062                0.48429817139223275                0.0039720596789604625              
0.05588649597896656                0.48433297997952024                0.0039489061735897306              
0.056035120825468424               0.47005709540251533                0.0039287549070516105              
0.05618374559666653                0.4671728401756115                 0.0038783221467359667              
0.056332370292361225               0.44906981301777643                0.00382675909568033                
0.05648099491235282                0.44000980022075903                0.003765722423325799               
0.05662961945644166                0.4383603500299198                 0.00376417143810189                
0.05677824392442804                0.4270192813545396                 0.0037371662198544694              
0.056926868316112336               0.4205461497143605                 0.0036548509340903284              
0.057075492631294855               0.41573532042551936                0.0036657485431191234              
0.05722411686977594                0.39963329775020684                0.003573142779423248               
0.05737274103135591                0.39630979438897285                0.0035808364718655193              
0.057521365115835124               0.3882129187353466                 0.0035319824856870586              
0.05766998912301387                0.3836898134884846                 0.003492710731575176               
0.057818613052692536               0.3738225699365283                 0.0034828861579239436              
0.05796723690467142                0.3671528763995412                 0.003400292549187209               
0.05811586067875089                0.36379196318521817                0.003419091358077447               
0.05826448437473124                0.3607623304600869                 0.0033900185791880246              
0.05841310799241284                0.3564584180641827                 0.0033552092688768176              
0.05856173153159601                0.3497101513967757                 0.0033571701847856144              
0.05871035499208109                0.34440888762494204                0.0032885967949762354              
0.058858978373668436               0.3409059028508582                 0.003298591713624113               
0.05900760167615837                0.33941657090060956                0.0032646774772733702              
0.059156224899351226               0.3376547434593209                 0.003262402739924994               
0.059304848043047365               0.33136539344875576                0.0032552575616456077              
0.05945347110704712                0.3283696448239058                 0.003206545222349298               
0.05960209409115083                0.3245520550204156                 0.003204602636172595               
0.05975071699515884                0.32755864081782177                0.00320106859447589                
0.0598993398188715                 0.3200811639754493                 0.0031839810238892263              
0.060047962562089136               0.32372390240047133                0.003179268980827019               
0.06019658522461209                0.3173668301845922                 0.0031464125636948164              
0.06034520780624073                0.3237431779609704                 0.003197551211550734               
0.06049383030677538                0.31719595800677325                0.0032289698348524428              
0.0606424527260164                 0.31137060157491353                0.0032480286399998635              
0.060791075063764154               0.32079356837961814                0.0033138487575720727              
0.06093969731981895                0.31245825263978566                0.0032910404700481244              
0.06108831949398115                0.31133049013818515                0.003332645868544185               
0.0612369415860511                 0.3157460629122099                 0.003348971802264314               
0.06138556359582917                0.3109112040594328                 0.0033669622035078775              
0.061534185523115695               0.30422953389950097                0.0033196139537012793              
0.061682807367711034               0.31145310590808956                0.003400053929549715               
0.061831429129415506               0.3103456188909098                 0.00340936229918213                
0.061980050808029506               0.31030962081573304                0.0033995435569970024              
0.06212867240335336                0.30912647801477233                0.0034379233820981494              
0.06227729391518745                0.3098413222731593                 0.0034143460507419774              
0.06242591534333208                0.3139874846736926                 0.003518191278505863               
0.06257453668758765                0.30916334789191785                0.0034602297595236866              
0.06272315794775449                0.3184613164936182                 0.003505718790678675               
0.06287177912363298                0.31327597130921                   0.0035226240628606553              
0.06302040021502343                0.3189418717624213                 0.0035479622084528223              
0.06316902122172624                0.31367023555305973                0.003550478248626084               
0.06331764214354177                0.3143159385440491                 0.0034233603537813266              
0.06346626298027035                0.3172163422518143                 0.0034256145036891893              
0.06361488373171235                0.319785253994552                  0.003407180398670418               
0.06376350439766815                0.3193377732137119                 0.0033844032691392445              
0.06391212497793805                0.31743535706834364                0.003365186187367198               
0.06406074547232249                0.3189214199860643                 0.0033284243872494412              
0.06420936588062177                0.31458586022766644                0.003319716752333202               
0.0643579862026363                 0.3217280868113896                 0.0033377802945239892              
0.06450660643816641                0.32187752819793614                0.003322919340022818               
0.06465522658701248                0.31495528866931644                0.00329728333072597                
0.06480384664897484                0.3193734923620182                 0.0032946118330250728              
0.06495246662385391                0.3176851452547784                 0.0032977894162610193              
0.06510108651145002                0.3168419238136981                 0.0032631185691849667              
0.06524970631156356                0.3189038160156013                 0.0032720563343169896              
0.06539832602399485                0.3169559430447288                 0.0032703688551565823              
0.0655469456485443                 0.30988611392357945                0.003227105063798582               
0.06569556518501228                0.31589356243757                   0.003251627508928931               
0.06584418463319913                0.31918802077432584                0.0032375273900652935              
0.06599280399290525                0.31700138062599137                0.003224817663356225               
0.06614142326393099                0.3176883529665289                 0.0032412116985406116              
0.06629004244607672                0.31713967028897555                0.0032367932058436862              
0.06643866153914282                0.3101639523655725                 0.003196208020384674               
0.06658728054292967                0.3159412088637365                 0.00317404643903674                
0.06673589945723764                0.30950221410207557                0.0031880350006579876              
0.06688451828186709                0.3084073186569264                 0.003171377794506105               
0.06703313701661841                0.3056107756209697                 0.0031399656308553243              
0.06718175566129193                0.31124153374307406                0.0031780856787796286              
0.0673303742156881                 0.3103018362554291                 0.003165521363949201               
0.06747899267960726                0.2990590743792555                 0.003103100786751996               
0.06762761105284978                0.3063792663453253                 0.003115148668979691               
0.06777622933521604                0.29960916666668413                0.0031074706764544365              
0.06792484752650643                0.29970346735122333                0.003085466355836508               
0.0680734656265213                 0.29613461114318895                0.0030818943833343664              
0.0682220836350611                 0.2932556387900892                 0.003052097995687527               
0.06837070155192615                0.2871762409798306                 0.002998749301013844               
0.06851931937691683                0.2914250822616223                 0.003039638382796809               
0.06866793710983354                0.28707742632069383                0.00300823233974986                
0.06881655475047667                5.503676053699696                  0.013190490987422449               
0.06896517229864657                0.291479940513174                  0.0030341101912907693              
0.06911378975414369                0.2859902494717486                 0.0029798735507668202              
0.06926240711676834                0.27913781107796654                0.002963520269298283               
0.06941102438632095                0.28662002385330393                0.0029733903474981906              
0.06955964156260189                0.27389714404324794                0.0029327798426554055              
0.06970825864541157                0.2752179408694359                 0.002910933422522446               
0.06985687563455034                0.2758276107404049                 0.0029250817653688936              
0.07000549252981861                0.27280993802584774                0.0029022333832536993              
0.07015410933101678                0.2647138068326421                 0.0028350985593499954              
0.07030272603794524                0.2638558761526832                 0.0028568816852807995              
0.07045134265040434                0.2616352849717876                 0.0028250660684384266              
0.07059995916819455                0.2611547877990522                 0.0028329546923339826              
0.07074857559111615                0.2615034223593691                 0.002829586768689634               
0.07089719191896963                0.25150742343053245                0.0027471158829111713              
0.07104580815155535                0.25247821352258487                0.002786796360538673               
0.07119442428867372                0.2546020495532073                 0.0027677406029085598              
0.07134304033012509                0.24954378108608283                0.002748886409619539               
0.0714916562757099                 0.24609945840976966                0.0027361279162331485              
0.07164027212522854                0.24532343225141454                0.0027069991583214157              
0.0717888878784814                 0.2414716103236678                 0.0027178001439651096              
0.07193750353526884                0.23912649373037587                0.0026701798346925884              
0.07208611909539134                0.2337246515133231                 0.0026530514925290475              
0.07223473455864923                0.23354625131795026                0.0026532495224687283              
0.07238334992484297                0.2338271252768917                 0.00265970357310949                
0.07253196519377289                0.22121977160721096                0.0025977361731534224              
0.07268058036523947                0.22437216115187228                0.0025691655971803607              
0.07282919543904304                0.22267449419929386                0.0025848732887188415              
0.07297781041498405                0.22469700874279483                0.0025942316951725326              
0.07312642529286288                0.22026430968235275                0.002565030690067413               
0.07327504007247997                0.21984631812962663                0.0025625968591225816              
0.07342365475363567                0.21553225220775213                0.0025169316652897938              
0.07357226933613044                0.2113274526139877                 0.0025147340448615826              
0.07372088381976465                0.20988417971814397                0.0024926229351328075              
0.07386949820433873                0.21069421457094414                0.0024896336895374256              
0.07401811248965308                0.20294889766637                   0.002433712953080491               
0.07416672667550812                0.20164286368550155                0.0024388316897674006              
0.07431534076170422                0.2041875974066313                 0.002461879002766213               
0.07446395474804186                0.1985969631776303                 0.0023948211835731767              
0.07461256863432139                0.20184737509156628                0.0024196340519685063              
0.07476118242034327                0.19308408956774964                0.002354158908385191               
0.07490979610590787                0.1905336752541075                 0.0023467301088014947              
0.07505840969081562                0.1901362686526345                 0.002343257715643731               
0.07520702317486694                0.18957802228618467                0.0023256293284516713              
0.07535563655786226                0.18418184889738873                0.002290315951312466               
0.07550424983960197                0.18631241519423344                0.0022985772866482754              
0.0756528630198865                 0.18236171076521226                0.00228291260174818                
0.07580147609851624                0.17750444186598158                0.002236878414406443               
0.07595008907529169                0.17648906526971633                0.0022276232326881224              
0.07609870195001317                0.17906532119696536                0.0022544012800779526              
0.07624731472248115                0.17758587445594975                0.0022269681491504214              
0.07639592739249607                0.17413300985294577                0.002209888067265294               
0.07654453995985831                0.1703357632795161                 0.0021773594463997065              
0.0766931524243683                 0.16998217564089335                0.0021769341188283124              
0.07684176478582651                0.16726945607191093                0.0021695878710128154              
0.07699037704403329                0.1681577763540798                 0.0021606686417450253              
0.07713898919878912                0.16761697300695214                0.0021635652524945067              
0.0772876012498944                 0.16411733902374243                0.0021221084054086326              
0.07743621319714959                0.16348121846611666                0.0021385172724178608              
0.07758482504035506                0.15827943906664055                0.002099780449429445               
0.0777334367793113                 0.15955342274357032                0.002094136628455058               
0.0778820484138187                 0.15915853419693393                0.002102947477927727               
0.0780306599436777                 0.1549806169322669                 0.0020621964805729873              
0.07817927136868873                0.16229135431066047                0.0021262295239052116              
0.07832788268865222                0.15626538122046327                0.002068153428448736               
0.07847649390336861                0.15213745633595774                0.0020381239711252655              
0.07862510501263834                0.15163421404700558                0.002054369955939966               
0.07877371601626182                0.15244238776984265                0.002037642964113135               
0.0789223269140395                 0.15233657532669748                0.002045385180751035               
0.07907093770577181                0.15129441848896832                0.002028286713567934               
0.0792195483912592                 0.1493509169730145                 0.002016047879541082               
0.07936815897030208                0.14865690657392422                0.002025591736977269               
0.07951676944270093                0.1498189388608199                 0.0020117628502997146              
0.07966537980825614                0.14801677412820333                0.002008681224615162               
0.07981399006676818                0.142182487375023                  0.001960624937534795               
0.07996260021803749                0.141743942478969                  0.001968096477768103               
0.0801112102618645                 0.1434190721416142                 0.0019756117518178                 
0.08025982019804966                0.14662507399803998                0.0019805159451609577              
0.0804084300263934                 0.14233916864966945                0.001968972825155184               
0.08055703974669619                0.14363031148277122                0.001962572992636463               
0.08070564935875844                0.14003206822042122                0.0019505419547815321              
0.08085425886238064                0.14184495084734944                0.0019487579690437371              
0.0810028682573632                 0.13943548975709494                0.0019321366504624056              
0.08115147754350657                0.14140725001607102                0.0019560816267435418              
0.08130008672061122                0.14505230481800083                0.001972268975758798               
0.08144869578847758                0.14161221032006915                0.0019479517958624843              
0.0815973047469061                 0.1404465984217367                 0.001935216534537931               
0.08174591359569723                0.13975957457807175                0.001931257943385194               
0.08189452233465144                0.14050076931759561                0.0019418709250017094              
0.08204313096356916                0.14007479156041683                0.0019295439595853568              
0.08219173948225086                0.1374200370696623                 0.0019165769442113572              
0.08234034789049698                0.14146950609489103                0.0019321459710603841              
0.08248895618810799                0.13751855117995582                0.0019157163992771901              
0.08263756437488433                0.13975639058701275                0.00192735353599242                
0.08278617245062646                0.13906303715651303                0.0019148803716996763              
0.08293478041513484                0.13759495130184046                0.0019108566958827074              
0.08308338826820992                0.13990253369919906                0.0019168327965323742              
0.08323199600965217                0.138762862414508                  0.0019189511933443957              
0.08338060363926207                0.13853714027247876                0.0019074580109359387              
0.08352921115684006                0.14055285472485624                0.0019205224431616398              
0.08367781856218658                0.13624881806494235                0.001903020394516496               
0.08382642585510211                0.13958544205710688                0.0019177153712296756              
0.08397503303538713                0.14160292742503333                0.0019223494471234262              
0.08412364010284208                0.13877922568879883                0.001894872859819667               
0.08427224705726745                0.13731756766494652                0.0018967889992846146              
0.08442085389846368                0.14086861593796268                0.0019226843619765959              
0.08456946062623125                0.1389053852919617                 0.0019062147375940564              
0.08471806724037062                0.13499655780068615                0.0018754949481477408              
0.08486667374068227                0.13810724826239146                0.001890284562038094               
0.08501528012696667                0.13784679614118603                0.001901199485538038               
0.08516388639902428                0.13626094061036942                0.0018754070814528765              
0.08531249255665557                0.13782751571832583                0.0018891119496002259              
0.08546109859966101                0.13426269452310052                0.0018681863556817228              
0.08560970452784111                0.13433089814247431                0.0018534130563133346              
0.08575831034099632                0.13630361215557968                0.001885302811121561               
0.08590691603892707                0.1350282932513732                 0.0018603809985669427              
0.0860555216214339                 0.13592622779225585                0.0018731080796510315              
0.08620412708831726                0.13469531921746067                0.0018675288943677082              
0.08635273243937762                0.1347805334819382                 0.001861566961977246               
0.08650133767441548                0.13662496317425937                0.0018728052700562583              
0.08664994279323132                0.13783013698768481                0.0018723395549750544              
0.08679854779562558                0.1374815448697441                 0.0018757562475784954              
0.08694715268139878                0.13371574471118264                0.0018629217801457512              
0.08709575745035139                0.1372710069035428                 0.0018685409078706926              
0.0872443621022839                 0.1347336263019485                 0.0018533331887465824              
0.08739296663699678                0.13679517377781333                0.001866739136440856               
0.08754157105429052                0.1339381162824614                 0.0018450106571787752              
0.08769017535396562                0.13481463141813185                0.0018553253025028625              
0.08783877953582254                0.13447262272552574                0.0018388155852809025              
0.0879873835996618                 0.13501476882289556                0.0018552707129919441              
0.08813598754528384                0.13329717550323145                0.0018356592259164716              
0.08828459137248919                0.13149895367088968                0.0018281384585224802              
0.08843319508107834                0.13203330327030793                0.0018283373547395912              
0.08858179867085175                0.12932946487102223                0.0017998918815219157              
0.08873040214160996                0.13667717070773985                0.0018623564420893973              
0.08887900549315342                0.1304517805304024                 0.0018104338839465552              
0.08902760872528265                0.1274332580914579                 0.0017900472047478952              
0.08917621183779811                0.1293379485906349                 0.0018054382722640806              
0.08932481483050034                0.1298932790948364                 0.001799048278460354               
0.08947341770318981                0.12875416038465465                0.0017958899150114843              
0.08962202045566703                0.1265958253016658                 0.0017814502371071403              
0.08977062308773248                0.12531746831334575                0.0017724338851615134              
0.08991922559918666                0.1243871190263253                 0.0017605084777114802              
0.0900678279898301                 0.1207475133006821                 0.0017384994034654096              
0.09021643025946328                0.1244530004533617                 0.0017563467476547168              
0.09036503240788671                0.12218258977519157                0.0017415603215363883              
0.09051363443490087                0.1215443888374059                 0.0017344027247495066              
0.09066223634030629                0.12170045998155904                0.0017473366345129606              
0.09081083812390348                0.1175773871944534                 0.001713584708437102               
0.09095943978549291                0.11754585754444312                0.001699285523586468               
0.09110804132487513                0.1154685222967997                 0.0016924029174825487              
0.09125664274185061                0.11636589376256805                0.001689481222896942               
0.09140524403621988                0.11543077392328936                0.0016953130059689295              
0.09155384520778345                0.11669964769891648                0.0016937914220187323              
0.09170244625634183                0.11698479733593345                0.0016895864275458497              
0.09185104718169552                0.11413641524449962                0.0016857839852840945              
0.09199964798364504                0.11056914678293377                0.0016462566594435165              
0.0921482486619909                 0.10878412222730985                0.0016353430676386339              
0.09229684921653362                0.11038889530653569                0.0016424809530044345              
0.09244544964707371                0.11208920297819505                0.0016575368044478111              
0.09259404995341172                0.11040040944245705                0.001652374906816009               
0.0927426501353481                 0.11031437210646697                0.001634690671338979               
0.09289125019268343                0.1094789583026468                 0.0016332867810370357              
0.09303985012521819                0.1061010542653308                 0.0016061175524121874              
0.09318844993275292                0.10464235035766765                0.0015915301413091589              
0.09333704961508814                0.10339245219977182                0.0015972828339161395              
0.09348564917202434                0.10837804475427121                0.0016161433065116169              
0.09363424860336209                0.10198213371088147                0.0015717484700994249              
0.09378284790890191                0.10422011833898151                0.001586577028274771               
0.0939314470884443                 0.10319620212747152                0.0015863203112398423              
0.09408004614178979                0.10265815716760428                0.0015763742340522027              
0.0942286450687389                 0.10173585971165226                0.0015612917486692826              
0.09437724386909221                0.10213910647410517                0.0015758530387221226              
0.09452584254265017                0.0996549945304868                 0.0015503113023797473              
0.09467444108921338                0.10103442824447598                0.0015530897683690133              
0.09482303950858231                0.09539723406631087                0.001514623472034365               
0.09497163780055753                0.0970462036839733                 0.0015226798179634787              
0.0951202359649396                 0.09587644924217757                0.001524539558210324               
0.09526883400152898                0.0989345267836782                 0.0015346527126638804              
0.09541743191012625                0.09555753729404852                0.0015125999604544136              
0.09556602969053193                0.09948460634657036                0.0015439286041348283              
0.09571462734254658                0.09619303260829211                0.0015143346060982536              
0.09586322486597074                0.09133819714218663                0.001479367212606026               
0.09601182226060492                0.09656032543462163                0.0015074675155751342              
0.09616041952624964                0.09521721707443392                0.0015110037445823878              
0.09630901666270551                0.09375734808378625                0.0014923536484817792              
0.09645761366977304                0.09567409506719138                0.0015091602580508843              
0.09660621054725275                0.09415905689280853                0.0014923339225130323              
0.0967548072949452                 0.09169459688030224                0.0014684769295773708              
0.09690340391265093                0.09424528753299483                0.0015016428527505376              
0.0970520004001705                 0.09463243050720196                0.001496083105900258               
0.09720059675730447                0.09337285454291536                0.0014808035542810312              
0.09734919298385332                0.09450020303674196                0.0014897169375996686              
0.0974977890796177                 0.09117953085639678                0.0014685379096259176              
0.09764638504439807                0.09268938976469619                0.0014838376636041534              
0.09779498087799501                0.09383644736099349                0.0014755909521591986              
0.09794357658020908                0.09349830710994364                0.001483913186712443               
0.09809217215084083                0.09057888418085452                0.0014584856047030136              
0.09824076758969084                0.0919676959026387                 0.0014717186282637545              
0.09838936289655961                0.0911990720326782                 0.0014582987762434187              
0.09853795807124772                0.09211990609206888                0.0014620365612394595              
0.09868655311355574                0.09023156420371452                0.001457244523444249               
0.09883514802328423                0.0923200997288964                 0.0014620867693409514              
0.09898374280023374                0.08929992864675718                0.0014507374064649807              
0.09913233744420481                0.0933294153479943                 0.0014654451640696345              
0.09928093195499803                0.08868129641673746                0.00143803306060589                
0.09942952633241396                0.09072076193450919                0.0014596352231709031              
0.09957812057625312                0.09178036946764233                0.0014562809946061198              
0.09972671468631612                0.09340596397787736                0.0014680956604527676              
0.09987530866240353                0.09208741624603786                0.0014556660248593407              
0.1000239025043159                 0.09020572500639037                0.0014477925445013108              
0.10017249621185377                0.09100809934413026                0.0014572958929285542              
0.10032108978481775                0.08773559477903677                0.001412520348672921               
0.10046968322300841                0.0891860955025968                 0.001436059161100813               
0.10061827652622628                0.0912226128144875                 0.0014438006763266866              
0.10076686969427194                0.09197921955746682                0.001458885318463328               
0.10091546272694601                0.09118613803544387                0.0014510596166581967              
0.101064055624049                  0.09076648248626303                0.0014362216697847907              
0.10121264838538155                0.09361086663719823                0.0014733193447600287              
0.1013612410107442                 0.08791568346126631                0.0014514179867907882              
0.10150983349993749                0.08977382550096928                0.0014906509260617516              
0.10165842585276207                0.09257618247194926                0.001518867393522631               
0.10180701806901846                0.09118654051581415                0.0015212553932198766              
0.10195561014850726                0.0895849728556697                 0.0015285223584103798              
0.10210420209102905                0.09099224520140813                0.0015332384627460005              
0.10225279389638445                0.09339289010224244                0.001560672056961337               
0.10240138556437398                0.0906900219127994                 0.0015539505160289367              
0.10254997709479825                0.09267735290865842                0.001575334633956938               
0.10269856848745783                0.09240129933058747                0.0015931258505273698              
0.10284715974215335                0.09092373067190039                0.0015616273184720843              
0.10299575085868538                0.0887341119228543                 0.0015664110876337741              
0.10314434183685449                0.08897243776318167                0.0015672032992084073              
0.10329293267646124                0.09028235958214145                0.001590030241815562               
0.1034415233773063                 0.08860600776582088                0.001581242014878427               
0.10359011393919021                0.0877439365534451                 0.0015668560098829483              
0.10373870436191358                0.08941970834252773                0.0016029259316751375              
0.10388729464527696                0.08892036961765631                0.0015970569841511622              
0.10403588478908102                0.0888670176325286                 0.0016007528670501548              
0.10418447479312629                0.08939253731547112                0.001557304558985783               
0.10433306465721338                0.08981690869747483                0.00154833727507158                
0.1044816543811429                 0.08774518252110046                0.0015279106428661847              
0.1046302439647155                 0.0903778677622995                 0.0015322685109566657              
0.10477883340773168                0.09251864986818233                0.0015400536324277916              
0.10492742270999211                0.09072381816332378                0.0015274149294862264              
0.10507601187129732                0.08777709140314126                0.0014983302453868733              
0.10522460089144804                0.08772965934570875                0.0014910180851895288              
0.10537318977024476                0.0858750422994725                 0.0014712311014588                 
0.10552177850748812                0.08513943717112396                0.0014599146239246336              
0.10567036710297875                0.08888934216158158                0.0014866600431481804              
0.10581895555651723                0.08688273301914899                0.0014753461557804727              
0.10596754386790419                0.08628841788644173                0.0014543909867802446              
0.10611613203694019                0.08609307500325292                0.0014554465086166295              
0.10626472006342588                0.08565937131813489                0.001453943652555004               
0.10641330794716188                0.08710887530630149                0.0014591285621255395              
0.10656189568794881                0.08349690410307944                0.0014328031651728104              
0.10671048328558726                0.08755304386183344                0.0014474049201457135              
0.10685907073987783                0.08580908667572924                0.001447134330009027               
0.10700765805062118                0.08348169795120623                0.001420052519733355               
0.1071562452176179                 0.08440263532418443                0.001424225486844265               
0.10730483224066863                0.08479452232246239                0.0014259742061558363              
0.10745341911957391                0.08467920399132123                0.0014142695369628007              
0.1076020058541345                 0.08357453338050096                0.001417739880330202               
0.10775059244415094                0.08318484029503001                0.0014082952109679314              
0.10789917888942382                0.08220055851659734                0.001391432217598858               
0.10804776518975381                0.08177716740889583                0.0013973389840435133              
0.10819635134494156                0.08224994897940455                0.00138790066421709                
0.10834493735478763                0.07969450391885788                0.0013779400099833666              
0.10849352321909271                0.08314841020912468                0.0013910330282260346              
0.1086421089376574                 0.08308267169498136                0.0013963967286276667              
0.10879069451028231                0.07749218428936772                0.0013538980292500773              
0.1089392799367681                 0.0793926730655406                 0.0013587784988479193              
0.10908786521691538                0.07925265159387639                0.0013648031574402314              
0.1092364503505248                 0.08025332024418848                0.0013528616182649866              
0.10938503533739702                0.07981909996856588                0.0013662767635033836              
0.10953362017733265                0.0808894077870951                 0.001372980436363317               
0.1096822048701323                 0.0789564954894293                 0.0013540927264248008              
0.10983078941559662                0.07898888612613075                0.0013548474781899435              
0.10997937381352627                0.07523267956097025                0.0013112231767690673              
0.1101279580637219                 0.07772470916792813                0.0013420774415232606              
0.11027654216598413                0.07492994614986251                0.0013149652502983634              
0.11042512612011357                0.07739325470347669                0.0013226234940482997              
0.11057370992591092                0.07719078812762298                0.0013277219191549902              
0.11072229358317678                0.07864434748312506                0.001330092367777925               
0.11087087709171187                0.07522696296311983                0.0013107254484331142              
0.11101946045131672                0.07709993179154119                0.001310738163190946               
0.11116804366179206                0.07650173061060417                0.0013100686989684352              
0.11131662672293854                0.07521686893260977                0.00129858083399605                
0.11146520963455678                0.07557607901876881                0.001307904839938971               
0.11161379239644743                0.07336490758588007                0.0013183106851833608              
0.11176237500841117                0.07507499018769839                0.0013321558529409677              
0.11191095747024861                0.07356875809722616                0.0013384990343668732              
0.11205953978176046                0.0751952242690249                 0.0013638087332218383              
0.11220812194274735                0.07380026947586958                0.0013480766182994923              
0.11235670395300991                0.07560998894131846                0.001377919343167718               
0.11250528581234887                0.07283811492508999                0.0013539712234353514              
0.1126538675205648                 0.07293375689181657                0.0013695423672203922              
0.1128024490774584                 0.0711415125011208                 0.001353665177882409               
0.11295103048283038                0.07255264106490224                0.0013691614874054155              
0.11309961173648131                0.07034550033227473                0.0013588418874171042              
0.11324819283821194                0.0741275281136149                 0.0013882922828882362              
0.11339677378782287                0.07057125801495141                0.0013594037842153774              
0.11354535458511482                0.0711336954478207                 0.001359435633027369               
0.11369393522988842                0.07329246672847499                0.0013826306453550603              
0.11384251572194438                0.0728651937203304                 0.0013802305616329533              
0.11399109606108329                0.07139181138258661                0.0013683725098359754              
0.11413967624710591                0.07017894928558198                0.001355624673273054               
0.11428825627981287                0.07124620617508318                0.0013615858248707082              
0.11443683615900485                0.07172650026610272                0.0013837123199218107              
0.1145854158844825                 0.07110131410238436                0.001368852504220982               
0.11473399545604654                0.07005992689517963                0.0013609643302214286              
0.11488257487349764                0.06845867009352273                0.0013485630276021641              
0.11503115413663645                0.06959109744241466                0.001352622834213471               
0.11517973324526365                0.06935614410765255                0.0013673038831415816              
0.11532831219917995                0.0683418549039414                 0.0013441770877437372              
0.11547689099818605                0.06913573259856784                0.0013640193054372644              
0.11562546964208253                0.07055996490743474                0.0013735316177157632              
0.11577404813067017                0.06758617657335626                0.001341566081982767               
0.11592262646374966                0.06925796803473938                0.001374209312573658               
0.11607120464112164                0.06929410087997452                0.0013535140039946285              
0.1162197826625868                 0.07037512514177055                0.0013807008962353972              
0.11636836052794586                0.06945147296908345                0.0013710495006642746              
0.11651693823699948                0.0693543575489276                 0.0013667375812246626              
0.11666551578954835                0.06765226308061278                0.0013593125473949047              
0.11681409318539324                0.0677413149332863                 0.0013409521702579645              
0.11696267042433472                0.06896107368454155                0.0013718334670172751              
0.11711124750617356                0.06879743253626577                0.0013702058209994763              
0.11725982443071048                0.07224809057639                   0.0014024129534170476              
0.1174084011977461                 0.06986504224798629                0.001381368842182288               
0.11755697780708119                0.06846048377694255                0.0013640361492657654              
0.11770555425851639                0.06884783452925675                0.0013764062381583478              
0.11785413055185245                0.06756623105102408                0.001356215818024766               
0.11800270668689006                0.0713829306995987                 0.0013911339350481601              
0.11815128266342986                0.07278866532730907                0.001415843249623071               
0.11829985848127267                0.07132478114407662                0.001400951011489527               
0.11844843414021912                0.07114447614044239                0.0014085943970292545              
0.11859700964006994                0.06941239284676866                0.0013734933769995986              
0.11874558498062582                0.07070053781348848                0.0013919154789112582              
0.1188941601616875                 0.07034872238739007                0.0013936589325885512              
0.11904273518305566                0.07035321567809928                0.0013989736615651232              
0.11919131004453105                0.0682095039925654                 0.001376916525331499               
0.11933988474591431                0.06894240327745087                0.0013733655465579756              
0.11948845928700624                0.06951607998292343                0.0013900436187300365              
0.11963703366760754                0.07303895634693895                0.0014212496093917349              
0.11978560788751887                0.06938559994105022                0.0013904957769423703              
0.11993418194654097                0.06789667997080737                0.0013708810226472892              
0.12008275584447463                0.07046520090912681                0.001400093694225846               
0.1202313295811205                 0.06905900172625466                0.001388980225823718               
0.12037990315627929                0.0703126828643573                 0.0014009401612079314              
0.12052847656975177                0.06857590182431615                0.0013817813341139853              
0.12067704982133863                0.07040876230926903                0.0013948483667473944              
0.12082562291084065                0.06872509444882402                0.001393298889292359               
0.12097419583805849                0.06970459597322108                0.00140139823636669                
0.12112276860279289                0.06912042309416627                0.001384347907517455               
0.12127134120484465                0.07219677225252578                0.0014244123471506046              
0.1214199136440144                 0.07035484703243931                0.0013990061010454283              
0.12156848592010293                0.06822623813555839                0.001391213827107801               
0.12171705803291097                0.06952624398489494                0.0013919174938473232              
0.12186562998223927                0.06646351642591372                0.0013655285500723778              
0.12201420176788849                0.06852061851880928                0.0013972165918915518              
0.12216277338965947                0.06910604350199842                0.0013935955947767817              
0.12231134484735287                0.068034804835702                  0.00139165695002059                
0.12245991614076948                0.07171816828656381                0.001408949679065818               
0.12260848726971                   0.07039772764125751                0.001415619650887069               
0.12275705823397523                0.0691220430184024                 0.0014039455292524825              
0.1229056290333658                 0.07003731848526383                0.0014035562950362392              
0.12305419966768259                0.06694991285718227                0.0013775585589106186              
0.12320277013672629                0.07085727336884659                0.0014123516076650314              
0.12335134044029764                0.06749704890011586                0.001387348778412808               
0.12349991057819736                0.0695652443899907                 0.0014114924445321117              
0.12364848055022623                0.07033283319492052                0.0014041314978101205              
0.12379705035618503                0.06719120620428899                0.0013890072380462937              
0.12394561999587449                0.06539816729087453                0.0013551296061504695              
0.12409418946909531                0.06558250782283673                0.001373474485858293               
0.12424275877564833                0.0668335585509828                 0.0013728415430622925              
0.12439132791533426                0.06780554745839983                0.0013881295746068834              
0.1245398968879539                 0.06627375085433053                0.001383106457311553               
0.12468846569330792                0.06783119321952988                0.0013872018801487568              
0.1248370343311972                 0.06581236256727814                0.0013776841487793668              
0.1249856028014224                 0.0662979237146025                 0.001366169142861724               
0.12513417110378433                0.06913416366403966                0.0014065146124147981              
0.12528273923808372                0.06839542815043712                0.0014093913989551177              
0.1254313072041214                 0.06793887310520064                0.0013859305040174656              
0.1255798750016981                 0.06518238842375984                0.0013680984199315996              
0.12572844263061453                0.06418579214189839                0.001354661326996906               
0.12587701009067154                0.06492107624149979                0.0013671382609478486              
0.1260255773816699                 0.06763813114391388                0.0014003423720485967              
0.1261741445034103                 0.06385851973489517                0.0013465550701762402              
0.12632271145569363                0.06734841687297362                0.0013973422369951117              
0.12647127823832058                0.06744679121491316                0.0013892535065828909              
0.12661984485109193                0.06563890135722986                0.0013782873755772242              
0.1267684112938085                 0.06676888239382958                0.0013913203518142675              
0.12691697756627102                0.06718674222337921                0.0013847786339923683              
0.1270655436682803                 0.06564162261186882                0.0013747125088794895              
0.1272141095996371                 0.06490774578895961                0.0013587473389218684              
0.12736267536014226                0.06417183822719154                0.0013598292276127174              
0.12751124094959648                0.06598889387311478                0.0013694296949162263              
0.12765980636780058                0.06365019963667157                0.0013472639062407949              
0.1278083716145554                 0.0640065515187715                 0.0013557181025187915              
0.12795693668966165                0.0643707980966047                 0.0013519577935081296              
0.12810550159292017                0.06380102481887164                0.001346540691650626               
0.1282540663241317                 0.06209854121086943                0.0013233439637430383              
0.12840263088309706                0.0630828011805221                 0.0013470746208358287              
0.12855119526961703                0.06165840791706931                0.0013254510038538743              
0.12869975948349244                0.06035403444409557                0.001307418366269025               
0.12884832352452402                0.06233593262314341                0.0013338658213263768              
0.1289968873925127                 0.06284615048873135                0.001328460482125935               
0.1291454510872591                 0.06161767324838542                0.001335418732969125               
0.12929401460856416                0.06259185625328186                0.0013314402893093455              
0.1294425779562286                 0.06178526596545948                0.0013337365772219225              
0.12959114113005324                0.06108563700138884                0.0013273215000260026              
0.12973970412983893                0.06233155583730614                0.0013247049496957859              
0.12988826695538638                0.06278166497928188                0.0013467995602486165              
0.13003682960649648                0.062302606743015694               0.001329505229843656               
0.13018539208297003                0.06094448921325459                0.0013217606287345915              
0.13033395438460782                0.0601447497738673                 0.0013159170148336584              
0.13048251651121062                0.05992876077765428                0.0013090000350526362              
0.13063107846257932                0.06014493895749889                0.0013159211540138974              
0.13077964023851468                0.06090844848896392                0.0013151154765666986              
0.1309282018388175                 0.061242578163010535               0.001331360394848055               
0.13107676326328868                0.06013204103481157                0.0013140672948166376              
0.13122532451172894                0.058319682955409714               0.0012896400096665602              
0.13137388558393917                0.059471449727147026               0.0013154310218751253              
0.13152244647972017                0.06053054652715818                0.0013087876940459967              
0.13167100719887273                0.060917289851196946               0.001332500653574845               
0.13181956774119763                0.05882710335153284                0.0012958014701862286              
0.13196812810649583                0.057049309450065804               0.0012827358962544159              
0.13211668829456807                0.059826599586746895               0.0013187778190108215              
0.13226524830521522                0.06151917684304108                0.001327992605907326               
0.13241380813823803                0.06240451440535915                0.001343353428136587               
0.13256236779343739                0.05876414537167923                0.0012956726115860141              
0.1327109272706141                 0.059843505775057246               0.0013172317224337965              
0.13285948656956903                0.06030241430965294                0.0013228540418216686              
0.13300804569010294                0.06180775061357901                0.0013398529187723727              
0.13315660463201676                0.06003139627949317                0.0013146962226769825              
0.1333051633951113                 0.05863369965097805                0.001298171930129831               
0.1334537219791874                 0.06037091237920975                0.0013224488461996877              
0.13360228038404576                0.05883566236977732                0.001305526481025567               
0.13375083860948744                0.059473173226510107               0.0013097149373377346              
0.13389939665531317                0.05890120469755556                0.0013108591141116953              
0.13404795452132376                0.05942118591555909                0.0013114352124373408              
0.13419651220732015                0.05970603026777428                0.0013180428166928654              
0.1343450697131031                 0.059801831235918736               0.001312188522624224               
0.13449362703847348                0.06081189443538558                0.001330195241420176               
0.1346421841832322                 0.059937155570600996               0.0013176979901261213              
0.13479074114717998                0.057400113417626644               0.0012929134053553395              
0.13493929793011783                0.05930344584906852                0.0013188316266051655              
0.13508785453184646                0.06127562327221497                0.0013236606305828276              
0.13523641095216685                0.0580059652011911                 0.0013049058784759416              
0.13538496719087975                0.05864991752034357                0.001304620651608435               
0.1355335232477861                 0.05879225140927282                0.0013143061715328384              
0.13568207912268665                0.05795439072558707                0.0013014425070977565              
0.13583063481538238                0.059618215335958936               0.0013084746005452483              
0.13597919032567404                0.06103673301133574                0.0013338375556921197              
0.1361277456533626                 0.05989109285100775                0.0013160493905995168              
0.13627630079824887                0.0559449107884748                 0.001276429707053476               
0.13642485576013377                0.06048259125261578                0.0013312988071321951              
0.13657341053881802                0.06109100616941913                0.0013350235886422156              
0.13672196513410265                0.05897097268940456                0.0013216080072126256              
0.13687051954578844                0.05819107326884107                0.0012944140270863404              
0.13701907377367628                0.06097660381491451                0.0013373219944304438              
0.13716762781756708                0.06218472186935348                0.001344554169914312               
0.13731618167726167                0.058953044216319764               0.0013149468752622167              
0.13746473535256093                0.06123995914176285                0.0013443917593988944              
0.13761328884326574                0.06006559728172535                0.00131797615104316                
0.13776184214917697                0.05706015639689239                0.0012948168573776128              
0.13791039527009552                0.058522151792972245               0.001304362783309042               
0.1380589482058223                 0.05768428699081498                0.001303620511505448               
0.1382075009561581                 0.05775819246784456                0.001303295368397917               
0.13835605352090388                0.05936553941254189                0.0013137313066243527              
0.1385046058998605                 0.05697634541150751                0.0013019976490157399              
0.13865315809282888                0.05964508831729983                0.0013179827004260384              
0.13880171009960984                0.060538201219661095               0.001328986171596614               
0.13895026192000431                0.0618796562848945                 0.0013483998926969722              
0.1390988135538132                 0.05695479382511819                0.0012907653792753192              
0.13924736500083743                0.06000841489900263                0.0013398207233184297              
0.13939591626087777                0.05787608670941792                0.0012931791206329344              
0.13954446733373518                0.06100983379954538                0.0013412804563422084              
0.13969301821921062                0.0588045683093989                 0.0013109830539033106              
0.13984156891710492                0.05689338953218614                0.0012923642090942938              
0.13999011942721898                0.060169248631579964               0.001340408159920175               
0.14013866974935374                0.0601173568054677                 0.0013226188835675104              
0.14028721988331003                0.05863411509060059                0.0013190367782965283              
0.14043576982888886                0.058932156214175954               0.0013141541052926412              
0.14058431958589104                0.06095617815239665                0.0013401008551793953              
0.14073286915411753                0.06105157707336788                0.001344148566006209               
0.14088141853336925                0.05893245593957164                0.0013141607890012395              
0.14102996772344703                0.06014549097358545                0.0013395465510860796              
0.14117851672415188                0.05845018837396771                0.0013099366256850192              
0.14132706553528462                0.05836221612877563                0.00130895158860011                
0.14147561415664625                0.059147204020897154               0.001321251097565931               
0.14162416258803764                0.060564006843184616               0.001336983112288446               
0.1417727108292597                 0.05970519049915343                0.0013370557357086032              
0.14192125888011337                0.0581398494401561                 0.001300697066699749               
0.14206980674039957                0.05735325796304217                0.0013028103699895671              
0.1422183544099192                 0.06081111861933072                0.0013421112526839068              
0.14236690188847323                0.05750514964621587                0.001356540297261129               
0.14251544917586248                0.059203086232988957               0.0014024600439262469              
0.142663996271888                  0.05746477540859016                0.001401579888014394               
0.14281254317635064                0.05874026053035093                0.0014395566149171257              
0.14296108988905137                0.05947352816965557                0.0014650252145322618              
0.1431096364097911                 0.05871909205982574                0.001466145763288361               
0.14325818273837077                0.05700759629205377                0.0014526880670427597              
0.1434067288745913                 0.058241570500383616               0.0014919030225987683              
0.14355527481825364                0.06100753228942772                0.0015421488257195194              
0.1437038205691587                 0.0568046899978203                 0.0014969350181074773              
0.14385236612710747                0.05882594006766224                0.001530659631159676               
0.14400091149190083                0.05953601192675499                0.0015645716578265912              
0.14414945666333978                0.05677692934427229                0.0015384498619716706              
0.14429800164122517                0.05703356864514439                0.0015557181277966322              
0.14444654642535806                0.06104216542279692                0.0016063727742841297              
0.14459509101553933                0.05618915000016302                0.0015572092336430517              
0.1447436354115699                 0.05352390837596171                0.0015431743815704846              
0.14489217961325077                0.057522995978207724               0.0016128647182263771              
0.1450407236203829                 0.056670328205422796               0.0016041627786109241              
0.14518926743276714                0.05650780557127694                0.0016040671741479778              
0.14533781105020457                0.05819502061632436                0.0016613592162513572              
0.14548635447249608                0.057697561375259214               0.0016518763768722806              
0.14563489769944266                0.05714852098113872                0.001664363153779978               
0.1457834407308452                 0.05851698270745817                0.001682940547869509               
0.14593198356650475                0.057653616349855226               0.0016891320061177097              
0.1460805262062222                 0.059178075626491                  0.0017375281279922885              
0.1462290686497985                 0.05830809662372921                0.0017194119651742776              
0.1463776108970347                 0.058161795154811846               0.0017332795267834078              
0.14652615294773166                0.0554242596410872                 0.0016919987564860315              
0.14667469480169043                0.05647464828382287                0.0017297165171282175              
0.14682323645871195                0.05693389246251276                0.0017536808973384302              
0.14697177791859717                0.05459733907031258                0.001710347609005174               
0.1471203191811471                 0.05900943372341031                0.0018031286401578694              
0.14726886024616265                0.052194814770607244               0.0017015023332799986              
0.14741740111344484                0.059277532044933454               0.001838118238574155               
0.14756594178279467                0.058549714622177375               0.0018252278855387116              
0.14771448225401304                0.05642180923747495                0.0018153419556012197              
0.147863022526901                  0.05770263292625983                0.001862344469631034               
0.14801156260125947                0.054332028610632147               0.0017893300691798908              
0.1481601024768895                 0.05444275353254352                0.0018290400756751678              
0.14830864215359202                0.05576431854985722                0.0018374967698731317              
0.148457181631168                  0.05520235296930501                0.001855606795647704               
0.1486057209094185                 0.05804562103075917                0.0019284365903636928              
0.14875425998814445                0.05505692865046887                0.0018549150564220527              
0.14890279886714686                0.05380847108906506                0.0018477904835026765              
0.1490513375462267                 0.056081575607836914               0.001875648470311183               
0.149199876025185                  0.05685153641116574                0.0019330102291563905              
0.1493484143038227                 0.0560572302693083                 0.0019137622867762363              
0.14949695238194086                0.061646154137315494               0.0019990135106323055              
0.1496454902593404                 0.05817138258055193                0.0019710621051671298              
0.1497940279358224                 0.05612286854551971                0.0019148875636915454              
0.1499425654111878                 0.05167706249295469                0.0018807208664105312              
0.15009110268523762                0.05667375510832295                0.0019280803030950389              
0.15023963975777288                0.057134381762479446               0.001979588998832488               
0.15038817662859452                0.059115423328157196               0.002034836787726793               
0.15053671329750368                0.055931902768474095               0.001942595278002047               
0.15068524976430123                0.056664159960010854               0.001992205771702082               
0.15083378602878825                0.05648306023230346                0.0019442271132199666              
0.1509823220907657                 0.05493490166666377                0.0019720480422222215              
0.15113085795003464                0.05472503405247773                0.0019619875264746765              
0.15127939360639608                0.05540188621186169                0.0019636677928799614              
0.15142792905965102                0.05734215672229175                0.0020147980132086364              
0.15157646430960048                0.05135909476220073                0.0018691488358572135              
0.15172499935604547                0.0567572054181609                 0.0020218917258008826              
0.15187353419878702                0.05588276155508627                0.0019932720931757834              
0.15202206883762617                0.05598612854827077                0.0019781725856976855              
0.1521706032723639                 0.056654394437461314               0.002031158447515717               
0.15231913750280127                0.05412451704773167                0.0019429569297831904              
0.15246767152873936                0.05945053463641701                0.002087590623137086               
0.15261620534997902                0.05447345768571367                0.0019492135688003607              
0.1527647389663215                 0.05435046336967994                0.0019872497550389332              
0.15291327237756766                0.053061524606600005               0.0019899626446524717              
0.15306180558351865                0.05578116332995624                0.002015455355594833               
0.15321033858397537                0.056762195112145065               0.0020699042768587183              
0.153358871378739                  0.05512550280224781                0.0019840102592499635              
0.15350740396761053                0.05707063737589656                0.0020923110809012617              
0.15365593635039093                0.05298840694141955                0.0019999185418559146              
0.15380446852688134                0.05217822679389899                0.0019778105824935573              
0.15395300049688274                0.05504899846523923                0.0020941625959628417              
0.1541015322601962                 0.05592129814206875                0.002040597150888901               
0.15425006381662276                0.05595619933556467                0.002116457835241908               
0.1543985951659634                 0.05655452681839801                0.0020974912976402587              
0.1545471263080193                 0.054149811573122535               0.002045210156445908               
0.15469565724259146                0.05319681640444661                0.002099510874489654               
0.15484418796948088                0.05505110565718841                0.002064577763583429               
0.15499271848848864                0.054031774621413585               0.002137463969345259               
0.15514124879941582                0.04978803745340645                0.0019726738675052585              
0.15528977890206347                0.05761267615871216                0.0021713594316670713              
0.15543830879623263                0.052816356089947336               0.0020893827553394913              
0.15558683848172433                0.05278310311766138                0.002091342689767376               
0.1557353679583397                 0.05553050058838269                0.002178085431536454               
0.1558838972258798                 0.049839833576457895               0.002024604843052079               
0.15603242628414563                0.05289940793666169                0.002117671132569952               
0.15618095513293828                0.05389826118081122                0.0021542077698121598              
0.15632948377205885                0.049336421107746074               0.0020556842128227532              
0.15647801220130841                0.05654007889829942                0.0022297230514570525              
0.15662654042048801                0.0548162160384231                 0.002175315178818587               
0.1567750684293987                 0.053538109122918745               0.0021784347654331096              
0.15692359622784158                0.05108021744246431                0.0021451674963153065              
0.15707212381561775                0.05400796222090268                0.00216204882030201                
0.1572206511925283                 0.0529002067717997                 0.0021890261316312148              
0.15736917835837416                0.05092943906719711                0.002165740047291004               
0.15751770531295659                0.055752880378182615               0.0022723177647561705              
0.15766623205607658                0.05117079101966741                0.0021470786956500256              
0.15781475858753524                0.05615148384511925                0.0022772433769890745              
0.15796328490713368                0.056207003445123374               0.002304262486608994               
0.15811181101467295                0.05145251681396017                0.002214163786010276               
0.15826033690995414                0.052604547084106106               0.002207237763731115               
0.1584088625927784                 0.05230162155661506                0.002248622341616111               
0.15855738806294672                0.05640192164327456                0.0023419623237693884              
0.15870591332026027                0.04945113468392357                0.00217696481756455                
0.15885443836452012                0.056694164618876705               0.002372576946957345               
0.15900296319552734                0.0509274829529921                 0.0022419574261422328              
0.1591514878130831                 0.05004197631566838                0.0022290467896462765              
0.15930001221698845                0.057936979888629336               0.0024203520573158974              
0.15944853640704448                0.05821193156588162                0.0024150378624695702              
0.15959706038305235                0.04903245558543758                0.0022403500792358704              
0.15974558414481307                0.05370284643473714                0.0023482615168291146              
0.1598941076921279                 0.052756918895676644               0.0023384093175227087              
0.16004263102479782                0.05174751837861096                0.0023305910150433888              
0.16019115414262397                0.057024753897172716               0.0024426720806605914              
0.16033967704540744                0.050129226438116535               0.002312288791175459               
0.1604881997329494                 0.052234692393917634               0.002371855200412997               
0.16063672220505093                0.052601954622235554               0.0023763140854726615              
0.16078524446151318                0.052424079618664764               0.002387851394428835               
0.16093376650213723                0.054304139383251224               0.0024383278388082296              
0.1610822883267242                 0.05207061476105638                0.002419926690424488               
0.16123080993507524                0.05507037609151745                0.002467762560283729               
0.16137933132699142                0.051534868135740194               0.002423996295234385               
0.16152785250227394                0.052295846803121625               0.0024251618249322548              
0.1616763734607239                 0.0516633363686484                 0.002435433032332858               
0.1618248942021424                 0.05557666762984951                0.002552720888436296               
0.16197341472633062                0.04924772174016203                0.0023945061709731374              
0.16212193503308964                0.05356723090907917                0.002519590598884682               
0.1622704551222206                 0.05207704967481713                0.0024798595083246255              
0.1624189749935247                 0.05402989499524817                0.0025441683908266504              
0.16256749464680298                0.04702566810176785                0.002399768576308467               
0.16271601408185665                0.05239341799852105                0.002523702142646307               
0.16286453329848682                0.04755423289643761                0.0024267417855363812              
0.16301305229649465                0.05165644769833087                0.0025387758988850125              
0.16316157107568127                0.053824150419139856               0.0025866235976450477              
0.16331008963584778                0.0539417371312293                 0.0026447112522041414              
0.16345860797679546                0.043711341311568945               0.0023398144559802097              
0.16360712609832537                0.05142056782248973                0.002587249551353796               
0.1637556440002386                 0.053064702900198886               0.0026598932110494353              
0.1639041616823364                 0.04780401005582067                0.0024751978161351084              
0.16405267914441987                0.05000826426248056                0.0026139738473665137              
0.16420119638629022                0.05316954757525959                0.0026518560051470197              
0.16434971340774857                0.05260452988621116                0.0026809750913404156              
0.16449823020859602                0.046403223473058856               0.002539071420561953               
0.16464674678863386                0.05369782392697995                0.0027086969039161316              
0.16479526314766318                0.05192050024043947                0.002702873280562569               
0.16494377928548515                0.04952859728095389                0.0026398831050969775              
0.16509229520190094                0.050317875835007714               0.0026896035972118664              
0.16524081089671167                0.04967198057762016                0.0026898885577453517              
0.16538932636971862                0.045393462508304734               0.0025657902011285427              
0.16553784162072283                0.051647696027153245               0.002748929487703543               
0.16568635664952555                0.05242944280028995                0.00279449869078683                
0.16583487145592796                0.05506004375403691                0.0028899028257259804              
0.1659833860397312                 0.04936894670298643                0.002755505900575591               
0.1661319004007365                 0.04998069237227546                0.0027597220664739106              
0.16628041453874493                0.05630673810165473                0.0029635125316660386              
0.1664289284535578                 0.05312600289367827                0.0028854084047360215              
0.16657744214497625                0.05281039887296002                0.0029115315375219998              
0.1667259556128014                 0.04960013989188877                0.0028494535851013                 
0.16687446885683452                0.05335420297691256                0.0029194120969676268              
0.16702298187687672                0.049099325855474794               0.0028635308347751045              
0.16717149467272932                0.04497106493297127                0.002726771335516926               
0.16732000724419338                0.05121149691737637                0.0029468905020132307              
0.16746851959107012                0.05436160815767302                0.0030678030280239326              
0.16761703171316078                0.049094609442469093               0.002877976974365487               
0.16776554361026652                0.05244533226964665                0.003053485297815996               
0.16791405528218858                0.05440103096347519                0.00310989994684327                
0.1680625667287281                 0.047289880820181755               0.0028995286290408994              
0.16821107794968634                0.04803089995111561                0.0029787499637587253              
0.1683595889448644                 0.04950989483243114                0.0030075119274567807              
0.16850809971406366                0.04718629555848912                0.002960731507113891               
0.16865661025708517                0.04561052225301084                0.002944146551628896               
0.16880512057373023                0.04090454865060616                0.0027961773808850045              
0.16895363066379998                0.05038897244850421                0.003149310778031513               
0.16910214052709568                0.04979400061789637                0.0030940486512205877              
0.16925065016341856                0.05141654862975038                0.003219829171571055               
0.1693991595725698                 0.05654213839928406                0.0033972878409457034              
0.16954766875435065                0.04758570595568208                0.0030975656183119776              
0.16969617770856224                0.05002073437042158                0.0032355723316941287              
0.1698446864350059                 0.046126935258868726               0.0031169694305430763              
0.1699931949334828                 0.04522881298888582                0.003106327629441574               
0.17014170320379415                0.04739790194613757                0.003232510083004236               
0.17029021124574129                0.04754929237347398                0.003205772637842064               
0.17043871905912528                0.04589089550007949                0.003213005350348596               
0.17058722664374745                0.05327703962576023                0.0034978090132923314              
0.17073573399940897                0.04971848743332942                0.0033907726996564537              
0.17088424112591122                0.052300053085287644               0.003502270597707876               
0.17103274802305524                0.04960306733676717                0.0034229368406842693              
0.17118125469064235                0.04425380818728368                0.0032803105078475473              
0.1713297611284738                 0.04311197960191495                0.0032496877342956237              
0.17147826733635088                0.049857750721886814               0.003561267908706201               
0.17162677331407472                0.049094723378978154               0.0035339155166838644              
0.17177527906144666                0.05024445274620936                0.0035888894818720974              
0.1719237845782679                 0.05502701828545142                0.003815437230078647               
0.17207228986433967                0.05307071638276054                0.0037620833380066928              
0.17222079491946324                0.04876314419829493                0.0036967244215483338              
0.1723692997434399                 0.04905283559852092                0.003676665471619571               
0.17251780433607086                0.05285450486124112                0.0038651041895919006              
0.17266630869715735                0.055020747583403015               0.003960480072850167               
0.17281481282650069                0.051966410111270546               0.003917115546382168               
0.17296331672390208                0.05501298377251576                0.0041233974643715655              
0.17311182038916287                0.04868590535479183                0.0038610434443741137              
0.1732603238220842                 0.05511623429654631                0.004108121551696095               
0.17340882702246738                0.0459124541789564                 0.0038393922966968954              
0.17355732999011372                0.0507508040807241                 0.004076402679498141               
0.17370583272482443                0.050954715768275434               0.004146635961218736               
0.17385433522640084                0.049775489859315646               0.004119448851563708               
0.17400283749464415                0.055000775521608314               0.004375626760152968               
0.1741513395293557                 0.05084980963977018                0.004252274702163936               
0.1742998413303367                 0.04188895211076497                0.003923259820896753               
0.17444834289738848                0.053216566410646794               0.00449762075240008                
0.17459684423031224                0.05075916394815548                0.004418018139182936               
0.17474534532890937                0.04960565099893963                0.0043675340380888985              
0.17489384619298107                0.04899333876649848                0.004472459468317258               
0.17504234682232866                0.05316408634345124                0.004717549808402179               
0.1751908472167534                 0.050250198080782314               0.004645632455961097               
0.1753393473760566                 0.04453522687670944                0.004431420701676535               
0.17548784730003958                0.04871236945450343                0.004665798787892731               
0.17563634698850353                0.04471551940980742                0.004563758589064391               
0.17578484644124984                0.056901440907372716               0.005260540072802988               
0.17593334565807975                0.048372497228967866               0.004886360116218666               
0.17608184463879456                0.05425721297341077                0.005294961809873567               
0.17623034338319563                0.04702301772802774                0.004929351646119743               
0.17637884189108416                0.04740205850471001                0.005111495424114513               
0.1765273401622615                 0.0458356252685716                 0.005156910742104904               
0.176675838196529                  0.061501096431013286               0.0059735145482914                 
0.17682433599368788                0.04804714972502458                0.005475480879906337               
0.17697283355353952                0.05054321329684757                0.0056159125885386196              
0.17712133087588516                0.049944798556164655               0.005805964899689856               
0.17726982796052618                0.040811794301901606               0.005358851128387451               
0.17741832480726386                0.04673174589183066                0.005796359698583549               
0.17756682141589947                0.04645795956730023                0.006048311162457964               
0.1777153177862344                 0.052299651773893535               0.006342264366081914               
0.17786381391806994                0.03985589090595204                0.005813579188137709               
0.1780123098112074                 0.05695729955684334                0.007233584277306997               
0.17816080546544807                0.05008053491627666                0.006879090518951774               
0.17830930088059335                0.04108960660704267                0.006417118438344776               
0.17845779605644455                0.06187700715899463                0.0081248490860831                 
0.17860629099280295                0.04960839694694594                0.0076547418351629705              
0.17875478568946987                0.042871546459688985               0.007246613979439483               
0.1789032801462467                 0.04271852584865275                0.007672473737185866               
0.17905177436293476                0.0345104122812585                 0.007044408408513442               
0.17920026833933536                0.05953058968148396                0.009921764946913993               
0.17934876207524983                0.055701256874368464               0.009846684114119934               
0.17949725557047952                0.053743125758619524               0.010539894114025845               
0.17964574882482584                0.05342523470175747                0.011658342001980243               
0.17979424183809004                0.05342535040193197                0.011658367249828223               
0.17994273461007346                0.02645832611703027                0.00935443090809862                
0.18009122714057746                0.07028008120108234                0.01704542342170874                
0.18023971942940345                0.07276071261903673                0.02193818029420202                
0.18038821147635273                0.04134140381433472                0.018488437842824307               
0.18053670328122662                0.06614638994346879                0.033073194971734395               
0.18068519484382653                nan                                nan                                
