#####################################################################################################
# NeXus source file: noemi5saxs
# NXdata: name = img{0}_azimuthalIntegration_Px_33                 
#
#
# Exposure_msec                                     1000.0 + 0.0
# _diffrn_source.source                             Storage Ring SOLEIL, beamline SWING
# _diffrn_sofware                                   Foxtrot 3.5.10-3979
# _diffrn_detector.detector                         EIGER-4M
# _diffrn_comment.comment                           -
# _sas_detc.pixnum_ax                               [1035]
# _sas_detc.pixnum_eq                               [1083]
# _sas_detc.pixsize                                 150.0
# _sas_detc.center_ax                               285.110346632731
# _sas_detc.center_eq                               957.0166664324403
# _sas_detc.dist_spec/detc                          6137.21860334
# _sas_detc.energy                                  12.000513668149837
# _sas_detc.gain                                    1.0
# _sas_detc.detector_based_uncertainty              0.0
# _sas_detc.encoder_delta                           0.0
# _sas_detc.delta0                                  0.0
# _sas_detc.gamma_offset                            0.0
# _sas_detc.wave_length                             1.0331573224991384
# _sas_detc.bias                                    0
# _sas_detc.mask                                    E:\20251487\published-data\3120\2026-09-03_session3\\mask_bags_saxs_12kev_sept26.txt
# Normalization                                     true
# Normalization Factor                              0.02571
# Normalization Monitor                             averagemi8b
# Normalization Intensity                           1.328263000081247e-06
# GlobalNormalization                               30.861805908765017
# AbsTimeStamps                                     nan
# TimeStamps                                        1.3563969135284424
# gapTime                                           500.0
# step_global_regrid                                nan
# xmax_global_regrid                                nan
# xmin_global_regrid                                nan
# ymax_global_regrid                                nan
# ymin_global_regrid                                nan
#####################################################################################################
q(A-1)                             I(q)13_00202{00000}_AzInt_Px_33    Sig(q)13_00202{00000}_AzInt_Px_33  
0.0                                nan                                nan                                
0.00014863910320409943             nan                                nan                                
0.0002972782062084175              nan                                nan                                
0.0004459173088131729              nan                                nan                                
0.0005945564108185842              nan                                nan                                
0.0007431955120248703              nan                                nan                                
0.0008918346122322496              nan                                nan                                
0.001040473711240941               nan                                nan                                
0.001189112808851163               9045.83376730761                   8.56019484830949                   
0.0013377519048631344              8826.475641426068                  3.452052488887997                  
0.001486390999077074               8642.956839518034                  2.5520330592923304                 
0.0016350300912932002              8443.757244453924                  2.1719170190012873                 
0.0017836691813117322              8248.439598438727                  2.2044178281298623                 
0.0019323082689328885              8061.80094660452                   2.0362688879297814                 
0.0020809473539568878              7880.315661398804                  1.8575705521420511                 
0.0022295864361839487              7689.966065392803                  1.7873281122465317                 
0.0023782255154142914              7496.808636419753                  1.6249263485223084                 
0.002526864591448133               7311.83945393355                   1.6597913093830416                 
0.0026755036640856928              7127.8366103372755                 1.490224137660936                  
0.00282414273312719                6938.566978084948                  1.4632874415224217                 
0.002972781798372844               6735.019936452768                  1.3958856463074165                 
0.0031214208596228726              6556.982179434354                  1.3251002456899887                 
0.003270059916677496               6383.526433864281                  1.32961781692175                   
0.0034186989693369323              6196.228083675812                  1.2018374503030913                 
0.0035673380174014                 5996.5101295187615                 1.18658590954337                   
0.0037159770606711206              5822.970465841275                  1.1567837817902038                 
0.0038646160989463108              5650.712732390496                  1.108531259319534                  
0.004013255132027191               5472.6970976363245                 1.083681616619285                  
0.00416189415971398                5290.598590498145                  0.9954485976330313                 
0.004310533181806896               5115.155634662856                  0.9932630529566464                 
0.004459172198106161               4945.379327632345                  0.9624235917955846                 
0.0046078112084119915              4777.597692983516                  0.92481532951945                   
0.004756450212524608               4614.322243462822                  0.9063747485235609                 
0.0049050892102442305              4446.603453207832                  0.8424724845756643                 
0.005053728201371077               4291.339818225512                  0.8510114354307404                 
0.00520236718570537                4133.127744237775                  0.794805848699918                  
0.005351006163047325               3981.2258309530303                 0.783769471956851                  
0.005499645133197165               3832.2007549999244                 0.7547193377242244                 
0.005648284095955107               3688.7705573654316                 0.7240407524769291                 
0.005796923051121373               3552.237950762012                  0.7249675965627609                 
0.005945561998496182               3413.265524079093                  0.6678037295279009                 
0.006094200937879753               3276.032356513018                  0.6582346017557884                 
0.006242839869072308               3146.3074022819806                 0.6424536114871955                 
0.006391478791874063               3024.366907027718                  0.6236007950523991                 
0.006540117706085243               2904.0857002050484                 0.6027601621074155                 
0.006688756611506066               2783.6340488435617                 0.5675665349875995                 
0.006837395507936751               2672.14635023966                   0.5716061950993806                 
0.006986034395177519               2560.2773665656528                 0.5404731211450119                 
0.007134673273028592               2451.9193705435623                 0.527059755517806                  
0.007283312141290187               2347.9556793648                    0.5113146689631537                 
0.007431950999762529               2251.8657143343135                 0.4883153200018246                 
0.007580589848245835               2154.4205228496903                 0.4872831700170406                 
0.007729228686540326               2061.118108441737                  0.45613015178502103                
0.007877867514446222               1972.0030075007974                 0.4496764294695988                 
0.008026506331763748               1884.7277788098627                 0.4328181011145374                 
0.00817514513829312                1801.2611381692097                 0.4180276676508075                 
0.008323783933834563               1722.7747943305867                 0.41636696137477736                
0.008472422718188292               1645.6540827763524                 0.3881124810284454                 
0.008621061491154536               1570.2346420867002                 0.38019021238330974                
0.00876970025253351                1497.2890162366168                 0.3691627137476882                 
0.00891833900212544                1429.2866942655553                 0.35967329594688935                
0.009066977739730543               1362.5061309575203                 0.3473111660369752                 
0.009215616465149042               1299.614168760657                  0.3311552821205745                 
0.00936425517818116                1237.5508627658426                 0.3296540760497941                 
0.009512893878627117               1178.8556526344698                 0.31255904092241066                
0.009661532566287137               1123.06571273737                   0.30429615395099285                
0.009810171240961438               1067.8317759807335                 0.29559290584728154                
0.009958809902450245               1015.2801723477032                 0.280540145016007                  
0.010107448550553781               966.4265484710754                  0.2837264715402439                 
0.010256087185072265               917.2396382736371                  0.26229486737425706                
0.01040472580580592                871.2787373680177                  0.25988469412601634                
0.010553364412554972               827.3336506396678                  0.24711459562284097                
0.010702003005119639               783.3898958091514                  0.2407366808727011                 
0.010850641583300147               744.2931552088794                  0.23710119099617874                
0.010999280146896714               705.3514778956425                  0.22387766397049336                
0.011147918695709568               668.3791354861297                  0.21889339209170888                
0.011296557229538928               633.2745492441977                  0.2096177393587869                 
0.011445195748185017               599.3416491326346                  0.20414312410721494                
0.011593834251448063               567.0639936311774                  0.19814523163628048                
0.011742472739128288               536.3451967996089                  0.1881360399137977                 
0.01189111121102591                507.56978567363046                 0.18627273338516506                
0.012039749666941157               479.5639070929585                  0.1771785953051728                 
0.012188388106674252               452.5772575051165                  0.17040852393324285                
0.012337026530025419               427.5564805215921                  0.1661252168150021                 
0.012485664936794882               403.34234852508234                 0.15914857913745853                
0.012634303326782862               380.55416910212307                 0.1562619684951776                 
0.012782941699789586               359.259372545386                   0.14792412486624926                
0.012931580055615283               338.84103190523587                 0.1446136044939593                 
0.013080218394060168               319.21581794498485                 0.13776369722485954                
0.01322885671492447                300.8792031924651                  0.1346157331172249                 
0.013377495018008414               283.43726214250216                 0.13005272774256169                
0.013526133303112226               267.14075727963416                 0.12421658610921964                
0.013674771570036126               251.4060447726658                  0.12061041820669569                
0.013823409818580348               236.72315577441304                 0.11570019075293744                
0.013972048048545106               222.77226016921716                 0.11343319802803092                
0.014120686259730635               209.71483775093014                 0.10768540842900184                
0.014269324451937156               197.34569673729658                 0.10358141174613009                
0.014417962624964894               185.93608261152184                 0.10174463286069883                
0.014566600778614077               175.14231660783992                 0.09725481690771877                
0.014715238912684931               164.8848863581539                  0.09468006206735648                
0.01486387702697768                155.24113766831462                 0.09029258865844911                
0.015012515121292555               146.33678845289754                 0.0871717534809589                 
0.015161153195429777               138.04307766896056                 0.0854915049218319                 
0.015309791249189571               130.10347268289806                 0.08135160481296104                
0.015458429282372172               122.67206599302204                 0.07974882037307078                
0.015607067294777802               115.77921706845947                 0.07562316713565426                
0.015755705286206685               109.41975892505195                 0.0741411875272943                 
0.015904343256459057               103.49925995980007                 0.07216344345132096                
0.01605298120533514                98.08728285440651                  0.06877226330125402                
0.016201619132635157               92.7839303376933                   0.06754377340129102                
0.01635025703815934                87.9494449401083                   0.06445345168143783                
0.016498894921707925               83.5570091473505                   0.06380759122576599                
0.016647532783081127               79.40567429493002                  0.06119827395231638                
0.016796170622079182               75.48454354773428                  0.05902721285980121                
0.016944808438502313               71.96094449814035                  0.05813206398923322                
0.01709344623215075                68.69459400122967                  0.05603121866618203                
0.017242084002824728               65.71611474583743                  0.05535227658535802                
0.01739072175032447                62.82977033694202                  0.0527374578497678                 
0.017539359474450206               60.20160515963534                  0.052014981047027856               
0.017687997175002166               57.844899667585274                 0.050880965119470094               
0.017836634851780577               55.599631868993455                 0.049241773390279256               
0.017985272504585672               53.49475123168432                  0.0488293071045065                 
0.01813391013321768                51.57992920490642                  0.04677199771370644                
0.018282547737476833               49.81543658355826                  0.046485118819872745               
0.018431185317163357               48.21551489807325                  0.045399505829716545               
0.018579822872077482               46.94081473019023                  0.0443873312069336                 
0.01872846040201944                45.75286857015324                  0.04410868390359975                
0.018877097906789472               44.19299782883842                  0.04349319000672047                
0.019025735386187796               43.098840386564795                 0.04394972520868824                
0.019174372840014643               41.931913148284                    0.04273448170544963                
0.01932301026807025                41.304631469068084                 0.042528115271823826               
0.019471647670154846               39.98110317904393                  0.04348853442905869                
0.019620285046068664               38.97293967953222                  0.04278088452850694                
0.019768922395611937               38.09014559228171                  0.043113675698799765               
0.019917559718584898               37.28789631951694                  0.04212144011833781                
0.020066197014787773               36.45341996936522                  0.042498455169107885               
0.0202148342840208                 35.78763307321317                  0.042767591185617806               
0.020363471526084212               35.02077030908836                  0.04149665824423262                
0.02051210874077824                34.39102562930596                  0.042361350916413854               
0.020660745927903117               33.72375589866328                  0.040782925433835236               
0.020809383087259083               33.17394331289182                  0.042012937556962594               
0.02095802021864636                32.5690232222722                   0.04125719736410758                
0.02110665732186519                32.04299296121734                  0.0406935916117553                 
0.021255294396715804               31.452648833725327                 0.040841465650701084               
0.021403931442998434               30.89545792934195                  0.04008636364253806                
0.021552568460513323               30.48886149355669                  0.0409549480484828                 
0.021701205449060703               29.925512051817332                 0.03987028658383775                
0.021849842408440803               29.44347395161932                  0.03961286665217451                
0.02199847933845386                28.99938844184061                  0.03990818786265039                
0.02214711623890011                28.428100996486673                 0.038988027583786                  
0.02229575310957979                29.024316242512977                 0.039137269531090216               
0.022444389950293145               28.248797384728316                 0.03749758136607996                
0.022593026760840393               27.579585647691157                 0.037251585548362304               
0.02274166354102178                27.020789095571                    0.036872277795447654               
0.02289030029063754                26.50481789187267                  0.035512627259748145               
0.02303893700948792                26.058552325437244                 0.03574114155290475                
0.02318757369737314                25.548668969211448                 0.03463806808658686                
0.023336210354093452               25.096323426803885                 0.03507506219485321                
0.02348484697944908                24.675790781600732                 0.034016584513599575               
0.02363348357324028                24.183984395657017                 0.03382305971815691                
0.023782120135267273               23.69113071779478                  0.03347664462232302                
0.023930756665330306               23.287588355192888                 0.03266983391405614                
0.02407939316322961                22.81251990234028                  0.03287403536559995                
0.024228029628765434               22.415174708715515                 0.031894548598652955               
0.024376666061738005               21.88755152012425                  0.03169500360877121                
0.024525302461947576               21.528109901932677                 0.03145596564610344                
0.024673938829194372               21.007685992125527                 0.030599659722734363               
0.024822575163278647               20.56535380594712                  0.030876229724098272               
0.02497121146400064                20.211751478182812                 0.029669507056393762               
0.02511984773116057                19.680207440136606                 0.029990700353837885               
0.025268483964558705               19.267058712826824                 0.029365228368776693               
0.025417120163995274               18.843053918708748                 0.02862810033965405                
0.02556575632927051                18.405114031711364                 0.028661309858220248               
0.02571439246018467                18.00007747390812                  0.027666540492108226               
0.025863028556537982               17.62178135875484                  0.028141840348940197               
0.0260116646181307                 17.186823926557217                 0.027267931604679822               
0.026160300644763053               16.712901294185826                 0.02687142214575192                
0.0263089366362353                 16.351274411551795                 0.02654375200640712                
0.026457572592347666               15.980256164406052                 0.02618869691812939                
0.026606208512900405               15.517951556874737                 0.025944927500040033               
0.026754844397693756               15.168996408942428                 0.025183912939276215               
0.02690348024652797                14.741131263295545                 0.024922863756064364               
0.02705211605920328                14.35996747413425                  0.02480913415467541                
0.027200751835519926               13.974719645399965                 0.024110081108272858               
0.027349387575278168               13.608248591425129                 0.023914970401853298               
0.027498023278278244               13.258614416221235                 0.023499318269501468               
0.0276466589443204                 12.886708359139076                 0.02309330984637273                
0.027795294573204874               12.551970546093123                 0.022923536123491232               
0.027943930164731925               12.182625250672661                 0.02232564737203789                
0.02809256571870178                11.824308314199579                 0.021994878350557565               
0.028241201234914706               11.54211505404807                  0.02170345146920066                
0.02838983671317093                11.205861945057995                 0.021344692546499115               
0.028538472153270714               10.90191923984131                  0.02102686834492737                
0.0286871075550143                 10.553845984347118                 0.0206368868600837                 
0.02883574291820193                10.238148864367082                 0.020163331750603686               
0.028984378242633856               9.96616991042095                   0.020154745101865698               
0.029133013528110326               9.66986414662847                   0.01951223759301492                
0.02928164877443159                9.411995028621018                  0.01941616558394538                
0.029430283981397888               9.137031904406475                  0.01908333428988063                
0.029578919148809477               8.873968302378668                  0.018669341490870284               
0.029727554276466603               8.62282316075881                   0.018481839864733705               
0.029876189364169515               8.38936814082937                   0.01805422264896027                
0.03002482441171847                8.1221243822905                    0.017774999155898905               
0.0301734594189137                 7.891143113157567                  0.01756264993495696                
0.030322094385555477               7.685803432983705                  0.01731177321167906                
0.03047072931144404                7.475659336739826                  0.016911438677095256               
0.03061936419637964                7.275640877337066                  0.016733129434481683               
0.030767999040162516               7.04431769731365                   0.01636806492993981                
0.030916633842592953               6.88024443864605                   0.016349958655311744               
0.031065268603471176               6.687081151836407                  0.01584567449187473                
0.031213903322597436               6.538143946496602                  0.015815518940304866               
0.031362537999772004               6.347691075436666                  0.015438335982199179               
0.031511172634795116               6.194122674380286                  0.015250447245120185               
0.03165980722746703                6.050241391469095                  0.015133787395296595               
0.03180844177758801                5.92197695402242                   0.014775329057265285               
0.03195707628495829                5.782574074473187                  0.014701084703950618               
0.03210571074937814                5.662035423129595                  0.01452195460505503                
0.032254345170647805               5.518882355254175                  0.0142717360367161                 
0.03240297954856755                5.398399201847083                  0.014147358569900284               
0.03255161388293761                5.285268096117982                  0.013817706174405659               
0.03270024817355827                5.16874011796212                   0.01385109078700806                
0.03284888242022977                5.108692142812574                  0.013630596109773893               
0.03299751662275236                4.9924254817676985                 0.013474599478750933               
0.033146150780926295               4.940860874329683                  0.013374846391780963               
0.03329478489455186                4.848958363936877                  0.013176468644454532               
0.033443418963429276               4.757205968627657                  0.01322778738381758                
0.033592052987358824               4.692133714096372                  0.012890623173343293               
0.03374068696614075                4.614438004352977                  0.012853886962953606               
0.03388932089957531                4.5933764480415675                 0.01277520998240224                
0.03403795478746278                4.583457739820304                  0.012789490013451242               
0.03418658862960341                4.592958936123304                  0.012852378613337285               
0.034335222425797444               4.4550605943075094                 0.012815397600819307               
0.034483856175845165               4.409714212613239                  0.012912627297531582               
0.03463248987954682                4.351709529411068                  0.012849934366977239               
0.034781123536702666               4.31520413925358                   0.012925219583490032               
0.03492975714711298                4.293429408939934                  0.01286952736602729                
0.03507839071057801                4.301210088259057                  0.012528209696760438               
0.03522702422689801                4.262887184732109                  0.012571771082442059               
0.03537565769587327                4.1758780458071145                 0.01227541231830409                
0.03552429111730402                4.157893992002061                  0.012283197166543804               
0.035672924490990535               4.085600696398779                  0.012068312775035396               
0.03582155781673309                4.047524257799324                  0.01195292026859923                
0.03597019109433192                4.028995842122963                  0.012064321860502101               
0.03611882432358732                3.962039698287779                  0.011711763889227697               
0.03626745750429954                3.9471113915141514                 0.011797306203632276               
0.03641609063626884                3.8961715033221243                 0.011595440398749433               
0.03656472371929549                3.8604887111275903                 0.011585486995110661               
0.03671335675317976                3.8435233673996563                 0.011560004667828076               
0.0368619897377219                 3.815384205992004                  0.01140797695475864                
0.03701062267272219                3.7728414641441446                 0.011368158124511142               
0.03715925555798089                3.743264187340048                  0.011317532308705615               
0.03730788839329828                3.706647180544144                  0.011244247913355659               
0.037456521178474596               3.670105716489682                  0.01113606280704607                
0.03760515391331015                3.6238331832032387                 0.010980102814344066               
0.037753786597605164               3.6091102223826526                 0.011054675251239819               
0.03790241923115994                3.5701571394175264                 0.010915309012433967               
0.038051051813774724               3.530005595829564                  0.010870564613989173               
0.03819968434524979                3.4813886640499954                 0.010740116972879564               
0.03834831682538542                3.4412596890420675                 0.010645436112679837               
0.03849694925398188                3.3979582419303824                 0.010654315072785418               
0.03864558163083943                3.3658628456220985                 0.010512163725112303               
0.03879421395575834                3.3311355189983836                 0.010452502132331436               
0.038942846228538906               3.251701950345991                  0.010224163547982612               
0.03909147844898136                3.217079780566466                  0.010298096260685943               
0.03924011061688601                3.1599252739387444                 0.01008886495571059                
0.0393887427320531                 3.115861232056835                  0.009954167805013073               
0.039537374794282924               3.0921347379745137                 0.00992594415839669                
0.039686006803375744               3.0423460963797506                 0.009788132154834815               
0.039834638759131825               2.972628310729465                  0.009727466028355768               
0.03998327066135146                2.9498196220903323                 0.00960089595708298                
0.04013190250983492                2.8851239168128187                 0.009440565454720237               
0.04028053430438246                2.826335477383498                  0.009402332360373399               
0.04042916604479439                2.7954893200975754                 0.009297196383734383               
0.04057779773087095                2.7330867346373227                 0.009254868897774434               
0.040726429362412435               2.6699703613613077                 0.009004818220616592               
0.04087506093921912                2.6262117651773527                 0.009037224235765322               
0.04102369246109126                2.587951944494967                  0.00894970904678694                
0.04117232392782917                2.5272955114498847                 0.008773269297980545               
0.041320955339233106               2.503622211774357                  0.008790106110103363               
0.041469586695103346               2.446773392084588                  0.008632379768086134               
0.04161821799524017                2.393065859319241                  0.008577517375229122               
0.041766849239443855               2.3447255719890534                 0.008486419104673099               
0.04191548042751469                2.306499710732999                  0.008338295370453181               
0.042064111559252944               2.2591536249957134                 0.008275399040351928               
0.0422127426344589                 2.214713421081223                  0.008170705587381354               
0.042361373652932834               2.239492971076821                  0.008216289927999061               
0.04251000461447503                2.1531664964516097                 0.008222506117822857               
0.04265863551888578                2.1136358899296743                 0.008182436227325908               
0.042807266365965366               2.049757833079398                  0.008174544374698937               
0.04295589715551405                2.0063293879895006                 0.008095633968906325               
0.04310452788733213                1.9586846926095909                 0.008039558805043647               
0.04325315856121989                1.9142218974950143                 0.007923617019898315               
0.0434017891769776                 1.8884030971637027                 0.00795499730590024                
0.043550419734405564               1.834644883422397                  0.007832856211592942               
0.04369905023330405                1.7926896479018517                 0.0077228789347485016              
0.043847680673473347               1.778958681287134                  0.007761277760199067               
0.04399631105471376                1.73312315656991                   0.007581825945107896               
0.04414494137682554                1.6898092530729918                 0.007568266052571611               
0.044293571639608995               1.6589521266121736                 0.007471544610857216               
0.04444220184286442                1.6342438668457175                 0.007404173646728415               
0.044590831986392084               1.6005166928937689                 0.007342592246939754               
0.04473946206999227                1.581794892006047                  0.007295732483881489               
0.044888092093465295               1.5571731411008627                 0.007330654200702801               
0.04503672205661142                1.529484281200053                  0.007144471191831543               
0.04518535195923094                1.4941552360510895                 0.007176971922101015               
0.04533398180112416                1.4972843429238403                 0.007142813570488712               
0.04548261158209136                1.454669037887195                  0.007062748541346413               
0.04563124130193283                1.443188335600871                  0.00710662962158779                
0.04577987096044885                1.4196834982519675                 0.006944314311804325               
0.045928500557439744               1.4133527507656074                 0.0070289964981556435              
0.04607713009270576                1.378061560311018                  0.00692948350435511                
0.04622575956604723                1.3712931811667457                 0.006897629630726792               
0.04637438897726441                1.3416158031237992                 0.0068372408796846225              
0.04652301832615762                1.3305075917103018                 0.006758200547152784               
0.04667164761252716                1.3203330383834047                 0.006838167178213725               
0.0468202768361733                 1.3069142666126696                 0.006705122802599897               
0.04696890599689635                1.297219346336008                  0.006698008186887355               
0.04711753509449661                1.2912610148919443                 0.006689753236269698               
0.04726616412877436                1.2900889468607966                 0.006609412629403165               
0.0474147930995299                 1.2718712871468143                 0.006632250447976945               
0.04756342200656354                1.258750517849252                  0.006518436971136691               
0.04771205084967556                1.2610204352546166                 0.006555113027211465               
0.04786067962866626                1.2475100189364732                 0.006530213166016272               
0.048009308343335964               1.2400697589498142                 0.006426526008100224               
0.04815793699348494                1.2179089167851591                 0.006452276850040981               
0.048306565578913496               1.2256347251223858                 0.006379189494535367               
0.04845519409942194                1.211525864359418                  0.006428572594146848               
0.04860382255481056                1.2044486306299842                 0.006419915158140278               
0.04875245094487968                1.210207969252185                  0.006332436469354886               
0.04890107926942957                1.1906026942229482                 0.006352795519942575               
0.04904970752826055                1.199009889720469                  0.006319249214232608               
0.04919833572117292                1.1850010037590486                 0.006347804721209921               
0.04934696384796698                1.1774968689172702                 0.0062817033271544                 
0.049495591908443035               1.1626430052815346                 0.006222683022790254               
0.049644219902401386               1.1719519250105634                 0.00627664287019651                
0.04979284782964235                1.155772634716617                  0.006188393821414805               
0.049941475689966215               1.1561898313488697                 0.006253787444848138               
0.05009010348317329                1.1519869643696647                 0.0061593894123090865              
0.050238731209063886               1.132466755422509                  0.006150896567965053               
0.05038735886743832                1.128275942504847                  0.006164982101536944               
0.05053598645809688                1.1229048455217447                 0.006109152892429657               
0.05068461398083988                1.1237149306244247                 0.006117635708827667               
0.050833241435467615               1.1219397258918147                 0.00606622312374229                
0.05098186882178042                1.1005628523124122                 0.006069906049448086               
0.05113049613957859                1.09892826493026                   0.006025075933836507               
0.05127912338866244                1.088621341605101                  0.006012097343360395               
0.05142775056883227                1.0916121494023632                 0.006029626141477895               
0.051576377679888395               1.0670741592454118                 0.0059100678118633645              
0.05172500472163113                1.0634002585724922                 0.005969638584818658               
0.05187363169386079                1.0387093175887736                 0.005798865097344139               
0.052022258596377664               1.0483871769857769                 0.005866991249579264               
0.05217088542898209                1.028868414953168                  0.005841789969823007               
0.052319512191474384               1.0201193374742985                 0.005787358071130774               
0.052468138883654855               1.0097723496998618                 0.00575502006101025                
0.052616765505323786               0.9948199311415018                 0.005692124794393666               
0.05276539205628153                0.9931249715887687                 0.005695868673275307               
0.0529140185363284                 0.9726116831036192                 0.005645281282481407               
0.05306264494526469                0.9662732781070654                 0.005649754939857197               
0.053211271282890736               0.9561142522276899                 0.0055831072732725065              
0.053359897549006836               0.9461785788960803                 0.005529049745943033               
0.053508523743413326               0.9180360529947681                 0.005479079340114289               
0.053657149865910525               0.920054162109233                  0.005454909184422484               
0.05380577591629874                0.9066617540201843                 0.005428625693476546               
0.0539544018943783                 0.8939667892993907                 0.005387786675830535               
0.05410302779994951                0.8902674617527168                 0.005371249939450059               
0.054251653632812716               0.8658814418987691                 0.005321176223600314               
0.05440027939276821                0.8541062453088621                 0.005196481811719346               
0.05454890507961633                0.8467515715768035                 0.005240959451952091               
0.0546975306931574                 0.82935165951974                   0.005189431330246843               
0.05484615623319174                0.8242850198672645                 0.005155508381683934               
0.05499478169951966                0.8010002684619931                 0.005092314999947775               
0.05514340709194151                0.7904479340413906                 0.004989362509752858               
0.05529203241025758                0.7761687705682234                 0.005015270241345758               
0.055440657654268234               0.7734638982424307                 0.004959630633183631               
0.05558928282377376                0.7738637925169726                 0.004990385272142591               
0.05573790791857452                0.7477166365266092                 0.004888394393814066               
0.05588653293847082                0.7428884989678046                 0.004844009388045475               
0.05603515788326298                0.7286661435559667                 0.004844871812632969               
0.05618378275275134                0.72520165740018                   0.004786001673252415               
0.05633240754673624                0.7038935943143498                 0.004745326110822007               
0.05648103226501799                0.6976768048394065                 0.00469658986989362                
0.05662965690739693                0.6874855347282159                 0.004669000387338886               
0.056778281473673364               0.6783277753043866                 0.004665270578890196               
0.05692690596364766                0.6717549477841243                 0.004575163724265385               
0.05707553037712013                0.6577754373407512                 0.004567004085761322               
0.05722415471389112                0.6565357352988859                 0.004536146656642557               
0.05737277897376094                0.6344249322527002                 0.004487408141933554               
0.057521403156529954               0.6306097414379507                 0.004458638402981368               
0.05767002726199845                0.6207836085389634                 0.004400286657305999               
0.05781865128996681                0.6191055764167888                 0.004439430310572897               
0.05796727524023534                0.614032489460385                  0.004355388067439856               
0.058115899112604404               0.6037212973116185                 0.004362553525324864               
0.0582645229068743                 0.5992008576626584                 0.004327290634822421               
0.058413146622845386               0.5865170426262861                 0.004262789215078773               
0.058561770260317995               0.5706796841503893                 0.004247699732085657               
0.05871039381909247                0.5841892825297613                 0.004242175308862174               
0.05885901729896914                0.5643525803431851                 0.004203634287076571               
0.059007640699748364               0.5658610082392349                 0.0041751012499398575              
0.05915626402123044                0.5636610707685347                 0.004174923589907129               
0.05930488726321576                0.5568819181496966                 0.0041797634567448646              
0.059453510425504646               0.545699652559976                  0.004094219018639693               
0.05960213350789743                0.5371707317789938                 0.004083443396551377               
0.05975075651019445                0.5392607676579312                 0.004068068229784776               
0.05989937943219608                0.526904836424904                  0.0040461769294368255              
0.060048002273702626               0.5262655561877881                 0.004014955422031041               
0.060196625034514444               0.5200770625086992                 0.003989395703450594               
0.060345247714431886               0.5408238749759939                 0.004093393436931886               
0.06049387031325529                0.5316412853741244                 0.004140453202390951               
0.060642492830785                  0.519680845936535                  0.004156117022770117               
0.060791115266821405               0.5201970231614508                 0.004179671537084055               
0.06093973762116479                0.5176681239784567                 0.004195669781784625               
0.06108835989361553                0.5202335100629562                 0.00426693342111289                
0.06123698208397396                0.5126299353563109                 0.0042265193902512625              
0.061385604192040456               0.5071803772747546                 0.004259313836941371               
0.061534226217615354               0.4965239253312504                 0.00420044546500874                
0.06168284816049901                0.49314036669093875                0.004237533207035209               
0.061831470020491754               0.495739760565798                  0.004267913280350408               
0.06198009179739396                0.5022258346152793                 0.004283619425728259               
0.06212871349100597                0.4898271277999046                 0.004286352393487925               
0.06227733510112815                0.48268142680890963                0.004220914217326462               
0.06242595662756082                0.49257281172737316                0.004364523761569709               
0.06257457807010439                0.48980013374923254                0.004313787532762023               
0.06272319942855915                0.4879324753748634                 0.004298005439109189               
0.06287182070272551                0.4788491141862407                 0.004313605895934871               
0.0630204418924038                 0.4747325985617609                 0.004287322057496539               
0.06316906299739436                0.48347482087183313                0.004365917220281411               
0.0633176840174976                 0.47938641566876106                0.004187459710320375               
0.06346630495251382                0.48194361356038684                0.004182126759893408               
0.06361492580224343                0.47283379461998987                0.00410353868028442                
0.06376354656648675                0.46592008764842385                0.004049030444413408               
0.06391216724504416                0.46725442517296023                0.0040438638493557055              
0.06406078783771602                0.47204447064221366                0.004010759985173551               
0.06420940834430268                0.46436473241871584                0.0039948401881238025              
0.06435802876460452                0.45432283470447044                0.003928564663852792               
0.06450664909842187                0.46552397059628736                0.003958073548527384               
0.06465526934555513                0.4572678067717656                 0.003935097458756696               
0.06480388950580464                0.45487937943423223                0.003894406759004389               
0.0649525095789708                 0.45210077157688777                0.0038965518096237663              
0.06510112956485392                0.4446797524905369                 0.0038288960561145354              
0.06524974946325443                0.43918912588547643                0.0038032517050232413              
0.06539836927397262                0.4448090599364432                 0.0038372709500684487              
0.06554698899680893                0.4351528707018528                 0.003787663060511573               
0.06569560863156369                0.43933281810246116                0.003798092954932605               
0.06584422817803728                0.4282329235723437                 0.0037142279301259178              
0.06599284763603007                0.4289987767182708                 0.0037157028801972896              
0.06614146700534243                0.42481098200958967                0.0037122993046386304              
0.06629008628577472                0.4192660005639655                 0.003686148749690767               
0.06643870547712732                0.41125922107763446                0.0036453192191371873              
0.06658732457920061                0.4082011641793438                 0.0035734328329300254              
0.06673594359179495                0.4139959143332086                 0.003651973297148236               
0.06688456251471071                0.40828813279885395                0.0036141600987330356              
0.0670331813477483                 0.39817411034720723                0.003549894425089492               
0.06718180009070804                0.4071430009476114                 0.003600217011780307               
0.06733041874339035                0.39400208202612236                0.003532976100785611               
0.06747903730559558                0.38419544805602684                0.003483628714627025               
0.06762765577712412                0.3829985041095434                 0.00344973707395996                
0.06777627415777635                0.38169365324199217                0.0034739640927898994              
0.06792489244735264                0.3738827692951573                 0.0034133515679078547              
0.06807351064565337                0.37090542965851964                0.0034161987338943572              
0.06822212875247895                0.36774444094136455                0.0033852185436134647              
0.0683707467676297                 0.36641747167567285                0.0033549987174559134              
0.06851936469090604                0.36392896441759587                0.003364380692360775               
0.06866798252210835                0.3616910791714964                 0.003344406952189546               
0.06881660026103702                4.446168316975565                  0.011742642650577687               
0.06896521790749241                0.34791394654293467                0.003283229924226339               
0.06911383546127492                0.34641462085269903                0.0032483191622444873              
0.06926245292218494                0.33578619898974316                0.0032193511810646946              
0.06941107029002283                0.34230516592299365                0.003218427683187346               
0.06955968756458901                0.33348480990277957                0.0032052514420885772              
0.06970830474568386                0.33384486779323946                0.0031754451769801175              
0.06985692183310774                0.3252760525040572                 0.00314617990080825                
0.07000553882666105                0.32190873074727755                0.003122532611637223               
0.0701541557261442                 0.3214089040124698                 0.003094191448649987               
0.07030277253135758                0.32163208176978947                0.003124114306393425               
0.07045138924210155                0.3123596493509715                 0.0030573578953900877              
0.07060000585817654                0.3057606563288442                 0.003036126055296247               
0.07074862237938288                0.30357615150690714                0.0030196493761981873              
0.07089723880552104                0.3033093035712172                 0.0029880152306701337              
0.07104585513639136                0.30031267221150465                0.0030103602774888627              
0.07119447137179426                0.3007441351749378                 0.0029794176471842704              
0.07134308751153012                0.2974754665901721                 0.0029726745215325383              
0.07149170355539934                0.2910563580647631                 0.00294718893971143                
0.07164031950320233                0.2928847356387124                 0.002929579842920119               
0.07178893535473949                0.28844263124676106                0.00294206705993587                
0.07193755110981116                0.2883785305204303                 0.00290433354639741                
0.07208616676821783                0.2857457999211725                 0.0029055055653394012              
0.07223478232975981                0.2841142478129821                 0.0028985214333909757              
0.07238339779423758                0.286372044258582                  0.0029153417124811666              
0.07253201316145147                0.27672202815663044                0.002877685332716939               
0.07268062843120196                0.27644715713341217                0.002824568045232584               
0.07282924360328936                0.2735230775419628                 0.002837522890576286               
0.07297785867751416                0.2757012135287938                 0.0028462157629693887              
0.0731264736536767                 0.2732833296593882                 0.0028298631565213                 
0.07327508853157742                0.2757157535816099                 0.002842430449294947               
0.07342370331101672                0.27228097810642227                0.0028019624262963583              
0.07357231799179499                0.26576479777655854                0.0027931946091767036              
0.07372093257371265                0.2654048633378935                 0.0027762561783468294              
0.07386954705657013                0.26363530922450634                0.0027583495432064007              
0.07401816144016779                0.2538665313160827                 0.0026959826618442643              
0.07416677572430608                0.25621057456629837                0.0027228724111793895              
0.07431538990878538                0.2618115352962356                 0.0027611168011851075              
0.07446400399340614                0.2581735100986273                 0.002704462689154554               
0.07461261797796873                0.2609005367102148                 0.002724670477907989               
0.07476123186227358                0.2569135841122217                 0.00268964170092001                
0.0749098456461211                 0.256698775303609                  0.002697910488367717               
0.07505845932931171                0.2535849248415529                 0.0026803262112460187              
0.07520707291164581                0.24934386795903646                0.0026417043585812553              
0.07535568639292387                0.25098172348594466                0.0026480818059124076              
0.07550429977294623                0.24612129053692736                0.002616683344091637               
0.07565291305151335                0.25014041282538896                0.002648212022137941               
0.0758015262284256                 0.2494634619782343                 0.002626513296033923               
0.0759501393034835                 0.24697869674552517                0.0026100627560630093              
0.07609875227648738                0.24444026052733636                0.002608856632140104               
0.07624736514723769                0.244432270731683                  0.0025877804815248864              
0.07639597791553485                0.2440393148370353                 0.002591182411430032               
0.07654459058117927                0.2419161548300693                 0.002570088095383558               
0.07669320314397139                0.24216057347815564                0.0025735563245787374              
0.07684181560371163                0.23741766281657448                0.0025601404988990087              
0.07699042796020039                0.2400813524919254                 0.002557097400277105               
0.07713904021323813                0.23624200438310175                0.002544063374286976               
0.07728765236262525                0.2380438795405978                 0.0025313791991448086              
0.07743626440816222                0.23428240325970884                0.002535636703841318               
0.0775848763496494                 0.23315828387948076                0.002524209673364786               
0.07773348818688727                0.23631048970565027                0.002524246807893713               
0.07788209991967622                0.23698632568241634                0.0025416366810945977              
0.07803071154781671                0.2271158671351077                 0.002472597649774665               
0.07817932307110918                0.2338423497566762                 0.0025279146127433682              
0.07832793448935403                0.2322176062564449                 0.0024971078704909533              
0.07847654580235171                0.22939208662437596                0.002478792095538832               
0.07862515700990265                0.22709289009215317                0.0024901194850743017              
0.07877376811180728                0.2314971291722236                 0.0024870607166276935              
0.07892237910786605                0.22280670799945704                0.0024500531576187967              
0.07907098999787937                0.22354066265293596                0.0024419373900863785              
0.07921960078164769                0.22511328151424384                0.002451522140579853               
0.07936821145897144                0.22408663466198372                0.0024632342434102394              
0.07951682202965109                0.21881942188933254                0.0024081011440084785              
0.07966543249348702                0.2213137095279677                 0.0024327533351899693              
0.07981404285027972                0.21581617099706515                0.002392499331140243               
0.07996265309982961                0.21416939581262917                0.002396134547850769               
0.08011126324193714                0.2113118940304541                 0.0023751906944419693              
0.08025987327640273                0.2097659462216041                 0.002346281298293108               
0.08040848320302686                0.2088145382371026                 0.002362088911968672               
0.08055709302160995                0.20943530238206046                0.002347286365728834               
0.08070570273195243                0.21056535194009707                0.0023690452982203327              
0.08085431233385477                0.21075096769432303                0.002352740981839865               
0.08100292182711742                0.20405357246105005                0.00231505675166588                
0.0811515312115408                 0.20266933512395802                0.002319442026922082               
0.0813001404869254                 0.2001496738151715                 0.0022946668133913112              
0.08144874965307163                0.20138072606964738                0.0023007804114137612              
0.08159735870977995                0.20017028080144614                0.0022882955589473113              
0.08174596765685078                0.19729524393290365                0.0022727212426825573              
0.08189457649408466                0.19823304112830628                0.002284585389469323               
0.08204318522128196                0.19191278781501028                0.0022369949675037524              
0.08219179383824317                0.1902464688028033                 0.0022335614026047093              
0.0823404023447687                 0.19534871607568863                0.0022488068772380555              
0.08248901074065908                0.191588872293964                  0.002239618666629399               
0.0826376190257147                 0.19003613465469862                0.0022260350912700565              
0.08278622719973604                0.1896319602785443                 0.0022147765916956715              
0.08293483526252357                0.18634689572667032                0.002202552735088883               
0.08308344321387771                0.18460174756012543                0.0021808596166296985              
0.08323205105359896                0.18546213250347757                0.0021973199244051246              
0.08338065878148777                0.18225755517476408                0.0021669705671351017              
0.0835292663973446                 0.18216446262505023                0.002165557625856103               
0.0836778739009699                 0.18028527103360745                0.0021681811257880422              
0.08382648129216412                0.1828911651933655                 0.0021741966121098795              
0.08397508857072775                0.17872561931415976                0.0021390847504432478              
0.08412369573646125                0.17860761536034164                0.002129149694899886               
0.08427230278916509                0.17216061912927785                0.002103590710102841               
0.08442090972863972                0.17822671493704534                0.0021420304314121886              
0.0845695165546856                 0.17694388689578364                0.002130926291888828               
0.08471812326710323                0.17128741321718127                0.002092452662439601               
0.08486672986569305                0.1732784425610971                 0.0020971504328378934              
0.08501533635025554                0.17664545886171232                0.0021316649950572906              
0.08516394272059116                0.16806151276910794                0.0020629198729047054              
0.08531254897650041                0.16800429436804218                0.0020658000690593555              
0.08546115511778372                0.17001694897564348                0.0020822218081811223              
0.08560976114424161                0.316495054526868                  0.002817773549424694               
0.08575836705567454                0.1643888345487634                 0.0020506991711648874              
0.08590697285188292                0.16331831765469318                0.002026493989096914               
0.0860555785326673                 0.16616339848476763                0.0020512436662871963              
0.08620418409782817                0.167675117363359                  0.0020637816784639827              
0.08635278954716594                0.16238946724802694                0.0020238688721671014              
0.08650139488048113                0.16228838920061123                0.002021667287245352               
0.08665000009757422                0.16073945352642519                0.0020026826125698264              
0.08679860519824566                0.1603297236752124                 0.0020063171567123155              
0.08694721018229597                0.16162939279405497                0.002028625509534856               
0.0870958150495256                 0.16069005479377632                0.0020023780004720273              
0.08724441979973506                0.15948658336709418                0.00199717419447374                
0.0873930244327248                 0.1615879310287156                 0.00200951415701743                
0.08754162894829534                0.16266130569042234                0.002013850735210609               
0.08769023334624715                0.15935786445662567                0.001997913441754788               
0.08783883762638073                0.15801784740139768                0.0019742978571981365              
0.08798744178849653                0.1580868774392786                 0.0019883962074228666              
0.08813604583239507                0.15598777069942998                0.00196682277532457                
0.08828464975787681                0.15428471694256252                0.0019613168324373567              
0.08843325356474228                0.15876057844097405                0.0019857487115410243              
0.08858185725279195                0.15626471016288815                0.0019595957923742116              
0.08873046082182631                0.15305242676970907                0.0019519706831395375              
0.08887906427164587                0.15422621934963754                0.0019497329673316892              
0.0890276676020511                 0.15256770551344648                0.0019399599444830042              
0.0891762708128425                 0.15452404501840866                0.0019545917420822666              
0.08932487390382057                0.15162732281153274                0.001925203206737101               
0.08947347687478581                0.1498519167658489                 0.0019189717987970465              
0.08962207972553873                0.15417111251346954                0.0019471700073256976              
0.0897706824558798                 0.1516136443415423                 0.0019309531934471242              
0.0899192850656095                 0.14967243427516053                0.0019127565259745892              
0.0900678875545284                 0.15145792119714488                0.001928500737090159               
0.09021648992243694                0.14818161722728623                0.001898204966418173               
0.09036509216913566                0.15035264485849809                0.001913496885223804               
0.09051369429442505                0.1461632534997347                 0.0018838223968468326              
0.0906622962981056                 0.1500807859394032                 0.0019219026487931187              
0.09081089817997783                0.1468768225126721                 0.0018969621907664622              
0.09095949993984224                0.14760742696166684                0.0018860585181149844              
0.09110810157749934                0.14651742589428157                0.0018882303179731685              
0.09125670309274964                0.14149304257418374                0.00184521264637903                
0.09140530448539363                0.14421195329039657                0.0018768436045554318              
0.09155390575523184                0.14395561935759285                0.0018632787581876684              
0.09170250690206479                0.1440177279574216                 0.0018567868056650458              
0.09185110792569297                0.14316210350375597                0.0018700025994168163              
0.09199970882591689                0.1402827549665892                 0.0018366274623758034              
0.09214830960253707                0.1376134029363006                 0.0018217754725442807              
0.09229691025535404                0.14286485750558628                0.0018507114831345954              
0.09244551078416828                0.14201452075686827                0.0018479321923082783              
0.09259411118878036                0.14088834073737122                0.0018488392029698052              
0.09274271146899074                0.13977864350944774                0.0018225452151021339              
0.09289131162459997                0.14053174153078776                0.0018328321664142033              
0.09303991165540855                0.13745492562156683                0.0018106562053819687              
0.09318851156121703                0.13815693737186702                0.0018112810308835098              
0.09333711134182592                0.14016194219125255                0.0018420050856466682              
0.0934857109970357                 0.13615770822297896                0.0017941910815692053              
0.09363431052664693                0.1386864437102786                 0.0018154168840290464              
0.09378290993046016                0.1349401599364974                 0.0017881105120928571              
0.09393150920827588                0.13525414701681876                0.0017987577899933513              
0.09408010835989462                0.13051145930709068                0.0017604564407089492              
0.0942287073851169                 0.13412278634616853                0.0017755654410192099              
0.09437730628374329                0.13101641208256729                0.001767750230255449               
0.09452590505557425                0.1293257823684681                 0.001749243628567775               
0.09467450370041036                0.12616748177167544                0.0017189923624814476              
0.09482310221805212                0.1298696398270785                 0.0017503664258295246              
0.09497170060830008                0.1263293109700941                 0.0017207181705022503              
0.0951202988709548                 0.12884903929748048                0.0017504982641339587              
0.09526889700581676                0.12423978880819964                0.00170335389653015                
0.09541749501268652                0.12622855572311342                0.0017219033941646429              
0.09556609289136461                0.12754253969361043                0.0017314707762276472              
0.09571469064165158                0.12495740051227291                0.0017095011406476042              
0.09586328826334796                0.12627351720200145                0.0017228373380570794              
0.09601188575625429                0.12476399551408053                0.001697194455159096               
0.09616048312017107                0.12159028025887865                0.0016912024277597312              
0.09630908035489893                0.11824026151867173                0.0016599314376238908              
0.09645767746023834                0.12027083225590139                0.001675933189780314               
0.09660627443598986                0.12049387609636834                0.001672075232124633               
0.09675487128195404                0.11994635586245352                0.0016635166395489495              
0.0969034679979314                 0.12207795539897788                0.0016927538883922124              
0.09705206458372252                0.11993742086577962                0.0016682127626943737              
0.09720066103912794                0.11721902188812185                0.001643329085119114               
0.09734925736394817                0.11675839220636967                0.001640098014678951               
0.09749785355798385                0.11903291420383229                0.0016619133776541743              
0.09764644962103541                0.11936006928788216                0.0016677819726800998              
0.09779504555290348                0.1174363834342605                 0.001635008084134403               
0.09794364135338857                0.1172073463520611                 0.001645592889745277               
0.09809223702229126                0.11588361719917606                0.0016339473198268113              
0.09824083255941213                0.11508203683438228                0.0016306068746798187              
0.09838942796455168                0.11673602525793643                0.0016341507506595476              
0.09853802323751046                0.11691351697882298                0.001631369045760416               
0.09868661837808908                0.11433093201316087                0.0016247009178601336              
0.09883521338608807                0.11987092419406604                0.001650138156230679               
0.098983808261308                  0.11525728881073939                0.0016324347012858817              
0.0991324030035494                 0.11519215351829681                0.0016125385777533727              
0.09928099761261285                0.11554730131814266                0.0016258149863404132              
0.09942959208829895                0.11406479846632435                0.0016210827121392313              
0.09957818643040817                0.11483716897675356                0.0016134290967305493              
0.09972678063874114                0.1114625251178791                 0.0015884364905450552              
0.09987537471309844                0.1142673286763303                 0.0016060571834699301              
0.10002396865328061                0.10992146467760325                0.001582956219665654               
0.10017256245908819                0.11370677122923968                0.001613389579690025               
0.10032115613032179                0.11179303180184956                0.0015792559903407713              
0.10046974966678197                0.1109486201783853                 0.001586437890634181               
0.10061834306826929                0.11287250921270353                0.0015907005904990637              
0.1007669363345843                 0.11200269239914085                0.0015945160316166156              
0.10091552946552765                0.11004642274296894                0.0015788729140042957              
0.10106412246089981                0.11871723886039297                0.0016268742345807914              
0.10121271532050144                0.11146546362708849                0.001592363766101264               
0.10136130804413308                0.11208090316276438                0.0016231680984140537              
0.10150990063159528                0.1113558294236619                 0.0016443563201167803              
0.10165849308268868                0.1115739519006057                 0.0016515434275158457              
0.10180708539721378                0.10805378443936905                0.0016401936164560113              
0.10195567757497122                0.1069708194742252                 0.0016543417844484644              
0.10210426961576155                0.10954095487495581                0.001666226898284185               
0.1022528615193854                 0.1092481520089012                 0.0016718609803315079              
0.10240145328564329                0.11054452870831331                0.0016992779537547678              
0.10255004491433584                0.11080397155815312                0.001706090400724223               
0.1026986364052636                 0.10988693062549114                0.001720768439430804               
0.1028472277582272                 0.11019476216748204                0.0017027763727607528              
0.10299581897302723                0.10877823125820686                0.0017177889572534306              
0.10314441004946424                0.1077570898023965                 0.0017082793233146544              
0.1032930009873388                 0.10645260782476021                0.0017100958443384958              
0.1034415917864516                 0.10663420366794686                0.0017181195944355196              
0.10359018244660313                0.10636273539292425                0.0017086520988507737              
0.10373877296759404                0.10694678106025464                0.0017362771675389686              
0.10388736334922487                0.10355334076352608                0.001707026271359227               
0.10403595359129628                0.1045199381654556                 0.0017194593884103807              
0.1041845436936088                 0.11276674370564112                0.00173241449092521                
0.10433313365596307                0.11013339663319235                0.0016981826496143678              
0.10448172347815968                0.10894362084226528                0.001686264056768062               
0.10463031315999925                0.1061194800367952                 0.0016445222469082972              
0.10477890270128232                0.10580145656274889                0.0016311931561349934              
0.10492749210180954                0.1057777526179083                 0.001633548015730913               
0.10507608136138147                0.1055309639925962                 0.001627216244371186               
0.10522467047979879                0.1051565857955406                 0.0016168372021025527              
0.10537325945686203                0.1040017935678582                 0.0016036374684233017              
0.10552184829237181                0.10496279601937397                0.0016055289173352784              
0.10567043698612877                0.10410576672011473                0.0015935385774559798              
0.10581902553793347                0.10548502946766689                0.0016101301112813901              
0.10596761394758658                0.10338416348269582                0.0015767770694461052              
0.10611620221488863                0.10335885047520256                0.0015795171259387732              
0.10626479033964027                0.10432142080521499                0.0015892244802273522              
0.10641337832164213                0.102719028552439                  0.0015693729848369794              
0.10656196616069483                0.1018110165692604                 0.0015670653135589276              
0.10671055385659896                0.09955288324083175                0.001528690991503377               
0.10685914140915509                0.09837784038910499                0.001534720216365941               
0.10700772881816392                0.09793990431811465                0.0015234456769657814              
0.10715631608342602                0.09817229658964814                0.001521365593911476               
0.10730490320474204                0.1012286902998978                 0.0015431848283090316              
0.10745349018191253                0.09767016380166196                0.001504399313570781               
0.1076020770147382                 0.09944740630902141                0.00153177392116896                
0.10775066370301965                0.09517165855028487                0.0014919827188436513              
0.10789925024655744                0.09732276391849219                0.0014995821178547016              
0.10804783664515225                0.09755807528651593                0.0015116655668436306              
0.1081964228986047                 0.09509403740738018                0.0014781059779520396              
0.1083450090067154                 0.09493992816685272                0.0014896318150613337              
0.108493594969285                  0.09417196160499197                0.0014662554535821147              
0.10864218078611411                0.0969777903517005                 0.0014942666482660387              
0.10879076645700335                0.09029256086025651                0.0014475092749903257              
0.10893935198175338                0.09303382122491                   0.001456858085417628               
0.1090879373601648                 0.09598632774399077                0.0014876685134799735              
0.10923652259203825                0.0919522359895965                 0.0014343045741940167              
0.10938510767717442                0.09135840822359681                0.0014477644098145964              
0.1095336926153739                 0.091905145193371                  0.0014495286343994488              
0.1096822774064373                 0.09203797229657452                0.0014480259987943625              
0.10983086205016526                0.09125930255203794                0.001442395471792779               
0.10997944654635847                0.09243506881018852                0.0014395610962641854              
0.11012803089481756                0.09177650753966483                0.001444448799697063               
0.11027661509534314                0.09046390727271905                0.0014310756819152324              
0.11042519914773584                0.08976077403240816                0.0014108028783587155              
0.11057378305179637                0.09264052743978117                0.0014406658513901665              
0.11072236680732529                0.08805331593354228                0.0013939887457512904              
0.11087095041412333                0.08975065140575243                0.0014180192836861791              
0.11101953387199105                0.08704741546945886                0.0013794477436010811              
0.11116811718072916                0.08834276322750419                0.001394383692918469               
0.11131670034013831                0.09166998642264992                0.0014199181543152874              
0.11146528335001911                0.09112803795048825                0.001422487123028424               
0.11161386621017225                0.08961091770019336                0.0014430866608609765              
0.11176244892039836                0.09215510183443276                0.0014618588860234993              
0.11191103148049807                0.08810698543632246                0.0014508245171169236              
0.1120596138902721                 0.08890964385055754                0.0014688286604071475              
0.11220819614952104                0.08653135739315078                0.0014458083402182549              
0.11235677825804559                0.08681225731543463                0.0014623896312731732              
0.11250536021564642                0.08807243634327694                0.0014746483041095486              
0.11265394202212414                0.0894113808395976                 0.0015019170428193305              
0.1128025236772794                 0.08902024668468446                0.0014997969698722373              
0.11295110518091295                0.08836092138300702                0.0014965683089273605              
0.11309968653282537                0.08798795781355824                0.0015052226629010364              
0.11324826773281738                0.08447911571696894                0.001467926109481966               
0.11339684878068956                0.08564685410399353                0.0014832987057107388              
0.11354542967624269                0.08940838337902048                0.00150955329336537                
0.11369401041927737                0.0855393853872814                 0.0014794419775347625              
0.11384259100959429                0.09105173766384914                0.0015281784177604545              
0.11399117144699408                0.08943690839350521                0.0015169696587683538              
0.11413975173127745                0.08759981256152731                0.0015001199522727048              
0.11428833186224509                0.08635888522692618                0.001484759212630388               
0.11443691183969763                0.08908878048204276                0.001527410808046292               
0.11458549166343575                0.08906388568356326                0.0015174242683493521              
0.11473407133326015                0.08662574904200197                0.0014989038307172656              
0.1148826508489715                 0.0868612517092519                 0.0015045562413873914              
0.11503123021037048                0.0851635081703143                 0.0014820573472642713              
0.11517980941725774                0.08964407340226417                0.0015396490325419083              
0.115328388469434                  0.08527755766230381                0.0014871981937223623              
0.11547696736669993                0.08559102073854051                0.001503217075646802               
0.11562554610885617                0.08571912791908111                0.0014994663362394088              
0.11577412469570345                0.08631435503943168                0.0015016302567302257              
0.11592270312704248                0.08637355686743509                0.0015200111780501319              
0.11607128140267389                0.08735304653875293                0.0015051923926317726              
0.1162198595223984                 0.08697666854679188                0.0015203016480216146              
0.11636843748601669                0.0870648699854406                 0.0015204503660157529              
0.11651701529332943                0.08814532672874126                0.0015261115208711504              
0.11666559294413735                0.08715997880867174                0.0015281820154490339              
0.11681417043824113                0.08473585800280964                0.0014854514328218132              
0.11696274777544145                0.08521423343022518                0.0015104064175106855              
0.11711132495553901                0.08326001879992495                0.0014929879760548395              
0.11725990197833454                0.08233333553921715                0.00148282175063277                
0.11740847884362866                0.08539219546688218                0.0015126106290689384              
0.11755705555122214                0.08337126818793737                0.001490913568277258               
0.11770563210091566                0.08530348857278745                0.0015174809617273495              
0.11785420849250991                0.08182639311549086                0.0014782538798815115              
0.1180027847258056                 0.0863845879630552                 0.0015157523694687496              
0.11815136080060339                0.08086303547557022                0.001478075715366189               
0.11829993671670407                0.08449412605862879                0.0015102691441168327              
0.11844851247390831                0.08276235432983929                0.0015047700787243507              
0.1185970880720168                 0.08246559054762502                0.0014828008057961633              
0.11874566351083024                0.08269249065638402                0.0014909837401241993              
0.11889423879014938                0.08464153733725274                0.0015141138496494696              
0.11904281390977489                0.08266299322425259                0.001501970802681344               
0.11919138886950753                0.08267539151804623                0.0015014527225067395              
0.11933996366914792                0.08199244223296301                0.001483433953935143               
0.11948853830849689                0.08185759874129266                0.0014940105239253704              
0.11963711278735512                0.08139245398896458                0.0014860161020152415              
0.11978568710552326                0.08160017053268571                0.0014935470164812341              
0.11993426126280209                0.08132508901510524                0.001486025062119414               
0.12008283525899235                0.07835188107055144                0.0014622877143568504              
0.12023140909389472                0.0789298082513885                 0.0014707701391760706              
0.12037998276730992                0.07834298047973165                0.0014646746361361336              
0.12052855627903868                0.08071259883631383                0.0014847816398632615              
0.12067712962888173                0.07931920239371872                0.0014663619323350581              
0.12082570281663982                0.07897594417272255                0.001479354975368798               
0.12097427584211363                0.08037719597276824                0.0014905125952425268              
0.12112284870510388                0.07969452013160927                0.0014722943645572334              
0.1212714214054114                 0.07854578001973699                0.0014715554527956053              
0.12141999394283678                0.07704293198480389                0.0014500312538700086              
0.12156856631718085                0.07514097732885278                0.001446088782932824               
0.12171713852824434                0.07802053377431065                0.0014604339922914512              
0.12186571057582794                0.07846793106177877                0.0014695812192780432              
0.12201428245973238                0.07742169821598184                0.0014710343317841258              
0.12216285417975847                0.07788479530989159                0.0014653570455559989              
0.12231142573570686                0.0772714624328879                 0.0014689754986817224              
0.12245999712737837                0.07578763288019529                0.0014345590330627404              
0.12260856835457366                0.07313861855995238                0.0014291539169156294              
0.12275713941709357                0.07830032761332631                0.0014800014127087674              
0.1229057103147387                 0.0743920935650674                 0.001432738189087416               
0.12305428104730994                0.07599525642058486                0.001453672815200115               
0.12320285161460796                0.07506325681588998                0.0014398016843614305              
0.12335142201643355                0.07712586066826904                0.0014688641808552312              
0.12349999225258738                0.07639250269999447                0.0014650287060375426              
0.12364856232287029                0.07595526013692308                0.0014452601176104148              
0.12379713222708298                0.07416929816451556                0.001445435576882848               
0.12394570196502623                0.07186987651956413                0.0014070510647134142              
0.12409427153650074                0.07503229671926374                0.0014550873717697778              
0.12424284094130733                0.07419621371328654                0.0014326904194389514              
0.12439141017924672                0.0758577678908227                 0.0014542390038286342              
0.12453997925011973                0.07498327036253577                0.0014571537814684697              
0.12468854815372699                0.0736961146129196                 0.001432140417036326               
0.12483711688986938                0.07172103289269743                0.0014244839280318539              
0.12498568545834762                0.07539601521660295                0.0014430024547614953              
0.12513425385896246                0.07234140383075062                0.001425048754784652               
0.12528282209151465                0.07202611016283028                0.0014325224147720805              
0.125431390155805                  0.07508091457456482                0.001443063447766225               
0.12557995805163427                0.07214242247420301                0.0014255614155998912              
0.12572852577880317                0.07393408393230672                0.0014400315034739644              
0.12587709333711253                0.07261360049490562                0.0014320788577643355              
0.12602566072636312                0.07300951434655692                0.0014410084424362733              
0.1261742279463557                 0.07398338410944268                0.0014355560617519373              
0.126322794996891                  0.07372077787057223                0.0014480128318508                 
0.12647136187776986                0.07363371821739856                0.0014377308309447383              
0.126619928588793                  0.07305244729231922                0.001440173702574143               
0.12676849512976127                0.07224214222137436                0.0014334209827104245              
0.12691706150047535                0.07229530479289319                0.0014227610722075594              
0.12706562770073607                0.07334882157046968                0.0014393193565559262              
0.12721419373034423                0.07151649520444403                0.0014126413672937825              
0.12736275958910062                0.0731303112660326                 0.0014378024111230709              
0.12751132527680595                0.07190129386914584                0.0014158297528751506              
0.12765989079326104                0.07234538474900584                0.0014226450934993885              
0.12780845613826677                0.06732695794492892                0.0013771778896709101              
0.12795702131162376                0.07370618683392977                0.001432877370074377               
0.12810558631313296                0.07151142118275033                0.0014119903361519983              
0.12825415114259503                0.07126670378500187                0.0014041507717829868              
0.1284027157998108                 0.0739914870654901                 0.001444991898203712               
0.1285512802845811                 0.07180850492537623                0.0014167519939584626              
0.12869984459670672                0.07110004454105691                0.0014055125565417177              
0.1288484087359884                 0.06969272634906003                0.0013969311635722527              
0.12899697270222704                0.07223172996444414                0.0014106253128752242              
0.12914553649522334                0.07416167604545523                0.0014510853246447397              
0.12929410011477813                0.06979461613396115                0.0013925541935741674              
0.12944266356069217                0.0737743014086298                 0.0014435057541629123              
0.12959122683276636                0.07330899985350345                0.00144020259139246                
0.12973978993080143                0.07211306469872004                0.0014112713234757071              
0.12988835285459818                0.07357910843148269                0.0014441163235423156              
0.13003691560395744                0.06916350684043648                0.0013874387152295953              
0.13018547817868006                0.07185199252129695                0.0014214885433161484              
0.1303340405785668                 0.07128946626476095                0.0014189944208935898              
0.13048260280341842                0.07264747318873681                0.0014274819692291114              
0.13063116485303583                0.07385996064477156                0.0014443525925629413              
0.13077972672721977                0.07147984838966903                0.0014110918926923247              
0.1309282884257711                 0.07132374967425506                0.0014230637291518702              
0.13107684994849064                0.06730109770865264                0.0013769370089049438              
0.13122541129517912                0.0722082095965234                 0.0014213223147779136              
0.13137397246563748                0.07110139009873025                0.001424594383871964               
0.13152253345966647                0.07315115039830797                0.0014250524547881965              
0.13167109427706694                0.06996889048568904                0.0014144513111325203              
0.13181965491763964                0.07019893713901611                0.0014020172906301766              
0.1319682153811855                 0.07390503167674208                0.0014460636895233308              
0.13211677566750527                0.07032645906751264                0.001416192255612158               
0.13226533577639982                0.06994123773170671                0.0014024759448245324              
0.13241389570766995                0.06967382613958364                0.0014059033936120074              
0.1325624554611165                 0.07115698919189904                0.0014121675036035796              
0.13271101503654026                0.07082448283965681                0.001419331163473969               
0.1328595744337422                 0.07003272001502837                0.001411995916629577               
0.13300813365252293                0.07211742146261875                0.0014334881846427838              
0.13315669269268346                0.07010530658174983                0.0014071811352307742              
0.13330525155402462                0.06877105093916586                0.0013925146118993347              
0.13345381023634717                0.06792109141450325                0.0013893309336043744              
0.13360236873945192                0.06613080924449681                0.0013708995869171276              
0.13375092706313985                0.06810598379516061                0.0013881846108482398              
0.13389948520721168                0.06842962575884234                0.0013994403017992465              
0.1340480431714683                 0.06979285664864614                0.001407732169605402               
0.13419660095571057                0.06884856203544978                0.0014018650947669182              
0.13434515855973928                0.0688916389828477                 0.001394956345892841               
0.13449371598335533                0.07073270698120451                0.0014209200029976566              
0.13464227322635955                0.06456849971614159                0.0013546170323742769              
0.13479083028855277                0.06862397324187444                0.0014001976938302148              
0.13493938716973589                0.0660613419622968                 0.001378673569382696               
0.1350879438697097                 0.0674617149655997                 0.0013756242938980478              
0.13523650038827512                0.06911521914945029                0.0014108085031399166              
0.13538505672523296                0.06602046381495334                0.0013709707741051363              
0.1355336128803841                 0.06750510604739807                0.0013949003347332005              
0.13568216885352938                0.0685232986644437                 0.0014016491273106148              
0.13583072464446966                0.06355759389314623                0.001338128744886969               
0.1359792802530058                 0.06594025705619176                0.0013731594952549322              
0.13612783567893869                0.06590343919569594                0.0013673618984255576              
0.13627639092206914                0.06691089541881563                0.001382621787920317               
0.13642494598219812                0.06482521604733636                0.0013651195923315856              
0.13657350085912634                0.06471096753223779                0.0013609043808172937              
0.1367220555526548                 0.0648541768845048                 0.0013727481168041547              
0.13687061006258433                0.06943023938069867                0.0014004181260505741              
0.13701916438871578                0.06425015740714295                0.0013596584761974226              
0.13716771853085005                0.06428409786712191                0.0013540247341687578              
0.137316272488788                  0.0641640505015564                 0.001358749322179406               
0.13746482626233048                0.06743152941087838                0.0013972633435774902              
0.13761337985127842                0.06542222896360904                0.001362371924415883               
0.13776193325543262                0.06693028553193178                0.0013889658564801598              
0.13791048647459406                0.06565360242640532                0.0013683774266406077              
0.13805903950856357                0.06520196239496415                0.0013727489472056497              
0.13820759235714203                0.0662689112626464                 0.0013827043781833206              
0.1383561450201303                 0.06642398078837064                0.0013763857100816835              
0.13850469749732927                0.0653224737935359                 0.0013808057351894492              
0.1386532497885399                 0.06208421443105087                0.0013318377701788142              
0.13880180189356303                0.06459809351271846                0.0013597338876512777              
0.1389503538121995                 0.06595113533323446                0.0013787777493328413              
0.13909890554425028                0.06652034522041485                0.0013816491640533818              
0.13924745708951625                0.06470927745980544                0.001378041363571618               
0.13939600844779823                0.06326873188364623                0.0013391894973940124              
0.13954455961889714                0.06471158921995024                0.001368198385233369               
0.139693110602614                  0.06365210850417319                0.001350940766138835               
0.13984166139874957                0.06436685554437437                0.0013615184464200235              
0.13999021200710476                0.06394844724862936                0.001368683828235121               
0.14013876242748052                0.06525631064583838                0.0013648483645543434              
0.14028731265967773                0.0632848426877399                 0.0013572815168272486              
0.1404358627034973                 0.06436815849586297                0.0013603292543648106              
0.14058441255874016                0.06586857900400561                0.0013797682014033163              
0.14073296222520715                0.06540870955333687                0.0013780183004950396              
0.14088151170269927                0.06560468278328592                0.0013733366806857315              
0.14103006099101734                0.06324759903820716                0.001360556746988507               
0.14117861008996233                0.06315823968109394                0.0013486855399398076              
0.14132715899933507                0.06310074725407415                0.0013480726990173569              
0.14147570771893658                0.06700027532286457                0.0013928197296118573              
0.14162425624856775                0.06534999109389569                0.0013755606801396413              
0.1417728045880295                 0.06324230560029107                0.0013629680628617627              
0.14192135273712264                0.06497217521818513                0.0013618876387213447              
0.14206990069564823                0.06799358518520948                0.0014049940854542929              
0.14221844846340712                0.07223902862036422                0.0014488430283096008              
0.14236699604020028                0.06636519488438185                0.0014434039271450723              
0.14251554342582856                0.06547768468447031                0.0014608423338470992              
0.14266409062009294                0.06693777423509732                0.0014982731575663355              
0.14281263762279436                0.06530858299980016                0.0015034338038875715              
0.14296118443373373                0.06446933221670104                0.0015107694662878372              
0.14310973105271196                0.0665827039130365                 0.0015463455999005402              
0.14325827747953002                0.06558529629153295                0.0015432902479428296              
0.14340682371398877                0.06590884655814877                0.0015719338854696147              
0.14355536975588926                0.06608297479064468                0.0015897093035095813              
0.1437039156050323                 0.06756825010095141                0.0016170392141167287              
0.14385246126121892                0.06509387238246728                0.0015947867164343103              
0.14400100672425004                0.06473854654998071                0.0016159407258730795              
0.1441495519939266                 0.0643280292001614                 0.0016219441100050814              
0.14429809707004948                0.0635276136478691                 0.0016262423813679667              
0.1444466419524197                 0.06357430532312078                0.0016237177784985458              
0.14459518664083823                0.06494467801571711                0.00165817700487853                
0.14474373113510589                0.06455458528987061                0.0016785837268032116              
0.14489227543502373                0.06344058130711247                0.0016776414005800241              
0.1450408195403927                 0.0661076583102459                 0.001716069304935692               
0.14518936345101366                0.06173357588509453                0.001660609096045869               
0.14533790716668768                0.06365083294513309                0.0017209214294193747              
0.14548645068721563                0.06360801050292356                0.0017178810332643326              
0.14563499401239854                0.06481324655377844                0.0017555606924030962              
0.1457835371420373                 0.06353140610712085                0.001736842392453659               
0.14593208007593286                0.06442408833238562                0.0017685315835215829              
0.14608062281388626                0.06120769664954803                0.001750220668050428               
0.1462291653556984                 0.06262294460244684                0.0017649020994706043              
0.14637770770117026                0.06486136914450782                0.0018129303815103363              
0.14652624985010276                0.062429177994221416               0.0017786162780307042              
0.14667479180229695                0.05961238234985571                0.0017601706269398788              
0.14682333355755375                0.06507367933296977                0.0018569755238113251              
0.14697187511567414                0.06165552997747829                0.0018002094168232767              
0.14712041647645907                0.06453763302246748                0.0018677161314980912              
0.14726895763970954                0.06475322884714567                0.0018771023275274822              
0.1474174986052265                 0.06357611266001723                0.0018854444315464743              
0.14756603937281096                0.06592285926485285                0.0019182759718545208              
0.14771457994226384                0.06257044597377702                0.0018934678317347833              
0.14786312031338616                0.062091120684675184               0.0019134420459796504              
0.14801166048597889                0.0619721431314585                 0.0018927755729849255              
0.148160200459843                  0.06534500158064649                0.001984713079260507               
0.14830874023477952                0.06409068954472452                0.001951121083197013               
0.14845727981058934                0.06290485474983645                0.0019619485150676828              
0.14860581918707355                0.06102913641169292                0.0019585181905553946              
0.1487543583640331                 0.06173653815771103                0.001945483436854956               
0.14890289734126896                0.06355610476769101                0.001989044049879769               
0.1490514361185821                 0.058401719016129464               0.0018958000232555939              
0.1491999746957736                 0.06280030972364993                0.0020122517195775673              
0.14934851307264435                0.06153076453466906                0.0019858968860181937              
0.14949705124899543                0.06282885508286207                0.001998852158221919               
0.14964558922462776                0.0622431504548228                 0.0020194344644874447              
0.14979412699934241                0.0623643309001824                 0.0019993086597072797              
0.14994266457294034                0.06587135616785811                0.00210311054602463                
0.15009120194522255                0.062290287346643                  0.0020020856629486303              
0.15023973911599006                0.0617019084226732                 0.002037576527588513               
0.15038827608504382                0.06720072249915642                0.002148842153729494               
0.15053681285218495                0.06261421354880749                0.002035763680158921               
0.15068534941721437                0.06170395477956272                0.002059087640263926               
0.1508338857799331                 0.06315788443475745                0.002036291921171126               
0.15098242194014216                0.061670337649453996               0.0020695210270262237              
0.15113095789764253                0.06148382499887892                0.0020597856383551003              
0.15127949365223534                0.06056362103778367                0.0020335273759493305              
0.15142802920372145                0.05875381856049243                0.002019997892070871               
0.15157656455190194                0.06152874545042951                0.0020263413159549238              
0.15172509969657785                0.06062598452878706                0.002069736985442822               
0.1518736346375502                 0.05886735060347781                0.002026297772393906               
0.15202216937462                   0.06150594480702424                0.0020536237234587626              
0.15217070390758822                0.06043674946244275                0.002077858248346105               
0.15231923823625595                0.06185537919671195                0.0020572793098690544              
0.1524677723604243                 0.0636436254631341                 0.002139357066440926               
0.15261630627989406                0.05713432681845419                0.0019772149108254118              
0.1527648399944665                 0.0625853808431329                 0.0021121542984595433              
0.1529133735039425                 0.06047375013225674                0.002104150877222105               
0.15306190680812318                0.057579855380482305               0.0020281639026289563              
0.1532104399068095                 0.062275047523160765               0.0021474154318331298              
0.15335897279980254                0.05891257279681059                0.002031468027476227               
0.15350750548690334                0.05952412239896471                0.002116434144008579               
0.1536560379679129                 0.05879507971081148                0.0020865593019743682              
0.15380457024263233                0.05905713194271145                0.0020840809285356367              
0.15395310231086262                0.061975678808985815               0.002200820884291733               
0.15410163417240483                0.059461853499316944               0.0020841368866104993              
0.15425016582706                   0.06172630908124638                0.002201704530745275               
0.15439869727462913                0.057923056177595786               0.002102473741242097               
0.15454722851491334                0.05804762182180058                0.0020973458295994855              
0.15469575954771367                0.06145385623974645                0.0022350551425839083              
0.15484429037283115                0.057424202285606483               0.0020884980452083165              
0.15499282099006684                0.06038881159997893                0.002238158266623018               
0.15514135139922183                0.05888755535831613                0.0021249216211276754              
0.1552898816000971                 0.0545922548882071                 0.0020935174080743283              
0.15543841159249377                0.060246680211954944               0.002210236334007971               
0.15558694137621287                0.060316498513785524               0.0022142883206116492              
0.15573547095105544                0.061432605725110064               0.0022690650652557364              
0.15588400031682265                0.05736543488131977                0.0021513718905444186              
0.15603252947331542                0.059879125392543135               0.002231563246849337               
0.15618105842033492                0.05692945787359895                0.0021928407837644008              
0.15632958715768216                0.05688667599940149                0.002186332564616651               
0.15647811568515826                0.0594348798922796                 0.0022642885918119464              
0.15662664400256424                0.06258301706880155                0.002302153497171385               
0.1567751721097012                 0.06052183118010564                0.002294074090572538               
0.1569237000063702                 0.058860051513466814               0.0022807806682600277              
0.15707222769237236                0.055530000843356644               0.0021713948622493887              
0.15722075516750872                0.05838302888783622                0.0022777388926057273              
0.1573692824315803                 0.052763468747221806               0.0021833678719143886              
0.1575178094843883                 0.05814702804022333                0.002298463097209782               
0.15766633632573374                0.05682788566149425                0.0022410730422381944              
0.15781486295541766                0.05852843428027883                0.0023027704472361027              
0.15796338937324125                0.05829091095259372                0.002324210825493367               
0.1581119155790055                 0.056645083044981046               0.0023010492057928414              
0.1582604415725116                 0.05860185923685317                0.0023074459540870043              
0.15840896735356055                0.0603186669073764                 0.00239179072196497                
0.15855749292195345                0.05571286401279441                0.0023054147163945804              
0.15870601827749145                0.056785862748078966               0.0023105839862874885              
0.15885454341997562                0.058247885775089096               0.002381933181483032               
0.159003068349207                  0.05799707125891997                0.002369696089575338               
0.15915159306498677                0.05795589441442395                0.0023759600261809635              
0.15930011756711598                0.05763072637231658                0.0023909254080196614              
0.15944864185539576                0.05750008332610321                0.002377335858070194               
0.15959716592962722                0.05734043307042902                0.002399622439910747               
0.1597456897896114                 0.05671275455753678                0.0023901576341304027              
0.15989421343514953                0.05663612962472699                0.0023997498294467618              
0.16004273686604262                0.057561373235402113               0.002434586684293002               
0.1601912600820918                 0.055839631977765446               0.0023941044697662916              
0.16033978308309815                0.05859464160344368                0.0024760755327721488              
0.16048830586886284                0.057793814477493724               0.002471085067551645               
0.160636828439187                  0.05497345536889655                0.002406122775487657               
0.16078535079387168                0.05964476261183949                0.0025227046660049523              
0.16093387293271805                0.05574364291088717                0.0024468743480406245              
0.1610823948555272                 0.055495328868368526               0.0024744144140105505              
0.16123091656210026                0.058147389169630255               0.002511584676681756               
0.16137943805223834                0.05715580747840982                0.0025284240617091587              
0.1615279593257426                 0.0556059818385971                 0.0024768872939905295              
0.16167648038241414                0.0573276907242623                 0.002541005216903613               
0.16182500122205412                0.05463670511256166                0.002506903959933561               
0.16197352184446365                0.05573683825719842                0.0025230881168333236              
0.16212204224944385                0.0548756263996324                 0.002525855440238637               
0.16227056243679583                0.060124554405822865               0.00263917501943971                
0.1624190824063208                 0.05453210878731183                0.002531589595691913               
0.16256760215781982                0.054542662359790745               0.0025598139805824405              
0.1627161216910941                 0.05664607215558649                0.0025991000428917336              
0.1628646410059447                 0.053211903740833885               0.0025425631099972945              
0.16301316010217284                0.06193718218091823                0.0027534435990566935              
0.1631616789795796                 0.056338851957365425               0.0026211206089152756              
0.16331019763796614                0.053553816201267694               0.002610053297896471               
0.16345871607713366                0.05910041261549333                0.002694746861439526               
0.16360723429688329                0.05772380322444261                0.0027150993147850772              
0.1637557522970161                 0.05624291878730242                0.002712274388309001               
0.16390427007733335                0.050165497456234796               0.0025114161074462752              
0.16405278763763612                0.05321424839321977                0.002670746568732459               
0.1642013049777256                 0.06072387744746576                0.0028069622279721686              
0.16434982209740293                0.054956997956014865               0.0027141326712083443              
0.16449833899646926                0.054245221394787595               0.002719067256274572               
0.16464685567472578                0.050935956153202504               0.0026129594177972185              
0.16479537213197368                0.05825077169257632                0.0028356031993598037              
0.16494388836801405                0.05259144102019193                0.0026943411431644823              
0.16509240438264808                0.05655556658939413                0.0028242502203859538              
0.16524092017567696                0.054730901570024595               0.0027966184292497103              
0.16538943574690185                0.05463323636762389                0.0027879906686988257              
0.1655379510961239                 0.05970989509264065                0.002927518463768777               
0.1656864662231443                 0.060201390852180174               0.002965909649643259               
0.16583498112776424                0.05833010045941666                0.0029461149701532903              
0.16598349580978486                0.05175111120337794                0.002794297353375237               
0.16613201026900737                0.062037351876567136               0.003045293832285588               
0.16628052450523292                0.060746380217696                  0.003048773428696971               
0.16642903851826274                0.05488483838850474                0.0029048136833236524              
0.16657755230789795                0.05464239856909785                0.0029333576483828346              
0.1667260658739398                 0.05090685476050543                0.0028592138192824975              
0.16687457921618937                0.04732665859372336                0.002723343176765146               
0.16702309233444793                0.05078864459173605                0.0028846011741244675              
0.16717160522851673                0.053038196846395255               0.002933018987561701               
0.16732011789819684                0.050904793995366834               0.002910033382392097               
0.1674686303432895                 0.057236000506113556               0.003117843617748556               
0.16761714256359592                0.05759659303053616                0.0030875014675994495              
0.16776565455891726                0.05720518563000848                0.003158627974258359               
0.16791416632905476                0.0524963283591837                 0.0030258380630888565              
0.1680626778738096                 0.05336846843158965                0.003050872275746758               
0.168211189192983                  0.05346211334276028                0.0031126845806403883              
0.1683597002863761                 0.05358838039159915                0.0030990960560348664              
0.16850821115379017                0.05722536156410693                0.0032294139823262798              
0.1686567217950264                 0.05332078894745153                0.003152924346854576               
0.16880523220988602                0.05287905315570257                0.0031489017913621945              
0.1689537423981702                 0.05773556968228109                0.0033389342052840515              
0.16910225235968016                0.04979180995761199                0.0030644740631210234              
0.16925076209421713                0.05439665124943505                0.00328024149174897                
0.16939927160158233                0.05406708489937311                0.0032904180019926207              
0.169547780881577                  0.05044073709773067                0.0031587214830838795              
0.16969628993400226                0.05666801168886199                0.0034110134649189957              
0.16984479875865943                0.05661581697399131                0.0034202865865925794              
0.16999330735534968                0.049184008582368675               0.0032084109543580523              
0.17014181572387424                0.051904932454713816               0.0033504489830521243              
0.17029032386403442                0.0521594753893453                 0.0033255666873846868              
0.17043883177563132                0.05274374902738892                0.0034117095074827947              
0.17058733945846627                0.052941554918857776               0.003453526250467148               
0.1707358469123404                 0.05784906694481933                0.003622649093745684               
0.17088435413705508                0.04877641283278306                0.0033499777870525773              
0.1710328611324114                 0.05561311357060981                0.003589811044828558               
0.17118136789821065                0.05701037429552838                0.003687694553305358               
0.17132987443425413                0.047099695442139634               0.0033642639601528302              
0.17147838074034302                0.055399559971400766               0.003718175013099811               
0.17162688681627855                0.058144703417133826               0.0038091861721170107              
0.17177539266186204                0.057841109538034965               0.0038139298188927064              
0.17192389827689467                0.05891355541627791                0.003910230009902044               
0.17207240366117768                0.05834228936457079                0.003906888666275192               
0.17222090881451232                0.05443577031252576                0.0038685817419999873              
0.1723694137366999                 0.057583816993247765               0.003945578127254813               
0.17251791842754163                0.05296030769814087                0.0038320733738847475              
0.17266642288683876                0.06236641370518143                0.004176363963683751               
0.17281492711439256                0.06430426124913184                0.004315819431341938               
0.17296343111000428                0.051846332292978276               0.003964788123830206               
0.1731119348734752                 0.04836249885350729                0.0038114988618175674              
0.1732604384046066                 0.053469209700979604               0.004007686705644914               
0.17340894170319962                0.056694862427870946               0.004225785545457273               
0.17355744476905563                0.050429842518202005               0.004024739589954467               
0.1737059476019759                 0.04998746506486587                0.004067922215301438               
0.17385445020176168                0.06087105168201924                0.004512062546373934               
0.17400295256821427                0.0542982184952265                 0.004306128827930964               
0.17415145470113486                0.058954468563229896               0.004534959120248453               
0.17429995660032482                0.05298936435637959                0.004370489110763275               
0.17444845826558536                0.05257928271692919                0.004427974394836153               
0.17459695969671776                0.06149005247596648                0.0048162726172108605              
0.17474546089352336                0.06639430684172519                0.005004659182039293               
0.17489396185580336                0.05367070734476883                0.004636442945376339               
0.1750424625833591                 0.05215489614120021                0.004627998658881537               
0.17519096307599183                0.0476109766181779                 0.004478863926884347               
0.1753394633335029                 0.04542012494964023                0.004432550325168539               
0.17548796335569353                0.05217187542597984                0.004782587979013879               
0.17563646314236503                0.06305838785604469                0.00536788644815762                
0.1757849626933187                 0.057729726889530826               0.005248156989957348               
0.17593346200835586                0.047938490811362915               0.0048179996071876004              
0.17608196108727775                0.06032424209254118                0.005529914206059847               
0.17623045992988567                0.06336593502691185                0.0056676215271203945              
0.17637895853598098                0.05785744599509889                0.0055932904206451                 
0.17652745690536492                0.05521086271331562                0.005605813772968374               
0.17667595503783887                0.05179586803024855                0.005429682306095913               
0.176824452933204                  0.04958366826507179                0.005509296473896866               
0.17697295059126175                0.04897162860425268                0.005475194526399106               
0.1771214480118134                 0.04899671866195443                0.005695752850647427               
0.17726994519466022                0.05453326708660009                0.006135471899710111               
0.17741844213960353                0.043728750657229816               0.00555355688702785                
0.17756693884644464                0.06797786530879196                0.007246464790079822               
0.1777154353149849                 0.0520613835536786                 0.006267454071935032               
0.17786393154502564                0.04492262787072128                0.006113195343788748               
0.17801242753636812                0.05767855945856527                0.007209819932320659               
0.17816092328881367                0.07045039166666492                0.008081214152838221               
0.17830941880216367                0.06587181949103971                0.008047523585959159               
0.1784579140762194                 0.052329675393657085               0.007400533665629148               
0.17860640911078218                0.0672063991252595                 0.008824632534484601               
0.17875490390565335                0.05647752980833611                0.008238094405315033               
0.17890339846063424                0.048666912473972854               0.008111152078995475               
0.17905189277552622                0.0550148892736255                 0.008809432651176943               
0.1792003868501306                 0.05840054697835792                0.009733424496392987               
0.17934888068424865                0.051228660649247165               0.009353031009456642               
0.17949737427768178                0.07908441586308386                0.012663641506909363               
0.17964586763023138                0.039932256942008755               0.009983064235502189               
0.1797943607416987                 0.08485622976997073                0.014552723346077618               
0.17994285361188503                0.07786823844516416                0.01589478761333536                
0.18009134624059184                0.060834693248912594               0.015707450254978352               
0.18023983862762047                0.11680286461739911                0.02753069921099239                
0.18038833077277225                0.0811132766709774                 0.02565027027596888                
0.18053682267584845                0.04866807183514073                0.02809852437495854                
0.18068531433665053                nan                                nan                                
