#####################################################################################################
# NeXus source file: noemi5saxs
# NXdata: name = img{0}_azimuthalIntegration_Px_28                 
#
#
# Exposure_msec                                     1000.0 + 0.0
# _diffrn_source.source                             Storage Ring SOLEIL, beamline SWING
# _diffrn_sofware                                   Foxtrot 3.5.10-3979
# _diffrn_detector.detector                         EIGER-4M
# _diffrn_comment.comment                           -
# _sas_detc.pixnum_ax                               [1035]
# _sas_detc.pixnum_eq                               [1083]
# _sas_detc.pixsize                                 150.0
# _sas_detc.center_ax                               285.110346632731
# _sas_detc.center_eq                               957.0166664324403
# _sas_detc.dist_spec/detc                          6137.21860334
# _sas_detc.energy                                  12.000513668149837
# _sas_detc.gain                                    1.0
# _sas_detc.detector_based_uncertainty              0.0
# _sas_detc.encoder_delta                           0.0
# _sas_detc.delta0                                  0.0
# _sas_detc.gamma_offset                            0.0
# _sas_detc.wave_length                             1.0331573224991384
# _sas_detc.bias                                    0
# _sas_detc.mask                                    E:\20251487\published-data\3120\2026-09-03_session3\\mask_bags_saxs_12kev_sept26.txt
# Normalization                                     true
# Normalization Factor                              0.02571
# Normalization Monitor                             averagemi8b
# Normalization Intensity                           1.3776028731281363e-06
# GlobalNormalization                               32.008203561521334
# AbsTimeStamps                                     nan
# TimeStamps                                        1.3606491088867188
# gapTime                                           500.0
# step_global_regrid                                nan
# xmax_global_regrid                                nan
# xmin_global_regrid                                nan
# ymax_global_regrid                                nan
# ymin_global_regrid                                nan
#####################################################################################################
q(A-1)                             I(q)8SN_00197{00000}_AzInt_Px_28   Sig(q)8SN_00197{00000}_AzInt_Px_28 
0.0                                nan                                nan                                
0.00014863910320409943             nan                                nan                                
0.0002972782062084175              nan                                nan                                
0.0004459173088131729              nan                                nan                                
0.0005945564108185842              nan                                nan                                
0.0007431955120248703              nan                                nan                                
0.0008918346122322496              nan                                nan                                
0.001040473711240941               nan                                nan                                
0.001189112808851163               396.40621202765755                 1.7595823314542471                 
0.0013377519048631344              337.3080830001898                  0.6626391922374337                 
0.001486390999077074               300.61482140283323                 0.46734794355778403                
0.0016350300912932002              257.2605848631098                  0.3722562541408233                 
0.0017836691813117322              230.50514169810222                 0.36184980402211087                
0.0019323082689328885              211.77659393013812                 0.3240694466345076                 
0.0020809473539568878              197.5739620932635                  0.2888140939216084                 
0.0022295864361839487              186.48388099805973                 0.27330195712998384                
0.0023782255154142914              177.389687133721                   0.2454367942655749                 
0.002526864591448133               171.7303653931841                  0.2497719862205718                 
0.0026755036640856928              166.72052887728617                 0.22379340437018372                
0.00282414273312719                162.0766570206291                  0.2196013500571234                 
0.002972781798372844               158.22958207169782                 0.21008945614395946                
0.0031214208596228726              155.49971181738243                 0.200374081560792                  
0.003270059916677496               152.72693861744747                 0.20194557265470853                
0.0034186989693369323              150.48779606094732                 0.18391311216818293                
0.0035673380174014                 147.82472506677098                 0.18293780281965233                
0.0037159770606711206              145.92499491715333                 0.17981452020543365                
0.0038646160989463108              144.27643944551969                 0.17392982305300958                
0.004013255132027191               142.56329709253433                 0.17174530889559744                
0.00416189415971398                140.60133729350665                 0.15934600384394118                
0.004310533181806896               139.0948406566315                  0.16083122997030105                
0.004459172198106161               137.33358151038937                 0.15748342320430217                
0.0046078112084119915              135.78747481164575                 0.15309468212488753                
0.004756450212524608               134.40351090183617                 0.1518934903527728                 
0.0049050892102442305              132.59837155294974                 0.14285341864850698                
0.005053728201371077               131.39760322402904                 0.14622198731681607                
0.00520236718570537                129.899034932099                   0.13835810973191887                
0.005351006163047325               128.76713866167879                 0.13840840926071188                
0.005499645133197165               126.91157119363429                 0.13486274025691988                
0.005648284095955107               126.06022557283355                 0.13142901323792586                
0.005796923051121373               124.41747469821117                 0.13322578241383154                
0.005945561998496182               123.10596572413901                 0.12453269032554129                
0.006094200937879753               121.89482739247762                 0.12467497019954259                
0.006242839869072308               120.55873239439018                 0.12348680463938841                
0.006391478791874063               119.27145639030007                 0.12160115510335841                
0.006540117706085243               117.8659824519837                  0.11923783576818468                
0.006688756611506066               116.72809978933304                 0.11412438127668455                
0.006837395507936751               115.14428474058901                 0.11651129188002336                
0.006986034395177519               113.90291341863238                 0.1119381244535807                 
0.007134673273028592               112.82085116110356                 0.11101494995761947                
0.007283312141290187               111.37299808089844                 0.1093486127814881                 
0.007431950999762529               110.0280036687715                  0.10598898658176661                
0.007580589848245835               108.63885654340903                 0.10744563667234018                
0.007729228686540326               107.54911055812187                 0.10231063291036036                
0.007877867514446222               106.18210488988638                 0.10245944998868806                
0.008026506331763748               104.73856852821095                 0.10018770635323562                
0.00817514513829312                103.42183964814623                 0.09835644752349955                
0.008323783933834563               102.17071722602815                 0.09956466691890647                
0.008472422718188292               101.14659257396589                 0.09448089082056732                
0.008621061491154536               99.81455610834757                  0.09412296779976811                
0.00876970025253351                98.43390322213271                  0.0929431487372892                 
0.00891833900212544                97.27940802634065                  0.09213804573195898                
0.009066977739730543               95.81173730544472                  0.09043548846812223                
0.009215616465149042               94.71587231237662                  0.08778410128345271                
0.00936425517818116                93.27613148164889                  0.08886734430273562                
0.009512893878627117               92.16724732782936                  0.08581635745631738                
0.009661532566287137               90.93679631135373                  0.08502442855047564                
0.009810171240961438               89.75448730431691                  0.08414933527257258                
0.009958809902450245               88.34680065101392                  0.08126012681945961                
0.010107448550553781               87.25474416162649                  0.08371243478357084                
0.010256087185072265               86.0162209072504                   0.0788712242059117                 
0.01040472580580592                84.89951101763533                  0.07965898287189332                
0.010553364412554972               83.64600436934575                  0.07715439509944282                
0.010702003005119639               82.34756526002674                  0.07664056271400654                
0.010850641583300147               81.17210453497557                  0.07688562403263124                
0.010999280146896714               79.98742527446284                  0.07402848348472507                
0.011147918695709568               78.78364314433045                  0.07379369497953078                
0.011296557229538928               77.48294648398758                  0.07199711549856108                
0.011445195748185017               76.35925028085062                  0.07154979156918832                
0.011593834251448063               75.28099117635522                  0.07089086430777966                
0.011742472739128288               74.14701223332197                  0.06868733175151288                
0.01189111121102591                72.99957103225813                  0.06936518969651909                
0.012039749666941157               71.83270172771668                  0.06733318027880306                
0.012188388106674252               70.71954891352246                  0.06614464805817008                
0.012337026530025419               69.6741147652216                   0.06584981534341403                
0.012485664936794882               68.43492360667908                  0.06437018618969427                
0.012634303326782862               67.56548021162205                  0.06465282416118057                
0.012782941699789586               66.37798388212549                  0.062434839756198596               
0.012931580055615283               65.26692513489164                  0.062321478396706244               
0.013080218394060168               64.29359688168454                  0.06070947355838184                
0.01322885671492447                63.25856987175075                  0.06060932367723713                
0.013377495018008414               62.16056313200238                  0.059803758794746795               
0.013526133303112226               61.162526027376906                 0.05836227830779297                
0.013674771570036126               60.08460600777473                  0.05789733744426465                
0.013823409818580348               59.0553444610759                   0.056744441414066295               
0.013972048048545106               58.06706880790173                  0.05686625003747725                
0.014120686259730635               57.16056329925734                  0.05520400007965122                
0.014269324451937156               56.22388635274969                  0.054288575243806154               
0.014417962624964894               55.22669648511327                  0.054448287015209665               
0.014566600778614077               54.29019524626904                  0.05316873101602736                
0.014715238912684931               53.33295790128429                  0.052874462111723336               
0.01486387702697768                52.35298190011541                  0.05148721785618116                
0.015012515121292555               51.40040384926                     0.05072970133202424                
0.015161153195429777               50.58692107565498                  0.05081767445332768                
0.015309791249189571               49.6901475068404                   0.0493670118943607                 
0.015458429282372172               48.79701337483658                  0.04938875363783856                
0.015607067294777802               47.93506949473786                  0.047780012163877845               
0.015755705286206685               47.063457152087565                 0.04774562599629012                
0.015904343256459057               46.1082665016361                   0.04729530615938562                
0.01605298120533514                45.33320677575664                  0.04590872203214375                
0.016201619132635157               44.40918483529291                  0.04588443147170275                
0.01635025703815934                43.653094400484804                 0.04458791490454673                
0.016498894921707925               42.86763227818615                  0.044877191780160815               
0.016647532783081127               42.049190781480114                 0.04372927158785166                
0.016796170622079182               41.346755605177954                 0.042896711176326846               
0.016944808438502313               40.43946986171305                  0.042790765906357914               
0.01709344623215075                39.67779845448716                  0.04181408415849428                
0.017242084002824728               38.87584431412521                  0.04180415822430033                
0.01739072175032447                38.20746005551151                  0.040382254051900754               
0.017539359474450206               37.52010577504887                  0.04032147899920038                
0.017687997175002166               36.64192611593888                  0.03976417435735532                
0.017836634851780577               36.03955203185395                  0.038928479125879496               
0.017985272504585672               35.21293587022776                  0.03890058308245073                
0.01813391013321768                34.55377547249382                  0.03759008606164833                
0.018282547737476833               33.80358125541418                  0.03760047654924471                
0.018431185317163357               33.17833846167689                  0.03697984234937343                
0.018579822872077482               32.5986814067372                   0.03632149840891529                
0.01872846040201944                32.19061440889091                  0.03632951383909719                
0.018877097906789472               31.463863291257987                 0.03603550159252746                
0.019025735386187796               30.817759528715232                 0.036492525492823176               
0.019174372840014643               30.155353502567145                 0.03558511157887581                
0.01932301026807025                29.815612098499123                 0.03547959412887041                
0.019471647670154846               28.948179162886625                 0.03633607632063395                
0.019620285046068664               28.274397796398873                 0.03578037406907561                
0.019768922395611937               27.703662745264133                 0.03610416853031296                
0.019917559718584898               27.031500790729297                 0.03521554117772112                
0.020066197014787773               26.47200036603096                  0.035561281405994974               
0.0202148342840208                 25.88673441565311                  0.03571634042744831                
0.020363471526084212               25.326539519407504                 0.03465119540297732                
0.02051210874077824                24.671481556457394                 0.03523099187970853                
0.020660745927903117               24.147290886584972                 0.03388633744488184                
0.020809383087259083               23.59283701321764                  0.03479001378844111                
0.02095802021864636                23.042839992444392                 0.03407574624226174                
0.02110665732186519                22.506598646381164                 0.033488402893923956               
0.021255294396715804               22.013735031804618                 0.03355054589714803                
0.021403931442998434               21.50311339134854                  0.03283825218057967                
0.021552568460513323               21.01570025644357                  0.03338779406345518                
0.021701205449060703               20.48038679519365                  0.03238751723440824                
0.021849842408440803               19.987758909713804                 0.03204821281725346                
0.02199847933845386                19.542354678738864                 0.03216888820978943                
0.02214711623890011                19.0772236708548                   0.03136136400473191                
0.02229575310957979                19.223574300649638                 0.03127566930482284                
0.022444389950293145               18.583701265689346                 0.02986409784111443                
0.022593026760840393               18.07192528315641                  0.029609639696862294               
0.02274166354102178                17.557493857033194                 0.02918517041007754                
0.02289030029063754                17.07183983933353                  0.027985983401912037               
0.02303893700948792                16.62260939445238                  0.028029986885629615               
0.02318757369737314                16.265659528640626                 0.02713847117086771                
0.023336210354093452               15.831294994333511                 0.027354679882907542               
0.02348484697944908                15.42936729624885                  0.026412483710952006               
0.02363348357324028                15.01546894259076                  0.026169681260680942               
0.023782120135267273               14.590389974464895                 0.02579660151614835                
0.023930756665330306               14.255649361734232                 0.02509910230679443                
0.02407939316322961                13.865832153775276                 0.025166300307572217               
0.024228029628765434               13.506881752595493                 0.024311007787221586               
0.024376666061738005               13.163284822239769                 0.02413539282666632                
0.024525302461947576               12.80168476792706                  0.02381845860388639                
0.024673938829194372               12.456622501901021                 0.023137032557769967               
0.024822575163278647               12.124430160520264                 0.023279135944445226               
0.02497121146400064                11.792680026432006                 0.022253310675932163               
0.02511984773116057                11.498933210161884                 0.022510262792879744               
0.025268483964558705               11.16300058520608                  0.0219480612560978                 
0.025417120163995274               10.848174391789875                 0.021329232682553902               
0.02556575632927051                10.600137631859841                 0.021358096666291675               
0.02571439246018467                10.282785715086053                 0.020533031825174037               
0.025863028556537982               9.997751595476334                  0.020814154760243578               
0.0260116646181307                 9.759031046429751                  0.020176124520626577               
0.026160300644763053               9.482290692254232                  0.019874736420246154               
0.0263089366362353                 9.181622413704684                  0.019531079135665385               
0.026457572592347666               8.938152817144664                  0.0192320653761142                 
0.026606208512900405               8.656663897131738                  0.019027886892944764               
0.026754844397693756               8.440057190302678                  0.018445800083863314               
0.02690348024652797                8.197708373286185                  0.018249828458052435               
0.02705211605920328                7.951322643675295                  0.018127361066574685               
0.027200751835519926               7.6825919439562655                 0.017553390736158556               
0.027349387575278168               7.507706497432513                  0.01744224535640556                
0.027498023278278244               7.297236463167529                  0.017118488694175572               
0.0276466589443204                 7.054045715644354                  0.016777001183336353               
0.027795294573204874               6.863523397844417                  0.016644824973195402               
0.027943930164731925               6.685524383828555                  0.01623982610555661                
0.02809256571870178                6.421420804989574                  0.015915829377590045               
0.028241201234914706               6.276695364232777                  0.015715624667968102               
0.02838983671317093                6.039466308693443                  0.015386738351334143               
0.028538472153270714               5.912126188499616                  0.015204599338945402               
0.0286871075550143                 5.6718750915650835                 0.014855324870986533               
0.02883574291820193                5.519259911433504                  0.014536907148003464               
0.028984378242633856               5.3439772278199635                 0.014491905170101217               
0.029133013528110326               5.1907146662574934                 0.014037523136431345               
0.02928164877443159                5.017352414757303                  0.013920022698502975               
0.029430283981397888               4.899323590134054                  0.013721442415072867               
0.029578919148809477               4.7452776732720565                 0.01340543453288243                
0.029727554276466603               4.571539295490837                  0.013213921103927218               
0.029876189364169515               4.439520232966365                  0.012896213227731976               
0.03002482441171847                4.324492193672757                  0.012735686123960041               
0.0301734594189137                 4.17026255217284                   0.012536658672464849               
0.030322094385555477               4.020140695637791                  0.012294123218717696               
0.03047072931144404                3.9214785730279025                 0.012027095091733449               
0.03061936419637964                3.7802390974275464                 0.011843530851105694               
0.030767999040162516               3.647642467205067                  0.01156548956982515                
0.030916633842592953               3.5417203782388937                 0.011518657834229324               
0.031065268603471176               3.4532620757605734                 0.011181169228659565               
0.031213903322597436               3.329930250776255                  0.011082909672129056               
0.031362537999772004               3.2356119037777398                 0.0108230789569347                 
0.031511172634795116               3.1030012866910246                 0.010598970286021414               
0.03165980722746703                3.021508016857538                  0.01050154434082559                
0.03180844177758801                2.8996174155561727                 0.0101520599255047                 
0.03195707628495829                2.8144181585266588                 0.01007077996504164                
0.03210571074937814                2.7298022626402743                 0.009901121641789698               
0.032254345170647805               2.6297044814359927                 0.0096735243074165                 
0.03240297954856755                2.5595930006609993                 0.009565514563642104               
0.03255161388293761                2.4894353681053505                 0.009311783881815774               
0.03270024817355827                2.3955379008959117                 0.009259193676695608               
0.03284888242022977                2.3297165711610273                 0.009038399747586669               
0.03299751662275236                2.257237084345683                  0.008896694451889538               
0.033146150780926295               2.1806834000362394                 0.008724967477792223               
0.03329478489455186                2.1213402409016053                 0.008557757745421075               
0.033443418963429276               2.0327720154735873                 0.008490545280324                  
0.033592052987358824               1.986671800981004                  0.008236293312593762               
0.03374068696614075                1.9355393231619091                 0.008174403773035072               
0.03388932089957531                1.8710781707733426                 0.008006229060937264               
0.03403795478746278                1.8311832506610788                 0.007937843508675558               
0.03418658862960341                1.8231831410514974                 0.007951194831293655               
0.034335222425797444               1.7264602194438345                 0.007833639519560323               
0.034483856175845165               1.6669517870118398                 0.0077956248429445                 
0.03463248987954682                1.6261625301219176                 0.007713170871333031               
0.034781123536702666               1.5751289923717942                 0.007667880525182294               
0.03492975714711298                1.5534732813080006                 0.007601378287419586               
0.03507839071057801                1.5255507680943612                 0.007326339438514416               
0.03522702422689801                1.462692076550391                  0.007231044209641397               
0.03537565769587327                1.4201562415670372                 0.007029270662723578               
0.03552429111730402                1.375802556755996                  0.006937975957929419               
0.035672924490990535               1.3477369933121994                 0.006806144889091938               
0.03582155781673309                1.2828601794619974                 0.006607679540794731               
0.03597019109433192                1.2692507087265832                 0.006649029050224412               
0.03611882432358732                1.2372616469193596                 0.006426487838469147               
0.03626745750429954                1.2009939531011784                 0.006389893038260659               
0.03641609063626884                1.1695580834651071                 0.006238197642917976               
0.03656472371929549                1.1410984867214742                 0.006184929206347011               
0.03671335675317976                1.1191077178931235                 0.006125043954446957               
0.0368619897377219                 1.1024097308384226                 0.006021310639820742               
0.03701062267272219                1.059875714137505                  0.005916478840198771               
0.03715925555798089                1.0365201613750474                 0.005847838874061991               
0.03730788839329828                1.023282290379634                  0.005801195939357433               
0.037456521178474596               0.9939362776442494                 0.0056905163216408325              
0.03760515391331015                0.9723103658920907                 0.005584763460630569               
0.037753786597605164               0.9534744903532953                 0.005579309748477536               
0.03790241923115994                0.9339679312382808                 0.005481991642044932               
0.038051051813774724               0.9204986125773246                 0.005450746588578629               
0.03819968434524979                0.8958803668846327                 0.005349802916749355               
0.03834831682538542                0.8959111685913729                 0.0053335605186160566              
0.03849694925398188                0.8690304913428155                 0.005290711033038935               
0.03864558163083943                0.8521001497928821                 0.005193608958404419               
0.03879421395575834                0.8474432922261519                 0.005176776973661188               
0.038942846228538906               0.825948942759431                  0.005059749785243501               
0.03909147844898136                0.8162833532762813                 0.005093619729760408               
0.03924011061688601                0.7937079309032774                 0.0049649431511115056              
0.0393887427320531                 0.7948658812694441                 0.004936769489772567               
0.039537374794282924               0.7748627830433233                 0.004879047445813243               
0.039686006803375744               0.7623957786475866                 0.004811336971293795               
0.039834638759131825               0.7524034336284993                 0.004805458378113324               
0.03998327066135146                0.7593169752119635                 0.0047830575396110185              
0.04013190250983492                0.7373472311674468                 0.0046863186638097095              
0.04028053430438246                0.7346874729521543                 0.004707117928573569               
0.04042916604479439                0.7223102405161698                 0.004640502271534501               
0.04057779773087095                0.7185231248190042                 0.004659549787049543               
0.040726429362412435               0.7127869721318411                 0.004568584103588711               
0.04087506093921912                0.7069504135062996                 0.004604099292439296               
0.04102369246109126                0.6874303952811898                 0.004529238559131938               
0.04117232392782917                0.6973844468235412                 0.004525323112491347               
0.041320955339233106               0.684693324177994                  0.004513752938269951               
0.041469586695103346               0.6863146040284702                 0.004489265610390879               
0.04161821799524017                0.6808801685636131                 0.004492619534505893               
0.041766849239443855               0.669455136630009                  0.004452656804576955               
0.04191548042751469                0.6781884275563144                 0.0044397220111669885              
0.042064111559252944               0.6666800287192273                 0.0044142284228101325              
0.0422127426344589                 0.6540947134090104                 0.004360146988861693               
0.042361373652932834               0.6856590202634315                 0.004464111346454485               
0.04251000461447503                0.6570684322627129                 0.004460162865730276               
0.04265863551888578                0.6605282538513226                 0.0044915191845097185              
0.042807266365965366               0.6519185577602794                 0.004526775617419637               
0.04295589715551405                0.6496111729892015                 0.00452331161106366                
0.04310452788733213                0.6449316450136207                 0.0045298812033895165              
0.04325315856121989                0.6445888845467512                 0.004514906490203164               
0.0434017891769776                 0.6438862034668641                 0.004561180535245119               
0.043550419734405564               0.6334970179358496                 0.004519563080308963               
0.04369905023330405                0.6318492338456206                 0.004502082206051336               
0.043847680673473347               0.6301775651901508                 0.0045358823582003025              
0.04399631105471376                0.6344189058114905                 0.004504298604722888               
0.04414494137682554                0.6173722302239771                 0.004491910679046253               
0.044293571639608995               0.6136311419646248                 0.0044619754947028325              
0.04444220184286442                0.6261189497087026                 0.004500146013543739               
0.044590831986392084               0.6171927535169837                 0.004477233392323105               
0.04473946206999227                0.6229438426263086                 0.004495709940378989               
0.044888092093465295               0.6163726654193763                 0.004528725363267566               
0.04503672205661142                0.6036861045406585                 0.004407407311540678               
0.04518535195923094                0.6134241334805675                 0.004515479067342344               
0.04533398180112416                0.6096802826471257                 0.0044755690931048316              
0.04548261158209136                0.5993014163086285                 0.004451376371960805               
0.04563124130193283                0.5939178874228505                 0.004476570176788443               
0.04577987096044885                0.5891613679063337                 0.004392691977744822               
0.045928500557439744               0.5982662147532262                 0.004490506190075595               
0.04607713009270576                0.5841411499392147                 0.004430017830365597               
0.04622575956604723                0.5843829089800373                 0.004421437430684589               
0.04637438897726441                0.5807149612276458                 0.0044170093966443965              
0.04652301832615762                0.5851767860795675                 0.0044009451818416605              
0.04667164761252716                0.5808108945602826                 0.004453437517564118               
0.0468202768361733                 0.5752088916723744                 0.004367933319832678               
0.04696890599689635                0.5784787097305727                 0.004392003455326454               
0.04711753509449661                0.5711616990757523                 0.004368804740590155               
0.04726616412877436                0.5721361081009392                 0.004321979823860759               
0.0474147930995299                 0.5657750185026971                 0.0043435141191377384              
0.04756342200656354                0.5628956344706527                 0.004280234836065839               
0.04771205084967556                0.5616849518936143                 0.004295814645271161               
0.04786067962866626                0.559540669497058                  0.004294387043181578               
0.048009308343335964               0.5547015415492853                 0.0042204903847161395              
0.04815793699348494                0.5564761500948806                 0.004282613522689206               
0.048306565578913496               0.5450258552042786                 0.004177087230270585               
0.04845519409942194                0.5406036894638702                 0.0042166516847408925              
0.04860382255481056                0.5391821879333929                 0.004217770390036301               
0.04875245094487968                0.5408452434857196                 0.0041567830848026795              
0.04890107926942957                0.5293351037154357                 0.004159362881705976               
0.04904970752826055                0.5325464884195577                 0.004135355792508314               
0.04919833572117292                0.5331003581936049                 0.004180697105090377               
0.04934696384796698                0.5304231386601352                 0.004139889881697601               
0.049495591908443035               0.5194135794302347                 0.00408405098234212                
0.049644219902401386               0.5215405863731218                 0.004111464961835163               
0.04979284782964235                0.5202090920896466                 0.00407671852633099                
0.049941475689966215               0.5108158235961862                 0.004081696717449156               
0.05009010348317329                0.5065908981285001                 0.0040107222631025315              
0.050238731209063886               0.5083624461138463                 0.004046620163746804               
0.05038735886743832                0.5018071338921377                 0.004037128650751813               
0.05053598645809688                0.5011413940078964                 0.004007464393489182               
0.05068461398083988                0.4932445826293526                 0.003979850112771897               
0.050833241435467615               0.49350441553967367                0.0039505644951881415              
0.05098186882178042                0.4922100625916058                 0.003985931270039269               
0.05113049613957859                0.4869298682032442                 0.003938139335754202               
0.05127912338866244                0.47889219710960396                0.003915493251481539               
0.05142775056883227                0.4750062709268924                 0.003905583200913256               
0.051576377679888395               0.4787168126707131                 0.0038869998180197083              
0.05172500472163113                0.47194419391657866                0.003905035617613513               
0.05187363169386079                0.46874343671190805                0.003825107187130916               
0.052022258596377664               0.4623182527867584                 0.0038256490585216354              
0.05217088542898209                0.45598513812334823                0.0038187513647143507              
0.052319512191474384               0.45032083119838373                0.0037756862620548165              
0.052468138883654855               0.4527115731501647                 0.003783780378785122               
0.052616765505323786               0.44993518501633434                0.0037588688231172396              
0.05276539205628153                0.43753175581058906                0.003712297934294785               
0.0529140185363284                 0.4434086307732227                 0.0037428113150914377              
0.05306264494526469                0.43562233025252234                0.003724900792198788               
0.053211271282890736               0.4279449781572326                 0.0036677106069951566              
0.053359897549006836               0.4220803765084901                 0.0036261147204912675              
0.053508523743413326               0.41385468574184225                0.0036122822473433555              
0.053657149865910525               0.41529882356948594                0.0035986631402816424              
0.05380577591629874                0.4167237030451357                 0.003613860375698649               
0.0539544018943783                 0.4069765423804845                 0.0035695576949673923              
0.05410302779994951                0.40835005285737513                0.003571999892600161               
0.054251653632812716               0.3975237562917401                 0.0035402993669874016              
0.05440027939276821                0.39945774435080367                0.0034895458026173998              
0.05454890507961633                0.3905876555196462                 0.0034952002946386867              
0.0546975306931574                 0.3806162034108098                 0.0034520260516189764              
0.05484615623319174                0.38259785713192057                0.003448927601353403               
0.05499478169951966                0.3833153942127706                 0.0034590518960524457              
0.05514340709194151                0.378927976003218                  0.0033920854011494205              
0.05529203241025758                0.3714195949146402                 0.003406659132923481               
0.055440657654268234               0.37350945360258103                0.003384231993025946               
0.05558928282377376                0.36604564035115805                0.0033701516913423055              
0.05573790791857452                0.3586810617122199                 0.003324543014755445               
0.05588653293847082                0.35311576375922127                0.0032793043811541567              
0.05603515788326298                0.36081951230472703                0.0033476729298004527              
0.05618378275275134                0.3494312848345904                 0.0032621532707862617              
0.05633240754673624                0.3487030260415533                 0.0032795966404249224              
0.05648103226501799                0.3435539457876742                 0.003236182334435245               
0.05662965690739693                0.3404046684138797                 0.003226041122164069               
0.056778281473673364               0.3358179740341434                 0.0032232131286674265              
0.05692690596364766                0.33364222170924424                0.003166078824027162               
0.05707553037712013                0.3271670421174227                 0.003162695390229168               
0.05722415471389112                0.32560653946201473                0.0031367830261546663              
0.05737277897376094                0.31888835152385897                0.0031239551917524653              
0.057521403156529954               0.32036456656043405                0.003120499879484213               
0.05767002726199845                0.3139356461767082                 0.0030726364781331074              
0.05781865128996681                0.3105899516880848                 0.003087582730912639               
0.05796727524023534                0.3087391503347688                 0.0030325435847302286              
0.058115899112604404               0.30416481559623654                0.0030405841376848                 
0.0582645229068743                 0.3045684911683958                 0.003029370243675742               
0.058413146622845386               0.30155979482899925                0.0030013751158697696              
0.058561770260317995               0.29630672350303966                0.0030054421556122406              
0.05871039381909247                0.2867417743522971                 0.0029183496312114644              
0.05885901729896914                0.29151212866023535                0.002966593222462116               
0.059007640699748364               0.2850194708654114                 0.0029095740176516074              
0.05915626402123044                0.28703180926267685                0.002925395187504635               
0.05930488726321576                0.2810062904871776                 0.002915467368666157               
0.059453510425504646               0.27867112398213534                0.002872898185382839               
0.05960213350789743                0.2676303973680508                 0.002830206383314074               
0.05975075651019445                0.2758925232472213                 0.0028571878768601094              
0.05989937943219608                0.26806713002722976                0.0028338742631615543              
0.060048002273702626               0.26388281048778867                0.0027916683474918207              
0.060196625034514444               0.27098075064854854                0.0028276295003502806              
0.060345247714431886               0.2683742852642937                 0.0028314313035940762              
0.06049387031325529                0.26247167605508576                0.0028566680046000774              
0.060642492830785                  0.2534664226795475                 0.002850097043596443               
0.060791115266821405               0.2526285480987409                 0.0028600883773198717              
0.06093973762116479                0.25400646325666115                0.002885878146762295               
0.06108835989361553                0.24261761843334184                0.0028612637329353645              
0.06123698208397396                0.24402698123707647                0.0028633855263316198              
0.061385604192040456               0.2413519507199534                 0.002885119753600534               
0.061534226217615354               0.23414534646740892                0.002832357333465209               
0.06168284816049901                0.23224456484572206                0.0028554899425227618              
0.061831470020491754               0.23236733993300385                0.002869169931899397               
0.06198009179739396                0.22718262943990442                0.0028289738521535034              
0.06212871349100597                0.22968628312025915                0.002882132903423497               
0.06227733510112815                0.22520548816244193                0.002831038233722225               
0.06242595662756082                0.2238368917532794                 0.0028889996870945143              
0.06257457807010439                0.22173247861416154                0.0028499941908514364              
0.06272319942855915                0.21131862778849217                0.002777384497786053               
0.06287182070272551                0.21767993924651124                0.0028558167819938175              
0.0630204418924038                 0.21249469332889742                0.0028165381822121867              
0.06316906299739436                0.2113927377143878                 0.002834742505191571               
0.0633176840174976                 0.21118223734430114                0.0027290814081461                 
0.06346630495251382                0.20581793192105655                0.0026836180233755394              
0.06361492580224343                0.20743279771606593                0.002668842881380401               
0.06376354656648675                0.2026484094851501                 0.0026220860626767935              
0.06391216724504416                0.19875357873866864                0.0025897468284017656              
0.06406078783771602                0.1974388765868522                 0.002547015390650933               
0.06420940834430268                0.1996441911548064                 0.0025720425730960533              
0.06435802876460452                0.19403422114295632                0.0025209881645669907              
0.06450664909842187                0.18712665663889572                0.0024641133548254975              
0.06465526934555513                0.19068355556805086                0.002495208365721954               
0.06480388950580464                0.18941272153729982                0.0024676171225366996              
0.0649525095789708                 0.18275644535990387                0.00243264759683073                
0.06510112956485392                0.18405109135485084                0.00241879529488721                
0.06524974946325443                0.1815460424612997                 0.002401058215677901               
0.06539836927397262                0.1790901133230155                 0.002390845305387127               
0.06554698899680893                0.18230319563517589                0.0024072853366460117              
0.06569560863156369                0.17529603444930522                0.0023557805393050204              
0.06584422817803728                0.17773171756593048                0.0023495841894149044              
0.06599284763603007                0.1718457876810647                 0.0023092046076034706              
0.06614146700534243                0.17713191975818066                0.0023538216263868945              
0.06629008628577472                0.16589329305733616                0.0022767873276188385              
0.06643870547712732                0.1710361301772024                 0.0023083501637149715              
0.06658732457920061                0.1720126611483355                 0.002277764022422704               
0.06673594359179495                0.1635996933168685                 0.0022542434997353325              
0.06688456251471071                0.1642275820787957                 0.002250749049515124               
0.0670331813477483                 0.16194478935096573                0.0022230152148712394              
0.06718180009070804                0.16142603965114802                0.0022259838377473753              
0.06733041874339035                0.15935428808694355                0.00220624295579771                
0.06747903730559558                0.15800524767609755                0.0021936711682754378              
0.06762765577712412                0.15507051074240485                0.0021554208691677537              
0.06777627415777635                0.15160523793821445                0.0021498342460296084              
0.06792489244735264                0.15870295941612347                0.002183664063110835               
0.06807351064565337                0.15411567450913408                0.002162295055574807               
0.06822212875247895                0.150170142574541                  0.0021241513956948375              
0.0683707467676297                 0.14756124192915718                0.0020905975646626964              
0.06851936469090604                0.1501820394830913                 0.0021221976910260937              
0.06866798252210835                0.15069391316170883                0.0021197180200127016              
0.06881660026103702                4.320655376845462                  0.01136652538980524                
0.06896521790749241                0.15214737642392606                0.0021319530178382806              
0.06911383546127492                0.14349430741317779                0.002052853422824246               
0.06926245292218494                0.14374112239361533                0.002068271113004653               
0.06941107029002283                0.14182726018395883                0.002034215235771535               
0.06955968756458901                0.1416561745638156                 0.0020512653701555464              
0.06970830474568386                0.13902950744299036                0.002012175129440179               
0.06985692183310774                0.1396338632520271                 0.002024104364917201               
0.07000553882666105                0.13807616401639508                0.0020080752305247965              
0.0701541557261442                 0.13958307570582332                0.002002233065263196               
0.07030277253135758                0.13918346888868446                0.0020179996220627094              
0.07045138924210155                0.13572660389633373                0.0019789340718265763              
0.07060000585817654                0.13412064125642015                0.001974498581695775               
0.07074862237938288                0.13446340488962216                0.0019733529191149216              
0.07089723880552104                0.1337917995890616                 0.0019486538785346934              
0.07104585513639136                0.13223828672399762                0.0019615088417713647              
0.07119447137179426                0.12971791538713523                0.001921377941143436               
0.07134308751153012                0.13115179718431336                0.0019381568674778557              
0.07149170355539934                0.12594341015967675                0.0019036503156439845              
0.07164031950320233                0.13101199825409784                0.0019239444247038666              
0.07178893535473949                0.1293341594555789                 0.0019344587946518955              
0.07193755110981116                0.1289989731974258                 0.0019073841670550898              
0.07208616676821783                0.12545007153749865                0.0018903719225652296              
0.07223478232975981                0.12562166551351986                0.0018925279434882714              
0.07238339779423758                0.12694040690021371                0.0019059175860733008              
0.07253201316145147                0.12487921550635671                0.0018982199601148783              
0.07268062843120196                0.1257182181019977                 0.0018703595587136466              
0.07282924360328936                0.12286619083579918                0.0018674053613685641              
0.07297785867751416                0.12264351314908001                0.0018640209518478667              
0.0731264736536767                 0.12281952256107644                0.0018628272603535842              
0.07327508853157742                0.12409105569765451                0.0018724460507984785              
0.07342370331101672                0.12341060820841324                0.0018522940008645398              
0.07357231799179499                0.12258946621486504                0.0018627692587137173              
0.07372093257371265                0.12339946737843999                0.0018588389322156814              
0.07386954705657013                0.12148951288550912                0.0018386409356958375              
0.07401816144016779                0.12046850417305545                0.0018236065645618014              
0.07416677572430608                0.11930407134860074                0.001824468696471419               
0.07431538990878538                0.11772418092263398                0.0018180392132585142              
0.07446400399340614                0.11794865216376699                0.0017949471400527204              
0.07461261797796873                0.1184665314542516                 0.0018028282470793375              
0.07476123186227358                0.12157545841254432                0.0018167864040451332              
0.0749098456461211                 0.11950115919629574                0.001807514187537982               
0.07505845932931171                0.114507302548659                  0.0017685711941942607              
0.07520707291164581                0.11754864833742791                0.0017810401263246654              
0.07535568639292387                0.11823507024274274                0.0017846930125594922              
0.07550429977294623                0.11743267367566099                0.0017748067439055134              
0.07565291305151335                0.114805829189103                  0.0017616629032119657              
0.0758015262284256                 0.11593160086242169                0.00175815461599779                
0.0759501393034835                 0.11249748339107037                0.0017297073208828932              
0.07609875227648738                0.11425871709835023                0.0017514128583020507              
0.07624736514723769                0.11081239051504728                0.001710890998148895               
0.07639597791553485                0.11239698883775906                0.0017267340157233976              
0.07654459058117927                0.11215038877535052                0.0017182881058374652              
0.07669320314397139                0.1130781594011506                 0.001726836987859035               
0.07684181560371163                0.11182200911047796                0.0017252456863565235              
0.07699042796020039                0.11118520505156833                0.0017087226430699167              
0.07713904021323813                0.11020544883625513                0.0017062038507591247              
0.07728765236262525                0.11007424171086459                0.001690252418836505               
0.07743626440816222                0.1122180445565565                 0.0017231717275604974              
0.0775848763496494                 0.10887304045698415                0.001693714458970484               
0.07773348818688727                0.11324747761542917                0.0017158708729610483              
0.07788209991967622                0.11301397294452027                0.0017234469301647007              
0.07803071154781671                0.11191755531498992                0.0017043502118517506              
0.07817932307110918                0.10874170509118977                0.0016926957512385483              
0.07832793448935403                0.11171726586131195                0.001700708562820031               
0.07847654580235171                0.10934845777952432                0.001680495041637848               
0.07862515700990265                0.10570180920336081                0.0016681674622644547              
0.07877376811180728                0.10889788603146473                0.0016749557004775003              
0.07892237910786605                0.10660808440299421                0.0016641269875291348              
0.07907098999787937                0.1048608230383062                 0.0016422637487098284              
0.07921960078164769                0.10929757996997241                0.0016773378653337726              
0.07936821145897144                0.10928353424523388                0.0016890990579592868              
0.07951682202965109                0.10647486974685082                0.0016494356131715974              
0.07966543249348702                0.1083437638835745                 0.0016713826705823604              
0.07981404285027972                0.10745725700232218                0.0016577068281935974              
0.07996265309982961                0.10695855129297256                0.001662724395485767               
0.08011126324193714                0.10425288498219389                0.001638176042870455               
0.08025987327640273                0.10513715863066546                0.001631062946585188               
0.08040848320302686                0.1063742884256483                 0.001655442979970291               
0.08055709302160995                0.10536801333146324                0.0016348410933292542              
0.08070570273195243                0.10644614775135915                0.0016539596176973266              
0.08085431233385477                0.10643833754554641                0.001641792954809459               
0.08100292182711742                0.10507092394092028                0.001631213600663713               
0.0811515312115408                 0.10309283876676467                0.001624365539955759               
0.0813001404869254                 0.10549535511872159                0.0016358326728892647              
0.08144874965307163                0.09963123623492753                0.001589073543758724               
0.08159735870977995                0.10240253454705958                0.0016071177181573241              
0.08174596765685078                0.10309117629226164                0.0016131643966282583              
0.08189457649408466                0.10299207059348715                0.0016169674800941398              
0.08204318522128196                0.10330522226949078                0.0016115886712504293              
0.08219179383824317                0.1021711010187922                 0.0016072507912617258              
0.0823404023447687                 0.10118998696450827                0.0015892626164373425              
0.08248901074065908                0.1023848875431382                 0.0016076328964931168              
0.0826376190257147                 0.10292851283665896                0.0016086507980372735              
0.08278622719973604                0.09776747912217115                0.0015615337807569013              
0.08293483526252357                0.10070509141050824                0.0015899042337769779              
0.08308344321387771                0.10060849948155413                0.001580910049520226               
0.08323205105359896                0.10050448497996657                0.0015883214756975115              
0.08338065878148777                0.09954051022926558                0.0015724983243109352              
0.0835292663973446                 0.09891546427683544                0.0015669315708829914              
0.0836778739009699                 0.09790093834965237                0.0015688769443124204              
0.08382648129216412                0.09796433204802629                0.001562487169409825               
0.08397508857072775                0.09943028169407463                0.0015666570553687876              
0.08412369573646125                0.09749711978005456                0.001544657229022758               
0.08427230278916509                0.09811472922890059                0.0015593422953133608              
0.08442090972863972                0.09598705739573464                0.0015435673795995634              
0.0845695165546856                 0.0978358433198022                 0.0015558927616680554              
0.08471812326710323                0.09836205552248027                0.0015569932577446707              
0.08486672986569305                0.0963474185550963                 0.0015355267114222453              
0.08501533635025554                0.097573036531492                  0.0015556526850673195              
0.08516394272059116                0.09629270622325485                0.0015332922452951582              
0.08531254897650041                0.0981131394410127                 0.0015501427736872107              
0.08546115511778372                0.09397503176847265                0.0015200824322064337              
0.08560976114424161                0.24197971799160273                0.0024193133656194962              
0.08575836705567454                0.09720711757326828                0.0015484416626301064              
0.08590697285188292                0.09576633630485237                0.0015237521285229594              
0.0860555785326673                 0.09463307313996538                0.0015200261502348708              
0.08620418409782817                0.09287252435350156                0.0015081796824604253              
0.08635278954716594                0.0947757709255262                 0.0015182109620058368              
0.08650139488048113                0.09504138895019251                0.001519155967216375               
0.08665000009757422                0.09322523979899236                0.0014976062909624235              
0.08679860519824566                0.09421455404036778                0.001510189967922961               
0.08694721018229597                0.09240448977370266                0.0015061501381555115              
0.0870958150495256                 0.0905310140715895                 0.0014758094126580586              
0.08724441979973506                0.09151231732210378                0.0014855034432865457              
0.0873930244327248                 0.09344177078795612                0.0015005040005941688              
0.08754162894829534                0.09046166049960899                0.001474678831548591               
0.08769023334624715                0.09165404823466065                0.0014878041364039794              
0.08783883762638073                0.0935650379048387                 0.0014917512831335287              
0.08798744178849653                0.09127166015936328                0.0014835528019970915              
0.08813604583239507                0.09198608334936503                0.0014830678979409092              
0.08828464975787681                0.08928418480797674                0.001465053849933655               
0.08843325356474228                0.08951694216989904                0.0014641500615517023              
0.08858185725279195                0.08956202839812799                0.0014567265007858618              
0.08873046082182631                0.0890033025844669                 0.0014616259981631824              
0.08887906427164587                0.08636484856458476                0.0014326646805313354              
0.0890276676020511                 0.09144906938768475                0.0014747931720608277              
0.0891762708128425                 0.08705763301521123                0.0014405935655062028              
0.08932487390382057                0.0854836931438803                 0.0014194153544980427              
0.08947347687478581                0.08593745206132768                0.0014269498017239152              
0.08962207972553873                0.08742545663837112                0.0014397972528166095              
0.0897706824558798                 0.08559973955170781                0.001424684968950512               
0.0899192850656095                 0.08663893410749872                0.0014289773639426084              
0.0900678875545284                 0.08601477543309352                0.0014270538477943575              
0.09021648992243694                0.08611381784172281                0.001420896288545911               
0.09036509216913566                0.08525713437614173                0.0014148734813886914              
0.09051369429442505                0.08364399392339049                0.0013993239061040462              
0.0906622962981056                 0.08507204459083403                0.0014208305633610896              
0.09081089817997783                0.08333984586049857                0.0014030992893095276              
0.09095949993984224                0.08371945918807919                0.0013947432977816242              
0.09110810157749934                0.08411430254221103                0.001404834836667973               
0.09125670309274964                0.08229604857298604                0.0013818101833399064              
0.09140530448539363                0.08417235804251785                0.001407966169648078               
0.09155390575523184                0.08024759730841265                0.0013660278650207266              
0.09170250690206479                0.08103991788993783                0.0013676771072818794              
0.09185110792569297                0.07859095958552964                0.0013604872878295944              
0.09199970882591689                0.07977789434713617                0.0013600041483327783              
0.09214830960253707                0.07957360018538352                0.0013602821679366993              
0.09229691025535404                0.08055914433072833                0.0013646254088730985              
0.09244551078416828                0.08177203481990772                0.0013768989700150974              
0.09259411118878036                0.08206214191516767                0.0013855208192672154              
0.09274271146899074                0.07778853908461938                0.0013350444508294591              
0.09289131162459997                0.08041405688608402                0.00136138665176882                
0.09303991165540855                0.07724701863113628                0.0013328360314353016              
0.09318851156121703                0.08068539239850413                0.0013591799693682344              
0.09333711134182592                0.07784082256595681                0.0013479056615680446              
0.0934857109970357                 0.07652556255330271                0.0013207811442963663              
0.09363431052664693                0.07852227401460198                0.0013413305499120245              
0.09378290993046016                0.0771504721222878                 0.00132761777306006                
0.09393150920827588                0.07906706797135796                0.0013504397958578828              
0.09408010835989462                0.07658753275505642                0.0013242196194175931              
0.0942287073851169                 0.07662597363922273                0.0013178118864407846              
0.09437730628374329                0.07524704217335308                0.0013154755659069773              
0.09452590505557425                0.07731203255853868                0.001328040460986515               
0.09467450370041036                0.07564936756997045                0.0013070220011779197              
0.09482310221805212                0.07738283871366414                0.0013267145825660704              
0.09497170060830008                0.07421275359019962                0.0012950214793528668              
0.0951202988709548                 0.07725084353298808                0.0013309223705214627              
0.09526889700581676                0.07149124118904479                0.0012687643647067257              
0.09541749501268652                0.07430639925271827                0.0012972482740001366              
0.09556609289136461                0.07528959042974057                0.0013062765199227649              
0.09571469064165158                0.073443709085808                  0.001286902730627553               
0.09586328826334796                0.07213947000541737                0.0012786586708102023              
0.09601188575625429                0.0716341330310982                 0.0012627779481763936              
0.09616048312017107                0.07162497580676247                0.0012745545434157154              
0.09630908035489893                0.07129269400279212                0.0012656394113256387              
0.09645767746023834                0.07381116697793554                0.001289191985858457               
0.09660627443598986                0.07326861669733264                0.001280301752688044               
0.09675487128195404                0.07147234005445675                0.0012609057890738634              
0.0969034679979314                 0.07212610702284965                0.0012776192896742904              
0.09705206458372252                0.07237398626503241                0.0012724635512664918              
0.09720066103912794                0.07143763457979731                0.0012597055589542154              
0.09734925736394817                0.0713044390241182                 0.0012585313876705994              
0.09749785355798385                0.07060683282217059                0.0012568349056635904              
0.09764644962103541                0.07030481771343418                0.0012568466877811773              
0.09779504555290348                0.07021201157640941                0.0012413787182413288              
0.09794364135338857                0.06968138123160045                0.0012459005527930439              
0.09809223702229126                0.07070509851112504                0.0012532347032068617              
0.09824083255941213                0.0676320887885933                 0.0012274446492204537              
0.09838942796455168                0.07033862723426326                0.001245565666339173               
0.09853802323751046                0.06784201684647276                0.0012202512125010117              
0.09868661837808908                0.06940955402565237                0.0012430288214965834              
0.09883521338608807                0.07054683259966248                0.001243031565482687               
0.098983808261308                  0.06716799797376755                0.0012236658444361795              
0.0991324030035494                 0.06845071899169032                0.001220584046715659               
0.09928099761261285                0.06967742610458061                0.0012397019560018753              
0.09942959208829895                0.06872884661942448                0.0012356028493430166              
0.09957818643040817                0.06670553268506674                0.0012074512125957663              
0.09972678063874114                0.06814025700620463                0.0012195154813481443              
0.09987537471309844                0.06814641861061889                0.0012178715994136992              
0.10002396865328061                0.06723490767592935                0.001215640258888022               
0.10017256245908819                0.06955055599286589                0.0012390145446543595              
0.10032115613032179                0.06730633301706286                0.0012032424586320744              
0.10046974966678197                0.06519979856250828                0.0011941675509529483              
0.10061834306826929                0.0660112220561863                 0.0011944920303871957              
0.1007669363345843                 0.06767508938418156                0.0012170518908540258              
0.10091552946552765                0.06705278641287882                0.0012101735097459895              
0.10106412246089981                0.06474543869907308                0.0011797274754984841              
0.10121271532050144                0.0654270795698118                 0.0011979285312650897              
0.10136130804413308                0.06699769172284901                0.0012322749647288686              
0.10150990063159528                0.0663730851854453                 0.001246566563198608               
0.10165849308268868                0.06599867957320556                0.0012472578072095747              
0.10180708539721378                0.06726333847262346                0.0012707038721317028              
0.10195567757497122                0.06611195267099697                0.0012770637798288696              
0.10210426961576155                0.06365895758254597                0.0012472561640538026              
0.1022528615193854                 0.06665482681035567                0.001282297902825573               
0.10240145328564329                0.0629135313298693                 0.0012587742370344396              
0.10255004491433584                0.06628458013107351                0.0012957184664678138              
0.1026986364052636                 0.06383575703845955                0.0012878385909477338              
0.1028472277582272                 0.0658342172615904                 0.0012923584753033338              
0.10299581897302723                0.062432406373481276               0.0012778617334423118              
0.10314441004946424                0.06439097812885872                0.0012966670832927926              
0.1032930009873388                 0.06502736107772099                0.0013124125712294518              
0.1034415917864516                 0.06440618998570875                0.0013111396403259216              
0.10359018244660313                0.0637815205837888                 0.0012992309196460917              
0.10373877296759404                0.06316355278263275                0.0013102328628754806              
0.10388736334922487                0.06392218579312244                0.0013169338902199587              
0.10403595359129628                0.06452967487536673                0.0013266370036458062              
0.1041845436936088                 0.06661734178877882                0.0013074797012219593              
0.10433313365596307                0.06364768999502217                0.0012676408422418605              
0.10448172347815968                0.06225999639639934                0.0012517259145957945              
0.10463031315999925                0.06366662683191258                0.0012507719533995968              
0.10477890270128232                0.06459715489308958                0.0012515444543150693              
0.10492749210180954                0.06124705829384434                0.0012205550485531885              
0.10507608136138147                0.06427798095996605                0.0012469999884238178              
0.10522467047979879                0.06327906767722728                0.001231567184356175               
0.10537325945686203                0.06115316871791792                0.0012074670287157037              
0.10552184829237181                0.06459594773188522                0.0012367533387411009              
0.10567043698612877                0.060630803621423535               0.0011941307116999987              
0.10581902553793347                0.0593132880762475                 0.0011855546420116345              
0.10596761394758658                0.0629993758279803                 0.001208624594283182               
0.10611620221488863                0.06281508148392966                0.0012091007350767218              
0.10626479033964027                0.06122874038399488                0.0011955181664203985              
0.10641337832164213                0.06161106130590663                0.00119346608834524                
0.10656196616069483                0.06297789159046908                0.0012102184985864559              
0.10671055385659896                0.06063429313195157                0.0011714721333297405              
0.10685914140915509                0.06209740598537532                0.001197284385461568               
0.10700772881816392                0.06018247942510011                0.0011726332129638887              
0.10715631608342602                0.06064906228130356                0.0011741705349428487              
0.10730490320474204                0.0607212465117659                 0.0011735902499122387              
0.10745349018191253                0.06088227592213362                0.0011662928836461278              
0.1076020770147382                 0.06226309636532215                0.001190127021371842               
0.10775066370301965                0.06079948086824858                0.0011709542498684828              
0.10789925024655744                0.059728680545804796               0.001153544927901534               
0.10804783664515225                0.05926142411451863                0.0011568849423550661              
0.1081964228986047                 0.059833234346208256               0.001151277951991955               
0.1083450090067154                 0.05958411124738801                0.0011587766635350926              
0.108493594969285                  0.06046671271010386                0.001153684423403818               
0.10864218078611411                0.06060474165514396                0.001159912638981231               
0.10879076645700335                0.059672439214812883               0.0011554796013142964              
0.10893935198175338                0.05996247144608927                0.0011484619179295246              
0.1090879373601648                 0.06195836800210952                0.001173630765240832               
0.10923652259203825                0.06061593767447752                0.0011434934143525562              
0.10938510767717442                0.05955008136658237                0.0011477434723376463              
0.1095336926153739                 0.05731221002398895                0.0011239849126132603              
0.1096822774064373                 0.059197652063827225               0.0011403156822736907              
0.10983086205016526                0.05948115360030362                0.0011434455447591745              
0.10997944654635847                0.05976935992755274                0.0011366612041420134              
0.11012803089481756                0.05745129650492002                0.0011221898167312725              
0.11027661509534314                0.05924063986073607                0.00113714231074946                
0.11042519914773584                0.056036776075859135               0.0010945601457296                 
0.11057378305179637                0.05884270697908338                0.0011274287153990115              
0.11072236680732529                0.05900417257490011                0.001120489496422628               
0.11087095041412333                0.059102083715539495               0.0011299123257399893              
0.11101953387199105                0.05676112754110103                0.0010937872013279193              
0.11116811718072916                0.05833489039187785                0.001112605022943817               
0.11131670034013831                0.05801971418615482                0.0011092196090814125              
0.11146528335001911                0.06009621438436946                0.001134294716647843               
0.11161386621017225                0.058997660999250204               0.0011497657423161208              
0.11176244892039836                0.05989964789277001                0.0011572785741880236              
0.11191103148049807                0.05599695659148636                0.0011357217540923286              
0.1120596138902721                 0.059357268596084874               0.0011784568210104736              
0.11220819614952104                0.056599714926289985               0.0011481829856848473              
0.11235677825804559                0.056696676736907946               0.0011604632565663461              
0.11250536021564642                0.05882604918546612                0.0011834047524334622              
0.11265394202212414                0.05774838440625482                0.0011852213919380512              
0.1128025236772794                 0.057083221437244674               0.0011792946541050776              
0.11295110518091295                0.05794613078932961                0.0011900320701146445              
0.11309968653282537                0.05755084783780785                0.001195349791739621               
0.11324826773281738                0.05897504014485258                0.0012043248725745988              
0.11339684878068956                0.059098477765919116               0.0012098765938207449              
0.11354542967624269                0.055930789619793454               0.001172370337784244               
0.11369401041927737                0.058371993367622076               0.0012000439569488058              
0.11384259100959429                0.05675480169346891                0.001184707848539027               
0.11399117144699408                0.05728237008046405                0.0011920899106809667              
0.11413975173127745                0.056597211921892064               0.0011840006352627742              
0.11428833186224509                0.05744680990588232                0.0011890920921370804              
0.11443691183969763                0.057972312385213935               0.0012098587837817028              
0.11458549166343575                0.05623562716948322                0.0011839735363290205              
0.11473407133326015                0.05924144349460094                0.0012171471927692995              
0.1148826508489715                 0.057743197550992005               0.0012045527327935695              
0.11503123021037048                0.056897414209553486               0.001189500200570075               
0.11517980941725774                0.056806378885771246               0.0012034817610762434              
0.115328388469434                  0.05716618444426142                0.001195641809571684               
0.11547696736669993                0.05773222302844766                0.001212262736255466               
0.11562554610885617                0.05991296216864935                0.0012309439036662017              
0.11577412469570345                0.05770694927270818                0.001205634233144727               
0.11592270312704248                0.05717925435122312                0.0012143828940388512              
0.11607128140267389                0.05574116958798905                0.0011806496502759427              
0.1162198595223984                 0.05654824514738386                0.0012036991822934162              
0.11636843748601669                0.05683482785226425                0.0012062520423352942              
0.11651701529332943                0.05592008331739394                0.0011935772915481612              
0.11666559294413735                0.05745500554530908                0.0012183174914558127              
0.11681417043824113                0.057346354830437166               0.001199935128927092               
0.11696274777544145                0.05712378187151163                0.001214300699402492               
0.11711132495553901                0.05642691519898111                0.0012068720503311619              
0.11725990197833454                0.05731751862072541                0.0012148559938243706              
0.11740847884362866                0.05582785197052597                0.0012009461516869593              
0.11755705555122214                0.05552675743248445                0.0011947455933606175              
0.11770563210091566                0.05572581289265416                0.001204337137766884               
0.11785420849250991                0.054485425358569414               0.0011844657686645524              
0.1180027847258056                 0.05564677688739392                0.001194565994873652               
0.11815136080060339                0.05660608052366314                0.0012143202060956129              
0.11829993671670407                0.05494528739860704                0.0011958765027431275              
0.11844851247390831                0.05608293750496579                0.001216323570757313               
0.1185970880720168                 0.05532165394052512                0.0011925429303244908              
0.11874566351083024                0.056817265324100266               0.0012135566430042512              
0.11889423879014938                0.05583432334488364                0.0012075285476333055              
0.11904281390977489                0.0556785032868185                 0.0012104022453656195              
0.11919138886950753                0.05807681811681033                0.0012356769812087306              
0.11933996366914792                0.05825029622321695                0.0012277512663258353              
0.11948853830849689                0.0549746383254363                 0.0012022239194380256              
0.11963711278735512                0.054724852975017                  0.0011964753712965152              
0.11978568710552326                0.053532396942959186               0.0011878503442787                 
0.11993426126280209                0.056394072049170685               0.0012150960396046415              
0.12008283525899235                0.05699473287682989                0.0012246316980215964              
0.12023140909389472                0.055412408317381305               0.001210062522875021               
0.12037998276730992                0.05797951832865232                0.0012372527711354663              
0.12052855627903868                0.05691131861624309                0.0012242532475670246              
0.12067712962888173                0.05517626327692465                0.0012009036604605245              
0.12082570281663982                0.05503984755220418                0.0012126727318801107              
0.12097427584211363                0.055085711228711115               0.0012116263867227711              
0.12112284870510388                0.055282984582292756               0.0012040823161493471              
0.1212714214054114                 0.05598205155113506                0.0012198870652572432              
0.12141999394283678                0.05362732557277632                0.0011879113972752854              
0.12156856631718085                0.05602780454384625                0.0012261351926023678              
0.12171713852824434                0.05474588493042353                0.0012012495333664774              
0.12186571057582794                0.05570157283271764                0.0012157974806984414              
0.12201428245973238                0.05322431237860173                0.00119764059784544                
0.12216285417975847                0.05433443526013385                0.0012018069514895353              
0.12231142573570686                0.05697517545359156                0.0012385907707302512              
0.12245999712737837                0.0549292950422878                 0.001199226683985076               
0.12260856835457366                0.054148117244296995               0.001207472713400279               
0.12275713941709357                0.054673196346502674               0.001214360382668663               
0.1229057103147387                 0.054381078930324504               0.001202838648732908               
0.12305428104730994                0.053514001350378614               0.0011978078550332356              
0.12320285161460796                0.05432104971837848                0.0012026882557189895              
0.12335142201643355                0.053837369196993064               0.0012050458214899755              
0.12349999225258738                0.05482922081093562                0.0012187280868070204              
0.12364856232287029                0.055549255647229505               0.0012136297955512485              
0.12379713222708298                0.05423896710933068                0.0012137308145873805              
0.12394570196502623                0.05559069238319275                0.0012151152434128928              
0.12409427153650074                0.055204182797777474               0.0012255497953258684              
0.12424284094130733                0.056681578946893615               0.0012295960870833936              
0.12439141017924672                0.054109725141002575               0.0012060170299049214              
0.12453997925011973                0.05034627565256776                0.0011724299145795668              
0.12468854815372699                0.05420483361570417                0.0012060417187557376              
0.12483711688986938                0.054967205409318876               0.0012245207034210675              
0.12498568545834762                0.052804203471978124               0.0011857882395359292              
0.12513425385896246                0.055811180664823115               0.0012290707393193372              
0.12528282209151465                0.053238608935142415               0.0012093438850364437              
0.125431390155805                  0.05380582689850588                0.0011995416222436884              
0.12557995805163427                0.057118980985251144               0.0012455489919670553              
0.12572852577880317                0.05424881478250849                0.001211224898764591               
0.12587709333711253                0.05187652898906062                0.0011885663213458957              
0.12602566072636312                0.054790985261286396               0.0012257767176418243              
0.1261742279463557                 0.05460136952681882                0.001210974077562924               
0.126322794996891                  0.05224081301427742                0.0011969125953201684              
0.12647136187776986                0.05156243945339861                0.0011813700757363685              
0.126619928588793                  0.05206735679984893                0.001193878895050803               
0.12676849512976127                0.052624975806817714               0.0012013081454728598              
0.12691706150047535                0.05599156963655208                0.001229470935122472               
0.12706562770073607                0.054137426427935294               0.0012141977297299403              
0.12721419373034423                0.05493806891100853                0.0012157534786693123              
0.12736275958910062                0.05274022738098942                0.0011989512178740155              
0.12751132527680595                0.05419209324181213                0.0012069538451367175              
0.12765989079326104                0.05346209773982755                0.0012008649537335102              
0.12780845613826677                0.05261150763406502                0.0011954073912015212              
0.12795702131162376                0.05062738474790144                0.0011660839463691556              
0.12810558631313296                0.05290213129354116                0.0011925061349143948              
0.12825415114259503                0.05054870841187765                0.001161195799376769               
0.1284027157998108                 0.053193169136297895               0.0012030466956011415              
0.1285512802845811                 0.05031716150177006                0.0011645120174000355              
0.12869984459670672                0.052587184783510585               0.0011869154197669837              
0.1288484087359884                 0.05089017537112971                0.0011721367165947701              
0.12899697270222704                0.05514202534594154                0.001210233133970854               
0.12914553649522334                0.05330063100040081                0.0012079511585994826              
0.12929410011477813                0.05312329902382897                0.00119295395225942                
0.12944266356069217                0.05043510748995239                0.0011719591108096967              
0.12959122683276636                0.05232370875907807                0.0011947422395347373              
0.12973978993080143                0.052407351256971414               0.0011813529315440306              
0.12988835285459818                0.051158253861947764               0.0011823955606567714              
0.13003691560395744                0.052517189128053504               0.0011871512674420817              
0.13018547817868006                0.0514640730597999                 0.001181288703494359               
0.1303340405785668                 0.05245082585910545                0.0011951548806035262              
0.13048260280341842                0.0517904354868839                 0.0011834915833651403              
0.13063116485303583                0.053513082556577496               0.0012071985117081071              
0.13077972672721977                0.05269701421098944                0.001189697386281138               
0.1309282884257711                 0.05097464899442049                0.001181311428788098               
0.13107684994849064                0.05198858136149767                0.0011883298325817166              
0.13122541129517912                0.05225023261669893                0.0011871987150879279              
0.13137397246563748                0.05039097294149322                0.0011776292159143018              
0.13152253345966647                0.05171394845126981                0.0011765330654290704              
0.13167109427706694                0.05205147528533627                0.0011979316742960616              
0.13181965491763964                0.0502978119557423                 0.001165313198700504               
0.1319682153811855                 0.049351395429514666               0.0011603263467570746              
0.13211677566750527                0.05276679167644754                0.0012045454782550933              
0.13226533577639982                0.05168213664258178                0.0011838018431086234              
0.13241389570766995                0.05232585137625305                0.0011963515547164269              
0.1325624554611165                 0.049855292518804814               0.0011606815566529228              
0.13271101503654026                0.05235401927722967                0.0011982489700725842              
0.1328595744337422                 0.05058843656284099                0.0011783887566446554              
0.13300813365252293                0.05088022963610632                0.0011823024010408556              
0.13315669269268346                0.05111794938680849                0.0011798893669438357              
0.13330525155402462                0.0518447266694512                 0.001187214637902505               
0.13345381023634717                0.05187013809346133                0.001192180728541584               
0.13360236873945192                0.05143180448760898                0.0011871336774186834              
0.13375092706313985                0.051098363696896514               0.0011806960339843938              
0.13389948520721168                0.05218145119089781                0.0011999699997104964              
0.1340480431714683                 0.05094898123867497                0.001181033775449603               
0.13419660095571057                0.0510255078264596                 0.0011850385291229909              
0.13434515855973928                0.050764563944961115               0.0011758115069393069              
0.13449371598335533                0.05342008168106728                0.0012125280106521769              
0.13464227322635955                0.050555542399577685               0.0011769840810309498              
0.13479083028855277                0.05054741613283379                0.001179997062229259               
0.13493938716973589                0.052126951038202245               0.001202538344372246               
0.1350879438697097                 0.05041366137432284                0.0011676838830948783              
0.13523650038827512                0.05100721824718544                0.0011900824784699777              
0.13538505672523296                0.05026043025043128                0.0011745784534871284              
0.1355336128803841                 0.051247264116769706               0.0011934115227408369              
0.13568216885352938                0.050229091499124745               0.0011783596409812099              
0.13583072464446966                0.049926818783580795               0.0011645580484591425              
0.1359792802530058                 0.05368059484391552                0.0012165622717586505              
0.13612783567893869                0.049510519052912684               0.0011637459750365275              
0.13627639092206914                0.050052400806025535               0.0011742145295433745              
0.13642494598219812                0.05014135070499114                0.0011788993964331313              
0.13657350085912634                0.050223705781299914               0.001177261821740046               
0.1367220555526548                 0.04846741974889887                0.0011652707584632219              
0.13687061006258433                0.051174498982913263               0.001180565831212561               
0.13701916438871578                0.049187442702916404               0.0011681533963440421              
0.13716771853085005                0.04924988979486238                0.0011637440408103264              
0.137316272488788                  0.04963148672180076                0.0011734162939431002              
0.13746482626233048                0.04957885790778785                0.0011764542350863462              
0.13761337985127842                0.050824343626617134               0.0011790953422850538              
0.13776193325543262                0.049719967742803885               0.0011755082133798834              
0.13791048647459406                0.04795785579790486                0.0011483823716519717              
0.13805903950856357                0.048961348245267856               0.0011680662823937294              
0.13820759235714203                0.04906902814453335                0.001168310193917461               
0.1383561450201303                 0.04691313683314663                0.0011358080946435789              
0.13850469749732927                0.04953078878362497                0.00118064385302529                
0.1386532497885399                 0.047188792252592066               0.0011401452458803727              
0.13880180189356303                0.04774130433728957                0.0011478132362596175              
0.1389503538121995                 0.048219840613245156               0.001157646680946271               
0.13909890554425028                0.04903032992496961                0.0011647506375680678              
0.13924745708951625                0.04869662495431342                0.0011738387098073158              
0.13939600844779823                0.04802050648407036                0.0011456207089422478              
0.13954455961889714                0.04752758061979356                0.0011513594025874933              
0.139693110602614                  0.049319050320673484               0.0011676623586066768              
0.13984166139874957                0.04906607866472829                0.0011672478321747446              
0.13999021200710476                0.04858080983958859                0.0011713873420183664              
0.14013876242748052                0.047423281640329905               0.0011424809431573402              
0.14028731265967773                0.04979134018479037                0.0011821620356694267              
0.1404358627034973                 0.04654014397318192                0.0011358013338908335              
0.14058441255874016                0.0500217011739217                 0.0011806637546644425              
0.14073296222520715                0.049685856644944                  0.0011793252667573746              
0.14088151170269927                0.05047649386928801                0.001182862348359031               
0.14103006099101734                0.050033173226724174               0.0011882386646460531              
0.14117861008996233                0.04770617315277573                0.0011509673405041645              
0.14132715899933507                0.049039141571091745               0.0011669372671745093              
0.14147570771893658                0.04997195025658299                0.001181135665140658               
0.14162425624856775                0.049469523422071185               0.0011751839939527307              
0.1417728045880295                 0.047609258043936134               0.0011612014157057593              
0.14192135273712264                0.04761691857376852                0.0011448227099689439              
0.14206990069564823                0.0482310107612567                 0.0011619400589328141              
0.14221844846340712                0.05048770099353994                0.0011893459603184438              
0.14236699604020028                0.048763061792323176               0.001214907453787115               
0.14251554342582856                0.052196699813891                  0.0012807319060633175              
0.14266409062009294                0.051929758954203556               0.0012958165912881296              
0.14281263762279436                0.04985503133778802                0.001289833626064329               
0.14296118443373373                0.049257185411239655               0.0012966907917659539              
0.14310973105271196                0.04712700695291138                0.0012774408381732933              
0.14325827747953002                0.050526021818813084               0.0013300927913366084              
0.14340682371398877                0.049233644274032054               0.0013340540623193813              
0.14355536975588926                0.05217498368753398                0.0013870244030132898              
0.1437039156050323                 0.048767900035394746               0.0013489512699079496              
0.14385246126121892                0.05285460327678277                0.0014110876207293762              
0.14400100672425004                0.05067483684095428                0.0014038482055529844              
0.1441495519939266                 0.0509835513558566                 0.0014178517427666985              
0.14429809707004948                0.04977253132863952                0.0014134449094266798              
0.1444466419524197                 0.048262162085467186               0.0013891627804036904              
0.14459518664083823                0.050209206177303775               0.0014316300292372402              
0.14474373113510589                0.04991184751363703                0.0014493100417626052              
0.14489227543502373                0.047779799691660824               0.0014296105293087704              
0.1450408195403927                 0.05021025409772678                0.0014685379147229606              
0.14518936345101366                0.04996103370602548                0.0014669064590016891              
0.14533790716668768                0.04912382192358616                0.0014845167042159132              
0.14548645068721563                0.04978855900668711                0.0014923887784066437              
0.14563499401239854                0.04910406279669254                0.001500454018790232               
0.1457835371420373                 0.048345527979684985               0.0014877307803006182              
0.14593208007593286                0.05018017589855102                0.001532621051806909               
0.14608062281388626                0.04849597292624583                0.001529757692276061               
0.1462291653556984                 0.04800670155064631                0.0015173467147359917              
0.14637770770117026                0.049444352051203594               0.0015542698900353554              
0.14652624985010276                0.048711567200326725               0.0015427108118695233              
0.14667479180229695                0.04935933798166892                0.0015727192804228707              
0.14682333355755375                0.04981632052917507                0.001595399087139853               
0.14697187511567414                0.0465239670616949                 0.0015355197225221644              
0.14712041647645907                0.04633087503764767                0.0015538876756734424              
0.14726895763970954                0.05089161547147888                0.0016340312951415362              
0.1474174986052265                 0.048036487567580576               0.0016092828839215827              
0.14756603937281096                0.049030299976918316               0.001624446309731883               
0.14771457994226384                0.0506612595419843                 0.0016729821806108823              
0.14786312031338616                0.04986097378021648                0.0016836854517602567              
0.14801166048597889                0.0485489587891192                 0.0016450187131454904              
0.148160200459843                  0.04859028018477416                0.0016805299803556706              
0.14830874023477952                0.04856567027579974                0.001667751964407484               
0.14845727981058934                0.047435898733963894               0.0016729351603156934              
0.14860581918707355                0.04920781249708491                0.0017268556845054257              
0.1487543583640331                 0.048353302493511344               0.0016906335750602609              
0.14890289734126896                0.050536325014248214               0.001741596772569739               
0.1490514361185821                 0.05043573788757546                0.0017299315376675239              
0.1491999746957736                 0.0475580784774543                 0.0017194659561816236              
0.14934851307264435                0.04882117245027879                0.0017369793653700498              
0.14949705124899543                0.047457318680976954               0.001705818094056363               
0.14964558922462776                0.049527232290178656               0.001768829724649238               
0.14979412699934241                0.05042821792714503                0.001765340730910136               
0.14994266457294034                0.0519232658852571                 0.0018334742582321356              
0.15009120194522255                0.04944966270910778                0.0017515969204413239              
0.15023973911599006                0.047684434383770735               0.0017588668594444227              
0.15038827608504382                0.050947333964883164               0.0018372078514351476              
0.15053681285218495                0.0515647824432348                 0.0018140427160805832              
0.15068534941721437                0.04942373088108104                0.0018095313533548294              
0.1508338857799331                 0.04842548428845892                0.001750827079464256               
0.15098242194014216                0.046939819332590976               0.0017728925078735066              
0.15113095789764253                0.04570881328609798                0.0017438999994797285              
0.15127949365223534                0.045096082907447065               0.0017230327589632035              
0.15142802920372145                0.047676653463883056               0.0017867581298227327              
0.15157656455190194                0.04999518653553547                0.0017935673262596634              
0.15172509969657785                0.04796276490989803                0.0018076647172063167              
0.1518736346375502                 0.04768022697651137                0.0017906685108756246              
0.15202216937462                   0.046278867899156334               0.0017491767916968264              
0.15217070390758822                0.049937727707184076               0.0018546406468758158              
0.15231923823625595                0.047698791486424454               0.0017739371427803806              
0.1524677723604243                 0.04950737363825964                0.0018527668931751025              
0.15261630627989406                0.04822675618018878                0.0017837310117797807              
0.1527648399944665                 0.04694173337935797                0.001796175509436904               
0.1529133735039425                 0.049131059391159936               0.0018623080001698628              
0.15306190680812318                0.04924947497345274                0.0018418259354370595              
0.1532104399068095                 0.05340472769440652                0.0019526702340468978              
0.15335897279980254                0.050251029594354464               0.0018422921292161817              
0.15350750548690334                0.05158769857107612                0.001934689849964549               
0.1536560379679129                 0.04733627123431722                0.0018383884404204582              
0.15380457024263233                0.04836166191580625                0.0018518637450664166              
0.15395310231086262                0.04920636927038049                0.001925594030090012               
0.15410163417240483                0.048457668122854645               0.001847431277596791               
0.15425016582706                   0.04785473070832128                0.0019035589798636495              
0.15439869727462913                0.046650788173053494               0.0018527394829673776              
0.15454722851491334                0.04880812899380624                0.0018884432075965136              
0.15469575954771367                0.04835846911639315                0.0019468386605750888              
0.15484429037283115                0.050387365151101565               0.0019210002870924739              
0.15499282099006684                0.05102767935260063                0.0020202051713488294              
0.15514135139922183                0.04657607530006349                0.0018556352569716295              
0.1552898816000971                 0.048456996142473036               0.0019367310800934843              
0.15543841159249377                0.045345305895793164               0.0018828613436153838              
0.15558694137621287                0.05078871885152078                0.0019951693059826327              
0.15573547095105544                0.0458990115643212                 0.001925879743451125               
0.15588400031682265                0.0448087891449568                 0.0018670328810398665              
0.15603252947331542                0.046428168389157046               0.0019294888313256889              
0.15618105842033492                0.044710500485114435               0.0019081976607840947              
0.15632958715768216                0.05104138776168706                0.002033537563763292               
0.15647811568515826                0.04516292197487312                0.0019381264905536423              
0.15662664400256424                0.04833857014871845                0.0019867029950595724              
0.1567751721097012                 0.048376970552539256               0.0020139596356273655              
0.1569237000063702                 0.04754891845064718                0.0020129062273179644              
0.15707222769237236                0.04551816634563942                0.0019304002396851386              
0.15722075516750872                0.04669579678066633                0.0020002281690862252              
0.1573692824315803                 0.04747631792359291                0.0020336620214730324              
0.1575178094843883                 0.04940679560945639                0.002080401391812228               
0.15766633632573374                0.04397038436245053                0.0019356882381702798              
0.15781486295541766                0.04612414684160905                0.002007295841285927               
0.15796338937324125                0.04798268185250801                0.0020706055563840487              
0.1581119155790055                 0.050831009277164656               0.002140371605625713               
0.1582604415725116                 0.048969257997452824               0.002071178930578104               
0.15840896735356055                0.045996272622315086               0.0020508724299548647              
0.15855749292195345                0.045807017486082784               0.002052661535533421               
0.15870601827749145                0.04822530215301511                0.0020908320140096207              
0.15885454341997562                0.04723968605739794                0.0021063134947990995              
0.159003068349207                  0.046864392656807                  0.002091660208654574               
0.15915159306498677                0.045831123550126064               0.002074677481288752               
0.15930011756711598                0.04495063738440316                0.0020734182903950904              
0.15944864185539576                0.047195651548032444               0.0021148877157635922              
0.15959716592962722                0.048896331152258846               0.0021758581783243385              
0.1597456897896114                 0.04797989917307157                0.002158717720236761               
0.15989421343514953                0.04588220280977314                0.0021209055751522433              
0.16004273686604262                0.0493441602487711                 0.0022133880866775893              
0.1601912600820918                 0.043744751346383136               0.0020807256339323956              
0.16033978308309815                0.04751719739124225                0.002189476882484667               
0.16048830586886284                0.055520142321107226               0.0023782216019137448              
0.160636828439187                  0.04264733112809989                0.0020809766779486464              
0.16078535079387168                0.04886682822924395                0.002242163852027737               
0.16093387293271805                0.043909033824201325               0.0021324111891606835              
0.1610823948555272                 0.04786973170470995                0.0022566007934654046              
0.16123091656210026                0.04895209897251475                0.0022628115754742303              
0.16137943805223834                0.04723605399383839                0.0022570259641812194              
0.1615279593257426                 0.04638072164724664                0.002221233716062924               
0.16167648038241414                0.04658691936763448                0.0022492376621855944              
0.16182500122205412                0.04591464892634212                0.002256581884621743               
0.16197352184446365                0.0457015194248391                 0.0022433993557212394              
0.16212204224944385                0.04371818609354327                0.0022137564057210482              
0.16227056243679583                0.0481417439143876                 0.0023189062082359154              
0.1624190824063208                 0.04476014067473708                0.002252127092003769               
0.16256760215781982                0.04401737221653602                0.0022580435504920234              
0.1627161216910941                 0.047373278664033854               0.002333913923515419               
0.1628646410059447                 0.047323416045397006               0.0023544279466475074              
0.16301316010217284                0.04768066752895737                0.00237220187226752                
0.1631616789795796                 0.046560886293387393               0.002339772571841933               
0.16331019763796614                0.04722033814119603                0.0024065712712395544              
0.16345871607713366                0.044189013240179306               0.002288020376147072               
0.16360723429688329                0.040634084360347725               0.0022368327254915304              
0.1637557522970161                 0.04325671652928793                0.0023356431524431194              
0.16390427007733335                0.04691408256315757                0.0023847768397824358              
0.16405278763763612                0.045234053292484665               0.002417861851936448               
0.1642013049777256                 0.046413849205399156               0.0024096869857801228              
0.16434982209740293                0.04407106633914269                0.002386582046754697               
0.16449833899646926                0.047571519083363795               0.002500303532898885               
0.16464685567472578                0.046268341066893176               0.0024453578099463873              
0.16479537213197368                0.04884446215093553                0.002549660170129519               
0.16494388836801405                0.04937692496628028                0.00256352221429733                
0.16509240438264808                0.04895460165636687                0.0025801340530061815              
0.16524092017567696                0.049188330187463006               0.0026033224982276756              
0.16538943574690185                0.04417144539706869                0.0024615784137748237              
0.1655379510961239                 0.04663832169172968                0.002540551267441051               
0.1656864662231443                 0.04395658436211744                0.0024885515486332524              
0.16583498112776424                0.04835001281611797                0.002633793024386679               
0.16598349580978486                0.04698812517254246                0.0026144892220765696              
0.16613201026900737                0.042951808426122125               0.002488131456443694               
0.16628052450523292                0.0458828431875262                 0.002601777341417263               
0.16642903851826274                0.04313573454499898                0.002528661541514556               
0.16657755230789795                0.05116703084190439                0.0027872457743188246              
0.1667260658739398                 0.044128777709127515               0.002613963195288214               
0.16687457921618937                0.04155197100163304                0.002505678129311724               
0.16702309233444793                0.047389946568724736               0.0027360598408335208              
0.16717160522851673                0.04785446440894794                0.002735657646295705               
0.16732011789819684                0.04459047400261073                0.002674358910455638               
0.1674686303432895                 0.04421434314190911                0.0026907992337886068              
0.16761714256359592                0.0457993677548382                 0.00270345119909049                
0.16776565455891726                0.04842995645484578                0.0028537625518158883              
0.16791416632905476                0.04456237645430951                0.0027374450250398576              
0.1680626778738096                 0.043385344906159966               0.002701053593332803               
0.168211189192983                  0.045955753375458756               0.002833753149748754               
0.1683597002863761                 0.05063223505319765                0.002957966755370657               
0.16850821115379017                0.044105490274077896               0.002783913860688256               
0.1686567217950264                 0.04422070640825617                0.002819409264111487               
0.16880523220988602                0.047007585547551356               0.002915286698535022               
0.1689537423981702                 0.042821328652435195               0.002823554795827929               
0.16910225235968016                0.041643718695806846               0.002751894390630854               
0.16925076209421713                0.04596386587099955                0.002960792877580336               
0.16939927160158233                0.0455660338791037                 0.002966096164217918               
0.169547780881577                  0.04882488674021887                0.0030515554212636794              
0.16969628993400226                0.044740142929430265               0.0029760700383579214              
0.16984479875865943                0.04283371187298721                0.002921234903588649               
0.16999330735534968                0.04338649377007096                0.002958934316065935               
0.17014181572387424                0.04921181999208244                0.0032034166260767752              
0.17029032386403442                0.04681592678055869                0.0030936835214136747              
0.17043883177563132                0.03893894854980529                0.002878449903662179               
0.17058733945846627                0.04648390864090307                0.003177574578002148               
0.1707358469123404                 0.045715397411906895               0.003162200161120172               
0.17088435413705508                0.04237087175221477                0.0030658486804004616              
0.1710328611324114                 0.047142049458062635               0.003245392524844229               
0.17118136789821065                0.04392880547031365                0.003178576807914977               
0.17132987443425413                0.048193159343893954               0.003341594368096464               
0.17147838074034302                0.04258794087084083                0.003201105659638684               
0.17162688681627855                0.0401819255855917                 0.0031093707546088704              
0.17177539266186204                0.04752530206353397                0.0033946644331095694              
0.17192389827689467                0.05204904268499541                0.003608951773837785               
0.17207240366117768                0.04969410409049836                0.0035405583182401223              
0.17222090881451232                0.04294318307791541                0.0033739351066810423              
0.1723694137366999                 0.04535551777879136                0.0034383929293609903              
0.17251791842754163                0.039567524788943334               0.0032524305027409523              
0.17266642288683876                0.04665004281046782                0.0035467370775427733              
0.17281492711439256                0.039379112743011174               0.00331631954464219                
0.17296343111000428                0.04531204490539222                0.0036395510300109035              
0.1731119348734752                 0.04576147123851473                0.003640587177839856               
0.1732604384046066                 0.03794155217249436                0.0033149688049124745              
0.17340894170319962                0.041909291836108566               0.0035675558374961723              
0.17355744476905563                0.04862366014434217                0.0038805905436010537              
0.1737059476019759                 0.051069803198955675               0.0040374224441313295              
0.17385445020176168                0.0477266737606087                 0.003923108416848619               
0.17400295256821427                0.04313400530447143                0.0037686355414555416              
0.17415145470113486                0.0524704341763963                 0.0042009968770088425              
0.17429995660032482                0.03753662018058692                0.003611962960955099               
0.17444845826558536                0.03847152106324209                0.003719182320092496               
0.17459695969671776                0.03746403230508179                0.0036914407908289993              
0.17474546089352336                0.04473869585366372                0.004033952354587033               
0.17489396185580336                0.045183348992704285               0.004177202092061013               
0.1750424625833591                 0.046327328924132195               0.004282963074134477               
0.17519096307599183                0.045093262804534746               0.00428006309454929                
0.1753394633335029                 0.047964166422328335               0.0044726815812059775              
0.17548796335569353                0.041426247755468715               0.004184682958143703               
0.17563646314236503                0.04934485021093427                0.004662650076423757               
0.1757849626933187                 0.04922185147086554                0.004758455987527168               
0.17593346200835586                0.056959875178440464               0.00515690479376884                
0.17608196108727775                0.040567947962252465               0.004452910787376908               
0.17623045992988567                0.049854692481060205               0.004936350126597944               
0.17637895853598098                0.061520169527726425               0.005663390655602683               
0.17652745690536492                0.03786708941497469                0.004558661863096829               
0.17667595503783887                0.05378235739170288                0.005432838517124507               
0.176824452933204                  0.04662735293751054                0.00524598706422006                
0.17697295059126175                0.04839811507910992                0.00534467770733215                
0.1771214480118134                 0.03958102176437178                0.0050267947908725205              
0.17726994519466022                0.04059983756736284                0.005198276527907515               
0.17741844213960353                0.04624282186823935                0.005607765852628619               
0.17756693884644464                0.05809509794715052                0.006577974520193939               
0.1777154353149849                 0.05237923442330552                0.006172951975679862               
0.17786393154502564                0.0529389550453658                 0.006516334907421944               
0.17801242753636812                0.048661164027068216               0.006502621565389221               
0.17816092328881367                0.05183914720930303                0.006806813502543621               
0.17830941880216367                0.06540846885755688                0.007874254322450955               
0.1784579140762194                 0.04339168621758876                0.006617170112503273               
0.17860640911078218                0.04915812901243899                0.007410866787733826               
0.17875490390565335                0.04750307543372501                0.007418733991763062               
0.17890339846063424                0.05083419331554909                0.008139985525789775               
0.17905189277552622                0.03944333874391533                0.007324444126883369               
0.1792003868501306                 0.05318061633777582                0.009120400458935142               
0.17934888068424865                0.06421202841170266                0.010282153561645751               
0.17949737427768178                0.054744988738979435               0.010345830409312222               
0.17964586763023138                0.0649722151377767                 0.012503908633213885               
0.1797943607416987                 0.05775320519522612                0.011788823644879877               
0.17994285361188503                0.053181191717074014               0.0128983335732776                 
0.18009134624059184                0.035193512037473985               0.011731170679157996               
0.18023983862762047                0.04379646561782546                0.01655350804690814                
0.18038833077277225                0.04692488654851608                0.019157004713642407               
0.18053682267584845                0.06256665145413147                0.031283325727065735               
0.18068531433665053                nan                                nan                                
