#####################################################################################################
# NeXus source file: noemi7
# NXdata: name = img{0}_azimuthalIntegration_Px_6                  
#
#
# Exposure_msec                                     1000.0 + 0.0
# _diffrn_source.source                             Storage Ring SOLEIL, beamline SWING
# _diffrn_sofware                                   Foxtrot 3.5.10-3979
# _diffrn_detector.detector                         EIGER-4M
# _diffrn_comment.comment                           -
# _sas_detc.pixnum_ax                               [1035]
# _sas_detc.pixnum_eq                               [1083]
# _sas_detc.pixsize                                 150.0
# _sas_detc.center_ax                               285.110346632731
# _sas_detc.center_eq                               957.0166664324403
# _sas_detc.dist_spec/detc                          6137.21860334
# _sas_detc.energy                                  12.000505731836514
# _sas_detc.gain                                    1.0
# _sas_detc.detector_based_uncertainty              0.0
# _sas_detc.encoder_delta                           0.0
# _sas_detc.delta0                                  0.0
# _sas_detc.gamma_offset                            0.0
# _sas_detc.wave_length                             1.0331580057586949
# _sas_detc.bias                                    0
# _sas_detc.mask                                    E:\20251487\published-data\3120\2026-09-03_session3\\mask_bags_saxs_12kev_sept26.txt
# Normalization                                     true
# Normalization Factor                              0.02571
# Normalization Monitor                             averagemi8b
# Normalization Intensity                           1.2852378999835255e-06
# GlobalNormalization                               29.8621301756159
# AbsTimeStamps                                     nan
# TimeStamps                                        1.381546974182129
# gapTime                                           500.0
# step_global_regrid                                nan
# xmax_global_regrid                                nan
# xmin_global_regrid                                nan
# ymax_global_regrid                                nan
# ymin_global_regrid                                nan
#####################################################################################################
q(A-1)                             I(q)16_00209{00000}_AzInt_Px_6     Sig(q)16_00209{00000}_AzInt_Px_6   
0.0                                nan                                nan                                
0.0001486390049044326              nan                                nan                                
0.00029727800960908403             nan                                nan                                
0.000445917013914173               nan                                nan                                
0.0005945560176199183              nan                                nan                                
0.0007431950205265388              nan                                nan                                
0.0008918340224342532              nan                                nan                                
0.0010404730231432808              nan                                nan                                
0.0011891120224538396              4385.529657129741                  6.059274823925023                  
0.001337751020166149               4284.228057404688                  2.4449517519249255                 
0.0014863900160804278              4193.356891274652                  1.8071171713753136                 
0.0016350290099968942              4080.8055881657347                 1.534965388788058                  
0.0017836680017157683              3990.0069279185145                 1.5586374822960876                 
0.001932306991037268               3896.5496066241158                 1.439161295879098                  
0.0020809459777616124              3811.4365557472406                 1.3133126685972                    
0.0022295849616890207              3721.7619674835755                 1.2640569681468583                 
0.0023782239426197124              3631.457165878982                  1.1497044357043187                 
0.0025268629203539046              3547.8178852384663                 1.1753605173539436                 
0.0026755018946918183              3463.7528882318306                 1.056079109135897                  
0.002824140865433671               3374.7289262549657                 1.037443551507956                  
0.0029727798323796835              3279.591213648698                  0.9902401507130911                 
0.003121418795330073               3195.7346012425355                 0.9404427460930597                 
0.0032700577540850603              3111.4105872939836                 0.943681483774972                  
0.0034186967084448633              3023.740437789192                  0.8535020422527803                 
0.0035673356582097003              2927.6662098918387                 0.8428706995424241                 
0.003715974603179794               2842.7643104086646                 0.8216759968091673                 
0.00386461354315536                2759.8256022730393                 0.787566844712443                  
0.00401325247793662                2673.0382121441776                 0.769934640544771                  
0.004161891407323792               2582.6741760237232                 0.707052266656536                  
0.004310530331117095               2495.9609542603775                 0.7053489500175145                 
0.00445916924911675                2411.944604278171                  0.683282654262316                  
0.004607808161122976               2326.310053000814                  0.656046021512479                  
0.004756447066935991               2244.0007966338626                 0.642562855063128                  
0.004905085966356017               2159.5433752165554                 0.5968604011769642                 
0.00505372485918327                2080.143549800952                  0.6023319100889454                 
0.005202363745217974               1999.4463075732258                 0.5619876720544854                 
0.005351002624260346               1920.3195794326796                 0.5533717286989376                 
0.005499641496110608               1841.430434494547                  0.531850149652025                  
0.005648280360568975               1767.8672924274376                 0.5095623077053645                 
0.005796919217435672               1697.8424542862049                 0.5095262238334523                 
0.0059455580665109175              1623.3846159637076                 0.46819286582809194                
0.00609419690759493                1551.6194375934406                 0.4605210630347766                 
0.006242835740487932               1482.118232983001                  0.4482630063128464                 
0.00639147456499014                1418.5090241153835                 0.43416593834145556                
0.006540113380901778               1353.9091297077387                 0.41839343450157807                
0.006688752188023065               1289.770151856877                  0.39275086234392625                
0.0068373909861542195              1229.474328406814                  0.39416387164417616                
0.006986029775095464               1171.3903153563417                 0.371647899167445                  
0.0071346685546470195              1113.849602157481                  0.3611356118248492                 
0.007283307324609103               1058.6815834503257                 0.3490408516576376                 
0.00743194608478194                1007.0325129373424                 0.3319717495101612                 
0.007580584834965747               955.6922135508197                  0.3299327846658505                 
0.007729223574960747               906.9348459152359                  0.3075924434322601                 
0.007877862304567157               859.7234042937621                  0.30183944104187505                
0.008026501023585205               814.395108561315                   0.2892337400623601                 
0.008175139731815108               771.7062670047968                  0.2781589104856393                 
0.008323778429057087               730.5985500657372                  0.2756459939790395                 
0.00847241711511136                691.2050062930905                  0.25570666407869064                
0.008621055789778157               652.7532113555685                  0.2491973612105656                 
0.00876969445285769                616.8523022240993                  0.24088285014549804                
0.008918333104150186               582.5639600280522                  0.23343748837179465                
0.009066971743455865               550.0060604976044                  0.22432802182369116                
0.009215610370574947               519.4290917902479                  0.21283246666393127                
0.009364248985307655               490.15123261002213                 0.21090760819547072                
0.009512887587454211               462.0555735160109                  0.19892947329295077                
0.00966152617681484                435.60046004011855                 0.1926585643086641                 
0.009810164753189759               411.0070282413285                  0.18643072421000795                
0.00995880331637919                388.0741657333035                  0.17632330053652556                
0.010107441866183361               366.25521799379123                 0.17756510285519445                
0.010256080402402487               345.1064390996461                  0.16355928074998888                
0.010404718924836796               325.2519105786893                  0.1614218604968573                 
0.010553357433286508               306.70977416496726                 0.15295797897870536                
0.010701995927551847               289.19009798878454                 0.1486946251719323                 
0.010850634407433035               272.69366455906106                 0.14589806187560392                
0.01099927287273029                257.5401613574475                  0.13752470870271014                
0.011147911323243845               243.4058199749594                  0.1342879252547763                 
0.011296549758773915               229.8565275149892                  0.12838394367718756                
0.011445188179120724               216.69629329381468                 0.12478820692210345                
0.0115938265840845                 204.94016983123296                 0.12109644977485906                
0.011742464973465466               193.90523669455757                 0.11499920687079228                
0.011891103347063838               183.39767788168464                 0.11382786719831135                
0.012039741704679847               173.96873483585387                 0.10848604770319155                
0.012188380046113712               164.5386025401708                  0.10445497496374695                
0.012337018371165662               155.67915415722234                 0.10190707147059806                
0.01248565667963592                147.604462780056                   0.09787367015028743                
0.012634294971324705               140.12221688567863                 0.09639373856953352                
0.012782933246032245               132.85837828992942                 0.09144915654981087                
0.012931571503558769               126.20178496306495                 0.08972101491053978                
0.013080209743704493               119.70323584502998                 0.08576217937994905                
0.013228847966269644               113.85415095513888                 0.08418300915446182                
0.013377486171054451               108.14399911138135                 0.08166622517962643                
0.013526124357859137               102.79718500984441                 0.07833401729487711                
0.013674762526483924               97.78572346301864                  0.07646892198827848                
0.013823400676729044               92.91802155192634                  0.0736909163028472                 
0.013972038808394713               88.44023398019401                  0.07265823400530148                
0.014120676921281166               84.11082826696185                  0.06932957065082639                
0.014269315015188622               79.96361273770489                  0.06702926770764864                
0.014417953089917307               75.99173710325182                  0.06612461133392866                
0.014566591145267453               72.31975433131733                  0.0635322626159464                 
0.014715229181039282               68.76415700919664                  0.06215834557314179                
0.014863867197033016               65.31539067849351                  0.05953971287976131                
0.015012505193048892               62.15705159521181                  0.057755653292079344               
0.015161143168887127               59.01128593634948                  0.05682421703500785                
0.01530978112434795                56.143582126695776                 0.05432778704800386                
0.01545841905923159                53.28014480165541                  0.05342990498924707                
0.015607056973338276               50.59806976955709                  0.05082259169555148                
0.015755694866468228               48.04209349975883                  0.04994280135304021                
0.015904332738421678               45.50883147409081                  0.048645956149412035               
0.01605297058899886                43.23037186726512                  0.046414291609490316               
0.016201608417999988               40.97147682546512                  0.04562890235065649                
0.0163502462252253                 38.89823049161814                  0.043575745621657926               
0.016498884010475022               36.80765522912123                  0.04305268669328714                
0.01664752177354938                34.86703181069587                  0.04122599716178701                
0.0167961595142486                 33.069303493055024                 0.039717880081054965               
0.016944797232372917               31.275786256456584                 0.03896024770062512                
0.017093434927722556               29.58142913810578                  0.037379082699796666               
0.017242072600097746               28.085379170985565                 0.036786627058241435               
0.01739071024929872                26.650991928000174                 0.03491752234173174                
0.017539347875125698               25.28874708396802                  0.03427191256906658                
0.017687985477378917               23.96129539846504                  0.0332911062411244                 
0.01783662305585861                22.704589337773616                 0.0319893067446667                 
0.017985260610364994               21.605948979457473                 0.031547280279569746               
0.018133898140698313               20.52575372040894                  0.029994759316310335               
0.018282535646658788               19.579939068929395                 0.029627016449925898               
0.018431173128046652               18.656929059383653                 0.028709661822505905               
0.018579810584662137               17.81541202590267                  0.027799176655385584               
0.01872844801630547                16.980332283726224                 0.027317333423875656               
0.018877085422776888               16.311878395541356                 0.0268625226028844                 
0.01902572280387662                15.720840684018059                 0.026984323228509834               
0.019174360159404893               15.095898973880407                 0.026066688873742375               
0.019322997489161938               14.582325316389927                 0.025688599482104592               
0.019471634792947997               14.091936089808794                 0.0262472007905475                 
0.019620272070563285               13.652859468736887                 0.025741287352887478               
0.019768909321808054               13.24007183371422                  0.025840694438788676               
0.019917546546482524               12.85718844032727                  0.02514447372299566                
0.020066183744386925               12.61838862821981                  0.025418869368895376               
0.0202148209153215                 12.272744738426447                 0.025460646576241277               
0.020363458059086476               12.031772549651201                 0.024726654419400442               
0.020512095175482088               11.835915343906363                 0.02526378625447687                
0.020660732264308566               11.598811031006711                 0.024314616207553912               
0.02080936932536615                11.413791925385018                 0.02505242384810603                
0.020958006358455062               11.259687297858347                 0.024661006414616715               
0.02110664336337555                11.150166999527535                 0.024403406081248708               
0.021255280339927837               11.004455942415044                 0.024558807192652587               
0.02140391728791216                10.900752556665987                 0.02420626926013526                
0.021552554207128764               10.809869888968425                 0.024791127828739618               
0.02170119109737787                10.70777352764383                  0.024245348245095017               
0.021849827958459727               10.620504155795922                 0.024186030117239264               
0.021998464790174553               10.47994895300262                  0.024389193962045964               
0.022147101592322593               10.456236160256552                 0.02403783264398712                
0.022295738364704085               10.340235868549573                 0.02374788968688046                
0.022444375107119267               10.273896372458845                 0.022989056120062946               
0.022593011819368364               10.16722448380668                  0.02299335665618926                
0.022741648501251623               10.109143380882843                 0.022927590008851837               
0.022890285152569273               10.017418399949072                 0.022194663916349062               
0.02303892177312156                9.846875904583765                  0.02233535116885381                
0.023187558362708714               9.753974873861443                  0.021757581242744347               
0.02333619492113097                9.713284172699828                  0.02218332906146922                
0.023484831448188578               9.557982731349714                  0.021522294126805674               
0.023633467943681763               9.39232951419675                   0.021428210371965732               
0.023782104407410774               9.280966274515086                  0.02130079930112242                
0.023930740839175842               9.160651439566909                  0.020830424659758876               
0.024079377238777205               9.026489290645264                  0.021022100063129996               
0.024228013606015102               8.83605499653363                   0.020357520307907478               
0.024376649940689773               8.714336501634037                  0.02033104275130994                
0.024525286242601464               8.546956903548935                  0.02014912094100266                
0.024673922511550404               8.351792222099652                  0.019614064752012102               
0.024822558747336843               8.21995484037638                   0.019844545750593294               
0.024971194949761022               8.068600870154704                  0.019057141035225943               
0.025119831118623162               7.885570513459692                  0.01929916891277226                
0.025268467253723528               7.683667966772391                  0.018852122044746775               
0.025417103354862348               7.517652923116385                  0.01838265753962143                
0.02556573942183986                7.3570533150564685                 0.01842167030305402                
0.02571437545445632                7.166503197957704                  0.017746862931529044               
0.025863011452511953               6.945096063080231                  0.017960440951659017               
0.026011647415807016               6.8056948704166285                 0.017443791806765318               
0.02616028334414174                6.636772603716899                  0.017214462701289564               
0.026308919237316375               6.457561102126623                  0.016957859995631385               
0.026457555095131157               6.272934909083609                  0.016680447107471148               
0.026606190917386335               6.089650401391198                  0.01652272679307155                
0.026754826703882146               5.948930532708741                  0.016032989550427337               
0.026903462454418846               5.759928970593867                  0.015837673160745358               
0.027052098168796664               5.575169011887725                  0.015714992348564442               
0.027200733846815844               5.429779707469373                  0.015278070160714648               
0.027349369488276647               5.305172183743045                  0.01517989432325043                
0.0274980050929793                 5.1519400899730305                 0.014891617433505148               
0.027646640660724066               5.001427825217694                  0.014625558564440873               
0.02779527619131117                4.876438517826058                  0.014525373483161191               
0.027943911684540874               4.717113147217935                  0.01412284006009415                
0.02809254714021341                4.60409172433999                   0.013952625930280162               
0.02824118255812904                4.4641523287510445                 0.013721635652112556               
0.028389817938087997               4.365751360092798                  0.01354400309393755                
0.028538453279890536               4.230134205473644                  0.013315284920391397               
0.0286870885833369                 4.131786412413632                  0.013126774186950895               
0.02883572384822734                4.024061305805039                  0.01285091779863752                
0.028984359074362098               3.922267447709478                  0.012853814967845947               
0.029132994261541426               3.824430191533086                  0.01247471217048869                
0.029281629409565572               3.7298371254509997                 0.012425613247766323               
0.029430264518234783               3.6275810825937262                 0.012223920795800895               
0.029578899587349307               3.544941810822756                  0.011995680615883795               
0.029727534616709395               3.475591336912839                  0.011928479592611308               
0.029876169606115298               3.3887973931534496                 0.011665067215303604               
0.030024804555367265               3.315196103216318                  0.011544620417620404               
0.03017343946426554                3.2274155457833147                 0.01141820415832824                
0.030322074332610385               3.1621424849966955                 0.011288543499384936               
0.03047070916020204                3.104347466416993                  0.011078762243566647               
0.030619343946840766               3.033135614540159                  0.01098342359302493                
0.03076797869232679                2.957719796734049                  0.010782182085158607               
0.030916613396460405               2.87330762642392                   0.010741280630255453               
0.031065248059041834               2.831935295099085                  0.010482970705824105               
0.031213882679871328               2.783819949396184                  0.010491245616303348               
0.031362517258749154               2.724797300864072                  0.01028276646932753                
0.031511151795475555               2.650331843505269                  0.010141287201173877               
0.031659786289850785               2.6314755514558783                 0.010146382320804392               
0.03180842074167511                2.562163902879748                  0.009880013432974438               
0.03195705515074876                2.498706562787524                  0.009824188388430929               
0.03210568951687201                2.4381261805347862                 0.00968762118879484                
0.032254323839845105               2.3999303632448434                 0.00956755202017834                
0.03240295811946831                2.35202244511285                   0.00949322707655482                
0.032551592355541864               2.2939924534244467                 0.009254409453566191               
0.032700226547866036               2.221300797241399                  0.00923093280221525                
0.03284886069624108                2.219725408179889                  0.00913397640705083                
0.03299749480046724                2.1471486289274453                 0.008983413679387592               
0.033146128860344785               2.107619233534999                  0.008880426877616438               
0.033294762875673976               2.079039867885649                  0.008771149022815793               
0.03344339684625505                2.021678866167419                  0.008766325441426581               
0.0335920307718883                 1.9778865366312832                 0.008508239096609223               
0.03374066465237394                1.9504898955081553                 0.008495661433047063               
0.03388929848751226                1.912790037952041                  0.00838080920759987                
0.034037932277103514               1.8702832513318828                 0.008305400495182564               
0.03418656602094795                1.8347113938290158                 0.008257933555486098               
0.034335199718845834               1.804586965971003                  0.008291716807580828               
0.034483833370597426               1.761466320240366                  0.008296536751549823               
0.03463246697600298                1.723225279811671                  0.008220387006599888               
0.03478110053486277                1.686246742492409                  0.008213875098570793               
0.034929734046977044               1.6685438962702135                 0.008156043403942315               
0.03507836751214607                1.6563052046523028                 0.007903403319665239               
0.0352270009301701                 1.6195377093604508                 0.007877535203837676               
0.03537563430084941                1.5895307562684582                 0.0076992235297412915              
0.03552426762398426                1.568280088248671                  0.0076689659001645755              
0.035672900899374894               1.5402710025784463                 0.0075329909069385345              
0.0358215341268216                 1.5249885619894221                 0.007458695220815671               
0.03597016730612462                1.503009611492225                  0.007490928642632242               
0.036118800437084236               1.484392819208362                  0.007287651480310417               
0.036267433519500715               1.462001427116077                  0.007299066734634381               
0.036416066553174295               1.4476961901661602                 0.00718550352131902                
0.036564699537905254               1.4388791028735644                 0.007190441858302344               
0.03671333247349387                1.4252254007328604                 0.007156246624076638               
0.036861965359740394               1.3964944189046484                 0.007016319776359655               
0.037010598196445095               1.3925584797165014                 0.007021223929261766               
0.037159230983408245               1.3746446432326207                 0.0069722347491906825              
0.03730786372043011                1.3725603843991914                 0.006955939455841021               
0.03745649640731094                1.3474575137349898                 0.006859622251954449               
0.037605129043851035               1.3457549583760522                 0.006802296810688907               
0.03775376162985063                1.318290313934236                  0.006792063263529849               
0.03790239416511001                1.3329797477982113                 0.006780386029825395               
0.03805102664942944                1.3081890083273013                 0.006727441476554688               
0.038199659082609194               1.3075516653270318                 0.006691330184152523               
0.038348291464449534               1.308904641134225                  0.006674350563778485               
0.03849692379475074                1.2793580997779368                 0.006646038521530625               
0.03864555607331307                1.2819226400394474                 0.006595156312845508               
0.0387941882999368                 1.2764904301820588                 0.006577837970882448               
0.03894282047442221                1.2632571797949717                 0.006478412322354511               
0.03909145259656955                1.2539240613369302                 0.006535998218818364               
0.03924008466617912                1.2459292270634836                 0.006440222399396735               
0.03938871668305117                1.2380209080383784                 0.006378670508026317               
0.03953734864698598                1.2330470021785866                 0.0063721019287643335              
0.03968598055778383                1.2142418328399147                 0.00628634753135793                
0.03983461241524497                1.2175924339401467                 0.006328935417302101               
0.0399832442191697                 1.2096229392525786                 0.006250133819938689               
0.040131875969358285               1.1886348564852152                 0.006160135693056267               
0.040280507665611                  1.1805348383977696                 0.006177509522104909               
0.040429139307728124               1.1698299228642657                 0.006114130787890335               
0.04057777089550993                1.1582691198391062                 0.006124894021179011               
0.040726402428756685               1.144762772853783                  0.005994179645521665               
0.04087503390726868                1.125562118648574                  0.00601457849061963                
0.04102366533084617                1.1207632453973904                 0.005987396630579527               
0.041172296699289464               1.1078614049733813                 0.005905088889666538               
0.04132092801239882                1.107068782381768                  0.005942200446944195               
0.04146955926997452                1.0859558008587913                 0.005846420037180083               
0.04161819047181683                1.0707769509012748                 0.0058328937257647855              
0.041766821617726047               1.063477282486108                  0.005810223652710357               
0.041915452707502444               1.0426018255417349                 0.00569915002011459                
0.042064083740946306               1.0289995024216474                 0.00567771933646484                
0.0422127147178579                 1.0121350902893314                 0.005615265688052703               
0.04236134563803752                1.0001416326979218                 0.005581898467489363               
0.042509976501285435               0.9817799325473717                 0.005644464548044841               
0.04265860730740194                0.9785670956535603                 0.005659956868992911               
0.042807238056187316               0.9558046417333048                 0.005674755071210141               
0.04295586874744183                0.9462538256135746                 0.005652022037819617               
0.043104499380965784               0.9265952997002039                 0.005621410151838888               
0.04325312995655945                0.9071050019742147                 0.005545061825294429               
0.04340176047402311                0.9011419621317385                 0.005586496965375037               
0.04355039093315706                0.8780964741824944                 0.005508908252733762               
0.043699021333761565               0.8648901496954386                 0.005453275296463618               
0.04384765167563693                0.8419352925005077                 0.005428001121436688               
0.04399628195858344                0.8362866670451075                 0.00535410593487127                
0.044144912182401366               0.8161931211717318                 0.005347173668085301               
0.04429354234689099                0.7987843975181401                 0.005270581453002385               
0.044442172451852634               0.7859382014735704                 0.00521990547507785                
0.04459080249708656                0.7599637931482502                 0.005143586335350253               
0.044739432482393045               0.7463076655978843                 0.005094517326575812               
0.044888062407572406               0.737706556612413                  0.00512939777243662                
0.04503669227242491                0.7109809817404396                 0.004951956807150044               
0.04518532207675085                0.7040738582163792                 0.005008443421534759               
0.04533395182035053                0.69131713475827                   0.004934079125303056               
0.04548258150302422                0.688477235052177                  0.004939542364014857               
0.04563121112457223                0.6627487054548874                 0.004895836394504344               
0.045779840684794834               0.6511257089456273                 0.004780973094836789               
0.045928470183492345               0.6497150555901637                 0.004844843843661934               
0.04607709962046502                0.6234922741106999                 0.004738407093452532               
0.046225728995513186               0.6091689987215667                 0.004673625243008516               
0.046374358308437114               0.6013462568119365                 0.004653496371509611               
0.04652298755903712                0.5856167580166053                 0.004558053520678487               
0.046671616747113474               0.5806063925560785                 0.00460987501802784                
0.046820245872466484               0.5617253350027105                 0.004468846819674585               
0.04696887493489644                0.5540720144106747                 0.0044501264201164984              
0.04711750393420365                0.5471625418958405                 0.004427020505490142               
0.047266132870188396               0.5328696393196714                 0.004318309869074726               
0.04741476174265097                0.5274451472557499                 0.0043418844587915905              
0.047563390551391686               0.5154715642435101                 0.0042405898684699265              
0.04771201929621082                0.49464253566269795                0.00417364136237875                
0.047860647976908685               0.5060291530384987                 0.004228081807353955               
0.04800927659328559                0.494576547284404                  0.004125914708864669               
0.048157905145141816               0.47790912502580657                0.004108927946103743               
0.04830653363227766                0.47819897198480465                0.004050788508868304               
0.04845516205449344                0.46280232730118437                0.004039208300968531               
0.04860379041158943                0.458893264646419                  0.0040284804928810885              
0.04875241870336596                0.4609903261849895                 0.003973168821300459               
0.04890104692962332                0.44823290386851006                0.003962630600339591               
0.04904967509016181                0.4497983708080556                 0.0039347153101073635              
0.04919830318478172                0.4383638058721516                 0.0039249291263260405              
0.049346931213283374               0.4381476527030682                 0.0038954538315893092              
0.049495559175467066               0.4303863522903908                 0.0038488767902092537              
0.0496441870711331                 0.42130728592058503                0.003825800159428142               
0.049792814900081785               0.42626886363849115                0.003820619794321483               
0.04994144266211342                0.41677989016948974                0.0038170882174940438              
0.05009007035702831                0.40974977651001704                0.003734423077229588               
0.05023869798462676                0.4098289720001083                 0.003761640582624105               
0.050387325544709094               0.402932539902331                  0.0037453344251376164              
0.050535953037075594               0.4053920188302598                 0.0037316198027694484              
0.050684580461526595               0.4001676187861682                 0.0037113061704582956              
0.05083320781786236                0.39426192818567396                0.0036557485270673333              
0.05098183510588326                0.38756558706839134                0.0036618236378759255              
0.05113046232538955                0.39454938446783966                0.0036701077392943295              
0.05127908947618157                0.3912864772302143                 0.0036642515217333556              
0.05142771655805962                0.40089167387203023                0.0037146679500154067              
0.05157634357082401                0.3841298130402224                 0.0036048271524891894              
0.05172497051427505                0.39201973179206656                0.003684714957003775               
0.051873597388213066               0.3934258805133588                 0.003628087313919118               
0.05202222419243834                0.38838591666050964                0.003630250573438431               
0.05217085092675122                0.387973696997214                  0.003646846119552216               
0.052319477590952006               0.38977761986000414                0.0036367511829019125              
0.05246810418484102                0.3827393967686778                 0.003601944065157185               
0.05261673070821854                0.3815616664112909                 0.003583726170759521               
0.052765357160884915               0.38403250874820033                0.003600744340332146               
0.052913983542640465               0.38394471503934                   0.0036057903126817865              
0.05306260985328549                0.38506176716595786                0.003625727004981612               
0.05321123609262031                0.3851810564052838                 0.0036024985281033653              
0.053359862260445236               0.37377800104113096                0.0035328165465644836              
0.05350848835656059                0.3740799059422777                 0.003555577805189261               
0.05365711438076671                0.3759230031446531                 0.0035447087223769882              
0.05380574033286389                0.36924257470453503                0.003521870726574828               
0.05395436621265246                0.373201852456734                  0.00353892916903432                
0.054102992019932725               0.3713839727982688                 0.00352676860386826                
0.05425161775450505                0.3679641561673147                 0.003526399079623005               
0.0544002434161697                 0.3659858326704652                 0.0034580866839293745              
0.054548869004727024               0.3680687314587693                 0.0035127523408139587              
0.054697494519977345               0.36867268930237845                0.003517395224332738               
0.054846119961720986               0.36083976030785747                0.0034676899685595836              
0.05499474532975826                0.36542695796393865                0.0034966285277200915              
0.055143370623889514               0.36729833941037693                0.0034575477226844913              
0.05529199584391504                0.36180739686225816                0.0034810098595319996              
0.05544062098963519                0.359498506300791                  0.0034373846300558538              
0.055589246060850264               0.35357234872347915                0.0034291875192009307              
0.05573787105736062                0.34885274568268615                0.0033944472486229413              
0.05588649597896656                0.35489208412508594                0.0034036241042879334              
0.056035120825468424               0.3450356311760201                 0.0033892237729027572              
0.05618374559666653                0.35172621165348206                0.003388411093927171               
0.056332370292361225               0.3445032985202691                 0.003374889245233916               
0.05648099491235282                0.3368434295731144                 0.003317567826802904               
0.05662961945644166                0.3382584553143797                 0.0033294058166010577              
0.05677824392442804                0.3371378004178873                 0.003343574752942563               
0.056926868316112336               0.3304722276463664                 0.0032622629424236787              
0.057075492631294855               0.3327536734947824                 0.0033022068892187076              
0.05722411686977594                0.32733741598146915                0.0032561619932557884              
0.05737274103135591                0.3263882631810836                 0.003272073065345766               
0.057521365115835124               0.321201265252239                  0.0032348996582159946              
0.05766998912301387                0.31921921733349146                0.003207787856127789               
0.057818613052692536               0.31432256384793505                0.003215754897827138               
0.05796723690467142                0.3104935080902409                 0.003148529155380522               
0.05811586067875089                0.31204729653493096                0.0031884749402558755              
0.05826448437473124                0.3073691838247556                 0.0031507234786821723              
0.05841310799241284                0.29841698913820563                0.003091118028466933               
0.05856173153159601                0.3015576868134104                 0.0031390127540570334              
0.05871035499208109                0.3016182183526339                 0.0030987809686867855              
0.058858978373668436               0.2927551057090287                 0.0030778835380866902              
0.05900760167615837                0.2913036325375172                 0.0030453369591043043              
0.059156224899351226               0.2886766009173255                 0.0030373551642868166              
0.059304848043047365               0.2936143368265572                 0.0030853827769876676              
0.05945347110704712                0.28669812920323573                0.0030168723724042163              
0.05960209409115083                0.28458622095149017                0.0030215346504999852              
0.05975071699515884                0.27960810995432517                0.002977926490585215               
0.0598993398188715                 0.2795932290332539                 0.0029963488696906557              
0.060047962562089136               0.2749013514302324                 0.0029499657075930806              
0.06019658522461209                0.27274439240591686                0.002936983160012614               
0.06034520780624073                0.2650876872739435                 0.0029134033475675136              
0.06049383030677538                0.26147243812281284                0.0029519008400864014              
0.0606424527260164                 0.26031187289516317                0.002990313189360858               
0.060791075063764154               0.2601289173071158                 0.003004711746191544               
0.06093969731981895                0.25577834844150615                0.002998180347921443               
0.06108831949398115                0.24565841091200605                0.0029807997394230897              
0.0612369415860511                 0.24481807546052278                0.002969291940292074               
0.06138556359582917                0.2413593123482936                 0.0029870378483636984              
0.061534185523115695               0.23936763477807083                0.002964887713905451               
0.061682807367711034               0.23467257196223534                0.0029717295301146833              
0.061831429129415506               0.23402924912968223                0.0029810829136435743              
0.061980050808029506               0.2325214087366266                 0.002963078131020765               
0.06212867240335336                0.22867140456635282                0.0029773004375834525              
0.06227729391518745                0.22510162494512523                0.002930325219037968               
0.06242591534333208                0.22265733036197266                0.002983117902226135               
0.06257453668758765                0.22262924462085246                0.0029565871382816445              
0.06272315794775449                0.2138672946193504                 0.0028927410731298974              
0.06287177912363298                0.21420805732085593                0.0029329813192454793              
0.06302040021502343                0.21664165505598323                0.00294430528920099                
0.06316902122172624                0.2109384979710222                 0.0029316813666817013              
0.06331764214354177                0.20798724249558165                0.0028039896357337077              
0.06346626298027035                0.20834484972634426                0.002795379252957552               
0.06361488373171235                0.2013612135584492                 0.002722340615255053               
0.06376350439766815                0.2042657837080291                 0.0027254825933291198              
0.06391212497793805                0.19535042292509322                0.002658136427668991               
0.06406074547232249                0.1948640181090057                 0.002619698541946265               
0.06420936588062177                0.19673041514740647                0.0026433570296810318              
0.0643579862026363                 0.19193442314468023                0.00259584247762196                
0.06450660643816641                0.1865584788605037                 0.0025472443487666876              
0.06465522658701248                0.18800825316336228                0.0025651272379985197              
0.06480384664897484                0.18617522594889577                0.0025328204604626917              
0.06495246662385391                0.1819032141919832                 0.002512657495184749               
0.06510108651145002                0.18071902077477686                0.0024814304487497368              
0.06524970631156356                0.18397330410994275                0.0025024013120547722              
0.06539832602399485                0.18313405087069182                0.0025030555057755513              
0.0655469456485443                 0.17935655597968125                0.0024720617546005225              
0.06569556518501228                0.17347181772014122                0.002426238593676396               
0.06584418463319913                0.17628833048275877                0.0024226494781021276              
0.06599280399290525                0.1734193214286105                 0.0024016624566273676              
0.06614142326393099                0.17085205359885022                0.0023933460308734555              
0.06629004244607672                0.16937510306914524                0.0023817879606705815              
0.06643866153914282                0.17287579818155627                0.0024026754772318464              
0.06658728054292967                0.17221867990980944                0.0023596028256100392              
0.06673589945723764                0.16696699086623526                0.0023577358741868892              
0.06688451828186709                0.16277151429124384                0.002319869130311495               
0.06703313701661841                0.16864416368108717                0.0023486313935458026              
0.06718175566129193                0.16815772311372476                0.0023521438471142742              
0.0673303742156881                 0.16343987084831893                0.0023132401528138786              
0.06747899267960726                0.1687728571890123                 0.0023472391009955315              
0.06762761105284978                0.1662469286574317                 0.002310545622070416               
0.06777622933521604                0.1635134809831712                 0.0023115054070560375              
0.06792484752650643                0.1654063428897414                 0.002308020447384494               
0.0680734656265213                 0.1634028703859168                 0.002305109964908344               
0.0682220836350611                 0.16147756318166584                0.002280447204333586               
0.06837070155192615                0.1631184907583119                 0.00227565354812453                
0.06851931937691683                0.16142503973797792                0.0022778889497482215              
0.06866793710983354                0.16478356629215268                0.0022948665906164893              
0.06881655475047667                4.988023561600013                  0.012644085349191495               
0.06896517229864657                0.1612244049391545                 0.002272118852751696               
0.06911378975414369                0.15610464792733184                0.0022167605293099573              
0.06926240711676834                0.16421504936794953                0.002288725382614463               
0.06941102438632095                0.16090146092168453                0.0022431963921571074              
0.06955964156260189                0.15909555738878964                0.002250626238905581               
0.06970825864541157                0.16088275688276707                0.0022409764498143078              
0.06985687563455034                0.156461918128901                  0.0022182582612226185              
0.07000549252981861                0.15704563224781934                0.0022171945979579098              
0.07015410933101678                0.1602967023968764                 0.0022214206227370204              
0.07030272603794524                0.1555210318967916                 0.002208472903041606               
0.07045134265040434                0.15933604748224295                0.002219862693493147               
0.07059995916819455                0.1560664597135798                 0.002205129315475566               
0.07074857559111615                0.16222408827806395                0.0022440402345698636              
0.07089719191896963                0.15709655693365046                0.002186117747436313               
0.07104580815155535                0.1585199592670145                 0.002223432232470673               
0.07119442428867372                0.1571905011074295                 0.0021897585322000826              
0.07134304033012509                0.15414673844333704                0.002175400526626871               
0.0714916562757099                 0.15646034380151053                0.0021967055589970676              
0.07164027212522854                0.1549333911356154                 0.00216610626660952                
0.0717888878784814                 0.15469371977140176                0.0021903295395265822              
0.07193750353526884                0.1525077029215409                 0.0021471441124259138              
0.07208611909539134                0.15397601910662992                0.0021682462458526767              
0.07223473455864923                0.15711157203897236                0.0021912118717159956              
0.07238334992484297                0.15437458213179803                0.0021760172299803418              
0.07253196519377289                0.1570184150114117                 0.002203672273637655               
0.07268058036523947                0.15160468275419423                0.0021264371993773767              
0.07282919543904304                0.1526263173635623                 0.002154802024870696               
0.07297781041498405                0.15186383653053293                0.002147464236867464               
0.07312642529286288                0.15311768203011725                0.0021533856433740375              
0.07327504007247997                0.14975625115158392                0.002129618504929267               
0.07342365475363567                0.15072548454201373                0.0021193236091697995              
0.07357226933613044                0.1458713308767955                 0.002103718934457005               
0.07372088381976465                0.1459236570720861                 0.0020927542277517654              
0.07386949820433873                0.14397028826794184                0.0020722121931680774              
0.07401811248965308                0.1498679413382776                 0.002105809190709099               
0.07416672667550812                0.14004971902367436                0.0020465396490802084              
0.07431534076170422                0.14270621278474768                0.002072345230607572               
0.07446395474804186                0.14598328582756545                0.002067411832441788               
0.07461256863432139                0.1369492912587265                 0.0020068119111836796              
0.07476118242034327                0.13851898331377194                0.0020077323603337445              
0.07490979610590787                0.14350331435142827                0.0020506752017071445              
0.07505840969081562                0.1411820982833934                 0.0020331341220627026              
0.07520702317486694                0.13947535986912762                0.0020085557360656793              
0.07535563655786226                0.13735813968956034                0.0019915344558803774              
0.07550424983960197                0.13932758758381927                0.0020014530762450617              
0.0756528630198865                 0.13713828029566283                0.0019933816079821687              
0.07580147609851624                0.1352947882120275                 0.0019663776998367234              
0.07595008907529169                0.13050247380157118                0.0019287718103617121              
0.07609870195001317                0.1264698838286489                 0.0019076894586589526              
0.07624731472248115                0.13114913346338372                0.0019269974949297553              
0.07639592739249607                0.12781046784223998                0.001906345337304257               
0.07654453995985831                0.12661576109042144                0.0018902086015247274              
0.0766931524243683                 0.12538800934370595                0.001882609469487136               
0.07684176478582651                0.12530761293616466                0.0018908030369971358              
0.07699037704403329                0.12835166487349725                0.0019007241161581802              
0.07713898919878912                0.12285389613770042                0.0018650655877237618              
0.0772876012498944                 0.1216570897732045                 0.001839702864539046               
0.07743621319714959                0.12221131983619007                0.0018617578225589007              
0.07758482504035506                0.11929561054011059                0.0018355343210840018              
0.0777334367793113                 0.11506044927674168                0.0017906207961197827              
0.0778820484138187                 0.12105132757001184                0.001846659735154425               
0.0780306599436777                 0.11703950892098813                0.0018044557433487575              
0.07817927136868873                0.11652829963429394                0.001814123284198568               
0.07832788268865222                0.11558328144871863                0.0017909667257752229              
0.07847649390336861                0.1147708564185604                 0.0017824484292823417              
0.07862510501263834                0.11524527289497698                0.0018033509539830473              
0.07877371601626182                0.11625451085307574                0.0017917143221723188              
0.0789223269140395                 0.11326722169611875                0.0017758806525561713              
0.07907093770577181                0.1146022359937905                 0.0017774732720371518              
0.0792195483912592                 0.11042010519699275                0.0017454588493090925              
0.07936815897030208                0.11058926194378342                0.0017591565580891606              
0.07951676944270093                0.11130580944944778                0.0017459869071164429              
0.07966537980825614                0.10985643968248125                0.0017424364738308285              
0.07981399006676818                0.10819005579203289                0.001722081818551446               
0.07996260021803749                0.10821757072037975                0.0017315365415819816              
0.0801112102618645                 0.1087652581011937                 0.0017323350193991496              
0.08025982019804966                0.10832626874953466                0.0017140747368783278              
0.0804084300263934                 0.10537574719973337                0.0017058328915072348              
0.08055703974669619                0.10462076200613893                0.0016865543737451974              
0.08070564935875844                0.10806341270667498                0.0017253194752917045              
0.08085425886238064                0.10681295877835109                0.001702752697969115               
0.0810028682573632                 0.10301285236021447                0.001672189617330403               
0.08115147754350657                0.10446636718591303                0.0016928872048969118              
0.08130008672061122                0.1047572147606535                 0.0016876579849846043              
0.08144869578847758                0.10350419857722377                0.0016768548802836426              
0.0815973047469061                 0.09919114422717581                0.0016375668730950746              
0.08174591359569723                0.1020582134682814                 0.0016617363486908076              
0.08189452233465144                0.10108765356901707                0.0016585123386375768              
0.08204313096356916                0.10024658597944566                0.0016436075258614462              
0.08219173948225086                0.10038081491374957                0.0016493591270247026              
0.08234034789049698                0.10073010627975919                0.0016416357526941412              
0.08248895618810799                0.09965065236588107                0.0016420231917002172              
0.08263756437488433                0.1038041350600406                 0.001672520751272759               
0.08278617245062646                0.10040941802423022                0.0016383687590462975              
0.08293478041513484                0.09906375910995466                0.0016325741354412898              
0.08308338826820992                0.09910522079075122                0.001624457482950178               
0.08323199600965217                0.09796085536437116                0.0016234623793451228              
0.08338060363926207                0.09995748131363753                0.0016314289710651967              
0.08352921115684006                0.10006442807893343                0.0016316539279163911              
0.08367781856218658                0.09852299609437892                0.0016294255306746907              
0.08382642585510211                0.09971567737857234                0.0016320537167426972              
0.08397503303538713                0.09779163032778143                0.0016085542231760736              
0.08412364010284208                0.10256276719436234                0.0016402171597354985              
0.08427224705726745                0.09621386697093191                0.0015986870128215087              
0.08442085389846368                0.09905400919060935                0.001623399994279648               
0.08456946062623125                0.0991912689296922                 0.0016219506833501213              
0.08471806724037062                0.09792847018452713                0.001608413379489457               
0.08486667374068227                0.09941556711063139                0.0016148596730271992              
0.08501528012696667                0.09746045661555301                0.0016096528077213955              
0.08516388639902428                0.09826682934911796                0.0016036218785139616              
0.08531249255665557                0.0972098908935767                 0.0015974732688206607              
0.08546109859966101                0.09843576497136745                0.001610673886381919               
0.08560970452784111                0.09543586555162825                0.0015729999468576076              
0.08575831034099632                0.09840303998748744                0.0016129478687124561              
0.08590691603892707                0.09789306215368605                0.00159497582042894                
0.0860555216214339                 0.0948391996656955                 0.001575410682049716               
0.08620412708831726                0.0988643586230402                 0.0016110150418914486              
0.08635273243937762                0.0992668808385664                 0.0016086290446241933              
0.08650133767441548                0.09872231070348636                0.0016029644491421934              
0.08664994279323132                0.09770728003619401                0.001587320484803132               
0.08679854779562558                0.09506948606847858                0.0015705921182439166              
0.08694715268139878                0.09680856051055697                0.0015960587319954255              
0.08709575745035139                0.09427789340695429                0.0015592177723499309              
0.0872443621022839                 0.09434114723440226                0.0015615457797738864              
0.08739296663699678                0.09277054315435955                0.0015478965608617882              
0.08754157105429052                0.09492715706489398                0.0015639780868480521              
0.08769017535396562                0.09109607276681972                0.0015356421397385005              
0.08783877953582254                0.09511412289223418                0.0015571569297866499              
0.0879873835996618                 0.09581492595134697                0.001573699748035967               
0.08813598754528384                0.09185619643335735                0.0015343500710081684              
0.08828459137248919                0.09235090492622543                0.0015426135963949525              
0.08843319508107834                0.09638654184411546                0.0015729373616643755              
0.08858179867085175                0.090335094307401                  0.0015146579535330808              
0.08873040214160996                0.09426758420592161                0.001557344326580986               
0.08887900549315342                0.09188375840464306                0.0015299092839521705              
0.08902760872528265                0.0902967291661974                 0.0015172171412777453              
0.08917621183779811                0.09042680051379967                0.0015200465344338812              
0.08932481483050034                0.09026289392086574                0.0015100549289084114              
0.08947341770318981                0.09163090218050678                0.0015254876573367274              
0.08962202045566703                0.09088721544329935                0.001519861601331733               
0.08977062308773248                0.09012483625497444                0.0015134745521356472              
0.08991922559918666                0.08889910338631014                0.0014986069673325333              
0.0900678279898301                 0.08544591295108152                0.0014725489357890207              
0.09021643025946328                0.08951304827722704                0.0014998208588406382              
0.09036503240788671                0.08806208034450971                0.0014887335290799059              
0.09051363443490087                0.08807433608372182                0.0014866057896957096              
0.09066223634030629                0.08625137285252152                0.0014811604995819585              
0.09081083812390348                0.08727822712027541                0.0014865696918008606              
0.09095943978549291                0.08754432479544354                0.001476608393647633               
0.09110804132487513                0.08392230640143242                0.0014527781773708132              
0.09125664274185061                0.08637003468942887                0.001465583957073021               
0.09140524403621988                0.08439016544733134                0.001459565704016027               
0.09155384520778345                0.08165287632263463                0.001426591202062467               
0.09170244625634183                0.08537950609889317                0.00145338662271161                
0.09185104718169552                0.08365837123538458                0.0014532259785202627              
0.09199964798364504                0.08461659185331674                0.001450096722367338               
0.0921482486619909                 0.08374691073600575                0.0014447714700059006              
0.09229684921653362                0.08069940577193188                0.0014140392273296568              
0.09244544964707371                0.08267851395744487                0.0014333962425515589              
0.09259404995341172                0.08214245391587109                0.001435144814852277               
0.0927426501353481                 0.08416479250947521                0.0014377169896910055              
0.09289125019268343                0.07762072593590741                0.0013847603177994912              
0.09303985012521819                0.07996373743052616                0.0014039532989221168              
0.09318844993275292                0.08258184858992186                0.001423613396078597               
0.09333704961508814                0.07960718548367579                0.0014112442389238571              
0.09348564917202434                0.08163420755218925                0.001412322712866303               
0.09363424860336209                0.08136557835827138                0.0014136112665907475              
0.09378284790890191                0.07889937801282199                0.0013899872337085708              
0.0939314470884443                 0.07990366302151274                0.0014055005279223242              
0.09408004614178979                0.07796859133080222                0.001383283129811297               
0.0942286450687389                 0.0775172139517247                 0.00137225478314276                
0.09437724386909221                0.07796790164963398                0.0013863288151905718              
0.09452584254265017                0.07915142494266189                0.0013911930137029567              
0.09467444108921338                0.0767291298117079                 0.0013627953460070218              
0.09482303950858231                0.07799470219979175                0.00137898005302162                
0.09497163780055753                0.0774872331280696                 0.0013700077804480594              
0.0951202359649396                 0.07744459957149033                0.0013796436837090397              
0.09526883400152898                0.07723241263577965                0.0013652890675539347              
0.09541743191012625                0.07559256997329843                0.0013546272461342189              
0.09556602969053193                0.07749371935215961                0.0013720538730011037              
0.09571462734254658                0.07495129231412195                0.001345947878474304               
0.09586322486597074                0.07477310927867738                0.0013477555610614275              
0.09601182226060492                0.07592322732418913                0.0013459365069970932              
0.09616041952624964                0.07543530562603588                0.0013542029839901067              
0.09630901666270551                0.07595863627724371                0.0013525281554389564              
0.09645761366977304                0.0775468862222547                 0.0013680721477398446              
0.09660621054725275                0.07457746087250651                0.0013372955467967403              
0.0967548072949452                 0.07625112425096309                0.0013483636052591427              
0.09690340391265093                0.07354957058590152                0.0013357203512159807              
0.0970520004001705                 0.0746736419249125                 0.0013381599534886557              
0.09720059675730447                0.07550014468283461                0.0013407557336384732              
0.09734919298385332                0.07461927811406141                0.0013329122127505979              
0.0974977890796177                 0.07441012396574381                0.0013357990807782358              
0.09764638504439807                0.07446625696871799                0.0013391825511173063              
0.09779498087799501                0.07438743046472521                0.0013228744376236183              
0.09794357658020908                0.07602625210315264                0.0013473395300787592              
0.09809217215084083                0.07645306741659569                0.0013491951206179868              
0.09824076758969084                0.07425948593390916                0.0013315937373706164              
0.09838936289655961                0.07395143901555518                0.0013222490300972625              
0.09853795807124772                0.07518774018137593                0.0013299755182307948              
0.09868655311355574                0.07246502578120662                0.0013149403586023378              
0.09883514802328423                0.0742316606686823                 0.0013201042937962047              
0.09898374280023374                0.07474300123425441                0.001336402133672658               
0.09913233744420481                0.07462977298743519                0.0013194866498442716              
0.09928093195499803                0.07364462252983567                0.001319507961648799               
0.09942952633241396                0.07273952773618314                0.0013160272129774532              
0.09957812057625312                0.07105428173927288                0.0012901911202480379              
0.09972671468631612                0.07200787587557483                0.0012979133285714781              
0.09987530866240353                0.0731838080477601                 0.0013066454018009722              
0.1000239025043159                 0.07277358338754553                0.0013093772956082846              
0.10017249621185377                0.07187543539651174                0.0013040270605072827              
0.10032108978481775                0.07168224606691337                0.0012855863243022767              
0.10046968322300841                0.07361298726166468                0.0013136800904797684              
0.10061827652622628                0.07399871325678323                0.0013093528928500944              
0.10076686969427194                0.07284361215187245                0.0013072560821037465              
0.10091546272694601                0.07353378260991841                0.0013120577131016864              
0.101064055624049                  0.07573461647661645                0.001320974938986788               
0.10121264838538155                0.07276213796219859                0.0013079017616162074              
0.1013612410107442                 0.07232272164598712                0.0013255171275591963              
0.10150983349993749                0.07161985324561908                0.0013406223098318128              
0.10165842585276207                0.07291452621972833                0.0013572688902929227              
0.10180701806901846                0.07114525486921505                0.001353001791664721               
0.10195561014850726                0.0725289707029359                 0.0013848368466910076              
0.10210420209102905                0.07226766315833777                0.0013758407279634796              
0.10225279389638445                0.07099553981729523                0.0013701209931686583              
0.10240138556437398                0.07218609482765231                0.001395959588848254               
0.10254997709479825                0.0715368680799154                 0.0013936047336242686              
0.10269856848745783                0.06995503975487816                0.0013957549932694842              
0.10284715974215335                0.07203387676034381                0.001399573817610789               
0.10299575085868538                0.0723859718364212                 0.0014245453864231692              
0.10314434183685449                0.07145346284948721                0.0014141578005423309              
0.10329293267646124                0.07140409825270054                0.0014238169023732031              
0.1034415233773063                 0.07158105719096523                0.0014310488387219522              
0.10359011393919021                0.07253524299964872                0.001434444356827621               
0.10373870436191358                0.07064520426408014                0.0014345867446922992              
0.10388729464527696                0.06775990181499934                0.0014037662849717277              
0.10403588478908102                0.06998571417965174                0.0014303664855165091              
0.10418447479312629                0.06782912260565625                0.0013659023845759425              
0.10433306465721338                0.0688712718472075                 0.0013651934937523957              
0.1044816543811429                 0.06913508770556724                0.0013656022228882843              
0.1046302439647155                 0.07087590895829049                0.00136628654890864                
0.10477883340773168                0.06916152494819956                0.0013407324574352276              
0.10492742270999211                0.06809938614664794                0.0013324674565627196              
0.10507601187129732                0.06951971807759263                0.0013426400423503786              
0.10522460089144804                0.06957373537771387                0.0013369679334042802              
0.10537318977024476                0.06800126417711842                0.001318240193477161               
0.10552177850748812                0.06804531650391733                0.0013141648032950158              
0.10567036710297875                0.06939962743071751                0.0013226777053435969              
0.10581895555651723                0.06690328418662878                0.0013035855924022049              
0.10596754386790419                0.06792454782118289                0.0012992925256538515              
0.10611613203694019                0.06890095368593485                0.0013110323136026835              
0.10626472006342588                0.06880662315564023                0.0013120908214244494              
0.10641330794716188                0.06970625084417743                0.001314276851596269               
0.10656189568794881                0.06712995041801606                0.0012935944681478659              
0.10671048328558726                0.06826690511058403                0.0012869099773323142              
0.10685907073987783                0.06683228021677026                0.0012859497156665358              
0.10700765805062118                0.06764232016265811                0.00128708330953634                
0.1071562452176179                 0.06612849282862274                0.0012693567678926964              
0.10730483224066863                0.06605754991819046                0.0012672947695103148              
0.10745341911957391                0.066694510272022                  0.0012637974891215047              
0.1076020058541345                 0.06481140103213258                0.0012571118534540895              
0.10775059244415094                0.0660149349094067                 0.001263226853691053               
0.10789917888942382                0.06402114497954661                0.0012364456471287628              
0.10804776518975381                0.06620733392606869                0.0012659817191407326              
0.10819635134494156                0.06581905422523324                0.0012501295602559582              
0.10834493735478763                0.0638420309180326                 0.0012418184632327768              
0.10849352321909271                0.06556721876056543                0.0012437769059289313              
0.1086421089376574                 0.06779176208378483                0.0012700788906030145              
0.10879069451028231                0.06575953621016153                0.0012558131209166837              
0.1089392799367681                 0.06398880983076272                0.001228284894358283               
0.10908786521691538                0.06650638676465916                0.0012588773954772482              
0.1092364503505248                 0.06538835758397944                0.0012295911435574176              
0.10938503533739702                0.06330807104580054                0.001225190019587748               
0.10953362017733265                0.06469158137510124                0.0012363204290814988              
0.1096822048701323                 0.06347549790146838                0.001222492412251142               
0.10983078941559662                0.06283695366196794                0.0012167563304017236              
0.10997937381352627                0.06239651569633682                0.0012023811582440947              
0.1101279580637219                 0.06345968516287248                0.0012210561098139265              
0.11027654216598413                0.06218782818723729                0.0012062238234285857              
0.11042512612011357                0.06306596798772848                0.0012021837443463009              
0.11057370992591092                0.06202956992489989                0.001198429285739576               
0.11072229358317678                0.06349544949023489                0.0012033944008677537              
0.11087087709171187                0.06256227895798012                0.0012035659372734676              
0.11101946045131672                0.06043366919210609                0.0011684686634984745              
0.11116804366179206                0.06232247975549051                0.0011906097748990757              
0.11131662672293854                0.06553067635874363                0.001220456568899964               
0.11146520963455678                0.06322179498604238                0.0012044978261335712              
0.11161379239644743                0.061724499110369056               0.0012175617962929843              
0.11176237500841117                0.06422836488247022                0.0012406791074107647              
0.11191095747024861                0.06374941724079178                0.001254579249453998               
0.11205953978176046                0.06279546510179504                0.0012549057786618856              
0.11220812194274735                0.061441258100294674               0.0012385236188905673              
0.11235670395300991                0.063520842629485                  0.001271689178249179               
0.11250528581234887                0.06070603869495746                0.0012446139757901252              
0.1126538675205648                 0.06393226721388134                0.0012910999760228114              
0.1128024490774584                 0.06102888197916089                0.0012624263703074853              
0.11295103048283038                0.06281777984149932                0.0012827971717732855              
0.11309961173648131                0.06253838657452901                0.0012900684123942979              
0.11324819283821194                0.06210618727876278                0.0012795204326155939              
0.11339677378782287                0.06262883197884309                0.0012894673254805842              
0.11354535458511482                0.06358526340655818                0.0012941596106981795              
0.11369393522988842                0.06370405830268891                0.0012979223177745768              
0.11384251572194438                0.061840810868470646               0.0012803178668066289              
0.11399109606108329                0.061930851381528235               0.0012832826012988926              
0.11413967624710591                0.061487651309616496               0.0012776697916653205              
0.11428825627981287                0.06110041164103373                0.0012696232259542422              
0.11443683615900485                0.06067710675671413                0.0012814659181422856              
0.1145854158844825                 0.062227514150359105               0.0012894298148637196              
0.11473399545604654                0.06290920211824168                0.0012985468774065242              
0.11488257487349764                0.06097723726618252                0.0012815322281793508              
0.11503115413663645                0.06167943405987508                0.001282208651470578               
0.11517973324526365                0.06236459060338476                0.0013055101590003784              
0.11532831219917995                0.06108686272186354                0.001279604205549832               
0.11547689099818605                0.06188120994337571                0.0012993832725234084              
0.11562546964208253                0.06036934509255027                0.001279252740400747               
0.11577404813067017                0.0612331487771217                 0.0012857752671244674              
0.11592262646374966                0.060542092234386606               0.0012937053315902043              
0.11607120464112164                0.060658417865224974               0.0012751133761055207              
0.1162197826625868                 0.06330357611649982                0.0013185383923244771              
0.11636836052794586                0.06303229001200444                0.001315172102663557               
0.11651693823699948                0.06253300277714077                0.0013067470923866981              
0.11666551578954835                0.06147330721860053                0.0013046982841980706              
0.11681409318539324                0.06214041752096854                0.0012931895916351594              
0.11696267042433472                0.06164406088614122                0.0013059713435409062              
0.11711124750617356                0.06172715164035294                0.0013068521360266926              
0.11725982443071048                0.06298227978536543                0.001318440565411747               
0.1174084011977461                 0.06247061231074455                0.0013152436541923813              
0.11755697780708119                0.06045409178596992                0.001290646741990256               
0.11770555425851639                0.0615998039839799                 0.0013109308858705417              
0.11785413055185245                0.061823447140112626               0.0013062587348112433              
0.11800270668689006                0.060552948351405775               0.0012901138731682832              
0.11815128266342986                0.06019946491774898                0.001296487257872315               
0.11829985848127267                0.06146066135645235                0.0013094531980492106              
0.11844843414021912                0.0598871939713904                 0.0013012806943905127              
0.11859700964006994                0.059572948325091184               0.0012812127429016368              
0.11874558498062582                0.05978917488819061                0.0012888471826872766              
0.1188941601616875                 0.060098843786301794               0.001297030219048308               
0.11904273518305566                0.06140034820352626                0.0013159567604822783              
0.11919131004453105                0.06148969811194659                0.0013163609418364837              
0.11933988474591431                0.060162061778461284               0.0012917930250843997              
0.11948845928700624                0.0584181993178786                 0.001283064577056415               
0.11963703366760754                0.05933064950218987                0.0012897967283084755              
0.11978560788751887                0.05913117521490335                0.0012925040017359296              
0.11993418194654097                0.05814575619777022                0.0012773889278060663              
0.12008275584447463                0.05996254349175621                0.001300464245567126               
0.1202313295811205                 0.06106577424399946                0.0013151445499993177              
0.12037990315627929                0.06101428689985054                0.0013140356915448117              
0.12052847656975177                0.05964635299252632                0.0012975800085228831              
0.12067704982133863                0.059449738349127916               0.0012905571990298789              
0.12082562291084065                0.05888079000626656                0.001298560155897097               
0.12097419583805849                0.05973007132339623                0.001306219061044752               
0.12112276860279289                0.05922784436555312                0.0012903087985184094              
0.12127134120484465                0.05952088760406413                0.0013022674303355658              
0.1214199136440144                 0.05821463358836387                0.001281378172607227               
0.12156848592010293                0.056027672212357174               0.0012694280862206822              
0.12171705803291097                0.05497918981101933                0.0012463124049069392              
0.12186562998223927                0.06126906246414644                0.001320135121392933               
0.12201420176788849                0.059360192635177195               0.0013094514127221268              
0.12216277338965947                0.05917949823162361                0.0012985331176205753              
0.12231134484735287                0.059597848232346685               0.0013115068157692196              
0.12245991614076948                0.05842783346075474                0.0012804995203334905              
0.12260848726971                   0.05838586097214146                0.001298104774913262               
0.12275705823397523                0.05782174947437962                0.0012929336240267554              
0.1229056290333658                 0.05694892221359721                0.0012743727513994628              
0.12305419966768259                0.058854185892515586               0.0013005060608066066              
0.12320277013672629                0.057768223279759785               0.0012840553849698421              
0.12335134044029764                0.057648626253249                  0.0012910004263150467              
0.12349991057819736                0.05789848980005962                0.0012965959446546516              
0.12364848055022623                0.060877134099554295               0.0013153595000838512              
0.12379705035618503                0.05857358934348012                0.0013058336323730922              
0.12394561999587449                0.05804844584555909                0.0012855293124185085              
0.12409418946909531                0.05812162565813176                0.0013019194153811953              
0.12424275877564833                0.05723841438149679                0.001279250389444957               
0.12439132791533426                0.057422139210202554               0.0012862509791142604              
0.1245398968879539                 0.056773893472908114               0.0012889848519246835              
0.12468846569330792                0.05611570605673022                0.0012704447911350044              
0.1248370343311972                 0.0573970302919949                 0.0012954757053996746              
0.1249856028014224                 0.05936761916562431                0.001301721161909412               
0.12513417110378433                0.05680489383453537                0.00128374690265966                
0.12528273923808372                0.05783023086917746                0.0013049208921685272              
0.1254313072041214                 0.05687003788571525                0.0012767700413422523              
0.1255798750016981                 0.055983620158052326               0.001276648491471084               
0.12572844263061453                0.053683500145837046               0.0012474419155069953              
0.12587701009067154                0.055633879108230845               0.0012743182249424121              
0.1260255773816699                 0.055671653041670086               0.0012792167268329208              
0.1261741445034103                 0.05852535436267547                0.0012980020030188674              
0.12632271145569363                0.058611200537794186               0.0013125566001993755              
0.12647127823832058                0.05587728224021374                0.001273230792659842               
0.12661984485109193                0.05689490070034803                0.001292065228927406               
0.1267684112938085                 0.05517238055281424                0.0012734725462215707              
0.12691697756627102                0.056861323113295906               0.0012827312753577761              
0.1270655436682803                 0.056159962639785316               0.0012803369415262692              
0.1272141095996371                 0.05764623690172122                0.0012893314167489252              
0.12736267536014226                0.05521579743578572                0.0012700840047353199              
0.12751124094959648                0.058317167645998716               0.0012962571618204887              
0.12765980636780058                0.05718855835218867                0.0012858668643062439              
0.1278083716145554                 0.05435455698219641                0.0012579512221490491              
0.12795693668966165                0.0563961024950634                 0.001274183195637812               
0.12810550159292017                0.05791414489827575                0.0012917742396479923              
0.1282540663241317                 0.0582700706497477                 0.0012907539263902889              
0.12840263088309706                0.05567440035455663                0.0012742439607358123              
0.12855119526961703                0.058093079954657276               0.0012954431742502979              
0.12869975948349244                0.057371423022623554               0.0012835059319293025              
0.12884832352452402                0.057354402413302884               0.0012882938513868773              
0.1289968873925127                 0.05634322148213457                0.0012665396127617683              
0.1291454510872591                 0.05460762494107994                0.0012658437496595727              
0.12929401460856416                0.05679748774614316                0.001277073763930794               
0.1294425779562286                 0.05534403476065439                0.0012710178534344903              
0.12959114113005324                0.05476816752599378                0.001265491759581749               
0.12973970412983893                0.05580259481492197                0.0012620629375558498              
0.12988826695538638                0.054161077462054535               0.0012595599409780125              
0.13003682960649648                0.05568734552809977                0.0012656214892749948              
0.13018539208297003                0.05554041876408944                0.0012705121026078657              
0.13033395438460782                0.05689163342969636                0.0012886722705092034              
0.13048251651121062                0.05783146586757936                0.001294770364945596               
0.13063107846257932                0.05443983072862109                0.001260600131509121               
0.13077964023851468                0.05490074211420691                0.001257195646632713               
0.1309282018388175                 0.05425652746168364                0.0012617797084112474              
0.13107676326328868                0.054676680153920285               0.0012616948877199547              
0.13122532451172894                0.05369217874403801                0.001245962798286061               
0.13137388558393917                0.05297991385369869                0.0012501383602591314              
0.13152244647972017                0.054827921107773084               0.0012542133977083818              
0.13167100719887273                0.05528984299896754                0.0012782284011307336              
0.13181956774119763                0.05379676290477161                0.0012477180244114497              
0.13196812810649583                0.056202388090083454               0.0012819706366895506              
0.13211668829456807                0.052963211029090476               0.0012493964536275956              
0.13226524830521522                0.05728549945998535                0.0012903317741798555              
0.13241380813823803                0.05781609561478966                0.001301952993946984               
0.13256236779343739                0.05697177811755562                0.0012845694647029304              
0.1327109272706141                 0.055851934130998135               0.0012813312456753214              
0.13285948656956903                0.05660717818445567                0.0012905325783421062              
0.13300804569010294                0.056598116628558674               0.0012909971635626108              
0.13315660463201676                0.0567765857439316                 0.001287388039155813               
0.1333051633951113                 0.05551232181485485                0.0012718675943559174              
0.1334537219791874                 0.05624398510903796                0.0012852620829635298              
0.13360228038404576                0.055186745747999824               0.001273126022936878               
0.13375083860948744                0.053600914173822525               0.0012519614725655865              
0.13389939665531317                0.053239950762391026               0.0012548776738041533              
0.13404795452132376                0.054786551538817556               0.0012679490606125527              
0.13419651220732015                0.0535125201814479                 0.001256425561198252               
0.1343450697131031                 0.053653835711809074               0.0012514918380788225              
0.13449362703847348                0.054751686386423706               0.0012708916149113546              
0.1346421841832322                 0.0521328271360347                 0.0012374056606967354              
0.13479074114717998                0.054091481591492574               0.0012637644735159984              
0.13493929793011783                0.054267389178876274               0.001270303496966912               
0.13508785453184646                0.053659826817992584               0.0012472285893310882              
0.13523641095216685                0.05378004379908851                0.0012651501615996482              
0.13538496719087975                0.05201883653281147                0.001237141866050508               
0.1355335232477861                 0.055287665998147564               0.0012833327293182378              
0.13568207912268665                0.05383885797695296                0.001263043695657249               
0.13583063481538238                0.05334016724397216                0.0012462111665459694              
0.13597919032567404                0.051893910175461806               0.0012383806002155644              
0.1361277456533626                 0.05306864456629557                0.0012473798032427885              
0.13627630079824887                0.05494863083160364                0.0012737485097655515              
0.13642485576013377                0.052229617904900265               0.0012456826434886598              
0.13657341053881802                0.055755695394883904               0.001284202643339537               
0.13672196513410265                0.05405262849775329                0.0012740326717239523              
0.13687051954578844                0.05502736156921073                0.0012674271692370489              
0.13701907377367628                0.05587439122391988                0.001288989602825177               
0.13716762781756708                0.05576623509467195                0.0012820671107415355              
0.13731618167726167                0.051860170568819114               0.0012418258631716824              
0.13746473535256093                0.05344111704470607                0.0012645464888648994              
0.13761328884326574                0.05702774390752118                0.0012930829574307483              
0.13776184214917697                0.05236967568500504                0.001249023038321334               
0.13791039527009552                0.0561203973075424                 0.001286137096611255               
0.1380589482058223                 0.05262935251631367                0.0012537907891489836              
0.1382075009561581                 0.05438438549885026                0.0012733910957453095              
0.13835605352090388                0.05393951682181838                0.0012609025033423864              
0.1385046058998605                 0.05224575146384322                0.0012553852922964053              
0.13865315809282888                0.053975690469695276               0.001262438152325326               
0.13880171009960984                0.053094941420629614               0.0012532015389362763              
0.13895026192000431                0.05475355405203981                0.0012771430987711023              
0.1390988135538132                 0.05196078647874172                0.0012413912074143033              
0.13924736500083743                0.050528162510966396               0.0012379297686402134              
0.13939591626087777                0.053434324664534294               0.0012511457583063144              
0.13954446733373518                0.05500908939361709                0.0012824060089117295              
0.13969301821921062                0.054552437423277186               0.0012714148087355755              
0.13984156891710492                0.05169935629425503                0.0012404670321391144              
0.13999011942721898                0.05370694322066493                0.0012751275441008876              
0.14013866974935374                0.05363406584889664                0.0012578932348395494              
0.14028721988331003                0.05355015333895704                0.0012692603620391343              
0.14043576982888886                0.054163187047462535               0.0012685596012611921              
0.14058431958589104                0.05167501646649478                0.0012423889273139998              
0.14073286915411753                0.05421670165780394                0.0012754223317485124              
0.14088141853336925                0.05330183859440159                0.001258435527285465               
0.14102996772344703                0.05356836478414126                0.00127291413410288                
0.14117851672415188                0.053605043095901736               0.0012631321613039202              
0.14132706553528462                0.05187881687050565                0.0012426286704221238              
0.14147561415664625                0.05281514710626989                0.0012571472187711279              
0.14162416258803764                0.05119936026547702                0.0012377687953108608              
0.1417727108292597                 0.052457544062378354               0.0012619323827267                 
0.14192125888011337                0.05475624680430343                0.001270997470953905               
0.14206980674039957                0.05475760829664866                0.0012817786585512232              
0.1422183544099192                 0.05423617713795904                0.0012762336681479316              
0.14236690188847323                0.05204036169332002                0.001299385823931309               
0.14251544917586248                0.05345531037609008                0.0013418451232717651              
0.142663996271888                  0.05472596291391975                0.0013772169109456322              
0.14281254317635064                0.05189987651896289                0.0013624877879139855              
0.14296108988905137                0.05140674448696297                0.0013714561912500436              
0.1431096364097911                 0.0515901807637264                 0.0013837564219977875              
0.14325818273837077                0.05198033374651411                0.0013967355174488993              
0.1434067288745913                 0.054670419410571464               0.0014554218772962972              
0.14355527481825364                0.05268373390360604                0.001442983857887193               
0.1437038205691587                 0.05607212268246679                0.001497521238199                  
0.14385236612710747                0.054230258557827295               0.0014798022002737634              
0.14400091149190083                0.05256583239113526                0.0014802872642139136              
0.14414945666333978                0.050294331077109226               0.0014579598208011367              
0.14429800164122517                0.053951819543291965               0.0015235521618304159              
0.14444654642535806                0.05447353639291324                0.0015279628496226412              
0.14459509101553933                0.05224239595872343                0.0015118925363477465              
0.1447436354115699                 0.05345370630594116                0.0015528111754820521              
0.14489217961325077                0.05387279825867763                0.0015716310519939601              
0.1450407236203829                 0.052897902617599586               0.0015605526964228053              
0.14518926743276714                0.05332071034278313                0.0015689349384502933              
0.14533781105020457                0.05265415704114753                0.0015912030581737187              
0.14548635447249608                0.051832314566186324               0.0015764774235210283              
0.14563489769944266                0.05469701625299197                0.00163951748949648                
0.1457834407308452                 0.052163433509657964               0.0015999246794114257              
0.14593198356650475                0.05022407969432205                0.0015874313348610434              
0.1460805262062222                 0.053119083646596385               0.0016575450951358936              
0.1462290686497985                 0.05053145736871077                0.001611703187817595               
0.1463776108970347                 0.05168849013062021                0.001645262768215895               
0.14652615294773166                0.05603524018316289                0.0017130472772785219              
0.14667469480169043                0.053497433820875455               0.0016951310576558576              
0.14682323645871195                0.05503938964219906                0.0017361633266205973              
0.14697177791859717                0.05225762239924729                0.001684853368087759               
0.1471203191811471                 0.051112879935555466               0.0016897396880732063              
0.14726886024616265                0.054717703162988254               0.0017541690288981333              
0.14741740111344484                0.05264443065690096                0.0017441878011922743              
0.14756594178279467                0.05232316140020581                0.0017373620586180229              
0.14771448225401304                0.0530585250497944                 0.001772560912356191               
0.147863022526901                  0.05448026325135022                0.001822092573577159               
0.14801156260125947                0.0546667650954992                 0.0018072275073700793              
0.1481601024768895                 0.053702055335857486               0.0018290992633512254              
0.14830864215359202                0.048925173243998005               0.0017330185504068403              
0.148457181631168                  0.053374527958029536               0.0018372270196502097              
0.1486057209094185                 0.05729109607221268                0.0019290915492510268              
0.14875425998814445                0.053665695743815585               0.0018439751282258896              
0.14890279886714686                0.051723526847946434               0.0018241481449471758              
0.1490513375462267                 0.05399675480749169                0.001853163827528808               
0.149199876025185                  0.05170887644649709                0.001856240485885959               
0.1493484143038227                 0.053588321129448425               0.0018840650373226023              
0.14949695238194086                0.048501940474791644               0.0017853811014075364              
0.1496454902593404                 0.05647218129790224                0.001955471712134492               
0.1497940279358224                 0.053257408146358105               0.0018782439674012847              
0.1499425654111878                 0.05135229629706099                0.001887747955784647               
0.15009110268523762                0.04974473551891918                0.00181884766652415                
0.15023963975777288                0.05479690504075653                0.0019520589163107593              
0.15038817662859452                0.05837238744272088                0.0020359708121999967              
0.15053671329750368                0.053697244687985216               0.0019165368472137039              
0.15068524976430123                0.05105827112066766                0.0019041522047044857              
0.15083378602878825                0.05631591514923839                0.0019547539515139233              
0.1509823220907657                 0.05454783322914951                0.0019786578751354836              
0.15113085795003464                0.052060290259644                  0.0019268377891357698              
0.15127939360639608                0.0537704580553389                 0.0019478981739061137              
0.15142792905965102                0.05268201115588455                0.001944528514482596               
0.15157646430960048                0.05634686355719529                0.0019713272196713967              
0.15172499935604547                0.05308923638635988                0.0019689707894882656              
0.15187353419878702                0.05355763716860383                0.0019648391449488436              
0.15202206883762617                0.05165980122523762                0.0019133259713050967              
0.1521706032723639                 0.05374804421291267                0.001992035052234608               
0.15231913750280127                0.056288887100078                  0.001995106705804073               
0.15246767152873936                0.04875464867736808                0.0019035492233754813              
0.15261620534997902                0.051409762956140075               0.0019066825677900143              
0.1527647389663215                 0.05016791439039578                0.0019224386565192173              
0.15291327237756766                0.051375632239197576               0.001971615811253052               
0.15306180558351865                0.05552057047585582                0.002024626885104741               
0.15321033858397537                0.05012563912750346                0.0019585707898467117              
0.153358871378739                  0.05060456787748513                0.0019140405434087831              
0.15350740396761053                0.050162224036158415               0.0019751356425812784              
0.15365593635039093                0.05265134508846508                0.002007313713019883               
0.15380446852688134                0.05373741508402427                0.0020210034968418853              
0.15395300049688274                0.04999646576102387                0.0020095276245872744              
0.1541015322601962                 0.052091118145295004               0.0019830749763381063              
0.15425006381662276                0.04885902606523868                0.001991345238912043               
0.1543985951659634                 0.048504871630280416               0.001955905201565803               
0.1545471263080193                 0.05239409353770848                0.0020256726863057267              
0.15469565724259146                0.049313519274327554               0.0020353867666814754              
0.15484418796948088                0.05228148994692514                0.0020258665854462577              
0.15499271848848864                0.050065493599958044               0.0020717248659554723              
0.15514124879941582                0.052142127879834556               0.002032711778143815               
0.15528977890206347                0.048537626737367924               0.002006783883319833               
0.15543830879623263                0.04826889333762778                0.002011203889067824               
0.15558683848172433                0.04939808283957624                0.002037142601777198               
0.1557353679583397                 0.053528366264019876               0.0021532266729279085              
0.1558838972258798                 0.0495299267662121                 0.002032237511250069               
0.15603242628414563                0.04744414023672661                0.0020193567111373724              
0.15618095513293828                0.04862200885709087                0.002060180634434114               
0.15632948377205885                0.04932541821314129                0.0020696485727328077              
0.15647801220130841                0.04796285144514443                0.002067825357159517               
0.15662654042048801                0.04559847648587814                0.0019977055254172217              
0.1567750684293987                 0.05149416182234832                0.0021511994713231345              
0.15692359622784158                0.05215345306755432                0.0021825540826665916              
0.15707212381561775                0.050632141481681076               0.002107843629826615               
0.1572206511925283                 0.04812304404171688                0.0021022649399062908              
0.15736917835837416                0.04986115107091588                0.002157703031236006               
0.15751770531295659                0.05201850474892383                0.0022100544924893196              
0.15766623205607658                0.049870499612022286               0.002134260357572635               
0.15781475858753524                0.049251638567455985               0.0021474734919061907              
0.15796328490713368                0.047695794886374425               0.0021372996746556938              
0.15811181101467295                0.050040300004051484               0.002198644556340656               
0.15826033690995414                0.04967157187697559                0.0021596335598685038              
0.1584088625927784                 0.04959588989869372                0.0022048062371030873              
0.15855738806294672                0.053338457727074774               0.002293199410320715               
0.15870591332026027                0.04838749994890682                0.0021682957196661637              
0.15885443836452012                0.04962796336872766                0.0022351310583787606              
0.15900296319552734                0.050132287069012994               0.0022397454084227414              
0.1591514878130831                 0.049024159810822726               0.0022214967322345355              
0.15930001221698845                0.04961624278321409                0.0022552837628733676              
0.15944853640704448                0.0472352384606921                 0.002190481732472959               
0.15959706038305235                0.0507497924984029                 0.0022949849470575534              
0.15974558414481307                0.05163623570715305                0.00231853542742724                
0.1598941076921279                 0.049599913813729184               0.0022830210853431758              
0.16004263102479782                0.04980417412294841                0.002302198763236247               
0.16019115414262397                0.047737174785756224               0.002250352000379714               
0.16033967704540744                0.045957813307081825               0.002229281395147238               
0.1604881997329494                 0.04695296690619101                0.0022642731270115517              
0.16063672220505093                0.05246022175376096                0.00238949762357229                
0.16078524446151318                0.05171706861346594                0.0023880723444493833              
0.16093376650213723                0.05017264251321366                0.0023599225917065076              
0.1610822883267242                 0.05028374150378248                0.002394463881132499               
0.16123080993507524                0.05303067095671609                0.0024383528484123143              
0.16137933132699142                0.04878119856777581                0.0023746315921342447              
0.16152785250227394                0.05096817127893402                0.002410711779338152               
0.1616763734607239                 0.05191371105516172                0.002458185463854563               
0.1618248942021424                 0.0475500999535504                 0.0023775049976775195              
0.16197341472633062                0.05063844380226442                0.002444847105165116               
0.16212193503308964                0.0527475829333718                 0.00251750477819406                
0.1622704551222206                 0.04980562505954699                0.0024419216737049613              
0.1624189749935247                 0.052835292997740105               0.002533258401564407               
0.16256749464680298                0.05227127907530326                0.0025475462630529127              
0.16271601408185665                0.04929884383446998                0.0024649421917234994              
0.16286453329848682                0.05097547380976952                0.0025298702872424443              
0.16301305229649465                0.046679677181638055               0.002430046929734047               
0.16316157107568127                0.047638531831120975               0.0024502616829392386              
0.16331008963584778                0.04312039424835385                0.0023809254708973757              
0.16345860797679546                0.05028531486455451                0.002526932149554672               
0.16360712609832537                0.051737223817605225               0.002613124414371059               
0.1637556440002386                 0.045554349284450485               0.0024815035278721413              
0.1639041616823364                 0.05067542338711289                0.002566049810388077               
0.16405267914441987                0.04585281159475728                0.0025202984592501768              
0.16420119638629022                0.049749429283958674               0.0025828616748640285              
0.16434971340774857                0.04557593570409932                0.002512682672095911               
0.16449823020859602                0.046623723987798474               0.0025626716365717774              
0.16464674678863386                0.05194846094630576                0.0026826069880819814              
0.16479526314766318                0.04764707559150809                0.0026071319803459845              
0.16494377928548515                0.05321076199691586                0.0027551488198554242              
0.16509229520190094                0.04926610596261634                0.002679722892986232               
0.16524081089671167                0.04711129720363468                0.002637726248573054               
0.16538932636971862                0.045875504048491555               0.0025971889831957204              
0.16553784162072283                0.04865498831059671                0.0026865223051465072              
0.16568635664952555                0.047266581962804914               0.0026716651724643494              
0.16583487145592796                0.04798017224477415                0.002716342356352986               
0.1659833860397312                 0.05083276235397909                0.002815366319122074               
0.1661319004007365                 0.04742901237657871                0.0027069167136282665              
0.16628041453874493                0.04902212606969673                0.002784269664123581               
0.1664289284535578                 0.05004898550493407                0.0028199408696227258              
0.16657744214497625                0.04621885383380139                0.0027425843996349074              
0.1667259556128014                 0.04829593111593622                0.002831157621695415               
0.16687446885683452                0.05312186271179636                0.002933164183601079               
0.16702298187687672                0.04961044249610951                0.002898272996808027               
0.16717149467272932                0.046432419936162955               0.0027898537292818174              
0.16732000724419338                0.052952750769450545               0.0030172630014050606              
0.16746851959107012                0.05230656412779277                0.0030300379041944938              
0.16761703171316078                0.04635401883793147                0.0028158061133532327              
0.16776554361026652                0.04920675816958217                0.0029781284837606657              
0.16791405528218858                0.050829061796529226               0.0030268265824099734              
0.1680625667287281                 0.0472242593982155                 0.002917524489002806               
0.16821107794968634                0.04607440810347101                0.002937596967494988               
0.1683595889448644                 0.0477880930291657                 0.0029751567187984588              
0.16850809971406366                0.049912040212530435               0.003066072257377725               
0.16865661025708517                0.048169384119461624               0.00304649934610086                
0.16880512057373023                0.053874085235854206               0.0032311529113755897              
0.16895363066379998                0.046696967219716334               0.0030526762446017462              
0.16910214052709568                0.04600092247044626                0.0029944050002703544              
0.16925065016341856                0.04681397344444144                0.0030935544413297537              
0.1693991595725698                 0.053393630012612235               0.0033241422078949955              
0.16954766875435065                0.04231673391899709                0.002941216325976273               
0.16969617770856224                0.050289554699669205               0.0032666576112147508              
0.1698446864350059                 0.04868807613395155                0.0032244466121332574              
0.1699931949334828                 0.05018161053919323                0.003294584137528661               
0.17014170320379415                0.04537263251789762                0.003184534504115533               
0.17029021124574129                0.04842737542224624                0.0032575777931190732              
0.17043871905912528                0.046754940391812355               0.00326550668465425                
0.17058722664374745                0.04935887386105824                0.003389981374713583               
0.17073573399940897                0.04642179396431324                0.0032990532425680452              
0.17088424112591122                0.04826925391609784                0.0033878374705962493              
0.17103274802305524                0.042148215093726786               0.0031770412511155886              
0.17118125469064235                0.04560666033788347                0.0033530683545277646              
0.1713297611284738                 0.04867642229636345                0.0034768873068831033              
0.17147826733635088                0.04410115893833592                0.003372499914126873               
0.17162677331407472                0.0466802705841451                 0.003469717187042885               
0.17177527906144666                0.046002623178941215               0.003457768899016204               
0.1719237845782679                 0.04291507836040304                0.003392734839586949               
0.17207228986433967                0.04758738310596318                0.0035870339663040276              
0.17222079491946324                0.054269160224526825               0.003926778618901319               
0.1723692997434399                 0.0458210719544152                 0.003578024590444762               
0.17251780433607086                0.04928856006112006                0.0037582174715367635              
0.17266630869715735                0.05144775895934033                0.003856172566784633               
0.17281481282650069                0.04999237867217866                0.0038685264066175926              
0.17296331672390208                0.047315063493952106               0.0038504452597402836              
0.17311182038916287                0.052775496664832174               0.004047695821095744               
0.1732603238220842                 0.05184427256916965                0.004011830258785575               
0.17340882702246738                0.03710877374306738                0.0034755550972952218              
0.17355732999011372                0.051454126398116                  0.004132894887475908               
0.17370583272482443                0.05371361352636468                0.004286813047275432               
0.17385433522640084                0.03629353474602276                0.003541886320620374               
0.17400283749464415                0.03882233858585584                0.0037015647468639176              
0.1741513395293557                 0.04001783178451304                0.0037983245010949043              
0.1742998413303367                 0.04209692464121754                0.003960145550476502               
0.17444834289738848                0.0516417432587973                 0.004461167144325404               
0.17459684423031224                0.04210576537050135                0.004051629161849029               
0.17474534532890937                0.05029310338611391                0.004428060845823229               
0.17489384619298107                0.04346326732782312                0.004241580575580419               
0.17504234682232866                0.050081107295218856               0.004610339621222103               
0.1751908472167534                 0.049640260189325124               0.004649236337654553               
0.1753393473760566                 0.04425830440095997                0.004448126956221798               
0.17548784730003958                0.04395029280907618                0.004462476126019518               
0.17563634698850353                0.05855797009008132                0.005258660952051953               
0.17578484644124984                0.04634923148582008                0.004780558210224185               
0.17593334565807975                0.04203673726434906                0.004586584059115487               
0.17608184463879456                0.04557899204185535                0.004886580869334522               
0.17623034338319563                0.041387908215699994               0.004656503477812084               
0.17637884189108416                0.043588370624358753               0.0049354111013744355              
0.1765273401622615                 0.047647308068663935               0.005294145340962659               
0.176675838196529                  0.05058860758261248                0.005455109848133596               
0.17682433599368788                0.04428454896252939                0.005293015987148488               
0.17697283355353952                0.056304760847514033               0.005968292713262997               
0.17712133087588516                0.05542693281665081                0.006158548090738979               
0.17726982796052618                0.05707224601438022                0.006380871085837281               
0.17741832480726386                0.04009023674714075                0.005405766420208223               
0.17756682141589947                0.041513442166455944               0.005756878628929453               
0.1777153177862344                 0.04990535394072287                0.006238169242590358               
0.17786381391806994                0.04556672487835268                0.0062590710265852815              
0.1780123098112074                 0.05215824974839908                0.006969939301867768               
0.17816080546544807                0.050774568410160155               0.00697442335107089                
0.17830930088059335                0.04369118901135147                0.0066628438603627054              
0.17845779605644455                0.036775408436159916               0.00630693051483931                
0.17860629099280295                0.056283493029903035               0.008209791232278614               
0.17875478568946987                0.04719130459073874                0.007655440495724315               
0.1789032801462467                 0.04750187606250378                0.008146504536334207               
0.17905177436293476                0.04519369822458277                0.00811702781933311                
0.17920026833933536                0.033530880736318595               0.007497732867184658               
0.17934876207524983                0.04941403625428908                0.00933837508605561                
0.17949725557047952                0.06287067312914729                0.01147856195945596                
0.17964574882482584                0.04642767446579235                0.010943107816494432               
0.17979424183809004                0.05416573751367889                0.011819932963311556               
0.17994273461007346                0.04694374092575843                0.012546242499833302               
0.18009122714057746                0.06706263251017526                0.016765658127543815               
0.18023971942940345                0.04023766686224108                0.01642695870876435                
0.18038821147635273                0.033531461908738826               0.016765730954369413               
0.18053670328122662                0.033531534825701544               0.02371037565884644                
0.18068519484382653                nan                                nan                                
