#####################################################################################################
# NeXus source file: noemi5saxs
# NXdata: name = img{0}_azimuthalIntegration_Px_23                 
#
#
# Exposure_msec                                     1000.0 + 0.0
# _diffrn_source.source                             Storage Ring SOLEIL, beamline SWING
# _diffrn_sofware                                   Foxtrot 3.5.10-3979
# _diffrn_detector.detector                         EIGER-4M
# _diffrn_comment.comment                           -
# _sas_detc.pixnum_ax                               [1035]
# _sas_detc.pixnum_eq                               [1083]
# _sas_detc.pixsize                                 150.0
# _sas_detc.center_ax                               285.110346632731
# _sas_detc.center_eq                               957.0166664324403
# _sas_detc.dist_spec/detc                          6137.21860334
# _sas_detc.energy                                  12.000513668149837
# _sas_detc.gain                                    1.0
# _sas_detc.detector_based_uncertainty              0.0
# _sas_detc.encoder_delta                           0.0
# _sas_detc.delta0                                  0.0
# _sas_detc.gamma_offset                            0.0
# _sas_detc.wave_length                             1.0331573224991384
# _sas_detc.bias                                    0
# _sas_detc.mask                                    E:\20251487\published-data\3120\2026-09-03_session3\\mask_bags_saxs_12kev_sept26.txt
# Normalization                                     true
# Normalization Factor                              0.02571
# Normalization Monitor                             averagemi8b
# Normalization Intensity                           1.3392495430499835e-06
# GlobalNormalization                               31.117075051012232
# AbsTimeStamps                                     nan
# TimeStamps                                        1.3978829383850098
# gapTime                                           500.0
# step_global_regrid                                nan
# xmax_global_regrid                                nan
# xmin_global_regrid                                nan
# ymax_global_regrid                                nan
# ymin_global_regrid                                nan
#####################################################################################################
q(A-1)                             I(q)3_00192{00000}_AzInt_Px_23     Sig(q)3_00192{00000}_AzInt_Px_23   
0.0                                nan                                nan                                
0.00014863910320409943             nan                                nan                                
0.0002972782062084175              nan                                nan                                
0.0004459173088131729              nan                                nan                                
0.0005945564108185842              nan                                nan                                
0.0007431955120248703              nan                                nan                                
0.0008918346122322496              nan                                nan                                
0.001040473711240941               nan                                nan                                
0.001189112808851163               769.4409366495264                  2.486327178335254                  
0.0013377519048631344              676.3944927271934                  0.951688984833718                  
0.001486390999077074               608.5203624916178                  0.6743788876514464                 
0.0016350300912932002              535.3940989217588                  0.5446574308376408                 
0.0017836691813117322              484.72077888253244                 0.5321880497567368                 
0.0019323082689328885              445.3927477547118                  0.4766525767154142                 
0.0020809473539568878              413.3088247235132                  0.42366455743940523                
0.0022295864361839487              387.6213762900576                  0.3996292043725626                 
0.0023782255154142914              364.6810290579146                  0.35691379843201243                
0.002526864591448133               347.12050770877136                 0.36015677026936216                
0.0026755036640856928              331.92304017863387                 0.3202600075546223                 
0.00282414273312719                319.59893894296613                 0.3127581974396427                 
0.002972781798372844               307.11818128893185                 0.2968550534651729                 
0.0031214208596228726              297.340520512546                   0.28101859987546807                
0.003270059916677496               289.3482294423811                  0.2819150064999488                 
0.0034186989693369323              281.5217572480471                  0.25512281691073196                
0.0035673380174014                 273.5672641226406                  0.25240226555023426                
0.0037159770606711206              267.3590039358552                  0.24685310193188245                
0.0038646160989463108              262.26472025971015                 0.23783597711023546                
0.004013255132027191               257.37254272681054                 0.23404177927909908                
0.00416189415971398                252.21547374358153                 0.21645298587906833                
0.004310533181806896               248.06602605126903                 0.21783606526613067                
0.004459172198106161               243.87537030124085                 0.2128441464051988                 
0.0046078112084119915              240.3150506462261                  0.20656274743036834                
0.004756450212524608               236.59958280090822                 0.20439586650997998                
0.0049050892102442305              233.46145544695096                 0.1922473683910457                 
0.005053728201371077               230.50688813987873                 0.19642292807809672                
0.00520236718570537                227.46970015917387                 0.18569264476453318                
0.005351006163047325               225.19969326361146                 0.1856415211821359                 
0.005499645133197165               222.44326334879838                 0.1810849113275485                 
0.005648284095955107               220.33384644183252                 0.1762276629574065                 
0.005796923051121373               218.0234242507361                  0.17886708651782415                
0.005945561998496182               215.7347310708824                  0.16719955647780277                
0.006094200937879753               213.39585706476097                 0.16730575997843                   
0.006242839869072308               211.4992206793457                  0.1658849050963517                 
0.006391478791874063               209.8043887760412                  0.16357163323590038                
0.006540117706085243               207.9366993914912                  0.1606263105219447                 
0.006688756611506066               206.10345369645665                 0.15380293720461125                
0.006837395507936751               204.45574921276963                 0.1574627220164238                 
0.006986034395177519               202.67624930565796                 0.1514409430785324                 
0.007134673273028592               201.36210227605474                 0.15042046137393217                
0.007283312141290187               199.39880264248518                 0.14839383617898647                
0.007431950999762529               197.99683674854444                 0.14420141283849933                
0.007580589848245835               196.58697116402624                 0.14659016138405487                
0.007729228686540326               195.0921460889592                  0.13975537482813957                
0.007877867514446222               193.45323061226944                 0.1402638046473012                 
0.008026506331763748               191.8688038048607                  0.13752908946025474                
0.00817514513829312                190.50579542437046                 0.13538859068284254                
0.008323783933834563               189.27659273164193                 0.13744272128942694                
0.008472422718188292               187.8763051424081                  0.13059772834922703                
0.008621061491154536               186.5605682301794                  0.1305088212235812                 
0.00876970025253351                185.09449927963504                 0.1292626487342535                 
0.00891833900212544                183.972140106936                   0.12850967749446096                
0.009066977739730543               182.62063611245372                 0.12662974235464952                
0.009215616465149042               181.4060841327661                  0.12321445954119424                
0.00936425517818116                180.05680337760373                 0.12522555736135232                
0.009512893878627117               178.5723607020143                  0.12114908951787946                
0.009661532566287137               177.70532031166422                 0.12054671455502251                
0.009810171240961438               176.1260966266494                  0.11955444454251402                
0.009958809902450245               174.91205547901177                 0.11596400890151155                
0.010107448550553781               173.92187897597952                 0.1198681560951021                 
0.010256087185072265               172.5166233377051                  0.11328571338547741                
0.01040472580580592                171.448875896853                   0.11481027306207646                
0.010553364412554972               170.03039299843127                 0.1115661936606808                 
0.010702003005119639               168.8389173491202                  0.1113014568819213                 
0.010850641583300147               167.7563798812765                  0.11210178551964056                
0.010999280146896714               166.30512001120698                 0.10826100901232141                
0.011147918695709568               165.34783454302865                 0.10842557880419905                
0.011296557229538928               163.90212985526867                 0.10620270989843504                
0.011445195748185017               162.84936844607898                 0.10597461584473654                
0.011593834251448063               161.5605007430163                  0.10532863811679356                
0.011742472739128288               160.36936165014595                 0.1024523170619258                 
0.01189111121102591                159.11478225882425                 0.1038646962071339                 
0.012039749666941157               158.00239355666113                 0.10128173362608948                
0.012188388106674252               156.79143278711038                 0.09988893895720968                
0.012337026530025419               155.41255169587208                 0.09974546142692403                
0.012485664936794882               154.3823656832042                  0.09805640892077425                
0.012634303326782862               153.16156024637493                 0.09872592783817001                
0.012782941699789586               152.01356265678692                 0.09582689316502974                
0.012931580055615283               150.98081613215294                 0.09613539646239092                
0.013080218394060168               149.57194602018245                 0.09391369845800723                
0.01322885671492447                148.48740613060545                 0.09417938065813293                
0.013377495018008414               147.31562723873205                 0.09337415554971788                
0.013526133303112226               145.96389677922932                 0.09144153789096476                
0.013674771570036126               144.77157915752701                 0.0911485796536942                 
0.013823409818580348               143.77508632710203                 0.08979802949631618                
0.013972048048545106               142.508130070789                   0.0903526148342343                 
0.014120686259730635               141.29786179538098                 0.08802810631511414                
0.014269324451937156               140.1990064466342                  0.08694642858474753                
0.014417962624964894               138.90265511325813                 0.08757824306207511                
0.014566600778614077               137.78962912269972                 0.08590830006904257                
0.014715238912684931               136.49550881103414                 0.0857903766157951                 
0.01486387702697768                135.44343090773563                 0.08399219929714512                
0.015012515121292555               134.32566694210408                 0.08317442536835715                
0.015161153195429777               133.206588949825                   0.0836353316262847                 
0.015309791249189571               131.9153305316519                  0.08157941738318587                
0.015458429282372172               130.82626329761558                 0.0820181899609366                 
0.015607067294777802               129.44328770066056                 0.07963254749357948                
0.015755705286206685               128.27648542046074                 0.07994595070517217                
0.015904343256459057               127.00607680627044                 0.07961083165474138                
0.01605298120533514                125.77922805797597                 0.07755730539797112                
0.016201619132635157               124.98689310199487                 0.07807148803541297                
0.01635025703815934                123.55770928876608                 0.07608093422916311                
0.016498894921707925               122.52470729847596                 0.0769491856131644                 
0.016647532783081127               121.4510871643292                  0.07537466447008098                
0.016796170622079182               120.10353396392033                 0.07415021898928616                
0.016944808438502313               119.03095966966264                 0.07445752005778439                
0.01709344623215075                117.79299536808338                 0.07307011734483795                
0.017242084002824728               116.62635669281465                 0.07343602933322642                
0.01739072175032447                115.56813950306937                 0.0712306324126773                 
0.017539359474450206               114.39193189194646                 0.0714057837769793                 
0.017687997175002166               113.26354016441823                 0.07090537438830881                
0.017836634851780577               112.0839498295539                  0.06962748763457856                
0.017985272504585672               110.85329811428197                 0.070002019470712                  
0.01813391013321768                109.85323298813871                 0.06797719726828912                
0.018282547737476833               108.74271986635361                 0.06839799242936563                
0.018431185317163357               107.73560479818497                 0.06758473764797471                
0.018579822872077482               106.91133642118899                 0.06671244926955824                
0.01872846040201944                106.80842098842753                 0.06711644842649371                
0.018877097906789472               104.93823189628756                 0.06674560686343413                
0.019025735386187796               103.81585544236977                 0.06793076400003925                
0.019174372840014643               102.78868341492645                 0.06663310299600378                
0.01932301026807025                102.78535205789287                 0.06681187480282315                
0.019471647670154846               100.9228363263833                  0.06881029081916246                
0.019620285046068664               99.64455060546203                  0.06812495644533602                
0.019768922395611937               98.41520815523772                  0.06901621312288185                
0.019917559718584898               97.28491431806546                  0.06775686512615692                
0.020066197014787773               96.15707256727636                  0.0687394265549548                 
0.0202148342840208                 94.93109405883058                  0.06936874369006049                
0.020363471526084212               93.74173590951412                  0.06761266538064205                
0.02051210874077824                92.91964294027945                  0.06934454259274632                
0.020660745927903117               91.58153467694312                  0.06693074349616215                
0.020809383087259083               90.55525531875396                  0.06912778053476856                
0.02095802021864636                89.60808824529838                  0.06815257130740851                
0.02110665732186519                88.44670751564337                  0.06733046357306577                
0.021255294396715804               87.52792194280143                  0.06785116344150284                
0.021403931442998434               86.24112407937652                  0.066698771047229                  
0.021552568460513323               85.27264798902155                  0.06821061018047775                
0.021701205449060703               84.23505165042688                  0.06661718385732592                
0.021849842408440803               83.2074828216806                   0.06631842799932312                
0.02199847933845386                82.2645313783598                   0.06693991961108006                
0.02214711623890011                81.11935565593723                  0.06558897895092011                
0.02229575310957979                83.0643056680235                   0.0659368245648887                 
0.022444389950293145               81.09809240410144                  0.0632732114719798                 
0.022593026760840393               79.63074379083264                  0.06303802007581687                
0.02274166354102178                78.32655719458278                  0.06251968141349692                
0.02289030029063754                77.11493994243797                  0.060325500974768034               
0.02303893700948792                76.17358414263367                  0.06085646988174704                
0.02318757369737314                75.06145602679536                  0.05912747026280611                
0.023336210354093452               74.2210240429939                   0.06007145534209433                
0.02348484697944908                73.24210001745156                  0.05836424125082626                
0.02363348357324028                72.21776615335676                  0.05820794605630771                
0.023782120135267273               71.19769303995378                  0.05779539982910335                
0.023930756665330306               70.27854223505584                  0.05652067310093108                
0.02407939316322961                69.35351482391012                  0.057083673019992835               
0.024228029628765434               68.40040122155422                  0.05548633053200738                
0.024376666061738005               67.5306592083469                   0.05544392834879217                
0.024525302461947576               66.56752593216993                  0.055086168109747                  
0.024673938829194372               65.67926033212713                  0.053883140392031986               
0.024822575163278647               64.72129224968073                  0.054549533997811525               
0.02497121146400064                63.86599976329082                  0.05252360150476914                
0.02511984773116057                62.89113034231901                  0.053392192621874716               
0.025268483964558705               62.181013524612126                 0.052537070750841235               
0.025417120163995274               61.25850552436979                  0.05140571074646109                
0.02556575632927051                60.323373740390196                 0.051675046190426725               
0.02571439246018467                59.48248749352074                  0.050086826421590194               
0.025863028556537982               58.64896742746949                  0.05112920735569968                
0.0260116646181307                 57.89732793594093                  0.049841938689369494               
0.026160300644763053               56.932166685746985                 0.04939180161929258                
0.0263089366362353                 56.151906588198116                 0.0489869099316897                 
0.026457572592347666               55.40068327354257                  0.048561362779995156               
0.026606208512900405               54.41922869632274                  0.048386336428585246               
0.026754844397693756               53.82795856022133                  0.047245453702157596               
0.02690348024652797                52.917445167442146                 0.04702656474698394                
0.02705211605920328                52.25739249453804                  0.04713245173629225                
0.027200751835519926               51.34418326785086                  0.04602396475986175                
0.027349387575278168               50.670978996034904                 0.045957845663476424               
0.027498023278278244               49.938983875931754                 0.045418974871484843               
0.0276466589443204                 49.08735008702354                  0.0448860367486167                 
0.027795294573204874               48.33224118319732                  0.044797668014985796               
0.027943930164731925               47.74747294429267                  0.04401696538459366                
0.02809256571870178                46.98839762676662                  0.04366568660385858                
0.028241201234914706               46.24875227781318                  0.04326606510700432                
0.02838983671317093                45.480638085764404                 0.04282445339284409                
0.028538472153270714               44.860690341952726                 0.042478324241256624               
0.0286871075550143                 44.17294357088777                  0.04204634616859458                
0.02883574291820193                43.36292416441499                  0.041325882863516926               
0.028984378242633856               42.768770901482476                 0.04158032077291353                
0.029133013528110326               42.01722896075206                  0.0405062349118466                 
0.02928164877443159                41.399225076362995                 0.04055365597471046                
0.029430283981397888               40.82191662207046                  0.040170724746409356               
0.029578919148809477               40.09652881024608                  0.039521619789880016               
0.029727554276466603               39.445673018585474                 0.03936691953534825                
0.029876189364169515               38.82889308186085                  0.03868146882754658                
0.03002482441171847                38.1382784339065                   0.038358939996610095               
0.0301734594189137                 37.52448712503668                  0.038140708105355164               
0.030322094385555477               36.917701063343515                 0.03778553068808983                
0.03047072931144404                36.32490306679732                  0.03712524429029561                
0.03061936419637964                35.68786086800244                  0.036907368918530185               
0.030767999040162516               35.182056386175134                 0.03642921109227273                
0.030916633842592953               34.51129480518523                  0.03646755408670546                
0.031065268603471176               34.084069580333626                 0.03562701520782412                
0.031213903322597436               33.3887670613912                   0.03559325310600846                
0.031362537999772004               32.87421019596585                  0.034989001167041386               
0.031511172634795116               32.30672457703717                  0.03468569715562264                
0.03165980722746703                31.75077015246896                  0.03452627247174492                
0.03180844177758801                31.192667767450928                 0.03377080002898774                
0.03195707628495829                30.65011486374783                  0.03370669062105956                
0.03210571074937814                30.195055477955528                 0.03339780955401744                
0.032254345170647805               29.59065436996453                  0.03291090350652258                
0.03240297954856755                29.08094085916911                  0.032700799694739206               
0.03255161388293761                28.64237204798288                  0.03203451974186524                
0.03270024817355827                28.0592770538943                   0.03213965054451955                
0.03284888242022977                27.622176547746538                 0.031564594592726584               
0.03299751662275236                27.06970769205782                  0.03124734601977327                
0.033146150780926295               26.675185370829027                 0.030949418782034423               
0.03329478489455186                26.177563830698354                 0.030489528135092717               
0.033443418963429276               25.71271227664536                  0.030626435751457674               
0.033592052987358824               25.3067169644007                   0.029813839636899733               
0.03374068696614075                24.825306161578283                 0.029691603978853818               
0.03388932089957531                24.40546930959728                  0.029326274372800738               
0.03403795478746278                24.315951242043887                 0.029336853188993456               
0.03418658862960341                24.14896520516987                  0.029349301961507677               
0.034335222425797444               23.462153349151347                 0.029288726987274635               
0.034483856175845165               22.98019629841134                  0.02935604501794884                
0.03463248987954682                22.55112344978557                  0.029131733963663756               
0.034781123536702666               22.066553180240877                 0.029108229597132208               
0.03492975714711298                21.86933901852252                  0.028926077603914965               
0.03507839071057801                21.800950954401642                 0.028089414655388473               
0.03522702422689801                21.23577711288252                  0.027944085926712162               
0.03537565769587327                20.67299720886366                  0.027200393836581807               
0.03552429111730402                20.290881984405207                 0.027023180583200003               
0.035672924490990535               19.844179246471818                 0.02648783440204862                
0.03582155781673309                19.519683097090716                 0.026141286562396445               
0.03597019109433192                19.135988649745972                 0.026184316511023705               
0.03611882432358732                18.701216465779368                 0.0253401458230456                 
0.03626745750429954                18.371840473431632                 0.025347245864212612               
0.03641609063626884                17.950901934585083                 0.024786924075213455               
0.03656472371929549                17.618692394029452                 0.024648544056716536               
0.03671335675317976                17.292246594610962                 0.02441913302744486                
0.0368619897377219                 17.00886114732026                  0.023987688384476957               
0.03701062267272219                16.60095281806423                  0.023748359757800694               
0.03715925555798089                16.25875331870132                  0.02348991300831841                
0.03730788839329828                15.918102905560785                 0.023205809663433493               
0.037456521178474596               15.627265756599336                 0.022884697054215083               
0.03760515391331015                15.313255305717638                 0.022478501374300457               
0.037753786597605164               14.977439507198701                 0.0224272480998056                 
0.03790241923115994                14.729956837383673                 0.022080270546147588               
0.038051051813774724               14.401106831230912                 0.02186621555829347                
0.03819968434524979                14.09553584094948                  0.021522109427659426               
0.03834831682538542                13.77547848868536                  0.02121140151768103                
0.03849694925398188                13.555775216104738                 0.021192880071461802               
0.03864558163083943                13.261211732165549                 0.02078006001568193                
0.03879421395575834                13.03736549563934                  0.020593507336761463               
0.038942846228538906               12.724905956367419                 0.020142389834654665               
0.03909147844898136                12.465201179207314                 0.020187705550782423               
0.03924011061688601                12.157598750488363                 0.019707842808001176               
0.0393887427320531                 11.898737738194221                 0.019372141568698636               
0.039537374794282924               11.685352988483967                 0.019216523655271045               
0.039686006803375744               11.404664807840463                 0.018873309523207902               
0.039834638759131825               11.156129290526847                 0.01876711310905272                
0.03998327066135146                10.941410673453515                 0.01841458674352372                
0.04013190250983492                10.666281165238242                 0.018077300199519575               
0.04028053430438246                10.441918446418756                 0.017998038500591552               
0.04042916604479439                10.258449864603879                 0.017736798825955864               
0.04057779773087095                9.990113723567896                  0.01762138597900892                
0.040726429362412435               9.839310027177069                  0.01721532938681615                
0.04087506093921912                9.586144087176438                  0.017195050174836572               
0.04102369246109126                9.40923565558996                   0.016994925684721576               
0.04117232392782917                9.183722627262105                  0.016655363314557064               
0.041320955339233106               8.984022456721673                  0.016582744842273445               
0.041469586695103346               8.798970693000907                  0.01630275055050188                
0.04161821799524017                8.623088768339                     0.016215374883038612               
0.041766849239443855               8.423182417772612                  0.01601872157900861                
0.04191548042751469                8.224142445120053                  0.01568040115260265                
0.042064111559252944               8.092715167654395                  0.015598199627160908               
0.0422127426344589                 7.963989163375704                  0.015430407931507299               
0.042361373652932834               7.965966410925195                  0.015432327227305559               
0.04251000461447503                7.651305498839262                  0.015436344203488543               
0.04265863551888578                7.458714384018625                  0.015307730740652193               
0.042807266365965366               7.279664436793218                  0.015341903359897987               
0.04295589715551405                7.116413553022177                  0.015184189666874827               
0.04310452788733213                6.944602370082998                  0.01507595830990765                
0.04325315856121989                6.790238057264135                  0.014862132215574505               
0.0434017891769776                 6.591916203454204                  0.014801639003408449               
0.043550419734405564               6.438082460802272                  0.014612808699071786               
0.04369905023330405                6.3006002701411274                 0.014418793410806941               
0.043847680673473347               6.125590966282892                  0.014342853966433889               
0.04399631105471376                6.00174432169518                   0.014051061251019327               
0.04414494137682554                5.8577120727004095                 0.01403307490279442                
0.044293571639608995               5.709907227024578                  0.013804455378387964               
0.04444220184286442                5.611696381267363                  0.013663958383140632               
0.044590831986392084               5.494548759387212                  0.01354866820360843                
0.04473946206999227                5.373905487504824                  0.013392144076660445               
0.044888092093465295               5.21998737192148                   0.013366579686468729               
0.04503672205661142                5.094929478115139                  0.01298607638416742                
0.04518535195923094                4.99828557956115                   0.01307269726103271                
0.04533398180112416                4.850375850419853                  0.012803129965565051               
0.04548261158209136                4.717348680444036                  0.012666362697073236               
0.04563124130193283                4.61578857424048                   0.012657164217002116               
0.04577987096044885                4.522832844411726                  0.01234383634456035                
0.045928500557439744               4.424426403065808                  0.012385336614029326               
0.04607713009270576                4.279836163330098                  0.01216161951633815                
0.04622575956604723                4.20105008244935                   0.01202333441182805                
0.04637438897726441                4.0683422901539                    0.011857327757667515               
0.04652301832615762                3.94495557387867                   0.011589234196729883               
0.04667164761252716                3.893309605177632                  0.011694151706153262               
0.0468202768361733                 3.7772505465597774                 0.011352260997209688               
0.04696890599689635                3.689122089058067                  0.01124894423342412                
0.04711753509449661                3.5892532003262754                 0.01110750227859754                
0.04726616412877436                3.4986835377493803                 0.010839684797468128               
0.0474147930995299                 3.3898902796774544                 0.010783095242421372               
0.04756342200656354                3.3181505523583796                 0.010539814493836924               
0.04771205084967556                3.234716910744146                  0.010455590027199453               
0.04786067962866626                3.1628430841721675                 0.010355127349604571               
0.048009308343335964               3.077648871728447                  0.010082634640576201               
0.04815793699348494                3.001809121296919                  0.01008807747934923                
0.048306565578913496               2.9132894476191575                 0.009794630942634467               
0.04845519409942194                2.8575288765469287                 0.009832292853929505               
0.04860382255481056                2.7968392627197325                 0.00974271919857138                
0.04875245094487968                2.7024374970657                    0.009423884406885057               
0.04890107926942957                2.658157571579659                  0.009453292399439392               
0.04904970752826055                2.571153570962923                  0.00921572258938659                
0.04919833572117292                2.5229614856186755                 0.009224244234579538               
0.04934696384796698                2.4540968251722766                 0.009031391568277623               
0.049495591908443035               2.3951980369151604                 0.008894806097893162               
0.049644219902401386               2.334344263265891                  0.00882198382375771                
0.04979284782964235                2.2727990184530333                 0.008642383637824425               
0.049941475689966215               2.227318498476792                  0.008644323069992703               
0.05009010348317329                2.18012843131717                   0.008438518430425729               
0.050238731209063886               2.12080836189588                   0.008382772710054054               
0.05038735886743832                2.0471379653973503                 0.008270066399963397               
0.05053598645809688                2.002669710297648                  0.008125039203205203               
0.05068461398083988                1.9600472714886652                 0.00804637174918194                
0.050833241435467615               1.905957888465582                  0.007874111346901283               
0.05098186882178042                1.8708650207263988                 0.00788146689819971                
0.05113049613957859                1.8112144585851238                 0.007703251463995915               
0.05127912338866244                1.7631953532901965                 0.0076198966710893275              
0.05142775056883227                1.7132711705068253                 0.0075228177827565655              
0.051576377679888395               1.6831057173807904                 0.0073920031671033245              
0.05172500472163113                1.640146492691406                  0.0073833296966563005              
0.05187363169386079                1.6117300922462696                 0.007193718401657139               
0.052022258596377664               1.56826058371002                   0.00714619706153171                
0.05217088542898209                1.539705216953827                  0.007116985744919393               
0.052319512191474384               1.4971762367298056                 0.006982366007423771               
0.052468138883654855               1.4583166315817098                 0.006887669556802663               
0.052616765505323786               1.4243485031511254                 0.006782996454275596               
0.05276539205628153                1.4022513059451216                 0.006740346566396909               
0.0529140185363284                 1.3704656600160077                 0.006673615912760456               
0.05306264494526469                1.3400993054666828                 0.006626121590809557               
0.053211271282890736               1.303140732492481                  0.006491245289862082               
0.053359897549006836               1.2807776314995534                 0.006406371107466711               
0.053508523743413326               1.2626550630333206                 0.006399283743591908               
0.053657149865910525               1.2369903098031487                 0.006299052969790356               
0.05380577591629874                1.2053159888017946                 0.006233457355954327               
0.0539544018943783                 1.1831758539373702                 0.006172848703474909               
0.05410302779994951                1.1520445131142683                 0.006085006206240259               
0.054251653632812716               1.128907843977403                  0.006050885786877888               
0.05440027939276821                1.1158259674417197                 0.005915112092271385               
0.05454890507961633                1.0955142396807087                 0.005936809200595848               
0.0546975306931574                 1.0693350311185819                 0.005868384912073269               
0.05484615623319174                1.0564509062433611                 0.005812577249943946               
0.05499478169951966                1.0336378080544322                 0.005760953992143061               
0.05514340709194151                1.0065430268065672                 0.00560706875378844                
0.05529203241025758                0.9984181327592159                 0.005664789430666725               
0.055440657654268234               0.9785093526774548                 0.005555499138899072               
0.05558928282377376                0.9571680124569362                 0.005527225514099825               
0.05573790791857452                0.9601968660748903                 0.0055168241601413                 
0.05588653293847082                0.929764119599219                  0.005396856046982362               
0.05603515788326298                0.9387922034066165                 0.005476637760684597               
0.05618378275275134                0.9157625078008433                 0.005356069032373477               
0.05633240754673624                0.9011490010547123                 0.0053471472522390725              
0.05648103226501799                0.8894707200776236                 0.005281199908803588               
0.05662965690739693                0.8744708598190722                 0.005244161801040663               
0.056778281473673364               0.8621398297161031                 0.00523789967599207                
0.05692690596364766                0.8578226318681893                 0.005148861825767813               
0.05707553037712013                0.849281958135574                  0.005168086897287528               
0.05722415471389112                0.8392708456650578                 0.005107639711413211               
0.05737277897376094                0.8344064703454134                 0.0051251380304111116              
0.057521403156529954               0.8315391897893699                 0.0050988772844787434              
0.05767002726199845                0.8127442997224733                 0.005014170521130343               
0.05781865128996681                0.8134401952142639                 0.005067794356159568               
0.05796727524023534                0.7925578909252198                 0.004927855480286112               
0.058115899112604404               0.7949294198085338                 0.004985377960706355               
0.0582645229068743                 0.7896735740582606                 0.004947262314686044               
0.058413146622845386               0.7867205690991154                 0.004916715476511626               
0.058561770260317995               0.7879132683880498                 0.004970591744054661               
0.05871039381909247                0.7780795394234352                 0.004875678952267861               
0.05885901729896914                0.7791526748912316                 0.004918948043244486               
0.059007640699748364               0.7728561653312426                 0.004859289229966271               
0.05915626402123044                0.7620054378858471                 0.004834258061886954               
0.05930488726321576                0.7566424712086106                 0.004852066986736816               
0.059453510425504646               0.7611852910955825                 0.004815603380341941               
0.05960213350789743                0.7555674813283864                 0.004823011331456138               
0.05975075651019445                0.7591872154131692                 0.004807004654837124               
0.05989937943219608                0.7517013636723762                 0.004812965296184342               
0.060048002273702626               0.7523152621539966                 0.0047806777988097906              
0.060196625034514444               0.7535478519040518                 0.004782334701137206               
0.060345247714431886               0.7719170152126362                 0.0048702600627573865              
0.06049387031325529                0.7578030392804236                 0.004922979034280192               
0.060642492830785                  0.7581765470846703                 0.004999376788628184               
0.060791115266821405               0.7549758465848528                 0.00501459698778974                
0.06093973762116479                0.7505875269458858                 0.005031384920856896               
0.06108835989361553                0.7477251688737628                 0.005094469760561224               
0.06123698208397396                0.761651874112131                  0.005130626803570778               
0.061385604192040456               0.755718038298913                  0.0051778515906363886              
0.061534226217615354               0.7590288745539604                 0.005172085473337064               
0.06168284816049901                0.7591931402794955                 0.005236188342603438               
0.061831470020491754               0.7512844397065804                 0.005232415111214209               
0.06198009179739396                0.7525217222919476                 0.005221943389080676               
0.06212871349100597                0.7635892483411743                 0.005329759868912197               
0.06227733510112815                0.7562097663452244                 0.00526148888354068                
0.06242595662756082                0.7627726803838129                 0.005408919189208623               
0.06257457807010439                0.7616438625819697                 0.005357183947658207               
0.06272319942855915                0.7659592113310104                 0.0053629185897170325              
0.06287182070272551                0.7620007696101483                 0.00541913673326                   
0.0630204418924038                 0.7681024552491014                 0.005431033002665081               
0.06316906299739436                0.7713664502683468                 0.005491996142129287               
0.0633176840174976                 0.7859171664635803                 0.005339584349877468               
0.06346630495251382                0.7796851710566939                 0.005297488207756109               
0.06361492580224343                0.781473762652293                  0.005253790632454748               
0.06376354656648675                0.7873218658802522                 0.005241827988417579               
0.06391216724504416                0.7895274432762598                 0.005234976215990876               
0.06406078783771602                0.7848269697848456                 0.0051503110582230074              
0.06420940834430268                0.7832712474074324                 0.005166984662784282               
0.06435802876460452                0.7983638356835804                 0.005186368077035658               
0.06450664909842187                0.7945078295974164                 0.005149596614333442               
0.06465526934555513                0.8023781192560467                 0.005191238740349755               
0.06480388950580464                0.8111929946590172                 0.005179246309606241               
0.0649525095789708                 0.8056199918523204                 0.005180112987733111               
0.06510112956485392                0.8057789973737964                 0.00513297506795798                
0.06524974946325443                0.8075412746462323                 0.005135975317942848               
0.06539836927397262                0.809991812245313                  0.0051568826915747885              
0.06554698899680893                0.816930975667126                  0.00516837929458342                
0.06569560863156369                0.8143698660575064                 0.0051498063466684394              
0.06584422817803728                0.8232402954449723                 0.005128650668023957               
0.06599284763603007                0.8251684602706421                 0.005132105154795207               
0.06614146700534243                0.8197116132867579                 0.005135549793985897               
0.06629008628577472                0.8249996160837973                 0.005149513382793902               
0.06643870547712732                0.818302564988417                  0.0051208963010058945              
0.06658732457920061                0.8338428489001187                 0.005086299065633794               
0.06673594359179495                0.8303053691514428                 0.00515062312131225                
0.06688456251471071                0.8310414115022979                 0.005135073040383418               
0.0670331813477483                 0.832473312707997                  0.005111817872747681               
0.06718180009070804                0.8311603866714171                 0.0051228176290849785              
0.06733041874339035                0.8427772434681275                 0.005145873733625024               
0.06747903730559558                0.8413788208225692                 0.005134082299909824               
0.06762765577712412                0.8436908489982742                 0.005099063385348649               
0.06777627415777635                0.8440512157822053                 0.005144741282571384               
0.06792489244735264                0.850112887724373                  0.005125814447152738               
0.06807351064565337                0.8489739457609029                 0.0051471875990107005              
0.06822212875247895                0.8491561814537284                 0.0051229335761730195              
0.0683707467676297                 0.8468025647956015                 0.00507933244017997                
0.06851936469090604                0.8499954989244428                 0.005120547725306594               
0.06866798252210835                0.8543310069074398                 0.005118875742390871               
0.06881660026103702                5.023238472551174                  0.01243014163484791                
0.06896521790749241                0.8576560613294907                 0.005133732589668957               
0.06911383546127492                0.8620284904504345                 0.0051030835782149295              
0.06926245292218494                0.8642167829317994                 0.005143509720967742               
0.06941107029002283                0.8551952628376566                 0.005066183963662885               
0.06955968756458901                0.8483980864799217                 0.005091376341717934               
0.06970830474568386                0.8636679599272629                 0.005086475483065108               
0.06985692183310774                0.857812197154669                  0.005088208505324546               
0.07000553882666105                0.854225012487065                  0.005065683256446203               
0.0701541557261442                 0.8617781064887683                 0.005045767580588511               
0.07030277253135758                0.8602804251465221                 0.005088368313088233               
0.07045138924210155                0.8638290520570208                 0.00506342060073621                
0.07060000585817654                0.8617665039291511                 0.0050761574775583995              
0.07074862237938288                0.8652156806200341                 0.005076871459061175               
0.07089723880552104                0.8537083376349104                 0.004992361053875853               
0.07104585513639136                0.8549991766866264                 0.0050585468656804385              
0.07119447137179426                0.8594674466251315                 0.005016014721439236               
0.07134308751153012                0.8561734290685841                 0.005022430556398199               
0.07149170355539934                0.8562387065406134                 0.005034173110887091               
0.07164031950320233                0.8526135075960812                 0.0049778792580786975              
0.07178893535473949                0.8555803148636635                 0.005046200697749792               
0.07193755110981116                0.8510469568611406                 0.0049688178298890025              
0.07208616676821783                0.8529007617010081                 0.004999105696132269               
0.07223478232975981                0.847403504457448                  0.004985244023050691               
0.07238339779423758                0.8445917598089018                 0.004986075619482162               
0.07253201316145147                0.8497711052451904                 0.0050220808628768775              
0.07268062843120196                0.8471537072971588                 0.004924230451346764               
0.07282924360328936                0.8392664655615456                 0.004949981843363864               
0.07297785867751416                0.8477994072266163                 0.004970571428690283               
0.0731264736536767                 0.8374210038029611                 0.004933351654634768               
0.07327508853157742                0.8354163947054357                 0.004927445589730089               
0.07342370331101672                0.8424572674367913                 0.004908387945583347               
0.07357231799179499                0.8235963130352562                 0.004896896766019035               
0.07372093257371265                0.8257149798226893                 0.004876760925281441               
0.07386954705657013                0.8272952204568234                 0.004866189909419163               
0.07401816144016779                0.8242111774593063                 0.004837766517445                  
0.07416677572430608                0.8261547840783657                 0.004869347416903372               
0.07431538990878538                0.807727295153069                  0.004829854564428734               
0.07446400399340614                0.8159892630503345                 0.004788270325429752               
0.07461261797796873                0.8183867512864085                 0.004805815336982732               
0.07476123186227358                0.804967986158011                  0.004741344198407685               
0.0749098456461211                 0.798060156448015                  0.0047374510627611645              
0.07505845932931171                0.798150014462963                  0.0047356487700892045              
0.07520707291164581                0.7991604199875725                 0.004709915699933102               
0.07535568639292387                0.8023000813259029                 0.004715090697445412               
0.07550429977294623                0.7986643190921757                 0.00469429095096746                
0.07565291305151335                0.7914525531936941                 0.004691206474940282               
0.0758015262284256                 0.7796062351994909                 0.004624077105237068               
0.0759501393034835                 0.7731573074082665                 0.004599031867607542               
0.07609875227648738                0.7722351233973107                 0.004617957204695824               
0.07624736514723769                0.7681204674460818                 0.004568505105787787               
0.07639597791553485                0.7664424702202276                 0.004573189036798573               
0.07654459058117927                0.7601173714494214                 0.004536983372119842               
0.07669320314397139                0.7585798645153479                 0.004536217805331303               
0.07684181560371163                0.7604312161581396                 0.004562979730080975               
0.07699042796020039                0.7555560264227104                 0.004517650997591956               
0.07713904021323813                0.7439144935611165                 0.0044959571198292456              
0.07728765236262525                0.7438884879526771                 0.004456499892273031               
0.07743626440816222                0.7319204977545613                 0.004463344754322963               
0.0775848763496494                 0.7379151244435082                 0.004472130743373369               
0.07773348818688727                0.7242423780018856                 0.004400920936771646               
0.07788209991967622                0.7208339495532282                 0.004414491920954266               
0.07803071154781671                0.7122279039594138                 0.004360642570514693               
0.07817932307110918                0.7120883301106954                 0.0043931803821954905              
0.07832793448935403                0.6992736049054707                 0.004315435038095195               
0.07847654580235171                0.699214178950712                  0.004309900897517003               
0.07862515700990265                0.6950795556374475                 0.004338573502436532               
0.07877376811180728                0.6860115978411585                 0.0042637388448423744              
0.07892237910786605                0.6746937748860086                 0.004245961108797752               
0.07907098999787937                0.6758354847682599                 0.00422851657395412                
0.07921960078164769                0.6696937754876122                 0.004210994515702717               
0.07936821145897144                0.6679534703731403                 0.004235279982921108               
0.07951682202965109                0.6601145911878031                 0.004165361909451894               
0.07966543249348702                0.6507499851995235                 0.004154438032401345               
0.07981404285027972                0.6521331550349878                 0.004141801280242675               
0.07996265309982961                0.6444427463729826                 0.004139386216624601               
0.08011126324193714                0.6331041610637962                 0.004094353911240849               
0.08025987327640273                0.6286903622714684                 0.004045221173415539               
0.08040848320302686                0.6297052434838455                 0.0040850353010656254              
0.08055709302160995                0.6239865343758677                 0.004034967352267676               
0.08070570273195243                0.6137721726670831                 0.004028049426666823               
0.08085431233385477                0.6161774750009856                 0.004006392756102312               
0.08100292182711742                0.6076858950115521                 0.003978692751797082               
0.0811515312115408                 0.6029675534346783                 0.003984260778571828               
0.0813001404869254                 0.5940620831185338                 0.0039370360583972286              
0.08144874965307163                0.5900091582938718                 0.003921993599876777               
0.08159735870977995                0.5864779881809273                 0.0039007620704113828              
0.08174596765685078                0.5742810854612397                 0.003861547697819098               
0.08189457649408466                0.5780173054271098                 0.003885089946587476               
0.08204318522128196                0.5751789429188097                 0.0038567884977235662              
0.08219179383824317                0.5634045574725305                 0.003827904161438767               
0.0823404023447687                 0.5593887939200101                 0.0037897891258679554              
0.08248901074065908                0.5509667074481958                 0.0037823603365685064              
0.0826376190257147                 0.546526903640096                  0.0037595076174031868              
0.08278622719973604                0.5417295633458682                 0.003728006921060038               
0.08293483526252357                0.5405893552064523                 0.003736029210916263               
0.08308344321387771                0.5284874947977376                 0.003674840114535741               
0.08323205105359896                0.5208382441385442                 0.003667147566556591               
0.08338065878148777                0.5207204226350937                 0.0036477396348261653              
0.0835292663973446                 0.5132858283560426                 0.0036201689353519036              
0.0836778739009699                 0.5100919080740267                 0.003632042628965003               
0.08382648129216412                0.497414838665413                  0.0035708623052128578              
0.08397508857072775                0.4991753873531062                 0.0035601840672301365              
0.08412369573646125                0.49344116143703753                0.003524399912815103               
0.08427230278916509                0.48563079761287764                0.0035185095239067573              
0.08442090972863972                0.4756789069056722                 0.003485037586887251               
0.0845695165546856                 0.48155399812937955                0.0035009380584843405              
0.08471812326710323                0.46125022544620625                0.0034195778573612814              
0.08486672986569305                0.46811950679082326                0.0034327878946297016              
0.08501533635025554                0.4611437257804204                 0.003430023939096405               
0.08516394272059116                0.44964429576007725                0.0033604238136936537              
0.08531254897650041                0.4427910199189676                 0.003339940903861638               
0.08546115511778372                0.44706258440413327                0.003362608666365314               
0.08560976114424161                0.5877140806653692                 0.003823991832508162               
0.08575836705567454                0.4350023999773245                 0.003322178079330842               
0.08590697285188292                0.4268053337639041                 0.0032625266981760707              
0.0860555785326673                 0.4236788561718682                 0.003261964645300502               
0.08620418409782817                0.4170968137868904                 0.0032415980573105006              
0.08635278954716594                0.41084872717826076                0.0032059422828878054              
0.08650139488048113                0.4124337207604739                 0.003209625237165991               
0.08665000009757422                0.4049615649709253                 0.0031656950032437994              
0.08679860519824566                0.39800925326889425                0.0031481138760304367              
0.08694721018229597                0.3950768287696486                 0.003158593776606494               
0.0870958150495256                 0.3944452862006297                 0.0031243252241522023              
0.08724441979973506                0.38283250189805906                0.0030815523758852114              
0.0873930244327248                 0.3785720741890689                 0.003063177627766089               
0.08754162894829534                0.37035456300263636                0.0030262533618685317              
0.08769023334624715                0.37646940498406617                0.0030582011420481835              
0.08783883762638073                0.36751031491580477                0.002998511053414013               
0.08798744178849653                0.3611552847462266                 0.0029930452776978592              
0.08813604583239507                0.3587555955018379                 0.002970506991329837               
0.08828464975787681                0.3514640647132806                 0.0029480717514381266              
0.08843325356474228                0.348245675896544                  0.0029289172617195072              
0.08858185725279195                0.3559071716638344                 0.002945206136518865               
0.08873046082182631                0.34872785496443526                0.002934322096251438               
0.08887906427164587                0.3378001314516492                 0.0028736721566110387              
0.0890276676020511                 0.336222695594442                  0.0028680469234766666              
0.0891762708128425                 0.3279196666556494                 0.002835652716332112               
0.08932487390382057                0.32821072152775216                0.002820820875667078               
0.08947347687478581                0.3214225847187976                 0.00279889702114596                
0.08962207972553873                0.3238863726569468                 0.0028106708545068064              
0.0897706824558798                 0.3179841257698525                 0.0027849449003249475              
0.0899192850656095                 0.313253734668725                  0.0027558031625376906              
0.0900678875545284                 0.3063975987017873                 0.002731667125579379               
0.09021648992243694                0.3038439019576381                 0.002706964040829897               
0.09036509216913566                0.2988664238958251                 0.0026867179149249096              
0.09051369429442505                0.3015592532436637                 0.0026947499274245835              
0.0906622962981056                 0.2937204333694079                 0.00267760926424174                
0.09081089817997783                0.29557184389676777                0.0026799386687101534              
0.09095949993984224                0.2864352647190888                 0.002616529197163809               
0.09110810157749934                0.28522474915094775                0.0026237062753049142              
0.09125670309274964                0.28309894270032204                0.0025993172416842267              
0.09140530448539363                0.28152760121897663                0.0026115553168014937              
0.09155390575523184                0.27667527314452606                0.002572527224953308               
0.09170250690206479                0.27399113075098724                0.002550548582209006               
0.09185110792569297                0.27244384259297477                0.0025690819474847803              
0.09199970882591689                0.2712047431956897                 0.0025431902813654733              
0.09214830960253707                0.26330551535265595                0.0025096071657481076              
0.09229691025535404                0.2660753742974433                 0.0025152991178281296              
0.09244551078416828                0.2594960123879369                 0.0024876901317199243              
0.09259411118878036                0.25441577073932375                0.0024742575991348187              
0.09274271146899074                0.2567354695908879                 0.002459869804532634               
0.09289131162459997                0.2563063722721127                 0.002465054184924146               
0.09303991165540855                0.2516484396343592                 0.002439856302158804               
0.09318851156121703                0.24613841319652346                0.002407689465629509               
0.09333711134182592                0.24743677664248862                0.00243735719869556                
0.0934857109970357                 0.2406065302359319                 0.00237526771847898                
0.09363431052664693                0.2380469770165732                 0.0023686559514855287              
0.09378290993046016                0.23732770122798247                0.0023616158044563592              
0.09393150920827588                0.23571391731845212                0.002364837424868864               
0.09408010835989462                0.23540044984793315                0.002354593220383867               
0.0942287073851169                 0.22991026727433045                0.002315132582879102               
0.09437730628374329                0.233294053710653                  0.002349206373167412               
0.09452590505557425                0.22926228629749998                0.002319451721080528               
0.09467450370041036                0.22729184692187543                0.002297753533493171               
0.09482310221805212                0.2244773853689055                 0.0022917790134963094              
0.09497170060830008                0.22125017912549924                0.0022678314865768353              
0.0951202988709548                 0.22072310313808172                0.0022816880760700995              
0.09526889700581676                0.21716470341277544                0.002242747802511388               
0.09541749501268652                0.2171425968465874                 0.0022491259341300557              
0.09556609289136461                0.21226470655944768                0.0022245276825201715              
0.09571469064165158                0.21457941505940895                0.0022309699294231866              
0.09586328826334796                0.2135474133932684                 0.0022312414976525217              
0.09601188575625429                0.20537166609355567                0.0021685453776603093              
0.09616048312017107                0.2099700758211024                 0.0022132789335764427              
0.09630908035489893                0.20636702812969104                0.002183930927225237               
0.09645767746023834                0.2029220942670904                 0.0021679661434507503              
0.09660627443598986                0.2037552175511124                 0.0021654042244076688              
0.09675487128195404                0.2033503803564058                 0.0021570856961354193              
0.0969034679979314                 0.20260116812430048                0.002171738113856123               
0.09705206458372252                0.19839393286824475                0.0021367295896756833              
0.09720066103912794                0.19933759570121443                0.002134181678631706               
0.09734925736394817                0.18976394699435947                0.0020823028162417602              
0.09749785355798385                0.19112253900338233                0.0020972108112077164              
0.09764644962103541                0.19178537537223445                0.002105371654975887               
0.09779504555290348                0.19106628063968362                0.0020769300938767296              
0.09794364135338857                0.1892517941714889                 0.002082458102060423               
0.09809223702229126                0.1891024293190182                 0.0020786763124596725              
0.09824083255941213                0.19016882845644836                0.002087499829652598               
0.09838942796455168                0.18729189314141834                0.002061391309090537               
0.09853802323751046                0.18582959484794698                0.0020482764851242796              
0.09868661837808908                0.18533987943371005                0.0020600951332537094              
0.09883521338608807                0.18293860248582772                0.0020301463304617114              
0.098983808261308                  0.18083503638359655                0.0020363582831987607              
0.0991324030035494                 0.1826208499640428                 0.0020220185179766555              
0.09928099761261285                0.18443448613484142                0.0020456134393364443              
0.09942959208829895                0.18330062133860425                0.002046551172268321               
0.09957818643040817                0.18293810512826628                0.002028018994764727               
0.09972678063874114                0.1782824516195908                 0.0020006494524011423              
0.09987537471309844                0.1817040219964143                 0.0020169425184984177              
0.10002396865328061                0.1781122727447656                 0.0020067157398879674              
0.10017256245908819                0.178481222611578                  0.0020130456989973125              
0.10032115613032179                0.1804859343795625                 0.0019983802595467657              
0.10046974966678197                0.176273006449515                  0.00199143580540248                
0.10061834306826929                0.17468999254422796                0.001970786822411137               
0.1007669363345843                 0.1772298913502152                 0.0019975351423237157              
0.10091552946552765                0.17241013117887669                0.001968121405744706               
0.10106412246089981                0.1704790911490509                 0.0019415292259658853              
0.10121271532050144                0.17270782307293292                0.001973964838826613               
0.10136130804413308                0.17562482758587392                0.0020234940289101193              
0.10150990063159528                0.1725269926650152                 0.0020383523742806713              
0.10165849308268868                0.1733830053112392                 0.0020503270313877685              
0.10180708539721378                0.1736654549037013                 0.0020708237135694516              
0.10195567757497122                0.17323579220488533                0.0020966342450671116              
0.10210426961576155                0.16962482087479838                0.002064913507017967               
0.1022528615193854                 0.16767905856725052                0.002062736767611791               
0.10240145328564329                0.17013010813055304                0.0020994119740771902              
0.10255004491433584                0.16968849514099252                0.002102625170857248               
0.1026986364052636                 0.17007933950552087                0.0021319964398177826              
0.1028472277582272                 0.16662407397110798                0.0020852460058070894              
0.10299581897302723                0.17011529803735612                0.0021393496947193615              
0.10314441004946424                0.16902549434281755                0.0021307051172073386              
0.1032930009873388                 0.16998952178257765                0.0021521109604596828              
0.1034415917864516                 0.1704725587008727                 0.0021634339955840833              
0.10359018244660313                0.16603475001655482                0.0021260314072678393              
0.10373877296759404                0.16950422489342776                0.002176891298238837               
0.10388736334922487                0.16474477411979502                0.0021442491944243898              
0.10403595359129628                0.1677957946109032                 0.0021696724322620474              
0.1041845436936088                 0.17511389630780144                0.0021499723648797614              
0.10433313365596307                0.17210334211792316                0.002114125763834408               
0.10448172347815968                0.1722482131874288                 0.0021116081385778034              
0.10463031315999925                0.1721542866415646                 0.002085990858947537               
0.10477890270128232                0.16848725557509964                0.00205000244773297                
0.10492749210180954                0.1683363957771187                 0.0020522725340431573              
0.10507608136138147                0.17192870734994156                0.0020684298740176656              
0.10522467047979879                0.17024813414584528                0.0020488045004992544              
0.10537325945686203                0.17323866148503353                0.002061196869741764               
0.10552184829237181                0.1639711901003474                 0.0019984601611948605              
0.10567043698612877                0.16714297856879373                0.002010854007064138               
0.10581902553793347                0.16502219224622924                0.0020056170727494084              
0.10596761394758658                0.16736344924351065                0.001997951214503107               
0.10611620221488863                0.1674600801595316                 0.0020022460028790877              
0.10626479033964027                0.16697607719320404                0.002002335792864014               
0.10641337832164213                0.16836711386063272                0.00200097028122613                
0.10656196616069483                0.16965658344878926                0.002014588513625642               
0.10671055385659896                0.16629867482856936                0.001967652779789696               
0.10685914140915509                0.16574450320824613                0.0019838618363276447              
0.10700772881816392                0.16496510235368864                0.0019690396415321136              
0.10715631608342602                0.16753941433735023                0.0019792875622865504              
0.10730490320474204                0.16701156061243322                0.00197401608534405                
0.10745349018191253                0.16843472316787916                0.0019674751975843497              
0.1076020770147382                 0.16803640315527393                0.0019829461182308905              
0.10775066370301965                0.1674400688731192                 0.001970838125847085               
0.10789925024655744                0.16878015879408725                0.001966685951643188               
0.10804783664515225                0.16596336507711856                0.0019635479401834805              
0.1081964228986047                 0.16538548546063572                0.0019412832639994454              
0.1083450090067154                 0.16810837241594162                0.0019740604416237616              
0.108493594969285                  0.16522074592528954                0.0019341600353541375              
0.10864218078611411                0.16491644876328823                0.0019405964486898658              
0.10879076645700335                0.16745803796681502                0.0019631778856291442              
0.10893935198175338                0.16370228506769796                0.0019245778088757134              
0.1090879373601648                 0.16913069621049773                0.0019666360024476475              
0.10923652259203825                0.17203342064774116                0.00195379022649906                
0.10938510767717442                0.16667768723719317                0.0019474828918442087              
0.1095336926153739                 0.1636640215440003                 0.0019263925036533322              
0.1096822774064373                 0.1613041820406674                 0.0019090923451388236              
0.10983086205016526                0.1658947501216852                 0.0019367491903857638              
0.10997944654635847                0.1648091854729745                 0.0019143163458037158              
0.11012803089481756                0.16793260075457972                0.0019458760820423486              
0.11027661509534314                0.17228109705001973                0.0019667765860790724              
0.11042519914773584                0.16531535866572294                0.001906737590430931               
0.11057378305179637                0.1658960551372314                 0.0019199594933784969              
0.11072236680732529                0.16717642817476205                0.0019128689382506695              
0.11087095041412333                0.1660742600892146                 0.0019209929873087207              
0.11101953387199105                0.1661623744672515                 0.001898038168591577               
0.11116811718072916                0.16903690161436416                0.0019208738819814109              
0.11131670034013831                0.1708202090424933                 0.0019303258964009327              
0.11146528335001911                0.17287687070551874                0.001951201244405549               
0.11161386621017225                0.16915442207422368                0.0019745353434394205              
0.11176244892039836                0.1666067261596105                 0.0019575069366879875              
0.11191103148049807                0.17154598751810207                0.0020160963399969965              
0.1120596138902721                 0.16928494542848763                0.0020184460964817307              
0.11220819614952104                0.16871998337789604                0.0020105668310132544              
0.11235677825804559                0.1684131488696219                 0.002028485262648859               
0.11250536021564642                0.1655657135900337                 0.002013561678721375               
0.11265394202212414                0.17085007333865948                0.00206760899722623                
0.1128025236772794                 0.16645528543226584                0.0020424345770565875              
0.11295110518091295                0.1646381251313272                 0.0020344307737873786              
0.11309968653282537                0.165874635990951                  0.002058213417860548               
0.11324826773281738                0.16514359906456727                0.0020439566106513294              
0.11339684878068956                0.16568459950553266                0.0020545904509562994              
0.11354542967624269                0.16739034418666884                0.0020570072109991756              
0.11369401041927737                0.16802577416456363                0.002064971733248443               
0.11384259100959429                0.16638976287324705                0.0020573326965615305              
0.11399117144699408                0.16505534401855773                0.002052317670693703               
0.11413975173127745                0.1625009413408524                 0.002034762024614035               
0.11428833186224509                0.1657562599671872                 0.0020485603776658327              
0.11443691183969763                0.1659113818455967                 0.0020758392854903895              
0.11458549166343575                0.16441010033107162                0.0020532022784436085              
0.11473407133326015                0.16642837971924523                0.00206907029036146                
0.1148826508489715                 0.16671437657389507                0.0020758367456989927              
0.11503123021037048                0.16304635776176832                0.0020422319774064993              
0.11517980941725774                0.16323528304179183                0.0020690893466865177              
0.115328388469434                  0.16516886448394125                0.0020612318670333177              
0.11547696736669993                0.16710696951343862                0.002091780756809979               
0.11562554610885617                0.16449073692425664                0.002068615885126309               
0.11577412469570345                0.16507190546025527                0.002068089653745297               
0.11592270312704248                0.1645913914116721                 0.0020896387928991188              
0.11607128140267389                0.16231471772222372                0.0020433521598120924              
0.1162198595223984                 0.168282995310444                  0.002106006865953855               
0.11636843748601669                0.16132478683299023                0.002061164261784208               
0.11651701529332943                0.16187262876053368                0.00205960823167154                
0.11666559294413735                0.16321701579885933                0.0020826223609010873              
0.11681417043824113                0.16410411127563307                0.0020587132338019723              
0.11696274777544145                0.16350752916582245                0.0020836171024460706              
0.11711132495553901                0.15594041466501593                0.002034832588156778               
0.11725990197833454                0.1606142027704443                 0.0020625493570325735              
0.11740847884362866                0.15878029117485293                0.0020541286464897685              
0.11755705555122214                0.16008605831233838                0.0020574642753796225              
0.11770563210091566                0.1600241518154162                 0.002069873984304119               
0.11785420849250991                0.16146268630109192                0.0020679960006223484              
0.1180027847258056                 0.15927071236192547                0.002049695596861602               
0.11815136080060339                0.15940790730864612                0.0020667496653628647              
0.11829993671670407                0.15753512907330783                0.0020537192841410886              
0.11844851247390831                0.15730166739784476                0.0020660064640162525              
0.1185970880720168                 0.15757554108577956                0.0020412778092554805              
0.11874566351083024                0.15538956579019936                0.0020354577004160586              
0.11889423879014938                0.1561014599588429                 0.0020477716545418607              
0.11904281390977489                0.15465880779014002                0.002045994867903334               
0.11919138886950753                0.15636794148680852                0.0020564051140823736              
0.11933996366914792                0.15465405394475912                0.0020289588658817985              
0.11948853830849689                0.15385329962469468                0.002039805920227837               
0.11963711278735512                0.15822051083278307                0.002063355781978709               
0.11978568710552326                0.15530030494493383                0.002051969039883549               
0.11993426126280209                0.15423305889299513                0.002038045523032599               
0.12008283525899235                0.15035672811551531                0.0020173480595692657              
0.12023140909389472                0.15365620888099937                0.002043669300051933               
0.12037998276730992                0.1515440882817788                 0.0020287190148138567              
0.12052855627903868                0.1547371569344711                 0.0020473896980445156              
0.12067712962888173                0.1521480108595451                 0.0020225367980777928              
0.12082570281663982                0.15146174149470246                0.00204027045434545                
0.12097427584211363                0.15008771335622006                0.0020283975590661136              
0.12112284870510388                0.149988582055823                  0.002011503551389145               
0.1212714214054114                 0.14929512223349467                0.002020455535745754               
0.12141999394283678                0.14770610504148543                0.0019995002796317505              
0.12156856631718085                0.1468133788604204                 0.002013031815012415               
0.12171713852824434                0.1458136947440429                 0.0019883274839695144              
0.12186571057582794                0.14434741116666627                0.001985012637789951               
0.12201428245973238                0.14827846800551575                0.002027410966702311               
0.12216285417975847                0.14839409535769923                0.0020143582417340763              
0.12231142573570686                0.14696021766794293                0.0020175121726881376              
0.12245999712737837                0.1474770745160827                 0.001992933439406523               
0.12260856835457366                0.14673907496331204                0.0020159966216393823              
0.12275713941709357                0.14463419206427686                0.0020032129148865666              
0.1229057103147387                 0.14406064071014302                0.001985580054754932               
0.12305428104730994                0.1471308842559588                 0.002014357886482484               
0.12320285161460796                0.14492332211574083                0.001992367276863438               
0.12335142201643355                0.1397519178499124                 0.0019691182672941098              
0.12349999225258738                0.13988392706193759                0.00197431278327147                
0.12364856232287029                0.14420026547924486                0.001983176669854611               
0.12379713222708298                0.14030481874059203                0.0019798588665326552              
0.12394570196502623                0.13903618373829188                0.0019489989867129004              
0.12409427153650074                0.13786273142576488                0.0019642631760126176              
0.12424284094130733                0.1380109429974857                 0.0019459403828405513              
0.12439141017924672                0.1389132642593598                 0.0019598322564865172              
0.12453997925011973                0.13932793250248648                0.0019781243050068275              
0.12468854815372699                0.13583214041511826                0.0019363143398921198              
0.12483711688986938                0.13454877608321517                0.0019430565745833363              
0.12498568545834762                0.13172344843754077                0.0018994842777922231              
0.12513425385896246                0.1356723955646952                 0.0019435391247991647              
0.12528282209151465                0.13134138118213443                0.001926497808489999               
0.125431390155805                  0.13624864588674432                0.0019359673591206926              
0.12557995805163427                0.13650770771479645                0.0019529019657714775              
0.12572852577880317                0.12910213577504112                0.0018950804124911473              
0.12587709333711253                0.12826527796818643                0.0018954999831502937              
0.12602566072636312                0.13150686610627355                0.001926026657597763               
0.1261742279463557                 0.13028742078799976                0.0018972108012396509              
0.126322794996891                  0.1290813491428664                 0.001908185045979291               
0.12647136187776986                0.13160930970157836                0.00191422864167299                
0.126619928588793                  0.13012283603805103                0.0019141921722993218              
0.12676849512976127                0.12547125617910437                0.0018813164665450926              
0.12691706150047535                0.13038031320799676                0.0019028047272586363              
0.12706562770073607                0.12610991998949872                0.0018795180672731184              
0.12721419373034423                0.12802235546955004                0.0018822746757661752              
0.12736275958910062                0.12389322645046326                0.0018637410130018317              
0.12751132527680595                0.1267789853853163                 0.0018723093313742782              
0.12765989079326104                0.12225014171218401                0.0018417349295596576              
0.12780845613826677                0.12198246093180201                0.0018461012870920896              
0.12795702131162376                0.1234382728906422                 0.0018466868402856778              
0.12810558631313296                0.11953520851774245                0.0018180391271163982              
0.12825415114259503                0.12254119204234681                0.0018336765934432225              
0.1284027157998108                 0.1216637719807249                 0.0018452977695824595              
0.1285512802845811                 0.11582512680975644                0.0017919197928254536              
0.12869984459670672                0.1155438987342205                 0.0017843686582082335              
0.1288484087359884                 0.11963570703757359                0.0018227326510414888              
0.12899697270222704                0.11724016255003707                0.0017897697133534695              
0.12914553649522334                0.11697563842587917                0.0018149396061541566              
0.12929410011477813                0.11504859943050152                0.0017805455821967148              
0.12944266356069217                0.11871769444169546                0.0018236226498458007              
0.12959122683276636                0.11314437643151132                0.0017818564421622413              
0.12973978993080143                0.11754067051569293                0.0017943572202611198              
0.12988835285459818                0.11308953904003095                0.0017829838834889054              
0.13003691560395744                0.11447409427656109                0.0017776252003420196              
0.13018547817868006                0.10905541562416736                0.0017440497069454892              
0.1303340405785668                 0.11171557639154459                0.0017690339015854484              
0.13048260280341842                0.11149901490954546                0.0017611939057079304              
0.13063116485303583                0.1093908470459024                 0.0017505336605305403              
0.13077972672721977                0.10827415484012724                0.0017295661250585955              
0.1309282884257711                 0.11033201047442565                0.0017626631128624189              
0.13107684994849064                0.10846362059428998                0.0017408298778698065              
0.13122541129517912                0.1072434159474731                 0.001725026970866094               
0.13137397246563748                0.1072350855938439                 0.0017423360302241564              
0.13152253345966647                0.10669272709665922                0.0017139532131471213              
0.13167109427706694                0.10464535421111962                0.0017226885584367103              
0.13181965491763964                0.10805876552458925                0.00173232505369882                
0.1319682153811855                 0.10621583974734629                0.0017264593018086385              
0.13211677566750527                0.10722647565557769                0.0017415066594399517              
0.13226533577639982                0.10339574878584372                0.0016982099834309265              
0.13241389570766995                0.10534155050469894                0.0017215981462037815              
0.1325624554611165                 0.1043450134952402                 0.0017030388897874174              
0.13271101503654026                0.10186714198110695                0.0016951977895413102              
0.1328595744337422                 0.100657928770118                  0.0016858472530244832              
0.13300813365252293                0.1000683042107486                 0.0016816421207936185              
0.13315669269268346                0.09956096731866702                0.0016700535454054445              
0.13330525155402462                0.10039472113307232                0.0016755741568970032              
0.13345381023634717                0.09769174825372212                0.0016593714072115238              
0.13360236873945192                0.10183521480160095                0.0016941973691475282              
0.13375092706313985                0.09965117434856488                0.0016722726421401091              
0.13389948520721168                0.09937548650182877                0.0016795123914485352              
0.1340480431714683                 0.0969872860992892                 0.001652658933944622               
0.13419660095571057                0.09778280068345593                0.001663800710811947               
0.13434515855973928                0.09706899294325864                0.0016490313209736823              
0.13449371598335533                0.09565985916197833                0.0016456430548243276              
0.13464227322635955                0.09650919491378179                0.001649308186788536               
0.13479083028855277                0.10075977222785162                0.0016896871485947143              
0.13493938716973589                0.0963671770006998                 0.001658301931360363               
0.1350879438697097                 0.09356032725973032                0.0016133489047189904              
0.13523650038827512                0.09256867491880252                0.0016260149396113274              
0.13538505672523296                0.09422292831742103                0.0016310921367288268              
0.1355336128803841                 0.09002123403310267                0.0016042004422815745              
0.13568216885352938                0.09372385248538384                0.0016325125563291102              
0.13583072464446966                0.09514107121887895                0.0016304574849359882              
0.1359792802530058                 0.09254031531689749                0.0016200276913664153              
0.13612783567893869                0.08995474437902005                0.0015909361699548018              
0.13627639092206914                0.0924590854006511                 0.0016186056655905585              
0.13642494598219812                0.0932896126706217                 0.0016308974077467087              
0.13657350085912634                0.0907207579235432                 0.001604734850955682               
0.1367220555526548                 0.08939394909751658                0.0016050450497170899              
0.13687061006258433                0.0892555280786655                 0.0015812925982939276              
0.13701916438871578                0.09154663823683205                0.0016163120883597923              
0.13716771853085005                0.09142049370016661                0.001608080872636709               
0.137316272488788                  0.08538293244613905                0.0015609545997242785              
0.13746482626233048                0.08887441255210636                0.001597520413706013               
0.13761337985127842                0.09026574306340199                0.0015936970978739505              
0.13776193325543262                0.08985193032554462                0.0016027110129118263              
0.13791048647459406                0.08952607081168296                0.0015913388557638052              
0.13805903950856357                0.08504752631324988                0.0015613595110515839              
0.13820759235714203                0.08604087865780724                0.001569054839553717               
0.1383561450201303                 0.08726360440005251                0.001571106275209565               
0.13850469749732927                0.08852431818448679                0.0016008249702447622              
0.1386532497885399                 0.08574581960165872                0.0015587572773069058              
0.13880180189356303                0.08490379899976712                0.0015524546287478357              
0.1389503538121995                 0.08590793912896547                0.0015671517881972788              
0.13909890554425028                0.0826248467376953                 0.001533511894901443               
0.13924745708951625                0.08600783392381495                0.0015821923037501494              
0.13939600844779823                0.08720859733588587                0.0015658076285906377              
0.13954455961889714                0.08257136031070733                0.001539160979122315               
0.139693110602614                  0.08366138628864865                0.001542423816273259               
0.13984166139874957                0.0832332555393606                 0.00154188544205826                
0.13999021200710476                0.08434238392679601                0.0015653892757791729              
0.14013876242748052                0.08037745509679686                0.0015085216769471733              
0.14028731265967773                0.08534285417485682                0.0015696938195008993              
0.1404358627034973                 0.08416972581985527                0.0015491652119313383              
0.14058441255874016                0.0837313502163695                 0.001549252893800018               
0.14073296222520715                0.08243626480524054                0.0015406629247360416              
0.14088151170269927                0.08274450766383167                0.001535997370315487               
0.14103006099101734                0.08179991152973427                0.0015409279745685035              
0.14117861008996233                0.08514828981854515                0.0015595343384835786              
0.14132715899933507                0.08357743044896943                0.001545083141462033               
0.14147570771893658                0.08548986586620241                0.0015668420499033741              
0.14162425624856775                0.08393930273608247                0.0015525691402571164              
0.1417728045880295                 0.08160172542093828                0.0015418523510701695              
0.14192135273712264                0.07941647071580354                0.0014994919901433713              
0.14206990069564823                0.08324376425149603                0.0015482021448352437              
0.14221844846340712                0.08677689312274922                0.0015814254339679159              
0.14236699604020028                0.08297651159316594                0.0016073356085189736              
0.14251554342582856                0.08310707979315382                0.0016390303068728707              
0.14266409062009294                0.08168863915561211                0.0016483425896310063              
0.14281263762279436                0.08272522778825288                0.001685114634983819               
0.14296118443373373                0.08630732827080503                0.0017408314878291041              
0.14310973105271196                0.08381006808721969                0.0017277672191138146              
0.14325827747953002                0.08413644262202273                0.0017407953840010316              
0.14340682371398877                0.0823237273075499                 0.0017495897154623415              
0.14355536975588926                0.08090200232861743                0.0017517165890450143              
0.1437039156050323                 0.08198270598765157                0.0017738693293190826              
0.14385246126121892                0.08137799287348288                0.001775813391649106               
0.14400100672425004                0.08164949088112936                0.001807307199848443               
0.1441495519939266                 0.07969969265481379                0.001797940723275692               
0.14429809707004948                0.08534361859034016                0.0018771579401622553              
0.1444466419524197                 0.08402923377278378                0.0018590720436960082              
0.14459518664083823                0.0815856123018543                 0.0018508753732441765              
0.14474373113510589                0.08138405763512949                0.0018769833251107105              
0.14489227543502373                0.08179618987255469                0.0018971137838316935              
0.1450408195403927                 0.08275194656446949                0.0019120944007663357              
0.14518936345101366                0.08315727164211682                0.0019194115134030345              
0.14533790716668768                0.07969533485840793                0.0019177267711653052              
0.14548645068721563                0.08310261148909856                0.001955490897222108               
0.14563499401239854                0.08206155400027763                0.0019672751802997123              
0.1457835371420373                 0.0824124776564975                 0.0019700350212235457              
0.14593208007593286                0.07670359209105244                0.001921798344292959               
0.14608062281388626                0.08204932288943828                0.0020180809118108783              
0.1462291653556984                 0.08011546318303336                0.0019880318387210144              
0.14637770770117026                0.07890388059916109                0.0019913543024060922              
0.14652624985010276                0.07649166767135915                0.0019606803813764133              
0.14667479180229695                0.0827314555949653                 0.0020650622470100004              
0.14682333355755375                0.08419611955610369                0.002103588656592796               
0.14697187511567414                0.08127232922152035                0.0020583520154000864              
0.14712041647645907                0.0830927194762464                 0.002110557185254899               
0.14726895763970954                0.08402831375209865                0.0021295181311251398              
0.1474174986052265                 0.08102262120228602                0.0021197330986809366              
0.14756603937281096                0.08304241400805606                0.0021441459098804176              
0.14771457994226384                0.08478870525142773                0.002195096371896352               
0.14786312031338616                0.07941882649477593                0.0021551305366953647              
0.14801166048597889                0.08250591634968353                0.0021749771324193023              
0.148160200459843                  0.08023395022936629                0.0021901906308719305              
0.14830874023477952                0.08235751597228319                0.002202671098764203               
0.14845727981058934                0.07768257037831594                0.0021712938504103254              
0.14860581918707355                0.0767359043727327                 0.002187104778251121               
0.1487543583640331                 0.07740406597038287                0.0021694496369395427              
0.14890289734126896                0.07883970593800539                0.002206223707622262               
0.1490514361185821                 0.07769809841510435                0.002177690658550649               
0.1491999746957736                 0.08153340539482173                0.0022833920751470153              
0.14934851307264435                0.07946093291482174                0.002247494580139192               
0.14949705124899543                0.07833328963545619                0.002222724145933289               
0.14964558922462776                0.08142196898404934                0.0023002024674477215              
0.14979412699934241                0.08168628079078498                0.0022787546037922237              
0.14994266457294034                0.08198005751968929                0.0023365721299340838              
0.15009120194522255                0.08181926436788665                0.002285133398800532               
0.15023973911599006                0.07934757967672648                0.00230113849040475                
0.15038827608504382                0.08750294695287274                0.0024419691197483883              
0.15053681285218495                0.07956223634497406                0.002285365526044994               
0.15068534941721437                0.0866854769444904                 0.0024305400817329057              
0.1508338857799331                 0.08354139575371113                0.0023323214084598714              
0.15098242194014216                0.08396332611790465                0.002404848829759658               
0.15113095789764253                0.08404349583641703                0.002398307830500892               
0.15127949365223534                0.08119512689198996                0.0023448786548049966              
0.15142802920372145                0.08231068355093621                0.002381070506868665               
0.15157656455190194                0.08081377074036275                0.0023127438740788396              
0.15172509969657785                0.08059199844762184                0.00237652838030996                
0.1518736346375502                 0.07782285055382142                0.002320229120548691               
0.15202216937462                   0.08303532376728125                0.002376320701479382               
0.15217070390758822                0.07637866518632484                0.0023262837331442542              
0.15231923823625595                0.08089242722243575                0.0023429862459273887              
0.1524677723604243                 0.08458997525614866                0.0024562725420590827              
0.15261630627989406                0.08272502615357749                0.0023693818662913232              
0.1527648399944665                 0.08108945277485173                0.002394322576998434               
0.1529133735039425                 0.08314093587151052                0.002457039653354774               
0.15306190680812318                0.07701718488395302                0.0023360001605700017              
0.1532104399068095                 0.07858224244700812                0.002402329248991713               
0.15335897279980254                0.08246796555726314                0.00239364599479594                
0.15350750548690334                0.08276955723490688                0.0024854490162382493              
0.1536560379679129                 0.08137346509017866                0.002444628832166561               
0.15380457024263233                0.08249772643903909                0.0024530741585288137              
0.15395310231086262                0.07844245652748226                0.0024658174942774913              
0.15410163417240483                0.0786079271249826                 0.0023864452493208514              
0.15425016582706                   0.07967938348882059                0.002491197436142732               
0.15439869727462913                0.08015455749292824                0.002463089771939656               
0.15454722851491334                0.07899160648377472                0.0024365739027038184              
0.15469575954771367                0.08183064138613134                0.0025685198953624136              
0.15484429037283115                0.08083425976165656                0.0024677184302305077              
0.15499282099006684                0.07930940761881787                0.0025543840226793036              
0.15514135139922183                0.08159895476811013                0.0024910631353901114              
0.1552898816000971                 0.08081848977731411                0.002536750236707254               
0.15543841159249377                0.07889252984348197                0.002518844626389372               
0.15558694137621287                0.08094471491140463                0.002554592550621295               
0.15573547095105544                0.07888305883603329                0.0025606524481671905              
0.15588400031682265                0.08186134794688026                0.0025594171439977183              
0.15603252947331542                0.07860649300125845                0.0025463140741212764              
0.15618105842033492                0.08167785719893875                0.0026157848960043214              
0.15632958715768216                0.07917135224255577                0.0025686578547263156              
0.15647811568515826                0.07879603528400607                0.0025964176390628766              
0.15662664400256424                0.07785999299260703                0.0025572576897760803              
0.1567751721097012                 0.08029251646787292                0.0026314809413987474              
0.1569237000063702                 0.07932636541532127                0.0026368976099823208              
0.15707222769237236                0.07798004594359494                0.002562583310633329               
0.15722075516750872                0.07500209268025426                0.0025710386243716957              
0.1573692824315803                 0.0805569012220805                 0.002686723079517344               
0.1575178094843883                 0.08217977634835515                0.0027212443217441247              
0.15766633632573374                0.0860764963395953                 0.0027468113752609764              
0.15781486295541766                0.08302883185125949                0.0027314480323532924              
0.15796338937324125                0.07509219889405494                0.0026271434880234044              
0.1581119155790055                 0.08028419442210048                0.0027281679837118924              
0.1582604415725116                 0.07605306045516748                0.0026178543013101146              
0.15840896735356055                0.0820226265532932                 0.002777636623841688               
0.15855749292195345                0.08089679587039661                0.002766612043869287               
0.15870601827749145                0.0763677085969041                 0.002668503697911088               
0.15885454341997562                0.07535223761453222                0.002698042907396008               
0.159003068349207                  0.07663103659508681                0.0027127092898567486              
0.15915159306498677                0.07660840183938392                0.0027204441148595197              
0.15930011756711598                0.08067043182673166                0.0028171336780301896              
0.15944864185539576                0.0847139539855585                 0.0028737240626650015              
0.15959716592962722                0.07977741222875728                0.0028187962611625392              
0.1597456897896114                 0.0750299836962889                 0.002737882989999986               
0.15989421343514953                0.08410600232205404                0.0029123526766904606              
0.16004273686604262                0.0796593043374828                 0.0028522606345852677              
0.1601912600820918                 0.07553880692305913                0.0027731168427232128              
0.16033978308309815                0.07492549849600856                0.0027884383194900064              
0.16048830586886284                0.07607697262804025                0.002823481274460321               
0.160636828439187                  0.07760575253162982                0.002847078932316052               
0.16078535079387168                0.0770396771534487                 0.0028552804022892848              
0.16093387293271805                0.08042619250153334                0.002927008834223223               
0.1610823948555272                 0.08009807774799013                0.0029605101416943728              
0.16123091656210026                0.0766069182458034                 0.0028709656410772447              
0.16137943805223834                0.07421439486757908                0.0028692942746641114              
0.1615279593257426                 0.07933257517767679                0.0029463378752150166              
0.16167648038241414                0.0794216370495056                 0.002978544097204559               
0.16182500122205412                0.08042713100490678                0.003029060992921321               
0.16197352184446365                0.07668911820606693                0.002947402243847467               
0.16212204224944385                0.07322068468844369                0.0029056742387073243              
0.16227056243679583                0.0706613933635223                 0.002849342389421382               
0.1624190824063208                 0.07413341315640351                0.002939581042919207               
0.16256760215781982                0.07423198862974709                0.0029740418249864444              
0.1627161216910941                 0.07214871406648257                0.0029212160451942103              
0.1628646410059447                 0.07193356523248533                0.002944044838622446               
0.16301316010217284                0.07466182657317047                0.003010655425829519               
0.1631616789795796                 0.07583263143244118                0.003028463585803834               
0.16331019763796614                0.07304819009230905                0.0030357791793609278              
0.16345871607713366                0.07543252648315227                0.0030318892236274216              
0.16360723429688329                0.08258224153211974                0.0032341701831731145              
0.1637557522970161                 0.07653744760536794                0.0031509968522068854              
0.16390427007733335                0.07481799165099023                0.0030544317187456344              
0.16405278763763612                0.07697302558576091                0.003198889776055813               
0.1642013049777256                 0.07528216086903544                0.003112534280897635               
0.16434982209740293                0.06939564485959798                0.0030373648608379845              
0.16449833899646926                0.07313045026478793                0.0031441236318044794              
0.16464685567472578                0.07564421164689378                0.0031711703182716196              
0.16479537213197368                0.07201078490147497                0.003139819429468858               
0.16494388836801405                0.07625491802932317                0.0032310245729689053              
0.16509240438264808                0.07343664991842405                0.003205038162239532               
0.16524092017567696                0.07171448985907307                0.0031880979422876524              
0.16538943574690185                0.06674356694198635                0.0030688724775710116              
0.1655379510961239                 0.06875791148673768                0.003128593302065134               
0.1656864662231443                 0.08173554848014024                0.003441687458598785               
0.16583498112776424                0.0742330339385709                 0.0033098873890633133              
0.16598349580978486                0.07272511169791662                0.0032988780582742165              
0.16613201026900737                0.07739238416976668                0.003387372631947108               
0.16628052450523292                0.06829123699929904                0.003219279785188133               
0.16642903851826274                0.06968237461316858                0.0032596039991625654              
0.16657755230789795                0.07887043323339321                0.0035096882145304775              
0.1667260658739398                 0.08059165757512674                0.0035827361832415825              
0.16687457921618937                0.07273899920950508                0.0033623614278949386              
0.16702309233444793                0.07035830910688841                0.00338120455611625                
0.16717160522851673                0.0741591070543624                 0.003453933957262184               
0.16732011789819684                0.07474084922128837                0.003511631427279662               
0.1674686303432895                 0.07007373668814605                0.003435647603492493               
0.16761714256359592                0.07337492023876223                0.0034705146386268576              
0.16776565455891726                0.06711442123892929                0.003407218511505458               
0.16791416632905476                0.06970919192160839                0.0034724621874949505              
0.1680626778738096                 0.07178504519227898                0.0035237892779392136              
0.168211189192983                  0.07063813509675887                0.0035632225636403224              
0.1683597002863761                 0.0712797854964326                 0.003559542623963657               
0.16850821115379017                0.06579347866153433                0.003448515301803677               
0.1686567217950264                 0.06860045741373752                0.00356155829086499                
0.16880523220988602                0.07029896482720828                0.003615788590568504               
0.1689537423981702                 0.06971018238878057                0.0036538063581638995              
0.16910225235968016                0.06921150274241039                0.0035981346938802256              
0.16925076209421713                0.072784004895557                  0.0037787572539744953              
0.16939927160158233                0.06573849429000209                0.0036133144317689434              
0.169547780881577                  0.07474614308475107                0.003829360913095763               
0.16969628993400226                0.06740303540199334                0.003704805885706084               
0.16984479875865943                0.06926701689373246                0.0037676290275477984              
0.16999330735534968                0.0718215422119301                 0.0038611500299841244              
0.17014181572387424                0.06692286897301664                0.003788761379860734               
0.17029032386403442                0.06645195441888908                0.003738214495478987               
0.17043883177563132                0.07047766958664808                0.0039275669733723545              
0.17058733945846627                0.06501961410467046                0.0038115172806222446              
0.1707358469123404                 0.0708743844783814                 0.003993319172877918               
0.17088435413705508                0.06571871346546371                0.003872512328523755               
0.1710328611324114                 0.07147413792794463                0.004052926532870436               
0.17118136789821065                0.0660059008893406                 0.003951669921593129               
0.17132987443425413                0.07030830237141121                0.004093507626221245               
0.17147838074034302                0.07128011584179839                0.004200221106291525               
0.17162688681627855                0.06756774949276209                0.004089386231348812               
0.17177539266186204                0.06459979080193526                0.004014035689432499               
0.17192389827689467                0.07284477055474384                0.00433017214469961                
0.17207240366117768                0.06979968331141315                0.004255761801886929               
0.17222090881451232                0.06162404331602911                0.00409917038585644                
0.1723694137366999                 0.06327838943065174                0.004119072304298513               
0.17251791842754163                0.06902611365743073                0.004356889660816311               
0.17266642288683876                0.07128556561251587                0.004446671410511412               
0.17281492711439256                0.0655004364905204                 0.004337872376678911               
0.17296343111000428                0.0673585167364501                 0.0045005802090906195              
0.1731119348734752                 0.06911835756258777                0.004537842488333114               
0.1732604384046066                 0.06971435096568857                0.004557369691685923               
0.17340894170319962                0.06935004439842457                0.004654470222736408               
0.17355744476905563                0.06371482923989281                0.004505318781767112               
0.1737059476019759                 0.068292037415052                  0.004735200819343755               
0.17385445020176168                0.0716499244304569                 0.004875159860099834               
0.17400295256821427                0.06604586555220397                0.004729642669074186               
0.17415145470113486                0.06089270408144765                0.00458996027064329                
0.17429995660032482                0.06828531398382108                0.004940951911311242               
0.17444845826558536                0.05806544587296071                0.004634127079197456               
0.17459695969671776                0.06135976329970703                0.004791392531554838               
0.17474546089352336                0.05425112442583781                0.004505310660548653               
0.17489396185580336                0.06951733866766648                0.005255016854905707               
0.1750424625833591                 0.065575227850302                  0.00516805194603231                
0.17519096307599183                0.058503149995675206               0.00494441861338655                
0.1753394633335029                 0.0626375048868103                 0.005183916789168381               
0.17548796335569353                0.0721805427866313                 0.005602296622961233               
0.17563646314236503                0.06390067679945903                0.005381407772411515               
0.1757849626933187                 0.07003230429336973                0.0057566199522453045              
0.17593346200835586                0.07155796801080669                0.005862257156193323               
0.17608196108727775                0.06485705005019                   0.005710344849829614               
0.17623045992988567                0.05530457868046409                0.005273084678581188               
0.17637895853598098                0.06649970740304953                0.005971850016408434               
0.17652745690536492                0.06040308847115565                0.00583938696761196                
0.17667595503783887                0.06435482934365004                0.0060273820070023895              
0.176824452933204                  0.0649620887374495                 0.006280122158711479               
0.17697295059126175                0.06556935083496543                0.006309413725859384               
0.1771214480118134                 0.07289216060793027                0.006918617706869235               
0.17726994519466022                0.054770534733815136               0.0061235319414412                 
0.17741844213960353                0.06855261470201156                0.006924859817694426               
0.17756693884644464                0.0559281274364412                 0.006545892195692462               
0.1777154353149849                 0.07408399225249472                0.007445721371912769               
0.17786393154502564                0.0660060811549821                 0.00737970421954539                
0.17801242753636812                0.05631155872816686                0.0070945895396732446              
0.17816092328881367                0.06895307702682253                0.007962015516577799               
0.17830941880216367                0.06630653567317771                0.008040848536744033               
0.1784579140762194                 0.07785058280478646                0.008989410987782545               
0.17860640911078218                0.0769980992138203                 0.009406814997444089               
0.17875490390565335                0.06435675880687677                0.008757845587567535               
0.17890339846063424                0.06971997228155896                0.009668420576349574               
0.17905189277552622                0.05596264025199682                0.008848470353646465               
0.1792003868501306                 0.05631252830372449                0.009518554578082553               
0.17934888068424865                0.07282538189642586                0.011105766623130892               
0.17949737427768178                0.06435745337917918                0.011376897926078672               
0.17964586763023138                0.06188230061504042                0.012376460123008087               
0.1797943607416987                 0.0742589215562765                 0.013557762144126427               
0.17994285361188503                0.0643578715065722                 0.014390857557589223               
0.18009134624059184                0.06838038680760497                0.01658467985460869                
0.18023983862762047                0.03217907541742161                0.014390920017289428               
0.18038833077277225                0.08849264967397547                0.02668153778844934                
0.18053682267584845                0.09653764593668562                0.039411328919057596               
0.18068531433665053                nan                                nan                                
