#####################################################################################################
# NeXus source file: noemi5saxs
# NXdata: name = img{0}_azimuthalIntegration_Px_26                 
#
#
# Exposure_msec                                     1000.0 + 0.0
# _diffrn_source.source                             Storage Ring SOLEIL, beamline SWING
# _diffrn_sofware                                   Foxtrot 3.5.10-3979
# _diffrn_detector.detector                         EIGER-4M
# _diffrn_comment.comment                           -
# _sas_detc.pixnum_ax                               [1035]
# _sas_detc.pixnum_eq                               [1083]
# _sas_detc.pixsize                                 150.0
# _sas_detc.center_ax                               285.110346632731
# _sas_detc.center_eq                               957.0166664324403
# _sas_detc.dist_spec/detc                          6137.21860334
# _sas_detc.energy                                  12.000513668149837
# _sas_detc.gain                                    1.0
# _sas_detc.detector_based_uncertainty              0.0
# _sas_detc.encoder_delta                           0.0
# _sas_detc.delta0                                  0.0
# _sas_detc.gamma_offset                            0.0
# _sas_detc.wave_length                             1.0331573224991384
# _sas_detc.bias                                    0
# _sas_detc.mask                                    E:\20251487\published-data\3120\2026-09-03_session3\\mask_bags_saxs_12kev_sept26.txt
# Normalization                                     true
# Normalization Factor                              0.02571
# Normalization Monitor                             averagemi8b
# Normalization Intensity                           1.3448901241046727e-06
# GlobalNormalization                               31.248132317315537
# AbsTimeStamps                                     nan
# TimeStamps                                        1.3547160625457764
# gapTime                                           500.0
# step_global_regrid                                nan
# xmax_global_regrid                                nan
# xmin_global_regrid                                nan
# ymax_global_regrid                                nan
# ymin_global_regrid                                nan
#####################################################################################################
q(A-1)                             I(q)6_00195{00000}_AzInt_Px_26     Sig(q)6_00195{00000}_AzInt_Px_26   
0.0                                nan                                nan                                
0.00014863910320409943             nan                                nan                                
0.0002972782062084175              nan                                nan                                
0.0004459173088131729              nan                                nan                                
0.0005945564108185842              nan                                nan                                
0.0007431955120248703              nan                                nan                                
0.0008918346122322496              nan                                nan                                
0.001040473711240941               nan                                nan                                
0.001189112808851163               349.0368804994287                  1.6710661560765814                 
0.0013377519048631344              286.3771363557458                  0.6179474343739014                 
0.001486390999077074               250.3107964176463                  0.43161203921277086                
0.0016350300912932002              206.11275464198073                 0.3372301751376035                 
0.0017836691813117322              179.9496871538273                  0.3235803934838708                 
0.0019323082689328885              161.00164677893233                 0.2859781713378331                 
0.0020809473539568878              147.41640392212213                 0.25249050573009024                
0.0022295864361839487              136.27853124959125                 0.236458228773795                  
0.0023782255154142914              128.38057178587522                 0.2113215349166595                 
0.002526864591448133               122.97259070599222                 0.213915847442565                  
0.0026755036640856928              117.95077597690117                 0.19051174813082422                
0.00282414273312719                114.86465451755694                 0.18710551711612688                
0.002972781798372844               110.9535281397459                  0.17805312171832907                
0.0031214208596228726              108.90334512025612                 0.16971333905606134                
0.003270059916677496               106.54836287679912                 0.17071375746306888                
0.0034186989693369323              104.57585358806183                 0.15516593381135962                
0.0035673380174014                 102.93072660277588                 0.15449735748632534                
0.0037159770606711206              101.39005970306137                 0.15169673106448667                
0.0038646160989463108              100.40638383535675                 0.14685056707413405                
0.004013255132027191               98.98600712805322                  0.14483934054685                   
0.00416189415971398                97.9164873179134                   0.1345838602833362                 
0.004310533181806896               96.81938325814205                  0.13580465176224685                
0.004459172198106161               95.57665634410306                  0.13296612353954246                
0.0046078112084119915              94.85675639543335                  0.1295039461347584                 
0.004756450212524608               94.01379298324693                  0.1285725507940678                 
0.0049050892102442305              92.90731821429105                  0.12102222204901594                
0.005053728201371077               92.09126596417681                  0.12389300868232636                
0.00520236718570537                91.43967854060368                  0.11748640657614183                
0.005351006163047325               90.5490597443923                   0.11746826244056766                
0.005499645133197165               89.93869659144919                  0.11490350639139925                
0.005648284095955107               89.2590641630594                   0.11193012521060164                
0.005796923051121373               88.55438124628603                  0.11375519323150222                
0.005945561998496182               87.72007809646593                  0.10639272764625367                
0.006094200937879753               87.00053069723967                  0.10660220878892307                
0.006242839869072308               86.25436021828473                  0.10571347843099477                
0.006391478791874063               85.53096781455635                  0.10421968352375137                
0.006540117706085243               84.82992750647222                  0.10237950139247735                
0.006688756611506066               84.09306418444054                  0.09803686943390598                
0.006837395507936751               83.48276278877128                  0.1004069670893265                 
0.006986034395177519               82.61738290798796                  0.09648614258867841                
0.007134673273028592               81.92573681420829                  0.09574488398782567                
0.007283312141290187               81.12018424031727                  0.09445096607736636                
0.007431950999762529               80.80574245281393                  0.09192822047246647                
0.007580589848245835               79.91103020805562                  0.09326488804033271                
0.007729228686540326               79.1803010596006                   0.08884736492040035                
0.007877867514446222               78.49055948887322                  0.08915663837707334                
0.008026506331763748               77.73638282563365                  0.08735583093685469                
0.00817514513829312                77.10469744946303                  0.08595195146287489                
0.008323783933834563               76.31732219168586                  0.08709078470172875                
0.008472422718188292               75.67027950323516                  0.08270840348649457                
0.008621061491154536               75.07153116946023                  0.08261424291301771                
0.00876970025253351                74.14048253336097                  0.08163781076795927                
0.00891833900212544                73.62689484531994                  0.08112699638135526                
0.009066977739730543               72.87681709376628                  0.07982572049362435                
0.009215616465149042               72.18364606400128                  0.07756084121680315                
0.00936425517818116                71.34916838080808                  0.07866291110849015                
0.009512893878627117               70.57839024168989                  0.07600396690357038                
0.009661532566287137               69.87566715989567                  0.07543197836403243                
0.009810171240961438               69.17482851928517                  0.07476791462046567                
0.009958809902450245               68.53826665203704                  0.07243813468499287                
0.010107448550553781               68.0337155694109                   0.07481284346382719                
0.010256087185072265               67.05681227709294                  0.07048041824749857                
0.01040472580580592                66.39583865178807                  0.07129699249688848                
0.010553364412554972               65.77465185122287                  0.06924460899535598                
0.010702003005119639               64.8317922966165                   0.06882495481579666                
0.010850641583300147               64.15914319891884                  0.06918144614795334                
0.010999280146896714               63.51751133128546                  0.06676569106301                   
0.011147918695709568               62.7324194060211                   0.06664473774084977                
0.011296557229538928               62.12007697140124                  0.06524491109814987                
0.011445195748185017               61.4051291803452                   0.06493793699913444                
0.011593834251448063               60.58979764127077                  0.0643674013084882                 
0.011742472739128288               59.96005734505447                  0.06251431195007297                
0.01189111121102591                59.289824422082404                 0.06326887672900959                
0.012039749666941157               58.64420522082878                  0.06157425941995675                
0.012188388106674252               57.874001617337285                 0.060559926978930374               
0.012337026530025419               57.21537427872204                  0.06039400366667871                
0.012485664936794882               56.51641722410287                  0.059204102374369426               
0.012634303326782862               55.879376661709614                 0.059507192447800505               
0.012782941699789586               55.13009631921455                  0.05758746563245186                
0.012931580055615283               54.52016913763679                  0.057648549679181926               
0.013080218394060168               53.76147236399153                  0.05618582993056656                
0.01322885671492447                53.00285991348542                  0.0561497753212633                 
0.013377495018008414               52.36157942981854                  0.05555152655364487                
0.013526133303112226               51.64394031313564                  0.05427724972043547                
0.013674771570036126               51.11012795498162                  0.054044199068924145               
0.013823409818580348               50.40228599397024                  0.053056360639631296               
0.013972048048545106               49.71345387172606                  0.053253140518616446               
0.014120686259730635               49.09105789522931                  0.051777623247517945               
0.014269324451937156               48.492103960167256                 0.0510272477682021                 
0.014417962624964894               47.778158631795314                 0.05125579924525902                
0.014566600778614077               47.08935287483209                  0.05011590440114799                
0.014715238912684931               46.54198227862196                  0.049990695955630375               
0.01486387702697768                45.92772043461562                  0.048807299221216086               
0.015012515121292555               45.23460410612758                  0.04816516522239246                
0.015161153195429777               44.5506857468826                   0.04826601877112979                
0.015309791249189571               44.01158877403962                  0.04702229684705954                
0.015458429282372172               43.36674971689013                  0.0471225192089934                 
0.015607067294777802               42.83225130575425                  0.045711307522793294               
0.015755705286206685               42.217794712763                    0.0457675925396293                 
0.015904343256459057               41.542486610106494                 0.04543531107389149                
0.01605298120533514                41.044072452133356                 0.04421104937868396                
0.016201619132635157               40.33862177160391                  0.0442596627001377                 
0.01635025703815934                39.76728599335954                  0.04307162333912173                
0.016498894921707925               39.238483554758915                 0.04345458930190099                
0.016647532783081127               38.69079382213609                  0.04245373061996769                
0.016796170622079182               38.11421256172759                  0.04168361459969246                
0.016944808438502313               37.54317951136671                  0.04172837531143458                
0.01709344623215075                37.00742321498218                  0.04087067840373287                
0.017242084002824728               36.4677932981212                   0.04097820452223399                
0.01739072175032447                35.88870531680725                  0.03961083397709406                
0.017539359474450206               35.32904320863948                  0.039599434348879255               
0.017687997175002166               34.73816332317932                  0.0391854524928201                 
0.017836634851780577               34.20548968244559                  0.0383834730629682                 
0.017985272504585672               33.74300402722855                  0.03854033477180074                
0.01813391013321768                33.16422540698579                  0.037271692411933684               
0.018282547737476833               32.72374874118165                  0.0374422669256777                 
0.018431185317163357               32.189216878952955                 0.0368647728269092                 
0.018579822872077482               31.89097421766932                  0.03635936172950713                
0.01872846040201944                31.613719691176502                 0.03643773474726763                
0.018877097906789472               30.925708692001944                 0.03615788310524263                
0.019025735386187796               30.425103189829763                 0.03669763161202193                
0.019174372840014643               29.95840921360508                  0.03589749238031266                
0.01932301026807025                29.786836675894996                 0.035891167693782554               
0.019471647670154846               29.062014428585343                 0.03684757214830712                
0.019620285046068664               28.565260422165245                 0.03639870280234628                
0.019768922395611937               28.049012488344502                 0.03676767410150094                
0.019917559718584898               27.589194074552672                 0.03600703927672328                
0.020066197014787773               27.1196171867142                   0.036428762379429346               
0.0202148342840208                 26.613110453430682                 0.0366517533788867                 
0.020363471526084212               26.1565888730234                   0.035640145248176075               
0.02051210874077824                25.790374360608855                 0.036456476834595394               
0.020660745927903117               25.361979180358233                 0.035147999613224255               
0.020809383087259083               24.845113317606415                 0.03613296711420161                
0.02095802021864636                24.44969032648847                  0.03552488432834076                
0.02110665732186519                24.054695200624337                 0.0350395120460612                 
0.021255294396715804               23.66178877551656                  0.035204252544142556               
0.021403931442998434               23.243991191927023                 0.03455439790371819                
0.021552568460513323               22.79997213057933                  0.03519666941798126                
0.021701205449060703               22.450557437895146                 0.03431948498233254                
0.021849842408440803               22.10427536182582                  0.03410974898939411                
0.02199847933845386                21.610122436593198                 0.03423693177267032                
0.02214711623890011                21.260888307780164                 0.03350785891247022                
0.02229575310957979                21.64639459078967                  0.033589299385548096               
0.022444389950293145               21.01452704261255                  0.03214117280525136                
0.022593026760840393               20.488803942089522                 0.031908606084072505               
0.02274166354102178                20.11645649641447                  0.03161734002258675                
0.02289030029063754                19.706172116472676                 0.030431275926457963               
0.02303893700948792                19.296697254219477                 0.0305656336879157                 
0.02318757369737314                18.980145318284567                 0.02967002579497517                
0.023336210354093452               18.69732464158701                  0.030087199670543713               
0.02348484697944908                18.28864537191696                  0.029103456438839256               
0.02363348357324028                17.938295939112507                 0.028949308412214728               
0.023782120135267273               17.57907719708316                  0.028657988199008947               
0.023930756665330306               17.274327521865057                 0.027963007484861156               
0.02407939316322961                16.98864288140502                  0.0281931996366671                 
0.024228029628765434               16.65519581314833                  0.027322403625585717               
0.024376666061738005               16.34076983559662                  0.027216176120377595               
0.024525302461947576               16.016689788730865                 0.026964047802652057               
0.024673938829194372               15.73133134568625                  0.026315332576004765               
0.024822575163278647               15.470358380032112                 0.02661368384111517                
0.02497121146400064                15.136857340019354                 0.025516720132609177               
0.02511984773116057                14.791897270349288                 0.02583939542775673                
0.025268483964558705               14.60385869383449                  0.025407276775569837               
0.025417120163995274               14.276964232071274                 0.024764721959260348               
0.02556575632927051                14.023997761587639                 0.024863446566247654               
0.02571439246018467                13.755605678066042                 0.024035666202744714               
0.025863028556537982               13.464382156644366                 0.0244466548432204                 
0.0260116646181307                 13.192285279768278                 0.023741766783990505               
0.026160300644763053               12.924992522013227                 0.02348434831713783                
0.0263089366362353                 12.671325761423965                 0.02322181554529208                
0.026457572592347666               12.45439591579183                  0.022976400368342437               
0.026606208512900405               12.166859579273416                 0.022830906149551564               
0.026754844397693756               11.92058365330646                  0.02218667288604965                
0.02690348024652797                11.691569896549343                 0.02205807389085186                
0.02705211605920328                11.467734714603225                 0.022032934008100163               
0.027200751835519926               11.191145847100737                 0.021441888462921277               
0.027349387575278168               10.965076148526308                 0.021334044270509632               
0.027498023278278244               10.816155487418133                 0.02109314262322048                
0.0276466589443204                 10.545672352920997                 0.02076112842371526                
0.027795294573204874               10.320650774724694                 0.0206575033857152                 
0.027943930164731925               10.142018224122145                 0.020243912290019254               
0.02809256571870178                9.90224206960897                   0.02000318246325039                
0.028241201234914706               9.690887592999736                  0.019763621065548864               
0.02838983671317093                9.521823846856126                  0.019553566216747104               
0.028538472153270714               9.252022494743208                  0.01925041473977363                
0.0286871075550143                 9.106063578689202                  0.019050342214830967               
0.02883574291820193                8.872084322002545                  0.018653616397091687               
0.028984378242633856               8.684487865013503                  0.018697515767348415               
0.029133013528110326               8.50082495431536                   0.01818134723886303                
0.02928164877443159                8.333287189524388                  0.018156387057034477               
0.029430283981397888               8.156404968414627                  0.01791842003882057                
0.029578919148809477               7.953319954243156                  0.017564788530669985               
0.029727554276466603               7.80459945553837                   0.01747408356250958                
0.029876189364169515               7.612509901637409                  0.017091364582321102               
0.03002482441171847                7.4584087060752395                 0.016927643153217285               
0.0301734594189137                 7.280414421001456                  0.01676473801305924                
0.030322094385555477               7.1254857688476525                 0.01656543296821574                
0.03047072931144404                6.941351542616758                  0.0161948324452367                 
0.03061936419637964                6.803515651690761                  0.016080771199231014               
0.030767999040162516               6.6481267387343195                 0.01580251286028629                
0.030916633842592953               6.478297771563392                  0.015766809243196282               
0.031065268603471176               6.359136465986301                  0.015356425644267849               
0.031213903322597436               6.2103544490263705                 0.015318386986398584               
0.031362537999772004               6.0576882677250685                 0.014988034788357698               
0.031511172634795116               5.921185599171604                  0.01481820680659058                
0.03165980722746703                5.791160957388048                  0.014714405852289546               
0.03180844177758801                5.612251706868926                  0.014294567209327412               
0.03195707628495829                5.500201271703315                  0.014248747941777813               
0.03210571074937814                5.3544013062434725                 0.014034368581419968               
0.032254345170647805               5.228706217542222                  0.013805336353880227               
0.03240297954856755                5.115617381969995                  0.013686440862028807               
0.03255161388293761                5.018450920760291                  0.01338091828211405                
0.03270024817355827                4.857499810139784                  0.01334432648865918                
0.03284888242022977                4.7188544025388275                 0.013018978428168715               
0.03299751662275236                4.632580194014249                  0.012899419832447799               
0.033146150780926295               4.51061133373949                   0.012700003162907625               
0.03329478489455186                4.402069831170906                  0.012476762394669242               
0.033443418963429276               4.304543315761702                  0.012504703675392456               
0.033592052987358824               4.173415274891385                  0.012081842197136814               
0.03374068696614075                4.1052746659187065                 0.012048828244305032               
0.03388932089957531                4.005268030832767                  0.011855406645338656               
0.03403795478746278                3.9488973187819036                 0.0117975864202931                 
0.03418658862960341                3.8764287244108036                 0.01173415353358065                
0.034335222425797444               3.7632626260191255                 0.0117053977652467                 
0.034483856175845165               3.650186481759563                  0.011675232970672914               
0.03463248987954682                3.5548209626754854                 0.011541930676663056               
0.034781123536702666               3.4340081139678182                 0.01145873170478311                
0.03492975714711298                3.392446798397976                  0.011368825288918487               
0.03507839071057801                3.346529165972141                  0.010982207083900955               
0.03522702422689801                3.2314770372536374                 0.010877866314223291               
0.03537565769587327                3.1430466898303893                 0.010583668700454818               
0.03552429111730402                3.0566078683281175                 0.010466300881724523               
0.035672924490990535               2.976507519653494                  0.010236953374183285               
0.03582155781673309                2.876975251423618                  0.010014885555508484               
0.03597019109433192                2.7966929322401755                 0.009989080965763725               
0.03611882432358732                2.7270764932212885                 0.009656287602725898               
0.03626745750429954                2.6400374541229903                 0.009588415381390242               
0.03641609063626884                2.5799223313294806                 0.00937713495432108                
0.03656472371929549                2.5077193195601075                 0.009279642577309188               
0.03671335675317976                2.446666230758913                  0.009165987187128032               
0.0368619897377219                 2.380871386554305                  0.008955835328716272               
0.03701062267272219                2.3032169713730117                 0.008827178095066748               
0.03715925555798089                2.2439767700841613                 0.008708318748868103               
0.03730788839329828                2.174400059034984                  0.00855870679659476                
0.037456521178474596               2.130867987141917                  0.008432751302786444               
0.03760515391331015                2.092598256817105                  0.008292087437593758               
0.037753786597605164               2.023092607310615                  0.008225312996984044               
0.03790241923115994                1.952065613895796                  0.008021179037748351               
0.038051051813774724               1.89920022911969                   0.00792407207757812                
0.03819968434524979                1.8450292681075082                 0.007770214739633649               
0.03834831682538542                1.8124765791240711                 0.007677849083730298               
0.03849694925398188                1.754239141264948                  0.007607808125234663               
0.03864558163083943                1.7091742599088855                 0.007444503115612845               
0.03879421395575834                1.6652052031785751                 0.007344405195697241               
0.038942846228538906               1.6103857632266303                 0.007150493542623311               
0.03909147844898136                1.5485588128292576                 0.007100493249746022               
0.03924011061688601                1.5117871407794707                 0.00693502229163233                
0.0393887427320531                 1.4547810293789156                 0.006759481033289095               
0.039537374794282924               1.4330653843329901                 0.006715436717981503               
0.039686006803375744               1.3906325748910413                 0.006576583673676962               
0.039834638759131825               1.3541955825194545                 0.00652482322109317                
0.03998327066135146                1.312070905750975                  0.006363430736191257               
0.04013190250983492                1.2905942208975592                 0.006274935493406555               
0.04028053430438246                1.2424417213092407                 0.006195272198966012               
0.04042916604479439                1.2193903469998952                 0.006102293579962473               
0.04057779773087095                1.1749262375528324                 0.006030419165632343               
0.040726429362412435               1.1458175303049967                 0.005862435756580409               
0.04087506093921912                1.1172557178794218                 0.005857942647286006               
0.04102369246109126                1.0862441177634385                 0.00576226420331041                
0.04117232392782917                1.067565764899637                  0.005666689306761202               
0.041320955339233106               1.0392807419637626                 0.0056282683377593045              
0.041469586695103346               1.0155901724359269                 0.005527026462078088               
0.04161821799524017                0.9817443325048582                 0.005459867680731732               
0.041766849239443855               0.9505998923478676                 0.005370020968493588               
0.04191548042751469                0.9278834267089708                 0.005255885762467751               
0.042064111559252944               0.9176436077828853                 0.005241453287355621               
0.0422127426344589                 0.8926350627565325                 0.005155091754014432               
0.042361373652932834               0.900316535875438                  0.005177226347703974               
0.04251000461447503                0.8745659734201581                 0.0052078722460220895              
0.04265863551888578                0.8415591267801373                 0.0051310765548912025              
0.042807266365965366               0.8192325778853743                 0.005135875895883623               
0.04295589715551405                0.7970750245780531                 0.0050710510511432026              
0.04310452788733213                0.7692770562887248                 0.005007142793881813               
0.04325315856121989                0.7569933627775306                 0.0049519016139561575              
0.0434017891769776                 0.7400387138314853                 0.004949012378523609               
0.043550419734405564               0.7173405649010814                 0.004867494593399036               
0.04369905023330405                0.7059366951157776                 0.004816240724042406               
0.043847680673473347               0.6891482110708975                 0.004800707519020141               
0.04399631105471376                0.6855564049911052                 0.004738919477944393               
0.04414494137682554                0.6707541853880149                 0.004738685430526056               
0.044293571639608995               0.6467027727645549                 0.004636011066358482               
0.04444220184286442                0.6427399991749865                 0.004614604262776398               
0.044590831986392084               0.6214261254428199                 0.004546871665137461               
0.04473946206999227                0.6088500885444413                 0.0044982919509535925              
0.044888092093465295               0.6048140026403357                 0.004540292533053831               
0.04503672205661142                0.5887386077619194                 0.004405117266007592               
0.04518535195923094                0.5806785286650872                 0.004446414092192993               
0.04533398180112416                0.5662892434381576                 0.004365509774906436               
0.04548261158209136                0.5614859524962805                 0.004360735341423011               
0.04563124130193283                0.5517167100816446                 0.004366755551056275               
0.04577987096044885                0.5436761853782649                 0.004270732724014319               
0.045928500557439744               0.532754868794113                  0.004288746649181926               
0.04607713009270576                0.5260810376745784                 0.004254921140115235               
0.04622575956604723                0.5186541002739627                 0.0042157248333088175              
0.04637438897726441                0.5088059666147298                 0.0041844803335665684              
0.04652301832615762                0.49075037090436674                0.00407897788123839                
0.04667164761252716                0.4873464932830278                 0.004128720910986486               
0.0468202768361733                 0.48832737385298                   0.0040732152130376256              
0.04696890599689635                0.4761777833374411                 0.004032943756732189               
0.04711753509449661                0.47226753548410494                0.0040206452888776984              
0.04726616412877436                0.46197960159088436                0.003930638232731622               
0.0474147930995299                 0.4667171893869981                 0.003992683359478048               
0.04756342200656354                0.4562357902751071                 0.0039000210442079668              
0.04771205084967556                0.44806814344056584                0.003883200289964971               
0.04786067962866626                0.44307185822571704                0.003867595584779452               
0.048009308343335964               0.4358982447008755                 0.0037865561963012096              
0.04815793699348494                0.4392911988118756                 0.00385106168418758                
0.048306565578913496               0.43003360929204787                0.0037552150217728935              
0.04845519409942194                0.430753074265308                  0.003809439104845392               
0.04860382255481056                0.43532854590292663                0.0038356798942787993              
0.04875245094487968                0.4220209098947479                 0.003716263135550035               
0.04890107926942957                0.4237316881756809                 0.003766392299739297               
0.04904970752826055                0.41356558079009675                0.003688288881834631               
0.04919833572117292                0.4141178649262505                 0.0037292784998163905              
0.04934696384796698                0.4181179853905771                 0.003720022795100034               
0.049495591908443035               0.4045206853159912                 0.0036477367614636638              
0.049644219902401386               0.4068699608287735                 0.0036753522552689702              
0.04979284782964235                0.40631462514719796                0.0036464612511267346              
0.049941475689966215               0.40263681388515826                0.0036676165117821152              
0.05009010348317329                0.398340760473628                  0.003599481031139598               
0.050238731209063886               0.395907483071755                  0.003614274917317325               
0.05038735886743832                0.3995327896113671                 0.0036458517507315324              
0.05053598645809688                0.39565026404759623                0.003603826559480208               
0.05068461398083988                0.399720207895497                  0.003626036940519334               
0.050833241435467615               0.3908983326159616                 0.003558476987239242               
0.05098186882178042                0.39761939351366066                0.0036258259993363043              
0.05113049613957859                0.393427099834698                  0.003582684987233669               
0.05127912338866244                0.39173731699692227                0.003584129469700982               
0.05142775056883227                0.3891626344937689                 0.0035778358185211668              
0.051576377679888395               0.39198490496338867                0.003559823529961358               
0.05172500472163113                0.3914784882224226                 0.0035995834353563898              
0.05187363169386079                0.38659076536398224                0.003515769264027698               
0.052022258596377664               0.3894155558329811                 0.0035535290792447476              
0.05217088542898209                0.3852446664106206                 0.0035524908981513464              
0.052319512191474384               0.3808877402620418                 0.003514406519246714               
0.052468138883654855               0.3865601851859385                 0.0035386882201174177              
0.052616765505323786               0.3848702322529406                 0.0035185033629544548              
0.05276539205628153                0.38132390876158434                0.0035075483781572023              
0.0529140185363284                 0.3829662706473777                 0.003520422136245927               
0.05306264494526469                0.3849476949790559                 0.0035438809397900332              
0.053211271282890736               0.3757919672583942                 0.0034785116168840613              
0.053359897549006836               0.38831131445189937                0.0035200805331127207              
0.053508523743413326               0.3873617701553865                 0.0035369973503836813              
0.053657149865910525               0.38167216364475043                0.0034916017806300177              
0.05380577591629874                0.3807936433148545                 0.0034963164226290444              
0.0539544018943783                 0.3845172720173936                 0.0035116098696379465              
0.05410302779994951                0.37875559635799                   0.0034817154612381664              
0.054251653632812716               0.3789336677298603                 0.0034983129530334538              
0.05440027939276821                0.3788232258379727                 0.003439302672239432               
0.05454890507961633                0.3841654126427407                 0.003508250212557922               
0.0546975306931574                 0.3789704323246756                 0.003486195270786373               
0.05484615623319174                0.3812036131636271                 0.0034842550097809017              
0.05499478169951966                0.382695183873564                  0.0034980342970763615              
0.05514340709194151                0.3813020725647518                 0.00344382951161165                
0.05529203241025758                0.37917367093831217                0.0034836456980840216              
0.055440657654268234               0.38322278060402654                0.0034693938488884737              
0.05558928282377376                0.3753624216864832                 0.0034540279179698687              
0.05573790791857452                0.3823984473113269                 0.003474196760239396               
0.05588653293847082                0.37555539280068767                0.003422778500572592               
0.05603515788326298                0.3701686617377745                 0.003431756421806573               
0.05618378275275134                0.37156294771603415                0.0034045387943551463              
0.05633240754673624                0.3750361259860828                 0.0034422922922564946              
0.05648103226501799                0.37792123358437013                0.0034352217504963495              
0.05662965690739693                0.373393772018667                  0.003419592043561216               
0.056778281473673364               0.37798883798560423                0.0034609486847200156              
0.05692690596364766                0.37625654953166254                0.0034028426914249265              
0.05707553037712013                0.36772613322498404                0.003393543784731433               
0.05722415471389112                0.37435448404576455                0.003404066670358211               
0.05737277897376094                0.3729770730614784                 0.003419362576481551               
0.057521403156529954               0.37221226571803223                0.003404206450862856               
0.05767002726199845                0.36845670089220295                0.003369013210904159               
0.05781865128996681                0.3655881108660202                 0.0033903111054431594              
0.05796727524023534                0.37254204786936695                0.003371455762469445               
0.058115899112604404               0.3623125230679131                 0.00335863514536589                
0.0582645229068743                 0.3660510551206308                 0.0033612384160135967              
0.058413146622845386               0.3595970614251794                 0.003317112819340155               
0.058561770260317995               0.37108646979760596                0.0034040332867850084              
0.05871039381909247                0.3604065187547376                 0.00331136285959735                
0.05885901729896914                0.3649349159506736                 0.003359355865518628               
0.059007640699748364               0.36466644137480414                0.0033308775106924496              
0.05915626402123044                0.3625158595438512                 0.003327374251873658               
0.05930488726321576                0.3603439858752765                 0.0033413919404103893              
0.059453510425504646               0.3688180377108751                 0.003345021738632506               
0.05960213350789743                0.35424844994525057                0.0032955126550762073              
0.05975075651019445                0.356739635773564                  0.003288237161546278               
0.05989937943219608                0.3494945579790036                 0.003274896817683128               
0.060048002273702626               0.3519515149513166                 0.0032630092821020235              
0.060196625034514444               0.3458165273013235                 0.003232918627523595               
0.060345247714431886               0.3593862144044981                 0.003316155625337846               
0.06049387031325529                0.3561179133914804                 0.003367705266519725               
0.060642492830785                  0.3562097960914857                 0.00341956589532941                
0.060791115266821405               0.3449096090103026                 0.003382279588060788               
0.06093973762116479                0.35254425683730645                0.0034409712620912616              
0.06108835989361553                0.34588727124657986                0.0034576627422137755              
0.06123698208397396                0.3402355149952426                 0.003421915979192127               
0.061385604192040456               0.3408053385337471                 0.003469846396910232               
0.061534226217615354               0.3424239216314704                 0.0034666176531023135              
0.06168284816049901                0.3340939875359842                 0.0034662573461969005              
0.061831470020491754               0.3314272005552106                 0.0034680186130713305              
0.06198009179739396                0.3267446120966517                 0.003433714699195488               
0.06212871349100597                0.32810800578515237                0.0034863702332395626              
0.06227733510112815                0.32302227491531743                0.0034315560987604374              
0.06242595662756082                0.32579888203829266                0.0035275653995348504              
0.06257457807010439                0.32359710013346754                0.0034845784558109644              
0.06272319942855915                0.32010758490113106                0.0034596623573778097              
0.06287182070272551                0.3187272145882486                 0.0034974323998948503              
0.0630204418924038                 0.31857930997981876                0.0034903501718418274              
0.06316906299739436                0.3128673795464607                 0.00349033686383675                
0.0633176840174976                 0.31342409009996525                0.0033649034085257274              
0.06346630495251382                0.3115409521970701                 0.0033416063237325174              
0.06361492580224343                0.30399772781692597                0.003269927178912718               
0.06376354656648675                0.2984557538152734                 0.0032205788610818855              
0.06391216724504416                0.3049326663946188                 0.0032465375070860236              
0.06406078783771602                0.2940896517188297                 0.0031461086939187036              
0.06420940834430268                0.3003184242852839                 0.003192709611212325               
0.06435802876460452                0.2924942830210478                 0.003132628895837506               
0.06450664909842187                0.2892291232951494                 0.0031005053258055014              
0.06465526934555513                0.28692890272840577                0.0030978184612935676              
0.06480388950580464                0.29119456609168803                0.003096588195970746               
0.0649525095789708                 0.288132836231633                  0.003091418798391426               
0.06510112956485392                0.2793403908786844                 0.0030158893426921437              
0.06524974946325443                0.2831227132916397                 0.0030346965469515244              
0.06539836927397262                0.27888015372000247                0.003019556036303446               
0.06554698899680893                0.27995971036317757                0.0030192342895375194              
0.06569560863156369                0.2748689930967889                 0.002985590756756358               
0.06584422817803728                0.26662344675316835                0.002912569713149302               
0.06599284763603007                0.26674030921465863                0.0029117622596319943              
0.06614146700534243                0.26403859764975235                0.00290855620418779                
0.06629008628577472                0.256124949216166                  0.002863206107507707               
0.06643870547712732                0.2630498464039037                 0.002897312917025464               
0.06658732457920061                0.26264207128994027                0.0028485856794329073              
0.06673594359179495                0.25847962622995296                0.002867750470181981               
0.06688456251471071                0.2518909576117465                 0.002821167891987656               
0.0670331813477483                 0.25418650908091606                0.002818732167624587               
0.06718180009070804                0.2510629209275376                 0.0028096040287432403              
0.06733041874339035                0.24514280660249635                0.002769489057559612               
0.06747903730559558                0.24760827769141464                0.002779309866480921               
0.06762765577712412                0.23853980107831066                0.0027056182451656533              
0.06777627415777635                0.24447771377110702                0.0027630333638266158              
0.06792489244735264                0.23873585834621833                0.0027106332394882166              
0.06807351064565337                0.23030170212469744                0.0026752153097245363              
0.06822212875247895                0.2351661322351374                 0.002690293588146946               
0.0683707467676297                 0.2349173392477813                 0.002669687595648012               
0.06851936469090604                0.2245475339962725                 0.0026263318560883872              
0.06866798252210835                0.22301780500460133                0.0026098684825437224              
0.06881660026103702                4.97886137380547                   0.012349135260286479               
0.06896521790749241                0.2213025634797218                 0.002602299246152001               
0.06911383546127492                0.21665641980623868                0.002552965839907731               
0.06926245292218494                0.21427163311154984                0.0025557472844833593              
0.06941107029002283                0.21521083798629495                0.0025361079362572637              
0.06955968756458901                0.21085245262064928                0.002532864982229111               
0.06970830474568386                0.20657681758407656                0.002482399606621627               
0.06985692183310774                0.21068339225654367                0.002516351426958288               
0.07000553882666105                0.20338715520527156                0.0024666129158688187              
0.0701541557261442                 0.20643589117245106                0.002464390172103376               
0.07030277253135758                0.20280932366835497                0.0024654138336567323              
0.07045138924210155                0.2030151373116773                 0.0024495237972435306              
0.07060000585817654                0.19601040297530492                0.002415834583158097               
0.07074862237938288                0.19222844903102024                0.0023879771069039712              
0.07089723880552104                0.19315536540691655                0.002369692338653583               
0.07104585513639136                0.19148453026753684                0.0023888953646637482              
0.07119447137179426                0.1878822692874579                 0.0023403151078707288              
0.07134308751153012                0.18917592528236654                0.002355881015182736               
0.07149170355539934                0.18244282413533022                0.0023188970164576502              
0.07164031950320233                0.18828913886864518                0.00233436218714338                
0.07178893535473949                0.1811746174666994                 0.0023172354032310535              
0.07193755110981116                0.18113186942546072                0.002287499980270772               
0.07208616676821783                0.17194805970450205                0.00223990221372638                
0.07223478232975981                0.17759563734096998                0.0022774287108625877              
0.07238339779423758                0.17713246985504538                0.002278619875053902               
0.07253201316145147                0.16695972467141043                0.0022213957288847747              
0.07268062843120196                0.1690507686101015                 0.0021950943285095536              
0.07282924360328936                0.16693416610429543                0.002202995641563925               
0.07297785867751416                0.17086851042699688                0.0022267842082806513              
0.0731264736536767                 0.1586550978434211                 0.002142814199734377               
0.07327508853157742                0.16264911286656988                0.0021696193278564375              
0.07342370331101672                0.16243667828911296                0.002150771839244743               
0.07357231799179499                0.16320499795870475                0.0021752933392688127              
0.07372093257371265                0.16245411431769044                0.0021585846899019353              
0.07386954705657013                0.157394190071014                  0.0021180709118348126              
0.07401816144016779                0.1517883774282848                 0.002071725754299232               
0.07416677572430608                0.1590735618117362                 0.0021321924660044848              
0.07431538990878538                0.15167645717347106                0.0020885655644320394              
0.07446400399340614                0.1522671143148836                 0.0020640815343055787              
0.07461261797796873                0.15223310520422212                0.002068376944922653               
0.07476123186227358                0.14914436826993424                0.0020365869681787203              
0.0749098456461211                 0.14831207923230114                0.0020379922832261892              
0.07505845932931171                0.14527264014183158                0.002016120508695176               
0.07520707291164581                0.14357173520093047                0.0019921313804966367              
0.07535568639292387                0.143324327801257                  0.001988698476074559               
0.07550429977294623                0.1400991302184117                 0.0019619725780274924              
0.07565291305151335                0.13806105515404754                0.001955217389489528               
0.0758015262284256                 0.13685918066873515                0.0019333555716363887              
0.0759501393034835                 0.13670057214334339                0.0019297675700755339              
0.07609875227648738                0.1382400381023753                 0.001949752124460009               
0.07624736514723769                0.13848217490868145                0.0019357253380822596              
0.07639597791553485                0.1367060595296388                 0.0019273500815203406              
0.07654459058117927                0.13119318159044902                0.001880917911086922               
0.07669320314397139                0.132225094367011                  0.0018898943974672586              
0.07684181560371163                0.12959243767416898                0.0018797312088969286              
0.07699042796020039                0.12620930829123933                0.001842520738688278               
0.07713904021323813                0.1336124996456341                 0.0019013914913538945              
0.07728765236262525                0.13024531329854613                0.0018608372238745608              
0.07743626440816222                0.12646676051106992                0.0018514160608524516              
0.0775848763496494                 0.1287676264810276                 0.0018642406874987718              
0.07773348818688727                0.12401783340233923                0.0018173183883136651              
0.07788209991967622                0.12173949066846794                0.0018103652361930135              
0.07803071154781671                0.12264226224676399                0.001805711756253838               
0.07817932307110918                0.12320822102898701                0.0018235568033170575              
0.07832793448935403                0.12292110967195931                0.0018055170874791673              
0.07847654580235171                0.12031492370571426                0.0017840592436500218              
0.07862515700990265                0.11865520202240717                0.0017887944751461085              
0.07877376811180728                0.11999119843111034                0.0017794546069647569              
0.07892237910786605                0.12269168905765081                0.0018068312121608421              
0.07907098999787937                0.11684319131034923                0.0017545130311448292              
0.07921960078164769                0.11738779563602532                0.0017593221457319842              
0.07936821145897144                0.11712965217877183                0.001769822851821918               
0.07951682202965109                0.11660268763124515                0.0017469670214184413              
0.07966543249348702                0.11446534282348134                0.0017387196401401305              
0.07981404285027972                0.11114501006594049                0.0017062923891621722              
0.07996265309982961                0.11220784287981414                0.0017236248120238143              
0.08011126324193714                0.11106025255270384                0.0017112539967724532              
0.08025987327640273                0.11308569101849708                0.0017120445034076001              
0.08040848320302686                0.11078257479551579                0.0017098193891677844              
0.08055709302160995                0.10987963802520286                0.0016896563215275846              
0.08070570273195243                0.10682407297006138                0.0016769229611178177              
0.08085431233385477                0.10988334704722731                0.0016883166515041892              
0.08100292182711742                0.10687437004668665                0.001665041106585785               
0.0811515312115408                 0.10489259346326278                0.0016582902518022967              
0.0813001404869254                 0.10728191973890223                0.0016695679335485011              
0.08144874965307163                0.10683155509962691                0.0016653849302726536              
0.08159735870977995                0.10584927109795501                0.0016536930064029454              
0.08174596765685078                0.10415076372693853                0.001641034562457441               
0.08189457649408466                0.10313088083442132                0.0016376171283985488              
0.08204318522128196                0.10481363427749033                0.001642935732386004               
0.08219179383824317                0.10680586829904201                0.0016631667222069242              
0.0823404023447687                 0.1047762824106133                 0.0016367298691790614              
0.08248901074065908                0.10037618322851413                0.001611027345697241               
0.0826376190257147                 0.10290834043803433                0.001627937902606342               
0.08278622719973604                0.10229152528852306                0.0016165629467182637              
0.08293483526252357                0.10248611571997922                0.0016232910204031401              
0.08308344321387771                0.10445519531136882                0.0016303222839991836              
0.08323205105359896                0.10150928133037246                0.0016155380122264242              
0.08338065878148777                0.1028268675561403                 0.0016175666366967454              
0.0835292663973446                 0.10203337757654676                0.0016106741301921104              
0.0836778739009699                 0.10159565863968431                0.0016175274011255437              
0.08382648129216412                0.10213409021122287                0.0016146799367038826              
0.08397508857072775                0.0984352949775692                 0.0015776426744516575              
0.08412369573646125                0.09711119719870041                0.001560233146253225               
0.08427230278916509                0.10108511255711086                0.001601904314752365               
0.08442090972863972                0.09781330369799202                0.0015770186687379829              
0.0845695165546856                 0.09935383386707498                0.0015868709025142894              
0.08471812326710323                0.09825528847613407                0.0015749599673152046              
0.08486672986569305                0.10102222971580657                0.0015913453035481839              
0.08501533635025554                0.09677065334807877                0.0015679715806630158              
0.08516394272059116                0.10146090440018544                0.0015929282902135847              
0.08531254897650041                0.09886894452985542                0.0015749134083201462              
0.08546115511778372                0.10051728778258599                0.0015911088735686152              
0.08560976114424161                0.24898051725202006                0.0024837274762831317              
0.08575836705567454                0.09835881089451737                0.0015764168483557803              
0.08590697285188292                0.0936255459344984                 0.0015248379356015403              
0.0860555785326673                 0.0957594795674752                 0.0015475300607280832              
0.08620418409782817                0.09969744297317518                0.0015815032485776246              
0.08635278954716594                0.09538707284189399                0.0015415117468728144              
0.08650139488048113                0.09705467367041747                0.0015537202325592182              
0.08665000009757422                0.09684820773342513                0.0015448819994280834              
0.08679860519824566                0.09648140770459868                0.0015467246823652988              
0.08694721018229597                0.0931936043910732                 0.0015308526894070604              
0.0870958150495256                 0.09524669183782976                0.0015320578037769895              
0.08724441979973506                0.0962329848141232                 0.0015417518641582164              
0.0873930244327248                 0.09697337695190808                0.001547075487780422               
0.08754162894829534                0.09665119621710336                0.0015427210413795369              
0.08769023334624715                0.09568934295120782                0.0015385809107193067              
0.08783883762638073                0.09615759753647335                0.0015305588782711598              
0.08798744178849653                0.09240490180445803                0.001510779752457691               
0.08813604583239507                0.09770149584353453                0.0015469247742613127              
0.08828464975787681                0.09482948508229246                0.0015281170910403294              
0.08843325356474228                0.09417189052966765                0.0015198902640235368              
0.08858185725279195                0.09414323898969446                0.0015115734191437427              
0.08873046082182631                0.09588887844764009                0.0015354509076261017              
0.08887906427164587                0.09513578002597986                0.0015218316283021002              
0.0890276676020511                 0.09403888827858173                0.0015136094619428062              
0.0891762708128425                 0.09530416329818117                0.001525501353387429               
0.08932487390382057                0.09205338472938117                0.0014907552900937247              
0.08947347687478581                0.09557578305438885                0.0015230354392887608              
0.08962207972553873                0.09283092756043174                0.0015015761047859637              
0.0897706824558798                 0.09329251133164222                0.0015053054374189613              
0.0899192850656095                 0.09335745531344114                0.0015012807619483829              
0.0900678875545284                 0.09002287216721115                0.001477572777507912               
0.09021648992243694                0.09317960749169082                0.001495908444837613               
0.09036509216913566                0.09113103926582204                0.0014804850301272656              
0.09051369429442505                0.09076216877281834                0.0014752713992836715              
0.0906622962981056                 0.09297504249177452                0.0015033173362348099              
0.09081089817997783                0.09182757849650175                0.0014906210227972289              
0.09095949993984224                0.09306280638702519                0.0014882906940281103              
0.09110810157749934                0.09195236195252358                0.0014865872595488572              
0.09125670309274964                0.09138004640043161                0.001473680042851337               
0.09140530448539363                0.09181654892529725                0.0014882866053243537              
0.09155390575523184                0.09253698328187214                0.001484635447880763               
0.09170250690206479                0.09012770040429721                0.0014597612948078842              
0.09185110792569297                0.09434989826299012                0.001508681372616473               
0.09199970882591689                0.09259517725012564                0.0014828996059542824              
0.09214830960253707                0.09203719100809292                0.0014806240403374177              
0.09229691025535404                0.09296074443304315                0.0014836260331367577              
0.09244551078416828                0.09150305407759357                0.0014741310201627346              
0.09259411118878036                0.09232504076874455                0.0014873733768447212              
0.09274271146899074                0.09312895623889748                0.0014784236587168955              
0.09289131162459997                0.09086908393287133                0.0014646781213524052              
0.09303991165540855                0.09015035069476106                0.001457263842644233               
0.09318851156121703                0.08944929867555994                0.0014483935945043892              
0.09333711134182592                0.09056466481224199                0.0014714780866142345              
0.0934857109970357                 0.09090270960384512                0.0014569163827567377              
0.09363431052664693                0.08841208234885778                0.0014405018136915096              
0.09378290993046016                0.09142988511942807                0.0014627377458268983              
0.09393150920827588                0.08748745204267347                0.0014377021176621356              
0.09408010835989462                0.08860559493999169                0.0014415515227213026              
0.0942287073851169                 0.08916868822144275                0.0014387661915338335              
0.09437730628374329                0.09010415395854086                0.0014568978199136458              
0.09452590505557425                0.08905364633616328                0.0014425545075159793              
0.09467450370041036                0.08954078579659286                0.0014391607819879346              
0.09482310221805212                0.08846840157728278                0.0014357138239430214              
0.09497170060830008                0.08798537766569337                0.0014271235333055694              
0.0951202988709548                 0.08467295643922985                0.001410236949248698               
0.09526889700581676                0.08552361865674799                0.0014044820906175292              
0.09541749501268652                0.08878011106289246                0.00143511417094699                
0.09556609289136461                0.08677844006617039                0.0014193587859949056              
0.09571469064165158                0.0898742562314536                 0.0014408032980616097              
0.09586328826334796                0.08538572474521132                0.0014079246303044764              
0.09601188575625429                0.08701208407227178                0.001408560118560654               
0.09616048312017107                0.08737615537172412                0.001424758526636913               
0.09630908035489893                0.08538588793492255                0.0014018422475120889              
0.09645767746023834                0.08630861371841253                0.0014109195444751154              
0.09660627443598986                0.08621100631210542                0.0014055727177552555              
0.09675487128195404                0.0857885824772193                 0.0013981282197440964              
0.0969034679979314                 0.08681594279957504                0.001418644487773926               
0.09705206458372252                0.08683004964916655                0.0014106125608402908              
0.09720066103912794                0.08537114199630959                0.0013937332983265081              
0.09734925736394817                0.08623587621982969                0.001400774978435706               
0.09749785355798385                0.0845157956279777                 0.0013916897482474043              
0.09764644962103541                0.08582407713739272                0.001405442073498231               
0.09779504555290348                0.08455469834914288                0.001378751753583551               
0.09794364135338857                0.08440566056883368                0.0013878080663396295              
0.09809223702229126                0.08375623484269437                0.0013804930902552466              
0.09824083255941213                0.08479377573502939                0.0013909967698858034              
0.09838942796455168                0.0834816543866457                 0.0013733582024122403              
0.09853802323751046                0.08390321758929194                0.0013734340124514288              
0.09868661837808908                0.08272707266897698                0.0013734536812128795              
0.09883521338608807                0.08128162251887326                0.0013503868409782517              
0.098983808261308                  0.08266260323330868                0.0013738989537690877              
0.0991324030035494                 0.08059403535428246                0.0013404442333241982              
0.09928099761261285                0.08348225116267113                0.001373368019985401               
0.09942959208829895                0.08357510102038049                0.001379006921664692               
0.09957818643040817                0.08171606161566593                0.001352573875730381               
0.09972678063874114                0.0821385923646321                 0.0013551197657965426              
0.09987537471309844                0.08106270263862954                0.0013443400644061634              
0.10002396865328061                0.07938434746506946                0.0013368839989173428              
0.10017256245908819                0.07951733322573001                0.0013408358788259858              
0.10032115613032179                0.07943151963864294                0.001322940270897274               
0.10046974966678197                0.07886134446028785                0.0013292076897198108              
0.10061834306826929                0.08079041498578614                0.0013374356866157164              
0.1007669363345843                 0.0799704790445245                 0.0013389924952477868              
0.10091552946552765                0.07680499995932981                0.0013108487719742882              
0.10106412246089981                0.07920122221936864                0.0013205707228046433              
0.10121271532050144                0.07921799119681931                0.0013340824512540442              
0.10136130804413308                0.07847102873754912                0.0013497427270884564              
0.10150990063159528                0.07762808572637005                0.001364418273049328               
0.10165849308268868                0.07825164605376152                0.0013745291875918316              
0.10180708539721378                0.0757352807652177                 0.0013646550337830202              
0.10195567757497122                0.07704418232937965                0.0013952792581416432              
0.10210426961576155                0.07677199149606184                0.0013862639150190425              
0.1022528615193854                 0.07638738488359297                0.0013893208989131534              
0.10240145328564329                0.07770408157974504                0.0014158470749432615              
0.10255004491433584                0.07612128867452969                0.0014053227510378368              
0.1026986364052636                 0.07542163414991694                0.0014167591136010882              
0.1028472277582272                 0.07582926337602157                0.0014037642999393145              
0.10299581897302723                0.07584636301503439                0.0014254921355602457              
0.10314441004946424                0.07510455701647685                0.0014173194178226684              
0.1032930009873388                 0.0756168945367742                 0.0014323539606031588              
0.1034415917864516                 0.07360080727707907                0.0014185513129870092              
0.10359018244660313                0.07295058173030518                0.001406280357008636               
0.10373877296759404                0.07433253140323062                0.0014385444715263069              
0.10388736334922487                0.07095195740918186                0.001404232349736453               
0.10403595359129628                0.0717984544193282                 0.00141627808072681                
0.1041845436936088                 0.07856801148402832                0.0014370861504209896              
0.10433313365596307                0.07564372486424116                0.0013986529675133938              
0.10448172347815968                0.07516820006178286                0.0013920037048478307              
0.10463031315999925                0.07460361334130881                0.001370316108066119               
0.10477890270128232                0.07381849904674015                0.0013540690386676462              
0.10492749210180954                0.07364973247885752                0.0013546246021148057              
0.10507608136138147                0.07453937373583198                0.00135908563952944                
0.10522467047979879                0.07323971299628813                0.001340972918198258               
0.10537325945686203                0.0732883301908323                 0.001337832768030101               
0.10552184829237181                0.07235214270434236                0.001324722066361128               
0.10567043698612877                0.07480131821901943                0.0013423891993071262              
0.10581902553793347                0.07199453526865517                0.0013219467433914756              
0.10596761394758658                0.07374718510938519                0.0013234716596875473              
0.10611620221488863                0.07082733974821541                0.001299420171524193               
0.10626479033964027                0.0703934216323326                 0.0012973679732384462              
0.10641337832164213                0.07054548364503707                0.0012925101540772568              
0.10656196616069483                0.07101313216470354                0.0013006417196415288              
0.10671055385659896                0.07156809713526932                0.0012881046722859643              
0.10685914140915509                0.06947206458320512                0.001281693877595412               
0.10700772881816392                0.07245902615397982                0.0013022429556340197              
0.10715631608342602                0.07327776986531605                0.0013062426870829723              
0.10730490320474204                0.06796031966830185                0.0012565867551845445              
0.10745349018191253                0.06806166545791721                0.001248050302593117               
0.1076020770147382                 0.06892730879238003                0.0012673373590043405              
0.10775066370301965                0.07061755183310266                0.0012772177280819062              
0.10789925024655744                0.06951095277934874                0.001259471347410654               
0.10804783664515225                0.0700720401010334                 0.0012731955886299815              
0.1081964228986047                 0.06995659383636614                0.001259916876455658               
0.1083450090067154                 0.06881264104075353                0.0012603386028479733              
0.108493594969285                  0.06651459494319606                0.0012246329564898893              
0.10864218078611411                0.069855789283994                  0.0012603518358614907              
0.10879076645700335                0.0668077075521934                 0.0012373919605113187              
0.10893935198175338                0.06763968812825996                0.001234514662689145               
0.1090879373601648                 0.0666762718967601                 0.0012322129613508918              
0.10923652259203825                0.06575831406641526                0.001205408380813484               
0.10938510767717442                0.06763770676428872                0.0012379887747780074              
0.1095336926153739                 0.06719608487744239                0.0012317639985008639              
0.1096822774064373                 0.0682425675014179                 0.0012391365088501376              
0.10983086205016526                0.06399011631027074                0.001200330558711486               
0.10997944654635847                0.06680300748424153                0.0012162094115574416              
0.11012803089481756                0.06702153708525034                0.0012267108769529608              
0.11027661509534314                0.06497446957233902                0.0012052993928321708              
0.11042519914773584                0.06322518950505096                0.0011767026941098845              
0.11057378305179637                0.06421258948088868                0.0011919868927675677              
0.11072236680732529                0.06549596823345159                0.0011947920620314135              
0.11087095041412333                0.06308428025012211                0.0011814695791362527              
0.11101953387199105                0.06444603924909177                0.0011795709373665884              
0.11116811718072916                0.06725292708693277                0.0012090688615133366              
0.11131670034013831                0.06531759048047377                0.0011911417346047247              
0.11146528335001911                0.06657998692655898                0.001208350210114402               
0.11161386621017225                0.06486244686372385                0.0012201332131089474              
0.11176244892039836                0.06378432894524738                0.0012086523229201881              
0.11191103148049807                0.06547563032039759                0.0012429343609108026              
0.1120596138902721                 0.0638447067899417                 0.0012369660684370344              
0.11220819614952104                0.06367863998701695                0.0012325924196220528              
0.11235677825804559                0.06440155612526197                0.0012517551608665534              
0.11250536021564642                0.06393915008681839                0.0012486781590388591              
0.11265394202212414                0.06368794106281532                0.0012597280050246728              
0.1128025236772794                 0.06276411512622425                0.0012515333176388917              
0.11295110518091295                0.062109336247406624               0.0012469341118115592              
0.11309968653282537                0.06332495311528342                0.0012690396848436102              
0.11324826773281738                0.06207218101272744                0.0012504797221798989              
0.11339684878068956                0.06238807987036124                0.0012581208367312068              
0.11354542967624269                0.06194803599908157                0.0012487391713806343              
0.11369401041927737                0.06322871051904061                0.0012640686839922803              
0.11384259100959429                0.060567093362902266               0.0012386452574443688              
0.11399117144699408                0.061140629274996104               0.0012464707531186184              
0.11413975173127745                0.061881077744877055               0.0012530025902329944              
0.11428833186224509                0.059751752357734944               0.0012273727403710505              
0.11443691183969763                0.061529079438223916               0.0012614882115949268              
0.11458549166343575                0.06158670746626015                0.001254002305147886               
0.11473407133326015                0.06216809837137035                0.0012619225323254187              
0.1148826508489715                 0.060846487505604674               0.0012514450263111418              
0.11503123021037048                0.059631421010320894               0.0012324645940259753              
0.11517980941725774                0.06234068558123304                0.001275984399259902               
0.115328388469434                  0.06334674906381195                0.0012738323494122144              
0.11547696736669993                0.0602837549306949                 0.0012537368207906569              
0.11562554610885617                0.06245830257111845                0.0012720130650617704              
0.11577412469570345                0.059858833144711396               0.001242751380496878               
0.11592270312704248                0.05841155561409212                0.0012422368302766522              
0.11607128140267389                0.05942801562632239                0.001233807018610875               
0.1162198595223984                 0.05983962749246352                0.0012532030922968768              
0.11636843748601669                0.056407807587395685               0.0012162392510389778              
0.11651701529332943                0.061403404025648735               0.001265847779852777               
0.11666559294413735                0.05909068799060373                0.00125047405380877                
0.11681417043824113                0.05848404650441825                0.001226428357135107               
0.11696274777544145                0.05957087309453262                0.0012550278680210662              
0.11711132495553901                0.06017909384711229                0.0012614194267717063              
0.11725990197833454                0.05892269806605145                0.0012466399508825935              
0.11740847884362866                0.05792674805834404                0.001238101550866506               
0.11755705555122214                0.05814131716222398                0.0012373293985314718              
0.11770563210091566                0.05868093472674332                0.001250797492154856               
0.11785420849250991                0.05966154811323917                0.0012544351597305959              
0.1180027847258056                 0.058865301501730576               0.001243478969202721               
0.11815136080060339                0.05688893378582015                0.0012320666273176245              
0.11829993671670407                0.060280939706717294               0.0012677386547463633              
0.11844851247390831                0.05923048352844136                0.0012651004293197587              
0.1185970880720168                 0.06066980496550072                0.0012639542701145983              
0.11874566351083024                0.060323334417530905               0.001265555442837225               
0.11889423879014938                0.05869044671252252                0.0012529943234222817              
0.11904281390977489                0.05724843736433449                0.0012421852859694357              
0.11919138886950753                0.059112436237547895               0.0012617159588401326              
0.11933996366914792                0.05754660432246638                0.001235064931157949               
0.11948853830849689                0.06078230178946223                0.0012794147786467796              
0.11963711278735512                0.05911064071301528                0.0012585280882857408              
0.11978568710552326                0.05937029829639017                0.001266066787860892               
0.11993426126280209                0.05926758960665822                0.001260727215585958               
0.12008283525899235                0.0591896594781247                 0.001263076553978275               
0.12023140909389472                0.05879029665225575                0.0012614665564889425              
0.12037998276730992                0.056766476884577026               0.0012390411271090093              
0.12052855627903868                0.05983325898355259                0.001270462608352294               
0.12067712962888173                0.058579897173886564               0.001252347768302032               
0.12082570281663982                0.058677556244927605               0.0012672422032566828              
0.12097427584211363                0.05926462536001212                0.0012719370899837643              
0.12112284870510388                0.060254208215124665               0.001272250842330197               
0.1212714214054114                 0.059576501422174036               0.0012736536286130928              
0.12141999394283678                0.058166192341842754               0.001252117008338683               
0.12156856631718085                0.054532073805665555               0.0012242811982516178              
0.12171713852824434                0.056212505659337796               0.0012319485811821827              
0.12186571057582794                0.05830684627844579                0.0012589425249351616              
0.12201428245973238                0.06003983030720837                0.0012873890932378444              
0.12216285417975847                0.055873883490060644               0.0012334461099577942              
0.12231142573570686                0.05731295311252534                0.0012572742325758514              
0.12245999712737837                0.05484399584520989                0.0012127811357624755              
0.12260856835457366                0.05720279868716846                0.0012560672767355974              
0.12275713941709357                0.05981579126434248                0.0012855438698761554              
0.1229057103147387                 0.059001365717067294               0.0012680404690577451              
0.12305428104730994                0.05830343171557434                0.0012653746240337983              
0.12320285161460796                0.05580599440003168                0.0012337524738192487              
0.12335142201643355                0.05810316644642497                0.0012670103553865156              
0.12349999225258738                0.05713406808031792                0.0012591195717146534              
0.12364856232287029                0.0571448618892561                 0.0012458171918254268              
0.12379713222708298                0.05872983955404063                0.0012782467515918693              
0.12394570196502623                0.057759055714178616               0.0012535598893289948              
0.12409427153650074                0.05768959885922771                0.0012679798335270209              
0.12424284094130733                0.057814384179821                  0.0012568344386917612              
0.12439141017924672                0.05633449659016713                0.001245436539151451               
0.12453997925011973                0.05626931708970353                0.0012544624215449383              
0.12468854815372699                0.05964631468977491                0.0012804238310535293              
0.12483711688986938                0.05703071904236577                0.0012623719759362656              
0.12498568545834762                0.05842550616776214                0.0012623876882787786              
0.12513425385896246                0.05694691785620267                0.0012565217313690498              
0.12528282209151465                0.05827607062123887                0.001280560824268301               
0.125431390155805                  0.055196764300461214               0.0012296346547810639              
0.12557995805163427                0.056644296491156806               0.0012553571500390887              
0.12572852577880317                0.057535124541866225               0.001262451809774121               
0.12587709333711253                0.05514673881256895                0.0012402707459862813              
0.12602566072636312                0.05744393391948039                0.0012702743180522062              
0.1261742279463557                 0.056369651665704956               0.001245301100575535               
0.126322794996891                  0.05705084824344162                0.0012659225739429015              
0.12647136187776986                0.05572778335323106                0.0012430074741642495              
0.126619928588793                  0.05905417693641187                0.0012868307716150645              
0.12676849512976127                0.054635355783650995               0.0012388364433909694              
0.12691706150047535                0.05652388670926366                0.0012502347663534482              
0.12706562770073607                0.057825282611599284               0.0012700420869445172              
0.12721419373034423                0.0580656675231271                 0.0012649901832407482              
0.12736275958910062                0.056172821724568216               0.0012523111637071627              
0.12751132527680595                0.056556571383406494               0.0012479088187778865              
0.12765989079326104                0.05561902298793691                0.0012396568035659102              
0.12780845613826677                0.05645084001858431                0.001253225968115131               
0.12795702131162376                0.05480254263918857                0.0012278803281513574              
0.12810558631313296                0.05531784423563271                0.0012341708334066717              
0.12825415114259503                0.05776211240594329                0.0012562919468884822              
0.1284027157998108                 0.05618713229007827                0.0012513868962786667              
0.1285512802845811                 0.05557159040014371                0.0012385996089765458              
0.12869984459670672                0.05861356082815688                0.0012682284218687113              
0.1288484087359884                 0.05721637234470955                0.0012578824958105294              
0.12899697270222704                0.054932443629690714               0.001222533473842436               
0.12914553649522334                0.05647589219923903                0.0012584424729190082              
0.12929410011477813                0.05463498380457977                0.0012244334589895302              
0.12944266356069217                0.055846154949634075               0.0012481340763942843              
0.12959122683276636                0.05591576112333151                0.0012500019674150378              
0.12973978993080143                0.05362753873136836                0.0012094728071365027              
0.12988835285459818                0.05744132644332122                0.0012680482584485812              
0.13003691560395744                0.054179439443858494               0.0012203690790982215              
0.13018547817868006                0.05735420156206243                0.0012621332563617737              
0.1303340405785668                 0.05593036587315288                0.001249080624833336               
0.13048260280341842                0.05501704546639117                0.0012345470386583481              
0.13063116485303583                0.05682319882680085                0.0012590128534684987              
0.13077972672721977                0.05673001551051244                0.0012493052695631227              
0.1309282884257711                 0.055299182787516034               0.00124527496759243                
0.13107684994849064                0.05675883021635809                0.0012566616231362419              
0.13122541129517912                0.05448823666029764                0.0012270133792400052              
0.13137397246563748                0.053871903599952115               0.0012323440664894227              
0.13152253345966647                0.056152327689391865               0.0012408028652680664              
0.13167109427706694                0.05537909857143873                0.0012505673487749848              
0.13181965491763964                0.055061080987828824               0.001233982791882489               
0.1319682153811855                 0.05424049458935926                0.0012311497274354595              
0.13211677566750527                0.055289574707194374               0.0012479095247727526              
0.13226533577639982                0.05371694047306167                0.0012214706441551547              
0.13241389570766995                0.05278608675261589                0.0012161272445224607              
0.1325624554611165                 0.0535314002282317                 0.0012172516406085392              
0.13271101503654026                0.05368364832073692                0.0012280376421601672              
0.1328595744337422                 0.05384333307114018                0.0012304034695008194              
0.13300813365252293                0.055382226302199064               0.0012484117939243222              
0.13315669269268346                0.05428617249893948                0.0012306025322109386              
0.13330525155402462                0.05332856650985233                0.0012186402571054292              
0.13345381023634717                0.05307567847324349                0.0012205337419454892              
0.13360236873945192                0.05526503390162419                0.00124545368714358                
0.13375092706313985                0.05454893356073603                0.0012346570989362534              
0.13389948520721168                0.05169821697422754                0.001208839693801981               
0.1340480431714683                 0.05451582983718801                0.0012364441296806032              
0.13419660095571057                0.0542400284927592                 0.0012365662105964406              
0.13434515855973928                0.05411949274853662                0.0012287197879074436              
0.13449371598335533                0.05531147637400017                0.0012487219600342396              
0.13464227322635955                0.0529360250962991                 0.0012189348202296096              
0.13479083028855277                0.05448568320725121                0.0012399131446170601              
0.13493938716973589                0.05478728863636551                0.0012477463077934768              
0.1350879438697097                 0.055435332398545076               0.0012392619392168852              
0.13523650038827512                0.05315804736567113                0.001229601456990926               
0.13538505672523296                0.052804469162451434               0.0012184925749602984              
0.1355336128803841                 0.05397409098745427                0.0012395560526917543              
0.13568216885352938                0.05255518910094358                0.0012199067016323284              
0.13583072464446966                0.05545400558362995                0.0012421649551690415              
0.1359792802530058                 0.05549465531697018                0.0012519006961628756              
0.13612783567893869                0.05340464545725649                0.0012232566575193478              
0.13627639092206914                0.0527089170831476                 0.0012195388999623926              
0.13642494598219812                0.054540870121004524               0.0012443953505300322              
0.13657350085912634                0.05373493383985351                0.0012324396445766272              
0.1367220555526548                 0.05472575038613438                0.0012531884359784041              
0.13687061006258433                0.0531445868036267                 0.0012176193601918552              
0.13701916438871578                0.05174789513773822                0.0012126562697435095              
0.13716771853085005                0.05413776167794568                0.0012348767226044062              
0.137316272488788                  0.05237324881210313                0.0012199635280776403              
0.13746482626233048                0.05312959456924263                0.0012325758292976686              
0.13761337985127842                0.0517243451552957                 0.0012038687820031624              
0.13776193325543262                0.05138483180372381                0.0012094734413212586              
0.13791048647459406                0.05087076378782006                0.001197041991091551               
0.13805903950856357                0.05314941870524489                0.001231710604948394               
0.13820759235714203                0.05163025909293395                0.0012129005912987208              
0.1383561450201303                 0.05289909831803626                0.0012206761955000703              
0.13850469749732927                0.05289758930292344                0.0012348603499816558              
0.1386532497885399                 0.05400831998542599                0.0012344960405830964              
0.13880180189356303                0.051955427125604046               0.0012118759475248737              
0.1389503538121995                 0.05226803866288379                0.0012198315595140362              
0.13909890554425028                0.05232027646609919                0.0012177389063931488              
0.13924745708951625                0.05353306667032276                0.0012456288981843664              
0.13939600844779823                0.054339763717684474               0.001233402936245696               
0.13954455961889714                0.05311201055686908                0.0012318364397099976              
0.139693110602614                  0.052331002862743746               0.0012173292969525058              
0.13984166139874957                0.05105596505618101                0.0012050755169572998              
0.13999021200710476                0.0528003021145454                 0.0012359615863577345              
0.14013876242748052                0.053989877200411186               0.0012337522295943263              
0.14028731265967773                0.05013995229678174                0.001200634106239805               
0.1404358627034973                 0.05346438576919562                0.001232081457897156               
0.14058441255874016                0.05258003438883711                0.0012251127308211393              
0.14073296222520715                0.0525287576332145                 0.0012272538259560182              
0.14088151170269927                0.05093765049835234                0.001202617972549816               
0.14103006099101734                0.052348591131358445               0.0012301151655462912              
0.14117861008996233                0.051938503151774104               0.0012154554426197172              
0.14132715899933507                0.05114216191266183                0.0012061025596407772              
0.14147570771893658                0.05124464734602309                0.0012105410080427068              
0.14162425624856775                0.051559295085617025               0.001214252783552876               
0.1417728045880295                 0.053118925278334714               0.0012413810385912747              
0.14192135273712264                0.05015663221263642                0.001189160278053047               
0.14206990069564823                0.05318905021694945                0.0012349525702081453              
0.14221844846340712                0.055130941442521376               0.001257858318893896               
0.14236699604020028                0.054413891034919046               0.001298886557482216               
0.14251554342582856                0.05134182895787413                0.0012855559768997606              
0.14266409062009294                0.05445149579053231                0.001342947106386291               
0.14281263762279436                0.052913512022668356               0.0013448724891223355              
0.14296118443373373                0.05087489079245069                0.0013337425093317213              
0.14310973105271196                0.05373553801966732                0.0013805599969302915              
0.14325827747953002                0.053512449715388516               0.0013853848088989107              
0.14340682371398877                0.05287499249274356                0.001399220679227924               
0.14355536975588926                0.0526131414876978                 0.0014096739546569867              
0.1437039156050323                 0.052170903066098645               0.001412088865701808               
0.14385246126121892                0.05086016819285725                0.0014009417785632353              
0.14400100672425004                0.051787927467764845               0.0014363386764233547              
0.1441495519939266                 0.05210249308554618                0.0014506533640866656              
0.14429809707004948                0.05151768625274901                0.0014553947849011777              
0.1444466419524197                 0.05250791389238583                0.001466495557786112               
0.14459518664083823                0.05251762991983109                0.0014818706579227388              
0.14474373113510589                0.052677771982878006               0.0015069255455734606              
0.14489227543502373                0.0514832854069126                 0.001501921797632597               
0.1450408195403927                 0.04874778688879417                0.001464485323324894               
0.14518936345101366                0.05342626387178096                0.0015352628222420157              
0.14533790716668768                0.050088930940415194               0.0015171499725549751              
0.14548645068721563                0.05200768104864121                0.0015437236542708145              
0.14563499401239854                0.05072113304474899                0.0015433949283794285              
0.1457835371420373                 0.051491075709137246               0.0015539276512861815              
0.14593208007593286                0.05183228123272349                0.0015764764096853148              
0.14608062281388626                0.04977443291737747                0.001568525507086779               
0.1462291653556984                 0.051925419362828844               0.0015971382804425265              
0.14637770770117026                0.05039679096717201                0.0015881376737841661              
0.14652624985010276                0.0499965074894611                 0.00158181949477739                
0.14667479180229695                0.0528697864036514                 0.0016473616194422464              
0.14682333355755375                0.0554243012949106                 0.0017031474429690461              
0.14697187511567414                0.05144521046526417                0.001634210968393705               
0.14712041647645907                0.052048784616940215               0.0016668951577018512              
0.14726895763970954                0.04997981989296898                0.0016389028576818908              
0.1474174986052265                 0.051248216007330157               0.001682305108586764               
0.14756603937281096                0.04730104076746813                0.0016148309060429573              
0.14771457994226384                0.05030899523698648                0.0016873095448929885              
0.14786312031338616                0.05177262186038095                0.0017363980063138473              
0.14801166048597889                0.05149979948944138                0.001714755756124645               
0.148160200459843                  0.051796404515684825               0.0017560625760433006              
0.14830874023477952                0.0532668013898922                 0.001767720890841862               
0.14845727981058934                0.050221461119236845               0.001742163183949151               
0.14860581918707355                0.05059095458922371                0.001772123846663307               
0.1487543583640331                 0.05043767681861911                0.001747561924654907               
0.14890289734126896                0.05041301287039966                0.0017604987744854394              
0.1490514361185821                 0.053121229878282356               0.0017968524042555232              
0.1491999746957736                 0.052344603806620656               0.0018257277146840804              
0.14934851307264435                0.04886924723322854                0.001758842694285498               
0.14949705124899543                0.05018180184281528                0.0017753045310486665              
0.14964558922462776                0.05254377375908671                0.0018439249744463058              
0.14979412699934241                0.050388770941904706               0.0017859826332093215              
0.14994266457294034                0.051329357584373035               0.0018449956583579629              
0.15009120194522255                0.053766604525507564               0.0018485339415600897              
0.15023973911599006                0.04937593647603674                0.0018114274253961363              
0.15038827608504382                0.052458014905818647               0.0018867836544445922              
0.15053681285218495                0.05288440055880909                0.0018593165080117084              
0.15068534941721437                0.052526068390489726               0.0018880105400066582              
0.1508338857799331                 0.0494088498341437                 0.001789893778990671               
0.15098242194014216                0.05034504009571888                0.0018582693386404606              
0.15113095789764253                0.04838812491927004                0.0018159739687603805              
0.15127949365223534                0.05023908915165585                0.0018406178123823245              
0.15142802920372145                0.0507568574191491                 0.0018658591873044494              
0.15157656455190194                0.04897035174456703                0.0017965479647045353              
0.15172509969657785                0.0471056021816771                 0.001813095473328713               
0.1518736346375502                 0.04966661696657501                0.0018496814738361124              
0.15202216937462                   0.053228529431400974               0.0018985987686347728              
0.15217070390758822                0.04783631308910887                0.001837142536401283               
0.15231923823625595                0.04798048819974585                0.0018006756352828618              
0.1524677723604243                 0.04836776538358623                0.0018534567966943273              
0.15261630627989406                0.05095411416437937                0.0018556393902873344              
0.1527648399944665                 0.05202595878193409                0.0019138058304515922              
0.1529133735039425                 0.04830149656020834                0.0018688410102228453              
0.15306190680812318                0.050588517705242565               0.0018892628138867662              
0.1532104399068095                 0.04366059738808792                0.0017869092957667634              
0.15335897279980254                0.049951261644352256               0.0018589934651339457              
0.15350750548690334                0.05113311217382802                0.0019494316257913692              
0.1536560379679129                 0.04768319500143198                0.0018674180386842563              
0.15380457024263233                0.046487270938601874               0.001837570729641693               
0.15395310231086262                0.04909106921737637                0.001946587514371975               
0.15410163417240483                0.04761625594485542                0.0018534602488997397              
0.15425016582706                   0.05281923972576406                0.0020240376641250933              
0.15439869727462913                0.04936831030247386                0.0019289795040131502              
0.15454722851491334                0.04887267540655268                0.0019125355801049345              
0.15469575954771367                0.05122067460343799                0.0020278459264984655              
0.15484429037283115                0.05243818142803486                0.001983394177357259               
0.15499282099006684                0.05063034067650538                0.002036650987372973               
0.15514135139922183                0.04627013711092676                0.0018718893840785026              
0.1552898816000971                 0.04963565120494139                0.001983839610830311               
0.15543841159249377                0.050292268043529126               0.0020068799757835356              
0.15558694137621287                0.05122124921901071                0.00202786867574684                
0.15573547095105544                0.04701544689150324                0.001972724329166877               
0.15588400031682265                0.05338912005031256                0.002062601653667395               
0.15603252947331542                0.05067869074772103                0.002040247266254884               
0.15618105842033492                0.05138722131122694                0.0020704501495020533              
0.15632958715768216                0.04556081710733719                0.0019444882898722547              
0.15647811568515826                0.052139980013389986               0.0021076337736549077              
0.15662664400256424                0.04976526193594213                0.002040176831828794               
0.1567751721097012                 0.04903838953657937                0.002052192731166266               
0.1569237000063702                 0.048705485673303135               0.0020618676220384856              
0.15707222769237236                0.04989582044360547                0.002045529208811673               
0.15722075516750872                0.04879702159985846                0.0020694546761177183              
0.1573692824315803                 0.04720341664746366                0.0020523224629332027              
0.1575178094843883                 0.054915664263724046               0.0022198341594146212              
0.15766633632573374                0.05018982026820817                0.002093060192971065               
0.15781486295541766                0.05127271099524895                0.0021419482303023808              
0.15796338937324125                0.05217017858049497                0.0021851683194716014              
0.1581119155790055                 0.04800541273993885                0.0021051766106853598              
0.1582604415725116                 0.045673756617209446               0.002024453669311978               
0.15840896735356055                0.05133013993728156                0.002192714906354472               
0.15855749292195345                0.048994039940533064               0.0021485307814046706              
0.15870601827749145                0.05032686143142901                0.002161723798600529               
0.15885454341997562                0.050986138657396284               0.002214696339844205               
0.159003068349207                  0.045996161244527                  0.0020972444297192978              
0.15915159306498677                0.05050533090851133                0.0022042333513051997              
0.15930011756711598                0.05045247324686781                0.0022232015996903765              
0.15944864185539576                0.045528434928350875               0.002102307792250787               
0.15959716592962722                0.04958977473509048                0.0022177221459312784              
0.1597456897896114                 0.04825155968856531                0.002190990461134374               
0.15989421343514953                0.04940839488966212                0.0022275024684832935              
0.16004273686604262                0.04891721072967443                0.002230432821878629               
0.1601912600820918                 0.04561980579167127                0.002150538268780273               
0.16033978308309815                0.051049805862876774               0.002296839352107035               
0.16048830586886284                0.052070512174552504               0.0023309962598355182              
0.160636828439187                  0.05314968602692052                0.0023512036825569438              
0.16078535079387168                0.049107032848833186               0.0022748393685763516              
0.16093387293271805                0.0474168591084787                 0.0022427404775119462              
0.1610823948555272                 0.04598309149348083                0.002238421870932675               
0.16123091656210026                0.05185708043504268                0.0023571400197746678              
0.16137943805223834                0.04617564994349621                0.0022585248645710966              
0.1615279593257426                 0.0470730127331204                 0.0022648013810861456              
0.16167648038241414                0.04727514464310904                0.0022931813509398996              
0.16182500122205412                0.04544102861116066                0.002272051430558033               
0.16197352184446365                0.045910728817779065               0.0022757103384266073              
0.16212204224944385                0.049030084057720344               0.0023727320702232398              
0.16227056243679583                0.04954156024322802                0.002380815447924262               
0.1624190824063208                 0.04898284810369949                0.0023844477379568675              
0.16256760215781982                0.0501901066262634                 0.0024403264921061107              
0.1627161216910941                 0.05158786715543313                0.0024649636403102654              
0.1628646410059447                 0.050394280314867375               0.0024589890917733953              
0.16301316010217284                0.04219136966336621                0.00225845223902615                
0.1631616789795796                 0.0499817415841516                 0.0024535071979853752              
0.16331019763796614                0.05163538511502983                0.0025469857171280174              
0.16345871607713366                0.04805492383220174                0.0024148507830381943              
0.16360723429688329                0.049190176455841346               0.002490841408531132               
0.1637557522970161                 0.05167216487008229                0.0025836082435041147              
0.16390427007733335                0.04855190286531129                0.002455375267229494               
0.16405278763763612                0.04752576814946415                0.002508314107267035               
0.1642013049777256                 0.04805539822053309                0.0024815700933798696              
0.16434982209740293                0.04461350209685944                0.0024302523158173427              
0.16449833899646926                0.047786369595068205               0.0025362371590558997              
0.16464685567472578                0.04540798780504046                0.0024518008830202195              
0.16479537213197368                0.046488002084938966               0.0025174664554660398              
0.16494388836801405                0.044443163609547275               0.0024614791749903156              
0.16509240438264808                0.04986677500752717                0.002635540953266429               
0.16524092017567696                0.04389261826773083                0.0024889220399381407              
0.16538943574690185                0.04426225421587867                0.002493895498295005               
0.1655379510961239                 0.049048569647786214               0.0026368674402367552              
0.1656864662231443                 0.047190473213741126               0.002609639131752113               
0.16583498112776424                0.048056449453426235               0.0026575277272322655              
0.16598349580978486                0.04619388873302786                0.0026236365775815325              
0.16613201026900737                0.04443947512621291                0.0025614487630554812              
0.16628052450523292                0.049870199771731044               0.002745264145414439               
0.16642903851826274                0.04539966337051176                0.0026255303233407717              
0.16657755230789795                0.04261358906280305                0.002574381062893251               
0.1667260658739398                 0.04425053003781829                0.0026492099374290767              
0.16687457921618937                0.04627723036970073                0.0026762813332839508              
0.16702309233444793                0.050484352881751314               0.002858113667582928               
0.16717160522851673                0.04229043922751893                0.002602796609343083               
0.16732011789819684                0.046167977366322936               0.002754150626408104               
0.1674686303432895                 0.04545754104713993                0.002761348965794527               
0.16761714256359592                0.04478838309435008                0.002705765175183268               
0.16776565455891726                0.050813702688511715               0.002958488150846624               
0.16791416632905476                0.049091303585626085               0.002907917858667652               
0.1680626778738096                 0.05322541584836362                0.0030278881167160525              
0.168211189192983                  0.04617863410584259                0.0028749561829362618              
0.1683597002863761                 0.04655351335305789                0.0028706126090089707              
0.16850821115379017                0.050038117649032786               0.0030010868641872543              
0.1686567217950264                 0.05210918008906145                0.003097569233679124               
0.16880523220988602                0.04778059333650726                0.0029746898083279354              
0.1689537423981702                 0.04958415148930425                0.0030750785349034793              
0.16910225235968016                0.049735045385588005               0.0030437353477373056              
0.16925076209421713                0.04473755278682948                0.0029563407020378363              
0.16939927160158233                0.05122314328796962                0.0031828512558691627              
0.169547780881577                  0.050598574145976516               0.00314404241770798                
0.16969628993400226                0.04359780487883203                0.0029733456140701637              
0.16984479875865943                0.05224256019914122                0.003265160012446326               
0.16999330735534968                0.05312347222308447                0.0033137511518883484              
0.17014181572387424                0.052971996300032576               0.0033637251287788788              
0.17029032386403442                0.046698210806719154               0.003127143492707933               
0.17043883177563132                0.04925823032723537                0.0032766087415198506              
0.17058733945846627                0.04672457887024516                0.0032243022653131673              
0.1707358469123404                 0.051532508651652154               0.003397952994999889               
0.17088435413705508                0.04635551763103501                0.0032455354061773794              
0.1710328611324114                 0.03890560387828683                0.0029839236044610475              
0.17118136789821065                0.04358378971437912                0.0032043439484273233              
0.17132987443425413                0.05078939874432793                0.0034718918223666678              
0.17147838074034302                0.03647643001308689                0.002998344077333112               
0.17162688681627855                0.04707440902410642                0.003406184692899181               
0.17177539266186204                0.04967479066069646                0.003512538133020065               
0.17192389827689467                0.04383113905723549                0.003351850977732774               
0.17207240366117768                0.04366792736072534                0.003359071335440411               
0.17222090881451232                0.04425925076640117                0.0034666520671421228              
0.1723694137366999                 0.048327762808846465               0.003592174319703709               
0.17251791842754163                0.043542316218244885               0.0034531302922719965              
0.17266642288683876                0.050270657664303976               0.0037263090641769473              
0.17281492711439256                0.04920536938743365                0.0037518742421356723              
0.17296343111000428                0.046114756540918865               0.0037160329801112033              
0.1731119348734752                 0.04568786332281585                0.003681632944277793               
0.1732604384046066                 0.05073143463049757                0.003879529768687344               
0.17340894170319962                0.047905920809357454               0.003860369110096157               
0.17355744476905563                0.04282713266352697                0.003685972701592348               
0.1737059476019759                 0.04544605997678185                0.003854684496987836               
0.17385445020176168                0.04657531497638151                0.003922349098163791               
0.17400295256821427                0.0472186713729782                 0.0039907061013500136              
0.17415145470113486                0.051679529842493764               0.004219615942034855               
0.17429995660032482                0.05019815537818034                0.004227447298573019               
0.17444845826558536                0.04419509393336301                0.004034441646393773               
0.17459695969671776                0.04172847877440681                0.003942970622361348               
0.17474546089352336                0.04135599011987642                0.003925336869454205               
0.17489396185580336                0.05933638042844558                0.004844795174445265               
0.1750424625833591                 0.04867095643963709                0.004443030122890094               
0.17519096307599183                0.04202882910515033                0.00418202480206046                
0.1753394633335029                 0.04699471080747995                0.0044807698647347655              
0.17548796335569353                0.04416588422746355                0.004373074175121529               
0.17563646314236503                0.04648344128139706                0.004580149564439127               
0.1757849626933187                 0.056544797013690536               0.00516181013899151                
0.17593346200835586                0.0492587807910465                 0.004853611892009499               
0.17608196108727775                0.04606064453658598                0.004802154153318714               
0.17623045992988567                0.04906470376677026                0.004956283535770342               
0.17637895853598098                0.04379117558123124                0.004835926348046921               
0.17652745690536492                0.04384748341769068                0.004964749847888713               
0.17667595503783887                0.042161131471085384               0.00486834812083407                
0.176824452933204                  0.04655235223994999                0.0053051328968168185              
0.17697295059126175                0.04352956501546738                0.005130008434089613               
0.1771214480118134                 0.04185164386181352                0.00523145548272669                
0.17726994519466022                0.054540822555074565               0.006097849339095025               
0.17741844213960353                0.05154711582320004                0.005992230498501169               
0.17756693884644464                0.04119797605138414                0.005606334431182915               
0.1777154353149849                 0.04694663134403321                0.005914719591835326               
0.17786393154502564                0.051761781350941984               0.006521371470109211               
0.17801242753636812                0.06408615241897653                0.007552625492602162               
0.17816092328881367                0.055846624096560875               0.0071504275041089395              
0.17830941880216367                0.047579317452898416               0.0067970453504140604              
0.1784579140762194                 0.03617789979278107                0.0061151811874021675              
0.17860640911078218                0.06294229780501838                0.008487137704652764               
0.17875490390565335                0.05696608107284199                0.008222345560520842               
0.17890339846063424                0.06408697930908892                0.009250158688913115               
0.17905189277552622                0.048761937248104625               0.00824227174680811                
0.1792003868501306                 0.05126980468633742                0.009063306640954755               
0.17934888068424865                0.05734135279886467                0.009833960875162728               
0.17949737427768178                0.04806564964961672                0.0098113596497455                 
0.17964586763023138                0.03943856710310679                0.009859641775776697               
0.1797943607416987                 0.041903568295171986               0.010163108127722203               
0.17994285361188503                0.03524837208193817                0.010627784060602483               
0.18009134624059184                0.07610460480974064                0.01745959376335574                
0.18023983862762047                0.057679404656969344               0.01922646821898978                
0.18038833077277225                0.07209941247819332                0.024033137492731102               
0.18053682267584845                0.12817701202557108                0.045317417197755484               
0.18068531433665053                nan                                nan                                
