#####################################################################################################
# NeXus source file: noemi5saxs
# NXdata: name = img{0}_azimuthalIntegration_Px_31                 
#
#
# Exposure_msec                                     1000.0 + 0.0
# _diffrn_source.source                             Storage Ring SOLEIL, beamline SWING
# _diffrn_sofware                                   Foxtrot 3.5.10-3979
# _diffrn_detector.detector                         EIGER-4M
# _diffrn_comment.comment                           -
# _sas_detc.pixnum_ax                               [1035]
# _sas_detc.pixnum_eq                               [1083]
# _sas_detc.pixsize                                 150.0
# _sas_detc.center_ax                               285.110346632731
# _sas_detc.center_eq                               957.0166664324403
# _sas_detc.dist_spec/detc                          6137.21860334
# _sas_detc.energy                                  12.000513668149837
# _sas_detc.gain                                    1.0
# _sas_detc.detector_based_uncertainty              0.0
# _sas_detc.encoder_delta                           0.0
# _sas_detc.delta0                                  0.0
# _sas_detc.gamma_offset                            0.0
# _sas_detc.wave_length                             1.0331573224991384
# _sas_detc.bias                                    0
# _sas_detc.mask                                    E:\20251487\published-data\3120\2026-09-03_session3\\mask_bags_saxs_12kev_sept26.txt
# Normalization                                     true
# Normalization Factor                              0.02571
# Normalization Monitor                             averagemi8b
# Normalization Intensity                           1.3131379317218417e-06
# GlobalNormalization                               30.51037932830903
# AbsTimeStamps                                     nan
# TimeStamps                                        1.3783669471740723
# gapTime                                           500.0
# step_global_regrid                                nan
# xmax_global_regrid                                nan
# xmin_global_regrid                                nan
# ymax_global_regrid                                nan
# ymin_global_regrid                                nan
#####################################################################################################
q(A-1)                             I(q)11_00200{00000}_AzInt_Px_31    Sig(q)11_00200{00000}_AzInt_Px_31  
0.0                                nan                                nan                                
0.00014863910320409943             nan                                nan                                
0.0002972782062084175              nan                                nan                                
0.0004459173088131729              nan                                nan                                
0.0005945564108185842              nan                                nan                                
0.0007431955120248703              nan                                nan                                
0.0008918346122322496              nan                                nan                                
0.001040473711240941               nan                                nan                                
0.001189112808851163               5160.416307344332                  6.5026231029714125                 
0.0013377519048631344              5043.984688410363                  2.624565834726329                  
0.001486390999077074               4946.146443999952                  1.941670236415118                  
0.0016350300912932002              4844.434468553282                  1.6545647437566409                 
0.0017836691813117322              4757.352151107187                  1.683749693909745                  
0.0019323082689328885              4672.479852350823                  1.5591204691122968                 
0.0020809473539568878              4589.512517325871                  1.42575089878028                   
0.0022295864361839487              4509.820962009914                  1.3766026121659969                 
0.0023782255154142914              4426.698077057521                  1.2558052187592659                 
0.002526864591448133               4350.705078197747                  1.2876767356112033                 
0.0026755036640856928              4273.222007062875                  1.1604790857863818                 
0.00282414273312719                4193.214818493615                  1.144076784618052                  
0.002972781798372844               4105.5428563577225                 1.0961060071580206                 
0.0031214208596228726              4027.359414616203                  1.0444647602295152                 
0.003270059916677496               3953.4348165059887                 1.0523753113991652                 
0.0034186989693369323              3872.2932241246576                 0.9555491210395005                 
0.0035673380174014                 3781.712875216551                  0.94772217263745                   
0.0037159770606711206              3700.044635119998                  0.9274067302762267                 
0.0038646160989463108              3625.033732039748                  0.8929748343020211                 
0.004013255132027191               3546.321050778149                  0.8773580993265929                 
0.00416189415971398                3462.076423874805                  0.8098817687268055                 
0.004310533181806896               3377.755106111724                  0.8117752363322226                 
0.004459172198106161               3298.512679371684                  0.7905191570815131                 
0.0046078112084119915              3219.582069589717                  0.763548882733907                  
0.004756450212524608               3141.08419696956                   0.752108489064367                  
0.0049050892102442305              3057.0178999898862                 0.7025502298490119                 
0.005053728201371077               2982.5215908451646                 0.7135388188402059                 
0.00520236718570537                2901.5749959915474                 0.6697695580387096                 
0.005351006163047325               2824.7239785276906                 0.6639797118205888                 
0.005499645133197165               2746.7732448186553                 0.6426279643557321                 
0.005648284095955107               2673.261406879359                  0.6199116072989208                 
0.005796923051121373               2600.3188809641597                 0.6238321309351644                 
0.005945561998496182               2525.46029560424                   0.5777247054974513                 
0.006094200937879753               2451.0733591266194                 0.5726267554003933                 
0.006242839869072308               2380.3681978240193                 0.5620178803913195                 
0.006391478791874063               2313.3551493835294                 0.5485262824460688                 
0.006540117706085243               2244.15873317638                   0.5329095181283091                 
0.006688756611506066               2177.261143734268                  0.5048389279127502                 
0.006837395507936751               2112.63328699028                   0.5111704386674938                 
0.006986034395177519               2047.6441028536726                 0.48612134819482905                
0.007134673273028592               1983.1471715393188                 0.47672848320418354                
0.007283312141290187               1921.7063168286807                 0.4652363908510132                 
0.007431950999762529               1862.501393913498                  0.4466468473155095                 
0.007580589848245835               1802.8619623325287                 0.4483160376878838                 
0.007729228686540326               1745.7644604773222                 0.42219883478942755                
0.007877867514446222               1689.3368119752138                 0.4185923860970701                 
0.008026506331763748               1635.30073375877                   0.40547751812698457                
0.00817514513829312                1581.8741354398262                 0.3939939147405095                 
0.008323783933834563               1530.4290129175106                 0.3946894026829686                 
0.008472422718188292               1480.5996493641371                 0.37024910610787803                
0.008621061491154536               1431.6181905936505                 0.36510612881372617                
0.00876970025253351                1383.4138973873842                 0.35688470995033345                
0.00891833900212544                1338.0743776562776                 0.3500060173597449                 
0.009066977739730543               1292.1993424987654                 0.34017401474013653                
0.009215616465149042               1248.8560347321818                 0.32648822332970345                
0.00936425517818116                1206.4087957213417                 0.3273490109291448                 
0.009512893878627117               1165.431917693921                  0.31255904313208366                
0.009661532566287137               1126.0105978403324                 0.30644460668782986                
0.009810171240961438               1086.2954397508818                 0.29984956919863254                
0.009958809902450245               1048.7149490412162                 0.2867593969183984                 
0.010107448550553781               1013.3448853079979                 0.29220048696629447                
0.010256087185072265               976.8710356475922                  0.2722412096748855                 
0.01040472580580592                942.3743996445294                  0.2718321053524072                 
0.010553364412554972               908.8144402513149                  0.2604848842877579                 
0.010702003005119639               876.1272088799669                  0.25604938308800756                
0.010850641583300147               844.8328929393639                  0.2540586549167685                 
0.010999280146896714               814.7659875502409                  0.24199772659992588                
0.011147918695709568               785.3049007394181                  0.23863120119047515                
0.011296557229538928               756.5773546593476                  0.23043346434251616                
0.011445195748185017               728.5482454235199                  0.22636722660357952                
0.011593834251448063               701.2176965743315                  0.22160567996377145                
0.011742472739128288               675.9916268837552                  0.21242582959961337                
0.01189111121102591                650.0446717993456                  0.21201172142423183                
0.012039749666941157               625.7935009806113                  0.20355904178209183                
0.012188388106674252               601.9667999264806                  0.19765967884165908                
0.012337026530025419               579.394415036752                   0.19449696577595135                
0.012485664936794882               556.83760021349                    0.1880689046230236                 
0.012634303326782862               535.6782108768106                  0.1864592374967809                 
0.012782941699789586               514.6398754534018                  0.17806293845978313                
0.012931580055615283               494.7428459131039                  0.1757469427637793                 
0.013080218394060168               474.91919419706346                 0.16900101509631973                
0.01322885671492447                456.57722162282624                 0.1667799043012372                 
0.013377495018008414               438.25666115180707                 0.16264552569848056                
0.013526133303112226               420.71054134628383                 0.15677906641395326                
0.013674771570036126               403.7585774701199                  0.15372507393603643                
0.013823409818580348               387.33286826559197                 0.14884791110555898                
0.013972048048545106               371.8353213599447                  0.14739128527334008                
0.014120686259730635               356.1899541231012                  0.141146455892569                  
0.014269324451937156               341.5997982286684                  0.13706092626874772                
0.014417962624964894               327.50558527461715                 0.13580816783458025                
0.014566600778614077               313.2970638013793                  0.1308219451633484                 
0.014715238912684931               300.2916892290436                  0.1285069541261606                 
0.01486387702697768                287.4623145837459                  0.12357369113020918                
0.015012515121292555               275.23892692412187                 0.12023774271450036                
0.015161153195429777               263.3751659551447                  0.11876539590989141                
0.015309791249189571               252.43583524672695                 0.11396829409861384                
0.015458429282372172               241.3746775682684                  0.11250819198091958                
0.015607067294777802               230.73738346127388                 0.10737060584254744                
0.015755705286206685               220.44386213851317                 0.10583943941614014                
0.015904343256459057               210.46133992463766                 0.10349554502235393                
0.01605298120533514                201.26948149550913                 0.09907926889915196                
0.016201619132635157               192.31765551136553                 0.09780146918293625                
0.01635025703815934                183.50017107810422                 0.0936342485900651                 
0.016498894921707925               175.34303040859072                 0.09296340559318754                
0.016647532783081127               167.24408101484428                 0.08932553928599403                
0.016796170622079182               159.83184284166913                 0.08638568438859677                
0.016944808438502313               152.227802485482                   0.08503567604665295                
0.01709344623215075                145.3280673436753                  0.0819653695165385                 
0.017242084002824728               138.5487431313625                  0.08083281576907504                
0.01739072175032447                132.21274343273106                 0.07694138114669312                
0.017539359474450206               126.01694090117878                 0.07568777521899075                
0.017687997175002166               119.99202682367611                 0.07370311838372168                
0.017836634851780577               114.52442707457259                 0.07107774734194422                
0.017985272504585672               109.05882256257485                 0.07012005402471418                
0.01813391013321768                103.97119777599517                 0.06678653879063315                
0.018282547737476833               99.1224830641504                   0.06594850055350962                
0.018431185317163357               94.54367832020769                  0.06393826287615632                
0.018579822872077482               90.45294502306041                  0.06197006364560028                
0.01872846040201944                86.864107218344                    0.061125437417374244               
0.018877097906789472               82.23666777854287                  0.05967111419206166                
0.019025735386187796               78.50900269215497                  0.05965817529722213                
0.019174372840014643               74.8868788242262                   0.05743754006145585                
0.01932301026807025                72.08599798909053                  0.05650528666379707                
0.019471647670154846               68.20313534008008                  0.05712634254474778                
0.019620285046068664               65.013483440551                    0.055572093716588535               
0.019768922395611937               62.01641834348525                  0.05532850542309314                
0.019917559718584898               59.04611741559999                  0.0533091560451551                 
0.020066197014787773               56.36505519640553                  0.053149090438175936               
0.0202148342840208                 53.858243374548834                 0.05276686087212782                
0.020363471526084212               51.44762287660639                  0.05058477208983565                
0.02051210874077824                49.193517855441584                 0.05095514501884237                
0.020660745927903117               47.084974282364016                 0.04846614081177377                
0.020809383087259083               45.07172785123019                  0.04925195425134335                
0.02095802021864636                43.133155217204866                 0.047751809584010485               
0.02110665732186519                41.39534673960563                  0.046518115400315585               
0.021255294396715804               39.71697514861746                  0.04615807119579464                
0.021403931442998434               38.188645477722844                 0.04482324920461209                
0.021552568460513323               36.669889837675626                 0.04517284490967009                
0.021701205449060703               35.346668704019315                 0.04358024536904942                
0.021849842408440803               34.012865293458745                 0.04282035079744851                
0.02199847933845386                32.73276552001191                  0.04264280871594982                
0.02214711623890011                31.62628939705031                  0.041358837605718506               
0.02229575310957979                31.685856571699684                 0.04112719731360898                
0.022444389950293145               30.228451291172366                 0.039011988476013226               
0.022593026760840393               29.1633197541387                   0.03852620559749945                
0.02274166354102178                28.2563268509581                   0.03792238738124694                
0.02289030029063754                27.28822929311164                  0.036240562742288526               
0.02303893700948792                26.515542544321214                 0.0362602171150797                 
0.02318757369737314                25.661819771895438                 0.034914040505980196               
0.023336210354093452               25.12828521821629                  0.0352989420385068                 
0.02348484697944908                24.417232883660983                 0.0340322178597302                 
0.02363348357324028                23.800744213517717                 0.03374668348200447                
0.023782120135267273               23.250919527933238                 0.03335461700787376                
0.023930756665330306               22.803676913520306                 0.032514267367196426               
0.02407939316322961                22.25519709188906                  0.03265645017914774                
0.024228029628765434               21.80629591032993                  0.03163903367308459                
0.024376666061738005               21.39624388370509                  0.03151721605540518                
0.024525302461947576               20.968797353020715                 0.031222932952590213               
0.024673938829194372               20.576724559161622                 0.030458076609513145               
0.024822575163278647               20.226414025244996                 0.030796579373487395               
0.02497121146400064                19.880613884693812                 0.029594439259174748               
0.02511984773116057                19.598308704689583                 0.030100099632042864               
0.025268483964558705               19.326909726458865                 0.029579698671683086               
0.025417120163995274               19.028636446317627                 0.028933940490988786               
0.02556575632927051                18.754174763113532                 0.029097965301498437               
0.02571439246018467                18.532162234252983                 0.028233686027189887               
0.025863028556537982               18.25689591614795                  0.02880898282985653                
0.0260116646181307                 18.07248289007016                  0.0281222560079703                 
0.026160300644763053               17.875593470156243                 0.027950000915390075               
0.0263089366362353                 17.73412986570822                  0.0278021456443118                 
0.026457572592347666               17.496051932636842                 0.027559981073933537               
0.026606208512900405               17.205208140989114                 0.02747591063985923                
0.026754844397693756               17.0785973079159                   0.026875574001491553               
0.02690348024652797                16.890098744941486                 0.026830915727121388               
0.02705211605920328                16.769316295444167                 0.026963695983812295               
0.027200751835519926               16.476168803059892                 0.02632946896644299                
0.027349387575278168               16.344660589270166                 0.02635988723683361                
0.027498023278278244               16.184461618342734                 0.026112123172213172               
0.0276466589443204                 15.960015573775072                 0.025847509415942646               
0.027795294573204874               15.789335273770787                 0.025857970963084616               
0.027943930164731925               15.675490004538974                 0.02547012317860323                
0.02809256571870178                15.482931714005545                 0.02531320609730446                
0.028241201234914706               15.298051511272359                 0.025129915526332938               
0.02838983671317093                15.13848252888963                  0.024951422256008413               
0.028538472153270714               14.94499657088076                  0.02476041328227745                
0.0286871075550143                 14.821860058164008                 0.024596710277854893               
0.02883574291820193                14.623811513647826                 0.0242364345346311                 
0.028984378242633856               14.445849571965855                 0.02440459330986611                
0.029133013528110326               14.251960059473474                 0.023824349515594596               
0.02928164877443159                14.09182629419825                  0.023894234815435494               
0.029430283981397888               13.904735832867006                 0.023676631931522665               
0.029578919148809477               13.693391932798262                 0.023324505588878972               
0.029727554276466603               13.55705733219947                  0.023307196828652538               
0.029876189364169515               13.383515174775503                 0.022934333833572584               
0.03002482441171847                13.192025667949718                 0.022783339348599142               
0.0301734594189137                 12.962746692287203                 0.022638907577552672               
0.030322094385555477               12.755993629334347                 0.022430601957613233               
0.03047072931144404                12.618977001821714                 0.02209809023087012                
0.03061936419637964                12.432556802790359                 0.021999288422381316               
0.030767999040162516               12.205043082425137                 0.021668776724207278               
0.030916633842592953               12.02766632807218                  0.02174163871628672                
0.031065268603471176               11.798851611591559                 0.021168942695021075               
0.031213903322597436               11.597611040961269                 0.02118494503430419                
0.031362537999772004               11.417765695669823                 0.020824281427938063               
0.031511172634795116               11.230830687045275                 0.020653111200641554               
0.03165980722746703                11.043687951159889                 0.020563886822911593               
0.03180844177758801                10.837764564643527                 0.02010298393722384                
0.03195707628495829                10.633273298998091                 0.02004975776273868                
0.03210571074937814                10.419350858598676                 0.019812805645678905               
0.032254345170647805               10.248335996292065                 0.01955981660113596                
0.03240297954856755                10.043526812550683                 0.019407645401431955               
0.03255161388293761                9.86003607247556                   0.018981413870221432               
0.03270024817355827                9.699484176411081                  0.0190832707158415                 
0.03284888242022977                9.477309666317854                  0.018671937416485603               
0.03299751662275236                9.268510659021862                  0.018465110482323594               
0.033146150780926295               9.022920050107654                  0.01817807576481067                
0.03329478489455186                8.838762692826196                  0.017891938906911427               
0.033443418963429276               8.644442551066478                  0.0179335632397163                 
0.033592052987358824               8.48367889071446                   0.017432822101969316               
0.03374068696614075                8.335923389344051                  0.01737555918948393                
0.03388932089957531                8.142596919704255                  0.017106862321561826               
0.03403795478746278                8.06613277793532                   0.01706381598324478                
0.03418658862960341                7.989217682221079                  0.01704810929663234                
0.034335222425797444               7.727574431617361                  0.016975154660119493               
0.034483856175845165               7.500191019468571                  0.01693684138147486                
0.03463248987954682                7.333024712750641                  0.016776424180416766               
0.034781123536702666               7.128973460032274                  0.016708506051813152               
0.03492975714711298                7.032459206037634                  0.016565361178911556               
0.03507839071057801                6.971908413613875                  0.016041921507900896               
0.03522702422689801                6.779104963480848                  0.015944745368073814               
0.03537565769587327                6.527483170772238                  0.015435543633153373               
0.03552429111730402                6.417802010055021                  0.015348104182577291               
0.035672924490990535               6.1960507911685285                 0.01494730673008642                
0.03582155781673309                6.0610765844570516                 0.014710960943241152               
0.03597019109433192                5.903778082741122                  0.014687787544869756               
0.03611882432358732                5.757663006040335                  0.014199494451265964               
0.03626745750429954                5.612225034512115                  0.014148081829999352               
0.03641609063626884                5.449057719508404                  0.013791635908425219               
0.03656472371929549                5.308268306767372                  0.013663326549501316               
0.03671335675317976                5.181134657514703                  0.013498718808658383               
0.0368619897377219                 5.088557477509283                  0.013250238724286786               
0.03701062267272219                4.934996600667055                  0.013076337485713196               
0.03715925555798089                4.84093860297117                   0.012944287635733598               
0.03730788839329828                4.683364387212333                  0.01271175829577273                
0.037456521178474596               4.6080037141653065                 0.012549766893687773               
0.03760515391331015                4.497162312128294                  0.012302077353323183               
0.037753786597605164               4.360451800994326                  0.012220768734015397               
0.03790241923115994                4.280368362211226                  0.01202042452995019                
0.038051051813774724               4.168010824609059                  0.011879979417518258               
0.03819968434524979                4.083970481679891                  0.01169932801252398                
0.03834831682538542                3.9918825007323395                 0.011531358477590556               
0.03849694925398188                3.901762978428244                  0.011482430437527058               
0.03864558163083943                3.809986158701951                  0.011248444555600695               
0.03879421395575834                3.740543034127763                  0.011139823405522562               
0.038942846228538906               3.655076536634282                  0.01090203379995538                
0.03909147844898136                3.5549367824590243                 0.010887516764816921               
0.03924011061688601                3.4957207387730143                 0.010672327215694917               
0.0393887427320531                 3.419312553395474                  0.01048750469960118                
0.039537374794282924               3.363963705574944                  0.010412502955475219               
0.039686006803375744               3.2993158580628843                 0.010251663133550403               
0.039834638759131825               3.2331894797785656                 0.01020309336415128                
0.03998327066135146                3.1833399204506567                 0.010030957844125412               
0.04013190250983492                3.1009304704571217                 0.009843479716664244               
0.04028053430438246                3.081342977549685                  0.009873715942141108               
0.04042916604479439                3.0315495518009925                 0.009737383748580337               
0.04057779773087095                2.9776236290907487                 0.009715503872451757               
0.040726429362412435               2.9288176699426587                 0.009485380614028996               
0.04087506093921912                2.8737330617689363                 0.009507804945550953               
0.04102369246109126                2.852403326000354                  0.009449811471606718               
0.04117232392782917                2.8152715507129358                 0.009312803884974954               
0.041320955339233106               2.786598360910327                  0.009326823808636135               
0.041469586695103346               2.7470073567136533                 0.00919920801126536                
0.04161821799524017                2.734011461845241                  0.009220857505375513               
0.041766849239443855               2.6858427765180206                 0.009134938402210432               
0.04191548042751469                2.6758794256125262                 0.009032764912786768               
0.042064111559252944               2.6290537363434057                 0.008978476662709466               
0.0422127426344589                 2.6323101347992606                 0.008958930869431822               
0.042361373652932834               2.672864868041084                  0.009027682350907543               
0.04251000461447503                2.6096095192994606                 0.00910416304272297                
0.04265863551888578                2.562911737306461                  0.009061941016224808               
0.042807266365965366               2.5392197686540126                 0.009150594024278438               
0.04295589715551405                2.5434152880665875                 0.00916738033505971                
0.04310452788733213                2.5130065671360455                 0.009158695654455597               
0.04325315856121989                2.4872629722247575                 0.009083956643651959               
0.0434017891769776                 2.4588083278705524                 0.009129392662060589               
0.043550419734405564               2.453971462435415                  0.009110994100603917               
0.04369905023330405                2.4317841794752675                 0.009046405484727476               
0.043847680673473347               2.3934999950871028                 0.009054279053744023               
0.04399631105471376                2.400029480513945                  0.008973342615917425               
0.04414494137682554                2.389114521500007                  0.009050715156583565               
0.044293571639608995               2.3537434668444983                 0.00895075964461619                
0.04444220184286442                2.364181420070747                  0.008956646375472067               
0.044590831986392084               2.3537735165805795                 0.00895547256236265                
0.04473946206999227                2.3310100125224302                 0.008907436817290837               
0.044888092093465295               2.325696262628035                  0.009010266640293437               
0.04503672205661142                2.3142042637365                    0.008838636824946719               
0.04518535195923094                2.2950142549095522                 0.008945877452488442               
0.04533398180112416                2.276914090791539                  0.00885885024278291                
0.04548261158209136                2.2597381065303423                 0.008853348611529832               
0.04563124130193283                2.2545660781094985                 0.008933477031841911               
0.04577987096044885                2.2272212406280847                 0.008747866495630209               
0.045928500557439744               2.2260762806119185                 0.008872069352713858               
0.04607713009270576                2.196339335671706                  0.008798388608109744               
0.04622575956604723                2.197146984127006                  0.008781144680422619               
0.04637438897726441                2.159474681034551                  0.00872424233290381                
0.04652301832615762                2.149464211802725                  0.00863921675085276                
0.04667164761252716                2.118753140528273                  0.008712143349592718               
0.0468202768361733                 2.1101514090259363                 0.0085689352305114                 
0.04696890599689635                2.1003182675002643                 0.008571728062297132               
0.04711753509449661                2.0809380212633957                 0.008541212276891816               
0.04726616412877436                2.069647890558027                  0.008419535561995503               
0.0474147930995299                 2.043684981778693                  0.008455380911581772               
0.04756342200656354                2.0199214933128506                 0.008304772670882364               
0.04771205084967556                1.9982978503603004                 0.008299197446692452               
0.04786067962866626                1.9758548612206115                 0.008265511248382382               
0.048009308343335964               1.9817527492203773                 0.008170804323804626               
0.04815793699348494                1.9373731605807682                 0.00818463077286061                
0.048306565578913496               1.9303911848510347                 0.008051828233318093               
0.04845519409942194                1.9182529639348833                 0.008135570457925461               
0.04860382255481056                1.8869484691966074                 0.008081687102918908               
0.04875245094487968                1.8788203467616145                 0.007935427511041638               
0.04890107926942957                1.8546485804731871                 0.007974420379999165               
0.04904970752826055                1.8202917902483144                 0.007830896245897886               
0.04919833572117292                1.8073824159411775                 0.00788453507457573                
0.04934696384796698                1.8007416251595774                 0.007812861170185762               
0.049495591908443035               1.7568257498197262                 0.0076931764914845695              
0.049644219902401386               1.7430339390542327                 0.007698609767660162               
0.04979284782964235                1.7201280624837163                 0.007592922985892902               
0.049941475689966215               1.6921242134474643                 0.007609069095334694               
0.05009010348317329                1.6712660425508419                 0.0074614552488510575              
0.050238731209063886               1.6530459637220316                 0.00747403319181648                
0.05038735886743832                1.6231450331453188                 0.0074368613347562335              
0.05053598645809688                1.6063452985255584                 0.007348789944464916               
0.05068461398083988                1.5802041599378271                 0.007296238152923251               
0.050833241435467615               1.561356639018808                  0.00719733203718269                
0.05098186882178042                1.5295486413864772                 0.00719686000388056                
0.05113049613957859                1.5255195624715931                 0.007139595507920859               
0.05127912338866244                1.4920593693655289                 0.007078928047081746               
0.05142775056883227                1.4610852629184536                 0.007015858950704074               
0.051576377679888395               1.4467245720163617                 0.006921097313833518               
0.05172500472163113                1.4140856113071165                 0.006923478913608632               
0.05187363169386079                1.3981472153594585                 0.006766425541648682               
0.052022258596377664               1.3721819089610108                 0.006750676539508635               
0.05217088542898209                1.3484827290521202                 0.006726289874922521               
0.052319512191474384               1.3384079312350956                 0.006667084791175955               
0.052468138883654855               1.3131994740309143                 0.0066006593333892164              
0.052616765505323786               1.2783970639057785                 0.006489659647071315               
0.05276539205628153                1.2618759845159409                 0.0064573335195357556              
0.0529140185363284                 1.2430340018336992                 0.00641865766454813                
0.05306264494526469                1.2185544113614064                 0.006381003064215421               
0.053211271282890736               1.1979025910333914                 0.0062851940803599                 
0.053359897549006836               1.1820234858585568                 0.006215325226478727               
0.053508523743413326               1.1706694236153306                 0.0062227409610716425              
0.053657149865910525               1.1488548394337275                 0.006130561743522463               
0.05380577591629874                1.1315037612753913                 0.006099329772618632               
0.0539544018943783                 1.0988063986269418                 0.006007546672003996               
0.05410302779994951                1.0849727340496795                 0.00596363957138651                
0.054251653632812716               1.0800743909314026                 0.005977122059638658               
0.05440027939276821                1.0622210678485065                 0.005828378969701435               
0.05454890507961633                1.0405171772607908                 0.005843113001037687               
0.0546975306931574                 1.037257718210182                  0.005836877950134699               
0.05484615623319174                1.010333262857615                  0.005740529902600085               
0.05499478169951966                0.9912845916512691                 0.0056975083665730605              
0.05514340709194151                0.9711286750638793                 0.0055620344990643675              
0.05529203241025758                0.9673973306620683                 0.005631259793211196               
0.055440657654268234               0.9409962942382667                 0.005501867545178633               
0.05558928282377376                0.9427052159445751                 0.005539577354910096               
0.05573790791857452                0.9149913218571414                 0.00543867449799566                
0.05588653293847082                0.9090507088785185                 0.0053891972299085255              
0.05603515788326298                0.9034024703973095                 0.005425571565989357               
0.05618378275275134                0.8904255258676086                 0.005333706538958129               
0.05633240754673624                0.8801400421111895                 0.005336730983397719               
0.05648103226501799                0.8633445215378016                 0.005254536676519793               
0.05662965690739693                0.8640511528856475                 0.005264398041259172               
0.056778281473673364               0.8421218860599339                 0.005227949436636325               
0.05692690596364766                0.8281372700485987                 0.005109039172712303               
0.05707553037712013                0.8201430420439734                 0.005128900108632547               
0.05722415471389112                0.8214042507600294                 0.005102972636090379               
0.05737277897376094                0.8046376600838018                 0.005082676777546198               
0.057521403156529954               0.8020290190982713                 0.00505712653234457                
0.05767002726199845                0.7925288154416212                 0.005000405729180498               
0.05781865128996681                0.7808637128403934                 0.0050144045623259845              
0.05796727524023534                0.7852560619676887                 0.004953631479604408               
0.058115899112604404               0.7819740964958813                 0.004993505906193504               
0.0582645229068743                 0.7755040863928487                 0.004951180522141565               
0.058413146622845386               0.7616241316219478                 0.00488551951639792                
0.058561770260317995               0.7584559734770797                 0.004925038788812206               
0.05871039381909247                0.7500522184275148                 0.004834420618316486               
0.05885901729896914                0.7442245022879213                 0.004854991954764532               
0.059007640699748364               0.7398016302918318                 0.004801275576825585               
0.05915626402123044                0.7305208596720235                 0.004780162776810944               
0.05930488726321576                0.7270396000758665                 0.004803259427217853               
0.059453510425504646               0.7322309256281678                 0.004769854490236345               
0.05960213350789743                0.7259426230029291                 0.0047742854494089776              
0.05975075651019445                0.7249576472101148                 0.004743861460589623               
0.05989937943219608                0.7199767248557174                 0.004756909288163355               
0.060048002273702626               0.7202110622966561                 0.004723838185616899               
0.060196625034514444               0.7194386351017441                 0.004719076395571255               
0.060345247714431886               0.740540086368656                  0.004817444406549443               
0.06049387031325529                0.7252503109451635                 0.004863728866830548               
0.060642492830785                  0.7042285897705783                 0.004865899140080185               
0.060791115266821405               0.7170298881093066                 0.004935301806847807               
0.06093973762116479                0.6978533070570321                 0.004899418331668032               
0.06108835989361553                0.707015110123808                  0.005002855012766138               
0.06123698208397396                0.7069002948586763                 0.004991681071920941               
0.061385604192040456               0.7009144746962724                 0.005035908128762019               
0.061534226217615354               0.7029533181748006                 0.005026612042998822               
0.06168284816049901                0.696315536541142                  0.005064280410022187               
0.061831470020491754               0.6830822911069034                 0.005038625584289094               
0.06198009179739396                0.6776061708127443                 0.005004225772089825               
0.06212871349100597                0.6794061502244986                 0.00507712735173052                
0.06227733510112815                0.6730162638048747                 0.0050127480411327925              
0.06242595662756082                0.6745513728487691                 0.005136839818873065               
0.06257457807010439                0.6813285237852336                 0.005116988618959305               
0.06272319942855915                0.6707459625475385                 0.005068191268421531               
0.06287182070272551                0.6737003701257651                 0.005145900412605391               
0.0630204418924038                 0.6744193739294426                 0.0051394123541129355              
0.06316906299739436                0.6612437508007792                 0.005135186500998886               
0.0633176840174976                 0.6676828808164911                 0.004970267518019179               
0.06346630495251382                0.6627799712013637                 0.0049325401549571565              
0.06361492580224343                0.6576035054571371                 0.004867132853949631               
0.06376354656648675                0.6466177083868332                 0.004797400609897805               
0.06391216724504416                0.6487554778590457                 0.00479233530596784                
0.06406078783771602                0.6513494349135595                 0.00473837142460636                
0.06420940834430268                0.6402591431297838                 0.004717745996386418               
0.06435802876460452                0.639165415538016                  0.004686462232029434               
0.06450664909842187                0.6362560683103775                 0.004653885228076459               
0.06465526934555513                0.6342168902633113                 0.00466096611501501                
0.06480388950580464                0.611445711468962                  0.0045410784142731146              
0.0649525095789708                 0.6174102142079806                 0.004579695469944807               
0.06510112956485392                0.6238797474791719                 0.004561284981425358               
0.06524974946325443                0.6041903634804404                 0.0044864521551169646              
0.06539836927397262                0.6029235971511615                 0.004493178360897025               
0.06554698899680893                0.6013377263939272                 0.004478127988194402               
0.06569560863156369                0.6029531833124925                 0.004475045205911                  
0.06584422817803728                0.6002011531096587                 0.004422458859452121               
0.06599284763603007                0.5773714606332736                 0.004335383026095987               
0.06614146700534243                0.5826518067022699                 0.004372567568603577               
0.06629008628577472                0.575972246875501                  0.004345259090164931               
0.06643870547712732                0.5631375511261939                 0.004290143797897684               
0.06658732457920061                0.5654830492159947                 0.004230046716543536               
0.06673594359179495                0.5649458324337552                 0.004290617844464751               
0.06688456251471071                0.5540524408438677                 0.0042343456715836485              
0.0670331813477483                 0.5437793412436192                 0.00417231553005464                
0.06718180009070804                0.5455034737378031                 0.00419122347089718                
0.06733041874339035                0.5385757699631777                 0.004154336878972883               
0.06747903730559558                0.5435833412297789                 0.004167500760780804               
0.06762765577712412                0.5301350122747375                 0.004081948915027542               
0.06777627415777635                0.5238058049778215                 0.0040929823674707416              
0.06792489244735264                0.5166611091632534                 0.004035552920288432               
0.06807351064565337                0.5051275826301804                 0.004009580508442676               
0.06822212875247895                0.5056611016525111                 0.003992365467983653               
0.0683707467676297                 0.5018900405515273                 0.003949075389781282               
0.06851936469090604                0.49695206071847325                0.003954038860837356               
0.06866798252210835                0.4949831789002041                 0.003934887347170001               
0.06881660026103702                5.151672076263084                  0.012712584846964192               
0.06896521790749241                0.4858388246976504                 0.0039020996070429016              
0.06911383546127492                0.47540180799971055                0.0038271709900055038              
0.06926245292218494                0.4632892562527823                 0.0038032065430876187              
0.06941107029002283                0.46439829803624394                0.003770241785720029               
0.06955968756458901                0.4572052393418309                 0.0037745617914756308              
0.06970830474568386                0.45112939569104693                0.00371252763157144                
0.06985692183310774                0.4519944665087247                 0.003730018021746943               
0.07000553882666105                0.4398948599924892                 0.0036711481671662964              
0.0701541557261442                 0.4383725296823019                 0.003634350088958884               
0.07030277253135758                0.43019098003570194                0.003633831197102959               
0.07045138924210155                0.4297724126502188                 0.0036068239806956908              
0.07060000585817654                0.4193397252260466                 0.0035760111581771502              
0.07074862237938288                0.41884890844279843                0.00356728864053164                
0.07089723880552104                0.40619227109890343                0.0034777041446774674              
0.07104585513639136                0.40169174683586245                0.003501587346040197               
0.07119447137179426                0.4030034434234688                 0.003468758343120392               
0.07134308751153012                0.39630464630332835                0.003450827338041812               
0.07149170355539934                0.39803903664744905                0.0034663238136056623              
0.07164031950320233                0.3928867658476232                 0.0034125382982440884              
0.07178893535473949                0.3779406869573951                 0.0033870494054607982              
0.07193755110981116                0.3848406385585106                 0.003374367320783297               
0.07208616676821783                0.3725625999418752                 0.003336708563464146               
0.07223478232975981                0.37326178805008053                0.0033413628505509323              
0.07238339779423758                0.3708167342488153                 0.0033364965744186264              
0.07253201316145147                0.3668456624511968                 0.00333234528984094                
0.07268062843120196                0.3643760819473864                 0.003261427828445343               
0.07282924360328936                0.3591813921933066                 0.0032702892407714826              
0.07297785867751416                0.3605217667919016                 0.003273415166659826               
0.0731264736536767                 0.35275640907493594                0.0032335768384417606              
0.07327508853157742                0.3453168466823823                 0.00319929880464929                
0.07342370331101672                0.34424960289713924                0.0031686716948357576              
0.07357231799179499                0.34139974692683317                0.003183984384812512               
0.07372093257371265                0.3357903047396519                 0.003140697004009681               
0.07386954705657013                0.34076206242126306                0.003153987700070892               
0.07401816144016779                0.32765639112036543                0.0030804244110286703              
0.07416677572430608                0.3321039495337434                 0.0031178315743578956              
0.07431538990878538                0.33177766785815505                0.003126085335524593               
0.07446400399340614                0.3250800032804552                 0.00305215894670772                
0.07461261797796873                0.3318032961904424                 0.003090321847140547               
0.07476123186227358                0.33011020912345274                0.0030663183198444085              
0.0749098456461211                 0.3208335817899653                 0.00303348891504347                
0.07505845932931171                0.3206393926129252                 0.003031246400547712               
0.07520707291164581                0.31996226664681565                0.0030096854812359515              
0.07535568639292387                0.3176869490559751                 0.0029963800714608592              
0.07550429977294623                0.3174212404581454                 0.002988693882844733               
0.07565291305151335                0.3175673426809279                 0.0030009972911831037              
0.0758015262284256                 0.3140434309118067                 0.002963861135958721               
0.0759501393034835                 0.3086940795016152                 0.0029347574691426987              
0.07609875227648738                0.30766855289328204                0.002943691291860072               
0.07624736514723769                0.310819353300289                  0.00293487123833884                
0.07639597791553485                0.3066564393692478                 0.0029213325464050276              
0.07654459058117927                0.30502207803459336                0.002902472251859185               
0.07669320314397139                0.3025492974765445                 0.002893123001003374               
0.07684181560371163                0.3031783188727367                 0.0029096665512539296              
0.07699042796020039                0.3001491207200008                 0.0028755667824339752              
0.07713904021323813                0.29998557101871365                0.0028832773054755048              
0.07728765236262525                0.2926841376270132                 0.002823027797347479               
0.07743626440816222                0.29730183396587934                0.0028727832029961683              
0.0775848763496494                 0.3014389731746283                 0.002886599730716284               
0.07773348818688727                0.30020873620183547                0.0028614676671474396              
0.07788209991967622                0.29359281474778653                0.0028451908373221873              
0.07803071154781671                0.2957896241727532                 0.0028379716046339027              
0.07817932307110918                0.29862058295928023                0.0028730788882577515              
0.07832793448935403                0.30032431908386764                0.002856089721484288               
0.07847654580235171                0.2904221744018323                 0.0028051277029108443              
0.07862515700990265                0.29367459483524205                0.002847990073874911               
0.07877376811180728                0.2918125702852151                 0.0028083578435758034              
0.07892237910786605                0.29075031637953064                0.002814869973537943               
0.07907098999787937                0.28882337879869374                0.00279163923877208                
0.07921960078164769                0.2885754750506038                 0.002791591288196269               
0.07936821145897144                0.2819926149382914                 0.0027790954798397978              
0.07951682202965109                0.2832624568359812                 0.0027555808878362053              
0.07966543249348702                0.2801802192447535                 0.0027529575673172183              
0.07981404285027972                0.2814021951450984                 0.002747643846856723               
0.07996265309982961                0.2830453414342937                 0.00277043117184185                
0.08011126324193714                0.27982746615297016                0.0027489607942159924              
0.08025987327640273                0.27703393536856047                0.0027118517005937114              
0.08040848320302686                0.2805992480145993                 0.002753886204992506               
0.08055709302160995                0.2784807791419423                 0.0027222349722775224              
0.08070570273195243                0.27556682726773674                0.002725713730388077               
0.08085431233385477                0.2731149669688502                 0.0026936982443753043              
0.08100292182711742                0.27821621833038934                0.0027187396837710354              
0.0811515312115408                 0.27229114148383243                0.0027039155363921506              
0.0813001404869254                 0.2752888402794318                 0.002706595520571234               
0.08144874965307163                0.2680728685515983                 0.002669804833872748               
0.08159735870977995                0.26690725963392636                0.002657537343735565               
0.08174596765685078                0.2637599144337611                 0.002642890221158435               
0.08189457649408466                0.27055990344944064                0.0026843426710838943              
0.08204318522128196                0.26594363196801607                0.002648467890394823               
0.08219179383824317                0.26535458693424246                0.0026530153193282564              
0.0823404023447687                 0.25803584894940773                0.002599403909417477               
0.08248901074065908                0.26799834801576694                0.0026640468662267524              
0.0826376190257147                 0.25871778674363183                0.0026122450809767644              
0.08278622719973604                0.2569410717152466                 0.002592852354728186               
0.08293483526252357                0.2587240231610929                 0.002610180112542941               
0.08308344321387771                0.2555294379899259                 0.002580578892939942               
0.08323205105359896                0.25832954213411846                0.00260819207225074                
0.08338065878148777                0.25250685294199526                0.0025652735972244815              
0.0835292663973446                 0.24756717169457187                0.0025390503211181648              
0.0836778739009699                 0.24843306492912726                0.002559805682713008               
0.08382648129216412                0.24782273997363907                0.0025454225819482824              
0.08397508857072775                0.24819310150029028                0.002535223802332762               
0.08412369573646125                0.24561898001967247                0.0025111579857473513              
0.08427230278916509                0.2389859760133901                 0.0024926850496290363              
0.08442090972863972                0.2399127176553971                 0.002499497661303625               
0.0845695165546856                 0.23666115291130121                0.0024785689138338888              
0.08471812326710323                0.23430611283063443                0.002461339889809469               
0.08486672986569305                0.2404598184666048                 0.0024846512452422645              
0.08501533635025554                0.2305121704688078                 0.0024490717522578824              
0.08516394272059116                0.2316235481486208                 0.0024357148542824016              
0.08531254897650041                0.23109087874538645                0.002436724121209827               
0.08546115511778372                0.23073625346343146                0.002439639543570624               
0.08560976114424161                0.37776886798548037                0.003096154118318252               
0.08575836705567454                0.22295181595506067                0.0024019179564959353              
0.08590697285188292                0.22141051705176581                0.0023730880828474023              
0.0860555785326673                 0.2186644338103582                 0.002366603536927171               
0.08620418409782817                0.22163690072043446                0.0023863675873825193              
0.08635278954716594                0.2184008769302257                 0.002360573326622405               
0.08650139488048113                0.21390936553745468                0.00233435940958511                
0.08665000009757422                0.2154922451527572                 0.0023321343769274637              
0.08679860519824566                0.21512631601097174                0.0023373631843815156              
0.08694721018229597                0.21077678335010727                0.002329914381757805               
0.0870958150495256                 0.207214440284368                  0.0022869066561364304              
0.08724441979973506                0.20680890122315437                0.002287311674041233               
0.0873930244327248                 0.20455157253599818                0.002273918450493449               
0.08754162894829534                0.20516420300594354                0.0022746930926281364              
0.08769023334624715                0.20773728496845784                0.002294214435560561               
0.08783883762638073                0.19928592183975682                0.0022298968688067543              
0.08798744178849653                0.2005614223496441                 0.0022525040482203984              
0.08813604583239507                0.20098080206283112                0.0022453502962340114              
0.08828464975787681                0.19709486696032383                0.002229517177220186               
0.08843325356474228                0.19566158964121014                0.0022171373909132433              
0.08858185725279195                0.19525043208617646                0.0022030223793809475              
0.08873046082182631                0.19316661636024404                0.0022054950180877223              
0.08887906427164587                0.18956177932377152                0.0021739937004994197              
0.0890276676020511                 0.19127819033187274                0.002184645863700328               
0.0891762708128425                 0.1864642929625349                 0.0021594478929865104              
0.08932487390382057                0.18744588505924598                0.002152844503739315               
0.08947347687478581                0.18737202222718208                0.002158125406096778               
0.08962207972553873                0.18634522215891242                0.00215302148418005                
0.0897706824558798                 0.1873155840482711                 0.002158621123855204               
0.0899192850656095                 0.1848752063648127                 0.0021380358420899463              
0.0900678875545284                 0.18310773127134355                0.0021326226549503065              
0.09021648992243694                0.17770656012943525                0.0020906654132874735              
0.09036509216913566                0.18009222322107468                0.0021062337495986083              
0.09051369429442505                0.18267184399404432                0.002118085688578326               
0.0906622962981056                 0.1771027336083807                 0.0020997535985261754              
0.09081089817997783                0.17580409778683692                0.002087292928052941               
0.09095949993984224                0.18036359065803392                0.0020968258351433382              
0.09110810157749934                0.1783334334829388                 0.0020951425466859235              
0.09125670309274964                0.17632339101713376                0.0020716706280257103              
0.09140530448539363                0.174780788537237                  0.002078074755790967               
0.09155390575523184                0.1729117399024367                 0.0020538211715336718              
0.09170250690206479                0.1684385248799315                 0.0020195827041701517              
0.09185110792569297                0.17315066792990036                0.002068364735145337               
0.09199970882591689                0.17281270661085485                0.002050187735046003               
0.09214830960253707                0.1737907295254191                 0.00205903937104759                
0.09229691025535404                0.17368410381266725                0.0020523097754235322              
0.09244551078416828                0.1725943780465396                 0.0020488956567483777              
0.09259411118878036                0.16918748551333138                0.002037664111093363               
0.09274271146899074                0.17145957932410177                0.0020301383808071127              
0.09289131162459997                0.16814322884727595                0.0020163319866417875              
0.09303991165540855                0.16736209767518767                0.0020094225113726927              
0.09318851156121703                0.16201479026221666                0.0019727119977834256              
0.09333711134182592                0.1674381311458576                 0.002024835842093321               
0.0934857109970357                 0.16541948274412888                0.0019889678841987436              
0.09363431052664693                0.16533112791440424                0.0019935335217918623              
0.09378290993046016                0.16820332807512234                0.0020078344549707213              
0.09393150920827588                0.1616869562284065                 0.001977979334318969               
0.09408010835989462                0.16343307615013294                0.0019813345040144608              
0.0942287073851169                 0.1661726588165794                 0.0019877055417418447              
0.09437730628374329                0.16241791788599355                0.001979529075569529               
0.09452590505557425                0.16044390408706838                0.0019595494084238742              
0.09467450370041036                0.16256419639990538                0.0019624542667100414              
0.09482310221805212                0.16217257458991055                0.0019672100133881457              
0.09497170060830008                0.15760866900842327                0.0019330122046444145              
0.0951202988709548                 0.16153324945705086                0.001971237357802782               
0.09526889700581676                0.16138778398706172                0.0019525255675554225              
0.09541749501268652                0.1606128821584023                 0.001953471266095277               
0.09556609289136461                0.15790012722391383                0.0019376072009077362              
0.09571469064165158                0.15880610114032634                0.0019382458371625748              
0.09586328826334796                0.15835224726201985                0.0019403814604741854              
0.09601188575625429                0.15789144467834715                0.0019202294696684921              
0.09616048312017107                0.1575157717027602                 0.0019359540742254142              
0.09630908035489893                0.15795314048497006                0.0019295607490400215              
0.09645767746023834                0.1557907311585751                 0.0019183781339678677              
0.09660627443598986                0.1545994855789566                 0.0019048650466106515              
0.09675487128195404                0.15441948642421638                0.0018983292363563735              
0.0969034679979314                 0.1565097221205068                 0.0019276701440336633              
0.09705206458372252                0.15283974123241553                0.0018939961758479072              
0.09720066103912794                0.15576187278555623                0.0019052103828401936              
0.09734925736394817                0.1561349149342674                 0.0019074915802138428              
0.09749785355798385                0.1549056880788127                 0.0019067572106800505              
0.09764644962103541                0.15517332697668254                0.0019125162950723524              
0.09779504555290348                0.14927493490687455                0.0018539536814291557              
0.09794364135338857                0.152374149745704                  0.0018870677707978                 
0.09809223702229126                0.14951753949205537                0.001866637403386885               
0.09824083255941213                0.1493831086776761                 0.0018684570092630118              
0.09838942796455168                0.15114689786513244                0.0018701487448763974              
0.09853802323751046                0.15130208252954025                0.0018665050621757373              
0.09868661837808908                0.15049163759105433                0.0018747121850210067              
0.09883521338608807                0.14769859229723245                0.0018422069739685624              
0.098983808261308                  0.146052638817394                  0.0018481754058390833              
0.0991324030035494                 0.1449922478664366                 0.0018195245524765286              
0.09928099761261285                0.1447383044385774                 0.0018300789415582113              
0.09942959208829895                0.14553413949108482                0.0018416142254962427              
0.09957818643040817                0.14459224038408733                0.0018208241451608247              
0.09972678063874114                0.14743581228256414                0.0018373579561305631              
0.09987537471309844                0.1429152633252513                 0.0018064508013603381              
0.10002396865328061                0.14270839170586538                0.0018140083023695215              
0.10017256245908819                0.14113658540497584                0.0018078098615317267              
0.10032115613032179                0.14413218689941548                0.0018034849317144126              
0.10046974966678197                0.14015125772843126                0.0017932774414830017              
0.10061834306826929                0.14002300550125157                0.0017818900973303974              
0.1007669363345843                 0.14298217914410627                0.001811934435899811               
0.10091552946552765                0.1395205313829659                 0.0017879902022314347              
0.10106412246089981                0.14198178207829554                0.0017893704589810482              
0.10121271532050144                0.14231729453562114                0.001809621832334379               
0.10136130804413308                0.1402168580873758                 0.0018259322846532213              
0.10150990063159528                0.1400980698526198                 0.001854993506055664               
0.10165849308268868                0.13798284892005966                0.0018471748551604202              
0.10180708539721378                0.13496082925739158                0.0018435964346195436              
0.10195567757497122                0.13338386511263978                0.0018579374588940285              
0.10210426961576155                0.13300423075167067                0.0018465687092665518              
0.1022528615193854                 0.1332547947432752                 0.0018570406001628024              
0.10240145328564329                0.1301546622230584                 0.0018544388867616386              
0.10255004491433584                0.13315175130368156                0.0018809821818181042              
0.1026986364052636                 0.1287604360518622                 0.0018733869659039977              
0.1028472277582272                 0.12910982188946                   0.0018537179045755555              
0.10299581897302723                0.12833310989468616                0.0018765279339406167              
0.10314441004946424                0.13187173774190675                0.0019006348410839293              
0.1032930009873388                 0.13113188495625366                0.0019089006039114526              
0.1034415917864516                 0.12569951021293552                0.0018761120927303808              
0.10359018244660313                0.12730071984398075                0.0018800144592587469              
0.10373877296759404                0.1264269928825883                 0.0018986371040312696              
0.10388736334922487                0.12538221473968447                0.001889134940251992               
0.10403595359129628                0.12246223996669758                0.001871889957628974               
0.1041845436936088                 0.13132218503360601                0.0018802569482578833              
0.10433313365596307                0.12973055452668225                0.0018536719751085062              
0.10448172347815968                0.12643517853644512                0.0018270292808881146              
0.10463031315999925                0.1289441989180032                 0.0018231817490982675              
0.10477890270128232                0.12533588310947064                0.0017855998642882544              
0.10492749210180954                0.12490962308114907                0.00178533430420986                
0.10507608136138147                0.12519744929835966                0.0017825426227921777              
0.10522467047979879                0.12107824842943345                0.0017448897195774112              
0.10537325945686203                0.12363342471213833                0.0017584927995782976              
0.10552184829237181                0.12492697881073886                0.0017616329281745142              
0.10567043698612877                0.12087362427547108                0.0017269422886707056              
0.10581902553793347                0.12156644112368394                0.0017384382672074464              
0.10596761394758658                0.11744311530744352                0.0016902227081211393              
0.10611620221488863                0.11744101944818867                0.0016933521141022868              
0.10626479033964027                0.11830627086809431                0.0017021163617767531              
0.10641337832164213                0.11956996140910035                0.0017029371876811463              
0.10656196616069483                0.11767126224125966                0.0016943837634521162              
0.10671055385659896                0.1169644023511263                 0.0016665045445320675              
0.10685914140915509                0.11549473700541142                0.0016724322478982054              
0.10700772881816392                0.11831591034668637                0.0016840522971749315              
0.10715631608342602                0.11525738277434054                0.0016579077281842155              
0.10730490320474204                0.11398337543979166                0.0016469247533965898              
0.10745349018191253                0.11719472652240101                0.001657383716865854               
0.1076020770147382                 0.11658271857103104                0.0016680224606567253              
0.10775066370301965                0.11417762209778878                0.0016435667064108425              
0.10789925024655744                0.11550546723122325                0.0016430514790317801              
0.10804783664515225                0.1163331367711972                 0.0016602087267877659              
0.1081964228986047                 0.11066772437474147                0.0016037116505215102              
0.1083450090067154                 0.11227546897347535                0.001629235231677021               
0.108493594969285                  0.11269151421917299                0.0016131743333301512              
0.10864218078611411                0.11148619103779732                0.0016113480734372208              
0.10879076645700335                0.1126458556356053                 0.001626072268208675               
0.10893935198175338                0.11060500897955189                0.001597611142515181               
0.1090879373601648                 0.11327779788697227                0.0016254018361983895              
0.10923652259203825                0.11236044584706681                0.0015946075917895525              
0.10938510767717442                0.11299540195825107                0.0016193505910594463              
0.1095336926153739                 0.1113946022711098                 0.0016050029096132117              
0.1096822774064373                 0.11374558705245187                0.0016190004928999598              
0.10983086205016526                0.11004383543047827                0.0015929989928857172              
0.10997944654635847                0.11150577764292005                0.0015901835872993775              
0.11012803089481756                0.10962046955968217                0.0015877023298356513              
0.11027661509534314                0.1098253927421479                 0.0015858539117699427              
0.11042519914773584                0.1116989669055447                 0.0015828307725627147              
0.11057378305179637                0.11401278409979235                0.0016074089874666755              
0.11072236680732529                0.10866685992835858                0.0015574776849939815              
0.11087095041412333                0.11188284985495409                0.001592325890093018               
0.11101953387199105                0.10881323419951881                0.0015511544256510675              
0.11116811718072916                0.10685837779268073                0.0015423678295942735              
0.11131670034013831                0.11188060877701897                0.0015776621376908289              
0.11146528335001911                0.11225731433927669                0.0015878757710599287              
0.11161386621017225                0.11036547195109615                0.0016107028475967477              
0.11176244892039836                0.11012878444108176                0.0016072485675612334              
0.11191103148049807                0.10569925760764116                0.0015982052304303323              
0.1120596138902721                 0.11099353723351724                0.0016505641689997656              
0.11220819614952104                0.10939784266974913                0.0016349904134815964              
0.11235677825804559                0.11021375956678578                0.0016572092450836708              
0.11250536021564642                0.1074936703842903                 0.001638501188913292               
0.11265394202212414                0.10554881148828511                0.0016412059483327294              
0.1128025236772794                 0.1056112521085849                 0.001642971519629426               
0.11295110518091295                0.11030037465065182                0.0016816739026480577              
0.11309968653282537                0.10577547324985954                0.0016598486223772105              
0.11324826773281738                0.10586058181892714                0.001652660008690262               
0.11339684878068956                0.10560226854051039                0.0016565189107875496              
0.11354542967624269                0.10551984164051244                0.0016493516468840464              
0.11369401041927737                0.10342581620634755                0.0016361240069913863              
0.11384259100959429                0.10302283600384825                0.0016348712529334062              
0.11399117144699408                0.10324592974755899                0.0016392373439146533              
0.11413975173127745                0.10347222359605164                0.0016397330649643388              
0.11428833186224509                0.10436985195425655                0.0016416361720442308              
0.11443691183969763                0.10465728469438473                0.0016650065566273674              
0.11458549166343575                0.1065386441594018                 0.0016691549441618478              
0.11473407133326015                0.1027084158907662                 0.001641497205777355               
0.1148826508489715                 0.10349390967357774                0.0016517322403051412              
0.11503123021037048                0.10383249140633295                0.0016458556351546764              
0.11517980941725774                0.10140267159403614                0.0016469200054028855              
0.115328388469434                  0.10011174683269285                0.0016206187392414032              
0.11547696736669993                0.10284008863882783                0.0016572028937700115              
0.11562554610885617                0.09928261506656767                0.0016230104503942018              
0.11577412469570345                0.09964907047746363                0.0016227252194689118              
0.11592270312704248                0.10095125834469171                0.0016527193514702934              
0.11607128140267389                0.09759389286035426                0.001600114908813785               
0.1162198595223984                 0.09951004130933899                0.0016354930363689847              
0.11636843748601669                0.10160418788859896                0.0016519368390616315              
0.11651701529332943                0.09552158641917304                0.00159780675363016                
0.11666559294413735                0.09886933448984592                0.001636945408166098               
0.11681417043824113                0.09743337413592318                0.001602011306412902               
0.11696274777544145                0.09751520829437749                0.001625027788940255               
0.11711132495553901                0.09949219125376473                0.0016414188632777207              
0.11725990197833454                0.09705840076128774                0.0016192150155076737              
0.11740847884362866                0.09597006111031671                0.0016127713802200235              
0.11755705555122214                0.09900260896456406                0.0016340090111729773              
0.11770563210091566                0.09638914849032265                0.0016223359462746675              
0.11785420849250991                0.09876079167162792                0.001633358319972733               
0.1180027847258056                 0.09555797350644835                0.0016033578135708532              
0.11815136080060339                0.09455688363713913                0.001607515248012209               
0.11829993671670407                0.09524285065020877                0.0016126649513790918              
0.11844851247390831                0.09425965147143853                0.001615115212846554               
0.1185970880720168                 0.09590214791377885                0.0016082274033540319              
0.11874566351083024                0.09405979594063739                0.001599295632432421               
0.11889423879014938                0.09164385968826046                0.001584547675487502               
0.11904281390977489                0.09404976521853853                0.0016112823466435946              
0.11919138886950753                0.09402596362585626                0.0016104019671123518              
0.11933996366914792                0.09401319840517613                0.0015975798794069913              
0.11948853830849689                0.09085433125598548                0.0015830106571758584              
0.11963711278735512                0.09141369192404089                0.0015838860463620924              
0.11978568710552326                0.09260524966144808                0.0016002138802310346              
0.11993426126280209                0.09143558424176745                0.0015847411920340347              
0.12008283525899235                0.09120738454120121                0.0015867553919823411              
0.12023140909389472                0.08879310174271536                0.0015689198502276658              
0.12037998276730992                0.09356547048325661                0.0016098513759231392              
0.12052855627903868                0.09045576472554816                0.0015808727448261178              
0.12067712962888173                0.09361409903741057                0.0016021733498763264              
0.12082570281663982                0.0902847541913788                 0.001590812729730776               
0.12097427584211363                0.08988622777914292                0.0015852679021952805              
0.12112284870510388                0.09233290937244551                0.001593843017401045               
0.1212714214054114                 0.09102365833308966                0.0015932326992399454              
0.12141999394283678                0.08916577215758152                0.0015689059630471004              
0.12156856631718085                0.0873511404286026                 0.001568114214447157               
0.12171713852824434                0.08909518069721072                0.0015696088723786347              
0.12186571057582794                0.08822485478956996                0.0015672195214094123              
0.12201428245973238                0.08897200867158764                0.0015860067234026612              
0.12216285417975847                0.0901878377300375                 0.0015859079163417762              
0.12231142573570686                0.08821769077579299                0.0015785912571938828              
0.12245999712737837                0.08674098716329848                0.0015435414538584483              
0.12260856835457366                0.0896868380056725                 0.0015916839902656399              
0.12275713941709357                0.08970025370910827                0.0015931770448903107              
0.1229057103147387                 0.08711127899063148                0.0015592921979943114              
0.12305428104730994                0.08744627283298309                0.0015683065003341008              
0.12320285161460796                0.08469950583756916                0.0015382122938847496              
0.12335142201643355                0.0893046310103347                 0.0015896645268579724              
0.12349999225258738                0.08756024285014108                0.001577469998518861               
0.12364856232287029                0.08848539192300514                0.0015688800635515253              
0.12379713222708298                0.0843125071810086                 0.0015499565417217234              
0.12394570196502623                0.08512512499991946                0.0015401114702628907              
0.12409427153650074                0.08445951760610798                0.0015526591036274541              
0.12424284094130733                0.08350173844054627                0.0015286079285613179              
0.12439141017924672                0.08273806421371359                0.0015274791854025267              
0.12453997925011973                0.08781976614614907                0.001586011021667068               
0.12468854815372699                0.08414460081438009                0.0015390874502103206              
0.12483711688986938                0.08562565160148351                0.0015653919453520494              
0.12498568545834762                0.08685207463510092                0.001557649843783338               
0.12513425385896246                0.0842204172870465                 0.0015464355168656118              
0.12528282209151465                0.08602624275720411                0.001574558452149889               
0.125431390155805                  0.08405370006356837                0.0015356276788171573              
0.12557995805163427                0.08687849635928199                0.0015733798488560902              
0.12572852577880317                0.08289975181236674                0.001533603618399566               
0.12587709333711253                0.08344900836930584                0.0015440288179613523              
0.12602566072636312                0.08334428296355778                0.001548465618741034               
0.1261742279463557                 0.08480985995842472                0.001545834865249348               
0.126322794996891                  0.08371853680553777                0.0015519407431982344              
0.12647136187776986                0.08629445081202983                0.0015653718481617668              
0.126619928588793                  0.08653022710072736                0.0015764067205906443              
0.12676849512976127                0.08133106066848239                0.001529655145326012               
0.12691706150047535                0.08306912703929929                0.0015338525584324037              
0.12706562770073607                0.08536414853457212                0.0015616554322578863              
0.12721419373034423                0.08306567667849753                0.001531180805525776               
0.12736275958910062                0.08149286413157582                0.001526501205815773               
0.12751132527680595                0.08502495454623928                0.0015484698375089444              
0.12765989079326104                0.08226234213260789                0.0015257330520474937              
0.12780845613826677                0.082663263765014                  0.0015347536820700138              
0.12795702131162376                0.08495230143570996                0.001547146683020286               
0.12810558631313296                0.08336162997735871                0.0015332535643919412              
0.12825415114259503                0.08274959305204123                0.001521739116675935               
0.1284027157998108                 0.08437761132343681                0.0015519403033706902              
0.1285512802845811                 0.082163913907706                  0.0015241696653701168              
0.12869984459670672                0.08287968426647276                0.0015261973729492158              
0.1288484087359884                 0.0818245881388001                 0.0015223343855203361              
0.12899697270222704                0.08153486929545857                0.001507322626610816               
0.12914553649522334                0.0794100058056                    0.001510176333314021               
0.12929410011477813                0.08251484109687031                0.0015228391803996481              
0.12944266356069217                0.08368064774765514                0.0015461988554085664              
0.12959122683276636                0.07913320318948691                0.0015049122515951917              
0.12973978993080143                0.08347595622288283                0.0015271127602894204              
0.12988835285459818                0.0801605574231813                 0.0015159753686828817              
0.13003691560395744                0.07922248007883413                0.0014934352139929596              
0.13018547817868006                0.07865326865911543                0.0014957851175274582              
0.1303340405785668                 0.07939593872787483                0.0015061007143659967              
0.13048260280341842                0.07833590847585223                0.0014908284812718078              
0.13063116485303583                0.08119610205800268                0.0015230815033357586              
0.13077972672721977                0.07951658287772753                0.0014968531783289918              
0.1309282884257711                 0.08182400064025976                0.0015329729271447694              
0.13107684994849064                0.07873369100040899                0.0014978563641066221              
0.13122541129517912                0.0822371234200558                 0.0015255277277193067              
0.13137397246563748                0.07729056175600509                0.0014938337879725676              
0.13152253345966647                0.07761618778240323                0.0014763294685349601              
0.13167109427706694                0.07864189210426466                0.001508166709530557               
0.13181965491763964                0.08083582964045669                0.0015131323472292772              
0.1319682153811855                 0.07896347708258789                0.0015033164633233465              
0.13211677566750527                0.08082906190364629                0.001526980436505391               
0.13226533577639982                0.07945151677416001                0.0015033729255038717              
0.13241389570766995                0.07911371757308845                0.001506722971393906               
0.1325624554611165                 0.08297577432133099                0.0015336983582140713              
0.13271101503654026                0.079897588804297                  0.0015161624386647711              
0.1328595744337422                 0.07636830217329116                0.0014829495466061721              
0.13300813365252293                0.07879892337852061                0.0015070269842446058              
0.13315669269268346                0.075255563988232                  0.0014663266557961888              
0.13330525155402462                0.07786283929411958                0.0014902149392554687              
0.13345381023634717                0.07632116813686103                0.0014811967352966614              
0.13360236873945192                0.07830478214748647                0.001500322885850949               
0.13375092706313985                0.07490083022214293                0.0014641472976171864              
0.13389948520721168                0.07714992897384482                0.0014944690449554127              
0.1340480431714683                 0.0752208649334448                 0.001469841731633113               
0.13419660095571057                0.07729291211781836                0.0014938792146043695              
0.13434515855973928                0.07631366886498395                0.0014766085855351897              
0.13449371598335533                0.07616711337266066                0.00148296226807125                
0.13464227322635955                0.07499981221418639                0.0014683281889394995              
0.13479083028855277                0.07793948493495845                0.0015007800853680169              
0.13493938716973589                0.07532055447022161                0.0014805782745037901              
0.1350879438697097                 0.0746795874360814                 0.0014556567131100097              
0.13523650038827512                0.07355252031398127                0.001463749862921741               
0.13538505672523296                0.0761112253730251                 0.0014804717764828625              
0.1355336128803841                 0.07562988383783525                0.001484938432057871               
0.13568216885352938                0.07174865831412348                0.0014424937383141468              
0.13583072464446966                0.07520409183814449                0.0014639349389813465              
0.1359792802530058                 0.07297637924778548                0.001452859731144592               
0.13612783567893869                0.07283233195023489                0.001445700750805066               
0.13627639092206914                0.07533984296977402                0.0014755508991453415              
0.13642494598219812                0.07263795170507222                0.0014533404866098572              
0.13657350085912634                0.07133320920312287                0.0014370484518375752              
0.1367220555526548                 0.07112673215272033                0.001445856437371842               
0.13687061006258433                0.07460146985668821                0.001459970055880181               
0.13701916438871578                0.0721790035511483                 0.0014493892698301107              
0.13716771853085005                0.07301557598938413                0.0014513409291806478              
0.137316272488788                  0.07022923849187833                0.0014296815029275396              
0.13746482626233048                0.07356765026808523                0.0014678344200014944              
0.13761337985127842                0.07223089193210587                0.001439731046555362               
0.13776193325543262                0.0724537025644971                 0.0014534409342723067              
0.13791048647459406                0.07241035748586303                0.0014453193957975922              
0.13805903950856357                0.06960728514509701                0.0014265105826333387              
0.13820759235714203                0.0719640573748367                 0.0014491692328606435              
0.1383561450201303                 0.07255496361336368                0.001446765466852918               
0.13850469749732927                0.0713006361522908                 0.001450891168383527               
0.1386532497885399                 0.07279865573268728                0.0014504717547845175              
0.13880180189356303                0.07255092215489238                0.001449280348910703               
0.1389503538121995                 0.07204647382785122                0.001449360286888296               
0.13909890554425028                0.07045057914180987                0.001430044919555827               
0.13924745708951625                0.07168838889897064                0.0014587815192420046              
0.13939600844779823                0.07110830865769875                0.0014278891989857137              
0.13954455961889714                0.06967054460472948                0.0014278070028058718              
0.139693110602614                  0.07125883287958294                0.0014375935868189507              
0.13984166139874957                0.0709053603265                    0.0014372052051025523              
0.13999021200710476                0.06859634751191179                0.001425691282740584               
0.14013876242748052                0.0729956682519768                 0.0014518058897783806              
0.14028731265967773                0.07240564428266688                0.0014601354931624941              
0.1404358627034973                 0.07159435290012736                0.0014428950509379089              
0.14058441255874016                0.0719773322971954                 0.0014506135238936116              
0.14073296222520715                0.07050830554587052                0.001438945011140215               
0.14088151170269927                0.06798880926227904                0.0014060966764475765              
0.14103006099101734                0.06894971794073203                0.0014287220573266418              
0.14117861008996233                0.07052772957491052                0.0014333838553373347              
0.14132715899933507                0.06875081584663219                0.0014152131479244657              
0.14147570771893658                0.07064220792539422                0.0014383865483913322              
0.14162425624856775                0.06993941970348351                0.001431214947631309               
0.1417728045880295                 0.07003207197887937                0.001442504525677291               
0.14192135273712264                0.06875246489877289                0.001408992155861073               
0.14206990069564823                0.07092052048339237                0.0014431562238342108              
0.14221844846340712                0.07201294733747758                0.0014548812398731468              
0.14236699604020028                0.07157527598440093                0.0015075998147809576              
0.14251554342582856                0.06999017833447187                0.0015190151418202572              
0.14266409062009294                0.0704904044122441                 0.0015463479771730183              
0.14281263762279436                0.07082196495111073                0.0015745992153073252              
0.14296118443373373                0.07026126383690331                0.0015862310833948824              
0.14310973105271196                0.0745786256533169                 0.001645962366283452               
0.14325827747953002                0.07218135361128437                0.001628334950813046               
0.14340682371398877                0.07110495094093307                0.0016420985026585134              
0.14355536975588926                0.07171818746481146                0.0016656142977296466              
0.1437039156050323                 0.06932513467041529                0.0016473331625138923              
0.14385246126121892                0.06928205415141764                0.0016547401233706568              
0.14400100672425004                0.06891143379810927                0.0016767814520557169              
0.1441495519939266                 0.06966062060612994                0.0016975254561059684              
0.14429809707004948                0.06994414554785412                0.0017161946859642967              
0.1444466419524197                 0.06795606318909371                0.0016883819641564965              
0.14459518664083823                0.07160250395701294                0.0017510964734697965              
0.14474373113510589                0.07152331983352844                0.0017770111680469837              
0.14489227543502373                0.07283218926432061                0.0018078571229774548              
0.1450408195403927                 0.07281702938826376                0.0018113913080484044              
0.14518936345101366                0.07238517541164635                0.0018084994261517663              
0.14533790716668768                0.0676784818943027                 0.00178472441733722                
0.14548645068721563                0.07053538910314643                0.0018193974267949966              
0.14563499401239854                0.07075454159048425                0.0018447944577151577              
0.1457835371420373                 0.07017077909140304                0.0018358246227175685              
0.14593208007593286                0.07145194915089915                0.0018731932486291275              
0.14608062281388626                0.06864564618442727                0.0018641598620310576              
0.1462291653556984                 0.06968370869382212                0.001872433359024962               
0.14637770770117026                0.0663260519934277                 0.0018438135781163227              
0.14652624985010276                0.07078550191512456                0.0019047916410418334              
0.14667479180229695                0.07028751612758434                0.0019222616096347066              
0.14682333355755375                0.07086179997039842                0.0019489309484792064              
0.14697187511567414                0.07172320717604466                0.0019527818342635385              
0.14712041647645907                0.06910818844862525                0.0019438196669615967              
0.14726895763970954                0.07331492942144642                0.002008816691874923               
0.1474174986052265                 0.07369731220446483                0.0020416412946139386              
0.14756603937281096                0.06656925117259145                0.0019387274932793567              
0.14771457994226384                0.0700723433598309                 0.002015271165193962               
0.14786312031338616                0.06692181526035855                0.0019978886711656775              
0.14801166048597889                0.07250987284570243                0.00205914201912333                
0.148160200459843                  0.06676839524748883                0.0020177338443407426              
0.14830874023477952                0.07137788390873445                0.002070882452985069               
0.14845727981058934                0.0667242250590436                 0.002032236082980152               
0.14860581918707355                0.06967905904479228                0.0021047329505708458              
0.1487543583640331                 0.06567233999086236                0.0020180620290381865              
0.14890289734126896                0.07222186125096522                0.0021324898248624357              
0.1490514361185821                 0.07046599251885899                0.0020943842339682097              
0.1491999746957736                 0.06704550586079122                0.0020910918750016343              
0.14934851307264435                0.06781511324281422                0.002096817579544971               
0.14949705124899543                0.06992065269730016                0.0021207559867860637              
0.14964558922462776                0.06627377204867464                0.0020957606880461542              
0.14979412699934241                0.0667781495069527                 0.0020807301863344104              
0.14994266457294034                0.06927898204230272                0.0021692090708270912              
0.15009120194522255                0.06600193384195635                0.0020727058967913593              
0.15023973911599006                0.0649308912896194                 0.002102215224662125               
0.15038827608504382                0.06866979653686649                0.0021846772606527484              
0.15053681285218495                0.06895928452314683                0.002148691839991698               
0.15068534941721437                0.06394376725990884                0.0021081635763274356              
0.1508338857799331                 0.06713938925389547                0.0021115521335843923              
0.15098242194014216                0.06455837650088792                0.0021295843404118856              
0.15113095789764253                0.06400681806261607                0.00211369134965185                
0.15127949365223534                0.06354037436965791                0.002094864106580528               
0.15142802920372145                0.06603395612071418                0.0021537901676160517              
0.15157656455190194                0.0662876091558423                 0.0021153226096676573              
0.15172509969657785                0.06311112888091354                0.0021238585872308236              
0.1518736346375502                 0.06201470001671912                0.00209170391705822                
0.15202216937462                   0.06207566988897633                0.002074960803874306               
0.15217070390758822                0.0638787969892734                 0.0021484764423948884              
0.15231923823625595                0.06353681679899888                0.002097027434736261               
0.1524677723604243                 0.0648131416265149                 0.002171321942013281               
0.15261630627989406                0.06291413804345333                0.0020867302381080395              
0.1527648399944665                 0.064676208876563                  0.002159475759766157               
0.1529133735039425                 0.0645768813059987                 0.0021868491428090934              
0.15306190680812318                0.06351819255456989                0.002142415461737827               
0.1532104399068095                 0.0662131219446528                 0.0022269882868864075              
0.15335897279980254                0.06455116713761988                0.0021386755800995886              
0.15350750548690334                0.06660369127156672                0.0022516157223515664              
0.1536560379679129                 0.06164445889378376                0.0021487907566926727              
0.15380457024263233                0.05988615300755109                0.0021107095513102515              
0.15395310231086262                0.06482397908334848                0.002263751544207202               
0.15410163417240483                0.06494962399982596                0.00219069644608888                
0.15425016582706                   0.06370827702805891                0.002249617468696891               
0.15439869727462913                0.06484294139154913                0.002237294031038142               
0.15454722851491334                0.06308545296220171                0.002199020652294493               
0.15469575954771367                0.06536845219105583                0.002318380084491971               
0.15484429037283115                0.061466274458733546               0.002173160974202199               
0.15499282099006684                0.05974187185409364                0.0022389213057286564              
0.15514135139922183                0.05824732308502988                0.0021254750065396147              
0.1552898816000971                 0.06553440841230505                0.002306920434452212               
0.15543841159249377                0.06176081406754267                0.0022506891830104                 
0.15558694137621287                0.060271211305638624               0.0022261679835985206              
0.15573547095105544                0.0604446991660502                 0.002263671773469032               
0.15588400031682265                0.06218840086683217                0.0022528480669064344              
0.15603252947331542                0.06418613398156335                0.0023236940681900338              
0.15618105842033492                0.0669833621697595                 0.0023922629346342676              
0.15632958715768216                0.06187667905975221                0.0022933023035149793              
0.15647811568515826                0.05977044200526473                0.002283711199576815               
0.15662664400256424                0.05902078863501195                0.0022485129713093127              
0.1567751721097012                 0.06192260351200885                0.0023337959305826917              
0.1569237000063702                 0.06499119882536533                0.0024103901425458515              
0.15707222769237236                0.0660465292018598                 0.0023816987576491303              
0.15722075516750872                0.059235273194448435               0.002307478634481844               
0.1573692824315803                 0.062235951293554456               0.0023848868354567525              
0.1575178094843883                 0.0677311991577728                 0.002494910787241827               
0.15766633632573374                0.06025375955814094                0.0023208881002799685              
0.15781486295541766                0.060210673663738966               0.002349042106351951               
0.15796338937324125                0.058306142555862486               0.0023378633234651404              
0.1581119155790055                 0.06382151289620865                0.002456491176714349               
0.1582604415725116                 0.06469907444615378                0.0024384381161495815              
0.15840896735356055                0.061589031617033996               0.0024307251893826024              
0.15855749292195345                0.05934600403986265                0.002393061853219082               
0.15870601827749145                0.05715463956151195                0.0023313863761616873              
0.15885454341997562                0.059707011630904125               0.0024254315521871055              
0.159003068349207                  0.059840357496138065               0.0024208817377813848              
0.15915159306498677                0.0562588024758443                 0.0023543576083167555              
0.15930011756711598                0.0625085948212255                 0.002504353969913161               
0.15944864185539576                0.06114507080240385                0.0024656072269217473              
0.15959716592962722                0.056680384521943225               0.0023994720109021413              
0.1597456897896114                 0.06011710892718045                0.0024749822070110226              
0.15989421343514953                0.060476886769963996               0.0024940247754563732              
0.16004273686604262                0.05780774786734462                0.002453802239325695               
0.1601912600820918                 0.062089556837373584               0.002539030793762584               
0.16033978308309815                0.0630797354736843                 0.0025838466418969717              
0.16048830586886284                0.05792513413982395                0.002488097557559728               
0.160636828439187                  0.05912201728883497                0.0025095898693321575              
0.16078535079387168                0.06108726287202921                0.002567689177521517               
0.16093387293271805                0.0583412867200649                 0.002517612350649531               
0.1610823948555272                 0.061268114775946944               0.002614859418427603               
0.16123091656210026                0.058268478696733614               0.002528636595345695               
0.16137943805223834                0.06245285127020596                0.0026581698754133817              
0.1615279593257426                 0.05992927050764047                0.0025861389091297107              
0.16167648038241414                0.06391212466374696                0.002698372018288213               
0.16182500122205412                0.05980365659584834                0.002637826212048317               
0.16197352184446365                0.06458148745105184                0.0027315058790756113              
0.16212204224944385                0.06373977221145208                0.002737857648735163               
0.16227056243679583                0.05917654691595942                0.002633321775638701               
0.1624190824063208                 0.05504134417795848                0.0025579881947677633              
0.16256760215781982                0.059667205857337806               0.002692743305026611               
0.1627161216910941                 0.057539793521713914               0.002634566162544582               
0.1628646410059447                 0.059600534339744056               0.0027063208538694516              
0.16301316010217284                0.054354959341316234               0.002594220668521546               
0.1631616789795796                 0.05674107734818449                0.002645566372595879               
0.16331019763796614                0.06253430473293808                0.0028366136669520253              
0.16345871607713366                0.05630116313205311                0.0026452593983987477              
0.16360723429688329                0.0634266426144813                 0.002862404310817184               
0.1637557522970161                 0.06019834066643049                0.0028221417394921496              
0.16390427007733335                0.06409682129832361                0.002855099343804784               
0.16405278763763612                0.06209785975870109                0.002901642430026096               
0.1642013049777256                 0.06785438421821086                0.0029842324057475314              
0.16434982209740293                0.06182693475365034                0.0028953114931928015              
0.16449833899646926                0.061211794641915986               0.0029049832159367267              
0.16464685567472578                0.06128483620186495                0.002882596216528246               
0.16479537213197368                0.05934059419705066                0.002878441620721815               
0.16494388836801405                0.05808408525454774                0.002847806578289672               
0.16509240438264808                0.06048818733391439                0.002937566059852439               
0.16524092017567696                0.06229953812549776                0.0030008631591401827              
0.16538943574690185                0.05799685962306479                0.002889029358725328               
0.1655379510961239                 0.0577842895529325                 0.002896464713582404               
0.1656864662231443                 0.05986018582332385                0.002974476547704919               
0.16583498112776424                0.05704526419450771                0.002930218398040358               
0.16598349580978486                0.06135152197722028                0.003059935797834493               
0.16613201026900737                0.05776200315819506                0.0029553611808075912              
0.16628052450523292                0.06067219300273293                0.0030644085072636753              
0.16642903851826274                0.06204843009924665                0.0031063068183256924              
0.16657755230789795                0.05622749218193654                0.002992687441416256               
0.1667260658739398                 0.05669126639304234                0.0030346139160721255              
0.16687457921618937                0.05754124490214482                0.003020132112159954               
0.16702309233444793                0.06264269842980158                0.003221992739461153               
0.16717160522851673                0.057586653732244704               0.0030737481819857254              
0.16732011789819684                0.060241255277311015               0.003183849273099477               
0.1674686303432895                 0.06030040415150428                0.0032185974634936646              
0.16761714256359592                0.06378466146812346                0.0032677871981184226              
0.16776565455891726                0.0598046540108664                 0.003248142941802566               
0.16791416632905476                0.05557080860373621                0.0031310603553434476              
0.1680626778738096                 0.05204260865133507                0.003030037822237519               
0.168211189192983                  0.057377572758176426               0.003243172162082489               
0.1683597002863761                 0.05873786839491007                0.0032632149108283368              
0.16850821115379017                0.056409734053257825               0.0032247298594663054              
0.1686567217950264                 0.054500703073339554               0.003205923710196444               
0.16880523220988602                0.056522915414279264               0.0032742845762611266              
0.1689537423981702                 0.05742398479101544                0.003349034803222132               
0.16910225235968016                0.05895032373354669                0.003353566747470663               
0.16925076209421713                0.05822455637631065                0.0034131839421195683              
0.16939927160158233                0.05874094335739918                0.0034493869652832704              
0.169547780881577                  0.05802470889309966                0.003407328229348275               
0.16969628993400226                0.059189882963250215               0.0035061060747973286              
0.16984479875865943                0.061030059833087                  0.0035715141081564955              
0.16999330735534968                0.05716017529287723                0.0034786574887620356              
0.17014181572387424                0.05600297293849797                0.0035001858086561232              
0.17029032386403442                0.05233131673783605                0.003350169258946332               
0.17043883177563132                0.056253217087768245               0.003543619591941997               
0.17058733945846627                0.05788103327590633                0.003631779033636235               
0.1707358469123404                 0.05874485983442769                0.0036715537396517306              
0.17088435413705508                0.05515642017784811                0.003582794495941551               
0.1710328611324114                 0.0555505090512987                 0.0036083933191095132              
0.17118136789821065                0.058632173451337186               0.00376125568058915                
0.17132987443425413                0.05955275266557212                0.003804685805927173               
0.17147838074034302                0.05401829131009071                0.0036926143741496673              
0.17162688681627855                0.05629020497823748                0.0037694709317549133              
0.17177539266186204                0.06028799679664327                0.0039161262170003                 
0.17192389827689467                0.05145400397398206                0.003675285998141576               
0.17207240366117768                0.0529276154359769                 0.0037425475786813053              
0.17222090881451232                0.05812181894676243                0.004020370283168083               
0.1723694137366999                 0.0549655567775961                 0.003876971449630427               
0.17251791842754163                0.05946024876536201                0.004083746651469733               
0.17266642288683876                0.055729591908553124               0.003970569020514489               
0.17281492711439256                0.0644589442549147                 0.004345821135118929               
0.17296343111000428                0.053670260814638215               0.004057090369014502               
0.1731119348734752                 0.052261880406831614               0.003984931022467692               
0.1732604384046066                 0.053781233357171006               0.0040424450434010835              
0.17340894170319962                0.05225029866376187                0.004080062851061449               
0.17355744476905563                0.05783379487903435                0.004334826195672281               
0.1737059476019759                 0.06161347700422197                0.004542205787503629               
0.17385445020176168                0.055482624167520575               0.00433246506784669                
0.17400295256821427                0.06770461242211681                0.004836043744436916               
0.17415145470113486                0.05681063305206899                0.004477305109336657               
0.17429995660032482                0.05214121429874963                0.004360267384939685               
0.17444845826558536                0.06299205029002451                0.004874471197937968               
0.17459695969671776                0.056092955397139016               0.004626468985454269               
0.17474546089352336                0.05685624453309374                0.004657845040234659               
0.17489396185580336                0.05874545222824084                0.004878544269519217               
0.1750424625833591                 0.05400182594726646                0.004736273450427247               
0.17519096307599183                0.05327364201290695                0.004764939397993947               
0.1753394633335029                 0.05994504922830664                0.005121451185041199               
0.17548796335569353                0.05765096324930673                0.00505632396385793                
0.17563646314236503                0.05546496605778072                0.005063235510184148               
0.1757849626933187                 0.060325075496115536               0.0053956387822848475              
0.17593346200835586                0.057307142416186826               0.005298047190560997               
0.17608196108727775                0.05742971538100863                0.005426598027263209               
0.17623045992988567                0.05691707088536814                0.005402329292565894               
0.17637895853598098                0.053054343354619816               0.005386852406879554               
0.17652745690536492                0.04951365415311191                0.005339194638766003               
0.17667595503783887                0.06621025982804409                0.006174138564449159               
0.176824452933204                  0.051393175786210096               0.005641133908693424               
0.17697295059126175                0.06253881710077783                0.006222844884701439               
0.1771214480118134                 0.05759800697022613                0.006210952822590459               
0.17726994519466022                0.0579543776681817                 0.006361319377911                  
0.17741844213960353                0.05493382425321095                0.006260290279028359               
0.17756693884644464                0.06719810561329718                0.007246158082299377               
0.1777154353149849                 0.0595298716138017                 0.006740430647388395               
0.17786393154502564                0.04964747134994091                0.006463550228000461               
0.17801242753636812                0.056519700155293714               0.007178009097734988               
0.17816092328881367                0.05438404939107008                0.007140975530008379               
0.17830941880216367                0.05768017626807516                0.007573778192480972               
0.1784579140762194                 0.06034296150152915                0.00799262050299056                
0.17860640911078218                0.05274349147346647                0.00786253548702344                
0.17875490390565335                0.07657590064674376                0.009647656644384483               
0.17890339846063424                0.046492611294684884               0.007973417056619084               
0.17905189277552622                0.06706365555773863                0.009782239547747273               
0.1792003868501306                 0.050868605983177835               0.009136271341289665               
0.17934888068424865                0.07081892532519338                0.011060057980943724               
0.17949737427768178                0.05127905832221716                0.010255811664443433               
0.17964586763023138                0.06563733668208067                0.012872540790853417               
0.1797943607416987                 0.06816199724586505                0.013117782486134238               
0.17994285361188503                0.04922821582068806                0.012710670669135291               
0.18009134624059184                0.07384248391137598                0.01740484037113083                
0.18023983862762047                0.026255162390774172               0.013127581195387086               
0.18038833077277225                0.10666182896642216                0.029582668728708104               
0.18053682267584845                0.03281909566506834                0.02320660509717985                
0.18068531433665053                nan                                nan                                
