#####################################################################################################
# NeXus source file: noemi5saxs
# NXdata: name = img{0}_azimuthalIntegration_Px_21                 
#
#
# Exposure_msec                                     1000.0 + 0.0
# _diffrn_source.source                             Storage Ring SOLEIL, beamline SWING
# _diffrn_sofware                                   Foxtrot 3.5.10-3979
# _diffrn_detector.detector                         EIGER-4M
# _diffrn_comment.comment                           -
# _sas_detc.pixnum_ax                               [1035]
# _sas_detc.pixnum_eq                               [1083]
# _sas_detc.pixsize                                 150.0
# _sas_detc.center_ax                               285.110346632731
# _sas_detc.center_eq                               957.0166664324403
# _sas_detc.dist_spec/detc                          6137.21860334
# _sas_detc.energy                                  12.000513668149837
# _sas_detc.gain                                    1.0
# _sas_detc.detector_based_uncertainty              0.0
# _sas_detc.encoder_delta                           0.0
# _sas_detc.delta0                                  0.0
# _sas_detc.gamma_offset                            0.0
# _sas_detc.wave_length                             1.0331573224991384
# _sas_detc.bias                                    0
# _sas_detc.mask                                    E:\20251487\published-data\3120\2026-09-03_session3\\mask_bags_saxs_12kev_sept26.txt
# Normalization                                     true
# Normalization Factor                              0.02571
# Normalization Monitor                             averagemi8b
# Normalization Intensity                           1.9589104683430584e-06
# GlobalNormalization                               45.514717087620085
# AbsTimeStamps                                     nan
# TimeStamps                                        1.3574309349060059
# gapTime                                           500.0
# step_global_regrid                                nan
# xmax_global_regrid                                nan
# xmin_global_regrid                                nan
# ymax_global_regrid                                nan
# ymin_global_regrid                                nan
#####################################################################################################
q(A-1)                             I(q)emptycap_00190{00000}_AzInt_Px_21        Sig(q)emptycap_00190{00000}_AzInt_Px_21      
0.0                                nan                                          nan                                          
0.00014863910320409943             nan                                          nan                                          
0.0002972782062084175              nan                                          nan                                          
0.0004459173088131729              nan                                          nan                                          
0.0005945564108185842              nan                                          nan                                          
0.0007431955120248703              nan                                          nan                                          
0.0008918346122322496              nan                                          nan                                          
0.001040473711240941               nan                                          nan                                          
0.001189112808851163               393.51010339433157                           1.4701851668027672                           
0.0013377519048631344              271.3719507330359                            0.49842629899241714                          
0.001486390999077074               203.98668331583764                           0.32284255539854534                          
0.0016350300912932002              143.6424513821342                            0.23326603481117636                          
0.0017836691813117322              107.14338001581463                           0.20688329802382893                          
0.0019323082689328885              81.77262091512145                            0.16887205689357468                          
0.0020809473539568878              63.98080149314844                            0.137826615800118                            
0.0022295864361839487              50.32946215300534                            0.1190660546897233                           
0.0023782255154142914              39.76545553751823                            0.09745030289199386                          
0.002526864591448133               32.51926254089671                            0.09114760276895714                          
0.0026755036640856928              26.851001557719176                           0.07531608111400684                          
0.00282414273312719                22.26742536886133                            0.06825971955217074                          
0.002972781798372844               18.54326310116255                            0.06031262390331257                          
0.0031214208596228726              15.769494598688782                           0.053510666977691655                         
0.003270059916677496               13.51380892126496                            0.05037558777639416                          
0.0034186989693369323              11.488897446593151                           0.04261435852904735                          
0.0035673380174014                 10.010782126741713                           0.039922584598778815                         
0.0037159770606711206              8.717316178929705                            0.03685581680986784                          
0.0038646160989463108              7.70014697163217                             0.03369617312397084                          
0.004013255132027191               6.7692289158091015                           0.031383786803496745                         
0.00416189415971398                6.075279883346426                            0.027776934988900985                         
0.004310533181806896               5.337628679460522                            0.02642066704265744                          
0.004459172198106161               4.769470487991252                            0.02461139794801152                          
0.0046078112084119915              4.2250956460114715                           0.022646612452874464                         
0.004756450212524608               3.7944530081348313                           0.021402434215425547                         
0.0049050892102442305              3.417400648645448                            0.01923198970816568                          
0.005053728201371077               3.1233061819553747                           0.018905186549928666                         
0.00520236718570537                2.79766751456086                             0.017027638996510518                         
0.005351006163047325               2.522787138168221                            0.016246319323874586                         
0.005499645133197165               2.305840324629769                            0.015244413161574759                         
0.005648284095955107               2.14178157109962                             0.01436628647534854                          
0.005796923051121373               1.968155280206569                            0.014051801124545057                         
0.005945561998496182               1.797188021878677                            0.012618138929711533                         
0.006094200937879753               1.6358940530208457                           0.012112086058891875                         
0.006242839869072308               1.531739926054763                            0.011672623005159212                         
0.006391478791874063               1.416254530012201                            0.011112066239700596                         
0.006540117706085243               1.2895846941751004                           0.010459225003603705                         
0.006688756611506066               1.221349711429515                            0.009789611825081052                         
0.006837395507936751               1.1252446400281786                           0.00965884123295672                          
0.006986034395177519               1.0652046949417047                           0.009077826373489008                         
0.007134673273028592               0.9720997826378976                           0.008641655138047603                         
0.007283312141290187               0.9194583634159438                           0.008331900647907174                         
0.007431950999762529               0.8567958207523468                           0.007843366684242922                         
0.007580589848245835               0.8150929697557803                           0.007804669029149222                         
0.007729228686540326               0.7444120099575153                           0.0071380366211443915                        
0.007877867514446222               0.7133612648979198                           0.007042645744984824                         
0.008026506331763748               0.6580508551924201                           0.00665956055810489                          
0.00817514513829312                0.6349874895864417                           0.006462997916037495                         
0.008323783933834563               0.5933528492702801                           0.006362873170476842                         
0.008472422718188292               0.5650389728902959                           0.005921916497261717                         
0.008621061491154536               0.524744439769904                            0.005723047121600874                         
0.00876970025253351                0.5003953313456144                           0.005557204504811649                         
0.00891833900212544                0.4669755161684174                           0.005353407694063343                         
0.009066977739730543               0.4409805543426048                           0.005145101859339352                         
0.009215616465149042               0.4250585753637308                           0.004931551844268723                         
0.00936425517818116                0.4082794116537479                           0.004930493669565748                         
0.009512893878627117               0.3882291862915914                           0.0046706850721365024                        
0.009661532566287137               0.36691008617737814                          0.004529063902082514                         
0.009810171240961438               0.3589151683889675                           0.004462448706914833                         
0.009958809902450245               0.3332969740026585                           0.004185549612718893                         
0.010107448550553781               0.3201892947102991                           0.004252590640533096                         
0.010256087185072265               0.306780387170412                            0.003949998446102083                         
0.01040472580580592                0.29166781104730033                          0.003915445108601634                         
0.010553364412554972               0.2841217546679029                           0.0037709002208394767                        
0.010702003005119639               0.2673642082485669                           0.003662179808244574                         
0.010850641583300147               0.25981115664295107                          0.0036477525117231545                        
0.010999280146896714               0.24278944318195778                          0.0034202481756407414                        
0.011147918695709568               0.23798704453502678                          0.0034012034516670278                        
0.011296557229538928               0.23735298078514835                          0.0033416741941340315                        
0.011445195748185017               0.2174000628056334                           0.003201563382327984                         
0.011593834251448063               0.2114007938792835                           0.0031503270366909524                        
0.011742472739128288               0.20252733062013303                          0.0030104149619389667                        
0.01189111121102591                0.19505093318122668                          0.0030068389465186156                        
0.012039749666941157               0.1923243156369224                           0.002921728461726771                         
0.012188388106674252               0.17729112833814303                          0.002777302579220133                         
0.012337026530025419               0.1787445667476167                           0.0027969840052125064                        
0.012485664936794882               0.17534263911246897                          0.002732400573196658                         
0.012634303326782862               0.16650146079449576                          0.0026914654983961742                        
0.012782941699789586               0.16267670943752477                          0.002591984431585642                         
0.012931580055615283               0.15547143695512955                          0.002550769430212859                         
0.013080218394060168               0.15347496412122927                          0.002487402704075864                         
0.01322885671492447                0.14354705552308103                          0.0024212053444247527                        
0.013377495018008414               0.14004031346929058                          0.0023804127873159092                        
0.013526133303112226               0.13644783841556707                          0.002311679314656752                         
0.013674771570036126               0.13539679320533                             0.002304814082371787                         
0.013823409818580348               0.12684180018886249                          0.0022053607789662114                        
0.013972048048545106               0.12783179278712034                          0.0022375039193175                           
0.014120686259730635               0.12339055872403028                          0.002150888955893807                         
0.014269324451937156               0.11951391953140199                          0.0020989978045230263                        
0.014417962624964894               0.1164619339423497                           0.0020967971297751868                        
0.014566600778614077               0.11684965745864592                          0.0020685405625656176                        
0.014715238912684931               0.10978181336467487                          0.0020117224080099345                        
0.01486387702697768                0.10750532907074334                          0.001956583723494854                         
0.015012515121292555               0.10622893870287223                          0.0019339942900125947                        
0.015161153195429777               0.10202928719507609                          0.0019138716784008014                        
0.015309791249189571               0.10147417215428889                          0.001870829385104564                         
0.015458429282372172               0.09551288923088912                          0.0018323868368268362                        
0.015607067294777802               0.09622418234077962                          0.001795214785202389                         
0.015755705286206685               0.09275566675157594                          0.0017775287382143488                        
0.015904343256459057               0.0924220815242854                           0.0017757067391625907                        
0.01605298120533514                0.08827692211683698                          0.0016988901582462486                        
0.016201619132635157               0.08608423000901137                          0.0016941251128084736                        
0.01635025703815934                0.08400923616256967                          0.0016403173958761854                        
0.016498894921707925               0.08263137766078929                          0.0016522971268297549                        
0.016647532783081127               0.08020913429553372                          0.0016016221372937632                        
0.016796170622079182               0.07871436543892867                          0.0015695855940214046                        
0.016944808438502313               0.0773767336499635                           0.001569666016524224                         
0.01709344623215075                0.0753031836018653                           0.0015276019374331389                        
0.017242084002824728               0.07504975845416643                          0.0015403128605971407                        
0.01739072175032447                0.0729671455685569                           0.0014799085450445909                        
0.017539359474450206               0.07039313157724882                          0.0014646177601087306                        
0.017687997175002166               0.07164915683759515                          0.0014745621789050267                        
0.017836634851780577               0.07026052307303574                          0.0014414120903412963                        
0.017985272504585672               0.06890556308694329                          0.0014430682201003091                        
0.01813391013321768                0.06781166168967753                          0.0013964728167311653                        
0.018282547737476833               0.06679601787058431                          0.0014016578225147325                        
0.018431185317163357               0.06600061174321135                          0.0013831409696049757                        
0.018579822872077482               0.06340917737615907                          0.0013433665365382103                        
0.01872846040201944                0.06401066419959558                          0.001358550686960949                         
0.018877097906789472               0.06216959181825968                          0.00134328536361047                          
0.019025735386187796               0.059349692643008344                         0.0013429732199653369                        
0.019174372840014643               0.05935779370386277                          0.0013239748072542564                        
0.01932301026807025                0.0575112265543607                           0.001306735890906764                         
0.019471647670154846               0.05773468015155342                          0.0013608194614933265                        
0.019620285046068664               0.05540578219741335                          0.0013282519626875964                        
0.019768922395611937               0.05678115732790637                          0.0013707100544315025                        
0.019917559718584898               0.054686198000352466                         0.0013282899272434366                        
0.020066197014787773               0.054256281156732686                         0.001350093230345376                         
0.0202148342840208                 0.05364596334729105                          0.001363488785762866                         
0.020363471526084212               0.05094404155278363                          0.0013032619591308702                        
0.02051210874077824                0.0521862371452639                           0.0013588138764257854                        
0.020660745927903117               0.05036342691138402                          0.0012977851114073743                        
0.020809383087259083               0.04993149588601739                          0.0013421669244344343                        
0.02095802021864636                0.04893931408142342                          0.0013169249897018575                        
0.02110665732186519                0.04804253476976878                          0.0012974994598696768                        
0.021255294396715804               0.049264657406000834                         0.0013309911978876782                        
0.021403931442998434               0.047363543622759664                         0.0012924274736950507                        
0.021552568460513323               0.04778484363042802                          0.0013351055593595121                        
0.021701205449060703               0.04660804523464562                          0.0012956680530542492                        
0.021849842408440803               0.04546043879409186                          0.0012817204180354774                        
0.02199847933845386                0.04543227613553806                          0.00130072228196484                          
0.02214711623890011                0.044196499506412794                         0.0012658610018404849                        
0.02229575310957979                0.04583926725828977                          0.0012807462765147266                        
0.022444389950293145               0.04394272863007102                          0.0012178155884902857                        
0.022593026760840393               0.04602387967084703                          0.0012530755344356504                        
0.02274166354102178                0.04442039118447106                          0.0012310533851160599                        
0.02289030029063754                0.04291033553188594                          0.001176619630970109                         
0.02303893700948792                0.04211459775804015                          0.0011831623726006751                        
0.02318757369737314                0.04263724243770125                          0.0011651955583033486                        
0.023336210354093452               0.04228081949520849                          0.001185495311255248                         
0.02348484697944908                0.04038160167983713                          0.0011331350678847152                        
0.02363348357324028                0.03996551937410854                          0.0011322085757946392                        
0.023782120135267273               0.04224286040167375                          0.0011640199683200926                        
0.023930756665330306               0.041425615996935346                         0.0011346290545006278                        
0.02407939316322961                0.039638519310850426                         0.0011283915968097874                        
0.024228029628765434               0.03846540352952075                          0.0010879659070720433                        
0.024376666061738005               0.03768756347701453                          0.0010829938474830822                        
0.024525302461947576               0.039704438435996324                         0.001112383001985652                         
0.024673938829194372               0.04022559903875277                          0.0011025885866018496                        
0.024822575163278647               0.036084751397081026                         0.0010650077633769899                        
0.02497121146400064                0.038774921405574675                         0.0010700857066871447                        
0.02511984773116057                0.03678440626955421                          0.001067673321914638                         
0.025268483964558705               0.03811627678144262                          0.0010755129703664142                        
0.025417120163995274               0.03674695021568438                          0.0010410276863673203                        
0.02556575632927051                0.0369218007993972                           0.0010570680818801643                        
0.02571439246018467                0.0367921783816128                           0.0010299832568808444                        
0.025863028556537982               0.03419145059134555                          0.001020754017526396                         
0.0260116646181307                 0.03561204709391535                          0.00102208636728531                          
0.026160300644763053               0.034920077475534696                         0.0010114328873692686                        
0.0263089366362353                 0.03254825382765692                          0.0009751807028741669                        
0.026457572592347666               0.03495075307828589                          0.0010085212052463577                        
0.026606208512900405               0.03400148251007566                          0.0010000436032375196                        
0.026754844397693756               0.034785930179340424                         0.000993073377881271                         
0.02690348024652797                0.03602878759806921                          0.0010145935677313496                        
0.02705211605920328                0.03374205015879328                          0.0009902739547864735                        
0.027200751835519926               0.03362017596847271                          0.000973782251126995                         
0.027349387575278168               0.03319960178864557                          0.0009726798338419375                        
0.027498023278278244               0.03307034830024061                          0.0009664075661227453                        
0.0276466589443204                 0.03170868974838315                          0.0009432766303581572                        
0.027795294573204874               0.03400772795085005                          0.0009825376671803668                        
0.027943930164731925               0.032208384674420366                         0.0009452633825959248                        
0.02809256571870178                0.030516137045599342                         0.0009200961511937961                        
0.028241201234914706               0.03364924103183044                          0.0009649581656880999                        
0.02838983671317093                0.03195122130873772                          0.000938524783300718                         
0.028538472153270714               0.030881292915937397                         0.0009215217640804913                        
0.0286871075550143                 0.03239655308310173                          0.0009415056998373438                        
0.02883574291820193                0.02953787627700615                          0.0008918174241962422                        
0.028984378242633856               0.032446205753057185                         0.000946956151098709                         
0.029133013528110326               0.03257040037708332                          0.0009324878501926848                        
0.02928164877443159                0.0319118953937599                           0.0009309656700584978                        
0.029430283981397888               0.032457560122012244                         0.0009365788937447781                        
0.029578919148809477               0.031133226089818417                         0.0009105774057934982                        
0.029727554276466603               0.030298387392827864                         0.0009021213565959298                        
0.029876189364169515               0.030691898192246148                         0.0008992092924481299                        
0.03002482441171847                0.03188932528218513                          0.0009171327036783376                        
0.0301734594189137                 0.030452972251910588                         0.0008983998534943134                        
0.030322094385555477               0.03114645428466243                          0.0009074777142102483                        
0.03047072931144404                0.030194933408452213                         0.0008850291720301565                        
0.03061936419637964                0.02883466118044204                          0.0008674285529491145                        
0.030767999040162516               0.028522025184848646                         0.0008576355910835648                        
0.030916633842592953               0.02892685894045561                          0.0008729715849469486                        
0.031065268603471176               0.02999160069650311                          0.0008738300994656575                        
0.031213903322597436               0.028716368926184087                         0.0008630892626215871                        
0.031362537999772004               0.02894777220539454                          0.0008584893543618895                        
0.031511172634795116               0.02922784088594866                          0.0008626324484751952                        
0.03165980722746703                0.029723544831918813                         0.0008734666393740432                        
0.03180844177758801                0.029245763270814774                         0.0008550077069141023                        
0.03195707628495829                0.028560838871475015                         0.0008507637974663054                        
0.03210571074937814                0.028033029525513727                         0.0008414116968429164                        
0.032254345170647805               0.028703534534309804                         0.0008475272482843296                        
0.03240297954856755                0.02898574857004657                          0.0008536303882201814                        
0.03255161388293761                0.027532185329065005                         0.0008212162390044479                        
0.03270024817355827                0.028993805574574233                         0.0008542381889244068                        
0.03284888242022977                0.02838342355935702                          0.0008366178305511176                        
0.03299751662275236                0.028827311304386625                         0.0008431345427493104                        
0.033146150780926295               0.028281142355244877                         0.0008332411474623226                        
0.03329478489455186                0.026827572478405233                         0.0008070496208869893                        
0.033443418963429276               0.02705961931767306                          0.0008214985731199678                        
0.033592052987358824               0.02826333440632141                          0.0008238253766945641                        
0.03374068696614075                0.026973275255276107                         0.0008092387206059125                        
0.03388932089957531                0.027994948398234007                         0.0008212523159505875                        
0.03403795478746278                0.027658520247553733                         0.0008180989327494731                        
0.03418658862960341                0.028848862362527542                         0.000838757312289881                         
0.034335222425797444               0.028371082320233963                         0.0008421277394400177                        
0.034483856175845165               0.027509835765304014                         0.000839823719927931                         
0.03463248987954682                0.027529301078525113                         0.0008415952908169769                        
0.034781123536702666               0.0284034610270378                           0.0008634906367605059                        
0.03492975714711298                0.0274388461697221                           0.000847184693997836                         
0.03507839071057801                0.02850423168687989                          0.0008398139799293847                        
0.03522702422689801                0.029539044569721326                         0.0008617424970036661                        
0.03537565769587327                0.027721949506877758                         0.0008235857301781737                        
0.03552429111730402                0.02699140857528583                          0.0008149336209989557                        
0.035672924490990535               0.027023928757191215                         0.0008082162637848144                        
0.03582155781673309                0.029415752029322024                         0.0008390812459028292                        
0.03597019109433192                0.027140525946972992                         0.0008153580798925907                        
0.03611882432358732                0.02910830837784404                          0.0008266204109054754                        
0.03626745750429954                0.028116621250125557                         0.0008198973256416916                        
0.03641609063626884                0.027751764879497494                         0.0008058389644963808                        
0.03656472371929549                0.027417983078829148                         0.0008039807431456704                        
0.03671335675317976                0.02597990601867989                          0.0007826124967633953                        
0.0368619897377219                 0.026736608386509843                         0.0007863708348973484                        
0.03701062267272219                0.02636191799265755                          0.0007824905005695516                        
0.03715925555798089                0.02672852381329538                          0.0007874966849786367                        
0.03730788839329828                0.02493261461992749                          0.0007593787567981295                        
0.037456521178474596               0.0252485156825093                           0.0007605802685987699                        
0.03760515391331015                0.025919948406845385                         0.0007646701168825677                        
0.037753786597605164               0.027138059917153703                         0.0007893508095671521                        
0.03790241923115994                0.02765192894840659                          0.0007910243077531844                        
0.038051051813774724               0.02630763052340071                          0.0007727517830242661                        
0.03819968434524979                0.0264655114021633                           0.0007710945706095069                        
0.03834831682538542                0.025009037595110667                         0.0007472879306398923                        
0.03849694925398188                0.025641826006331876                         0.0007621241707969218                        
0.03864558163083943                0.027225995141233843                         0.0007785213627178678                        
0.03879421395575834                0.025330364574353403                         0.0007505499122224908                        
0.038942846228538906               0.02487138537781715                          0.0007363039912853463                        
0.03909147844898136                0.02378281069355747                          0.0007291088419871904                        
0.03924011061688601                0.026340535569421373                         0.0007584918997108617                        
0.0393887427320531                 0.025379190090242004                         0.0007397577559574942                        
0.039537374794282924               0.025299481962451                            0.0007393212362181466                        
0.039686006803375744               0.024620100780539222                         0.0007250620468373818                        
0.039834638759131825               0.026979775838289474                         0.0007631032980058983                        
0.03998327066135146                0.025468421116514824                         0.000734598079163201                         
0.04013190250983492                0.026224387973469997                         0.0007411450236982085                        
0.04028053430438246                0.025705117633188692                         0.0007383602118359972                        
0.04042916604479439                0.0266477908116941                           0.0007474608237492954                        
0.04057779773087095                0.025096116020580206                         0.0007302668131510964                        
0.040726429362412435               0.025143666749882936                         0.0007195662411855246                        
0.04087506093921912                0.025493893251315628                         0.0007332009391220297                        
0.04102369246109126                0.02547708878550875                          0.0007312071967420006                        
0.04117232392782917                0.025978676616380526                         0.0007324478411564109                        
0.041320955339233106               0.025739140410648176                         0.0007339077660083504                        
0.041469586695103346               0.025958051703550547                         0.0007321573967767419                        
0.04161821799524017                0.025933338596214012                         0.0007352723595524119                        
0.041766849239443855               0.02640861791354597                          0.0007416278774419836                        
0.04191548042751469                0.025855989311837104                         0.0007269690085297414                        
0.042064111559252944               0.02530228049383948                          0.0007211583550240987                        
0.0422127426344589                 0.02505887355598382                          0.0007156757629194455                        
0.042361373652932834               0.026510094267657845                         0.0007361075700781595                        
0.04251000461447503                0.025655904600349316                         0.0007390840135862607                        
0.04265863551888578                0.02717034150913418                          0.0007639234372388571                        
0.042807266365965366               0.025000957950555142                         0.0007434047765218226                        
0.04295589715551405                0.025870917097285232                         0.0007569904540205628                        
0.04310452788733213                0.026201507930711947                         0.0007656809440945901                        
0.04325315856121989                0.025886726826310616                         0.0007587534007691299                        
0.0434017891769776                 0.02601718736065305                          0.0007688782949554231                        
0.043550419734405564               0.024988453380678555                         0.0007527462138025956                        
0.04369905023330405                0.025198576301767455                         0.0007539619302942501                        
0.043847680673473347               0.025232935165895875                         0.0007611476758342883                        
0.04399631105471376                0.026538091718560697                         0.0007725537182039812                        
0.04414494137682554                0.025121452572486623                         0.000759861895377901                         
0.044293571639608995               0.025737450356692813                         0.0007663214325590239                        
0.04444220184286442                0.02554380390674996                          0.0007622469467697104                        
0.044590831986392084               0.02560434765351334                          0.0007647348976339512                        
0.04473946206999227                0.025691857946134468                         0.0007656430009516018                        
0.044888092093465295               0.026722934978989758                         0.0007907716718703789                        
0.04503672205661142                0.024280877103727404                         0.0007412496645321185                        
0.04518535195923094                0.025151768824412783                         0.0007667652053324145                        
0.04533398180112416                0.025554004207094298                         0.0007683894590467354                        
0.04548261158209136                0.02611154307493081                          0.0007791887244738946                        
0.04563124130193283                0.024416826448053295                         0.0007611697648217956                        
0.04577987096044885                0.024045687102173578                         0.0007441953330229496                        
0.045928500557439744               0.025172716818286568                         0.0007724454722152285                        
0.04607713009270576                0.025469555215812484                         0.0007757324881814278                        
0.04622575956604723                0.025572221527515236                         0.0007756283702710841                        
0.04637438897726441                0.025044302987866644                         0.0007692296514978206                        
0.04652301832615762                0.025999647181653755                         0.000777930623591388                         
0.04667164761252716                0.024830528565071713                         0.0007721927060403617                        
0.0468202768361733                 0.02549505913650141                          0.0007711625712062098                        
0.04696890599689635                0.02504486366244048                          0.0007663603824791247                        
0.04711753509449661                0.025474456536795104                         0.0007737315150758981                        
0.04726616412877436                0.026197582102317395                         0.000775565332245871                         
0.0474147930995299                 0.024036544073941932                         0.0007507755021657585                        
0.04756342200656354                0.02552064429038887                          0.0007642830017234261                        
0.04771205084967556                0.02493039600926613                          0.0007589592437164486                        
0.04786067962866626                0.025032482300291186                         0.0007617141792343494                        
0.048009308343335964               0.025089382308277796                         0.000752719106144587                         
0.04815793699348494                0.02424445073816504                          0.0007496292210288858                        
0.048306565578913496               0.02541753200965711                          0.0007564607660529743                        
0.04845519409942194                0.024262826414848976                         0.0007491238897089027                        
0.04860382255481056                0.026288735277821128                         0.0007810066616661809                        
0.04875245094487968                0.024399503420847006                         0.0007403994287988589                        
0.04890107926942957                0.02608724651300658                          0.0007743375344741359                        
0.04904970752826055                0.024728160346372794                         0.0007472823909308744                        
0.04919833572117292                0.024209576085279544                         0.000747123738224156                         
0.04934696384796698                0.023995427329324852                         0.000738408231663206                         
0.049495591908443035               0.025157278281514022                         0.0007537391236675729                        
0.049644219902401386               0.025916419050718353                         0.0007685900559241368                        
0.04979284782964235                0.024085061171674475                         0.0007356146351577733                        
0.049941475689966215               0.025642973212578826                         0.0007669154321867239                        
0.05009010348317329                0.025077082222954794                         0.0007483196092532307                        
0.050238731209063886               0.025484340371422512                         0.0007597962324299064                        
0.05038735886743832                0.025696283944778395                         0.0007661151689288125                        
0.05053598645809688                0.02510577957913553                          0.0007521961671376011                        
0.05068461398083988                0.026805954745931435                         0.0007780471578352029                        
0.050833241435467615               0.025576114228645686                         0.0007541984625425236                        
0.05098186882178042                0.02469718595682175                          0.0007487434290845384                        
0.05113049613957859                0.023025989819505724                         0.000718160890983701                         
0.05127912338866244                0.025507891518927354                         0.0007578087340758414                        
0.05142775056883227                0.025518805466652056                         0.0007591386784619911                        
0.051576377679888395               0.023660124075501582                         0.0007246668842454943                        
0.05172500472163113                0.024677356167154312                         0.0007488308305002704                        
0.05187363169386079                0.023992838670963437                         0.0007257241123063718                        
0.052022258596377664               0.024266389635032044                         0.0007350077487697332                        
0.05217088542898209                0.02509953784759743                          0.0007513350126417008                        
0.052319512191474384               0.024177369077961794                         0.0007336587940510098                        
0.052468138883654855               0.025131484386659                            0.0007476165712383346                        
0.052616765505323786               0.02442468454378669                          0.0007344316762214955                        
0.05276539205628153                0.024631468687926216                         0.0007386486602419576                        
0.0529140185363284                 0.025661566386999634                         0.0007550786143150979                        
0.05306264494526469                0.025781255526623317                         0.0007599174223102851                        
0.053211271282890736               0.02358718212093645                          0.0007220941899259808                        
0.053359897549006836               0.024602380303479884                         0.0007341541353063429                        
0.053508523743413326               0.024589883758056284                         0.0007383983246692868                        
0.053657149865910525               0.025394502116275856                         0.0007462518534552794                        
0.05380577591629874                0.02512516016813122                          0.0007441430214554988                        
0.0539544018943783                 0.024439474620372832                         0.0007335511059039007                        
0.05410302779994951                0.025291526039539707                         0.0007454823623470648                        
0.054251653632812716               0.025232983412196104                         0.0007479928924834566                        
0.05440027939276821                0.023752874496751206                         0.0007135859555352785                        
0.05454890507961633                0.025338888189525878                         0.0007465541527725613                        
0.0546975306931574                 0.025386312177281725                         0.0007476269749253848                        
0.05484615623319174                0.024203752102524213                         0.0007274596105288037                        
0.05499478169951966                0.025002939569705365                         0.0007408481644337185                        
0.05514340709194151                0.024087705780673107                         0.0007172010026278926                        
0.05529203241025758                0.023555741917219396                         0.0007194479753568052                        
0.055440657654268234               0.024626019093970743                         0.0007287207900540013                        
0.05558928282377376                0.024373970726251117                         0.0007292890597319521                        
0.05573790791857452                0.024834163538337558                         0.0007335964615880672                        
0.05588653293847082                0.024757890603932374                         0.0007281732530568345                        
0.05603515788326298                0.02413613668459966                          0.0007260835834722774                        
0.05618378275275134                0.02445808760443169                          0.0007237514457493099                        
0.05633240754673624                0.024446602914051412                         0.000728209868901344                         
0.05648103226501799                0.02521086804776198                          0.0007351638415434898                        
0.05662965690739693                0.02481187314706337                          0.0007303930763529808                        
0.056778281473673364               0.024758585226491815                         0.0007339300896306501                        
0.05692690596364766                0.025671318343026526                         0.0007364784327239312                        
0.05707553037712013                0.024747421763948285                         0.0007294445740342163                        
0.05722415471389112                0.0252465322165155                           0.0007324761915435043                        
0.05737277897376094                0.024470387911242352                         0.0007257058460268172                        
0.057521403156529954               0.023491514133536173                         0.0007086179735735299                        
0.05767002726199845                0.023983040492517007                         0.0007121930207628954                        
0.05781865128996681                0.024499381447539083                         0.0007272055568137613                        
0.05796727524023534                0.022937494113877417                         0.0006931686467285239                        
0.058115899112604404               0.02417559287146558                          0.0007188625032464152                        
0.0582645229068743                 0.024326021117102917                         0.0007179598123511783                        
0.058413146622845386               0.02447386127630223                          0.0007170336400795564                        
0.058561770260317995               0.02433215394840557                          0.0007222418083663827                        
0.05871039381909247                0.025274262799422985                         0.0007265839693440003                        
0.05885901729896914                0.02390601650124138                          0.000712423144063151                         
0.059007640699748364               0.0251489715679678                           0.0007247813113446446                        
0.05915626402123044                0.023630473584412597                         0.0007038991933349967                        
0.05930488726321576                0.025228676604270788                         0.0007325750531065958                        
0.059453510425504646               0.024410999689911107                         0.0007130529145341401                        
0.05960213350789743                0.024857653147535363                         0.000723327830154265                         
0.05975075651019445                0.0257404905198072                           0.0007318666692122739                        
0.05989937943219608                0.02456549911945372                          0.0007194097464946717                        
0.060048002273702626               0.02523493990102264                          0.0007239592739200424                        
0.060196625034514444               0.0238001359112889                           0.0007027449415184981                        
0.060345247714431886               0.023906878392371964                         0.0007086825535785589                        
0.06049387031325529                0.02512271537969589                          0.0007411507694485256                        
0.060642492830785                  0.023326450694542134                         0.0007250675810613717                        
0.060791115266821405               0.024228557647137453                         0.0007427740916219636                        
0.06093973762116479                0.024902584348547863                         0.0007577615104374865                        
0.06108835989361553                0.023587900227017126                         0.0007481627645460805                        
0.06123698208397396                0.024833273526876393                         0.0007660067808181784                        
0.061385604192040456               0.024593723323786947                         0.000772334269467481                         
0.061534226217615354               0.024166899839497664                         0.0007630807108938722                        
0.06168284816049901                0.023159437221407213                         0.0007561824305307498                        
0.061831470020491754               0.023618659521612247                         0.0007670983999931092                        
0.06198009179739396                0.02502151325260958                          0.0007873229019476094                        
0.06212871349100597                0.02390728470777667                          0.0007797696482681988                        
0.06227733510112815                0.022449899192364092                         0.0007495803164287202                        
0.06242595662756082                0.022734838494821188                         0.0007721155955863339                        
0.06257457807010439                0.023906503763895994                         0.0007847694328461782                        
0.06272319942855915                0.024464513608703223                         0.0007924833298106205                        
0.06287182070272551                0.0252679689833039                           0.0008159452744312847                        
0.0630204418924038                 0.02538745252363045                          0.0008164054349201164                        
0.06316906299739436                0.023150720566721922                         0.0007866935092843738                        
0.0633176840174976                 0.023785027338047337                         0.0007680585911563459                        
0.06346630495251382                0.023057235404392102                         0.0007532470476018968                        
0.06361492580224343                0.02332680013519449                          0.0007505274918978808                        
0.06376354656648675                0.02400259063146111                          0.0007567616716348489                        
0.06391216724504416                0.022876319274008905                         0.000736796632400694                         
0.06406078783771602                0.024909136977487485                         0.0007586636924857653                        
0.06420940834430268                0.023605789245066053                         0.0007416752773692051                        
0.06435802876460452                0.024231956150926083                         0.0007471032136743315                        
0.06450664909842187                0.02418805930913912                          0.0007429303359647079                        
0.06465526934555513                0.02447749957678757                          0.0007497016201532756                        
0.06480388950580464                0.025004086104018695                         0.0007518538401935084                        
0.0649525095789708                 0.023728094812293727                         0.0007350705264851135                        
0.06510112956485392                0.025573802711824484                         0.0007561053278040515                        
0.06524974946325443                0.023537951170435195                         0.000725017270815549                         
0.06539836927397262                0.024062213766023594                         0.0007349168214444351                        
0.06554698899680893                0.022265356363714153                         0.0007055048137127583                        
0.06569560863156369                0.022308724610534254                         0.0007047594072479259                        
0.06584422817803728                0.022892215196445805                         0.0007071428889965464                        
0.06599284763603007                0.023502339512723243                         0.0007161487597051443                        
0.06614146700534243                0.02349259400725835                          0.0007188617024028522                        
0.06629008628577472                0.0247876100442087                           0.0007380403488122863                        
0.06643870547712732                0.023880942778932865                         0.0007233329001320585                        
0.06658732457920061                0.023820246542951357                         0.0007108146564603267                        
0.06673594359179495                0.02387529693550096                          0.0007221687651130991                        
0.06688456251471071                0.023688640829879627                         0.000716850882087275                         
0.0670331813477483                 0.02382046981435847                          0.0007149716696817674                        
0.06718180009070804                0.02307584320146444                          0.0007057789912757821                        
0.06733041874339035                0.023134923822371888                         0.0007049530959373356                        
0.06747903730559558                0.024138201725313124                         0.000719023284163591                         
0.06762765577712412                0.023850134320078247                         0.0007088716629461705                        
0.06777627415777635                0.02426898575543471                          0.000721320729669395                         
0.06792489244735264                0.023454115528668468                         0.0007039755416718585                        
0.06807351064565337                0.02214572513923114                          0.0006873710367341756                        
0.06822212875247895                0.024235959159323767                         0.0007156134639544307                        
0.0683707467676297                 0.023058213294717356                         0.0006930296919177177                        
0.06851936469090604                0.022713226598148513                         0.0006921033988280253                        
0.06866798252210835                0.02405101137481533                          0.0007101525237105259                        
0.06881660026103702                2.962374484382671                            0.007892736755936164                         
0.06896521790749241                0.024349143013863848                         0.0007152238078735141                        
0.06911383546127492                0.023627440982428787                         0.0006985599369205305                        
0.06926245292218494                0.02233097951401245                          0.0006836370058851398                        
0.06941107029002283                0.02345253406138435                          0.0006936919587224177                        
0.06955968756458901                0.0235836804522981                           0.0007018828175180742                        
0.06970830474568386                0.0242690274333579                           0.0007050066238795138                        
0.06985692183310774                0.023502184206453874                         0.0006963801188653458                        
0.07000553882666105                0.023720982999028365                         0.0006979779294444123                        
0.0701541557261442                 0.02346994518691059                          0.000688508032442009                         
0.07030277253135758                0.022921822675053525                         0.0006867624686035221                        
0.07045138924210155                0.023192809059586823                         0.0006860096696889795                        
0.07060000585817654                0.023549406311277606                         0.0006938310373175698                        
0.07074862237938288                0.022504903312255964                         0.0006770114478629937                        
0.07089723880552104                0.023252802091997666                         0.0006812591253109265                        
0.07104585513639136                0.022323255485276874                         0.0006758419642508731                        
0.07119447137179426                0.02311623372748211                          0.0006801834879406953                        
0.07134308751153012                0.02179416909587372                          0.0006625622466342364                        
0.07149170355539934                0.02509169730776786                          0.0007125563213645985                        
0.07164031950320233                0.02223379075573841                          0.0006646583588742496                        
0.07178893535473949                0.023237065303602016                         0.0006876195670100458                        
0.07193755110981116                0.02362170858457164                          0.0006844715897862662                        
0.07208616676821783                0.02355810632334824                          0.0006869683309337742                        
0.07223478232975981                0.0235194693631655                           0.0006867181296101607                        
0.07238339779423758                0.02326353109198115                          0.0006842215027053279                        
0.07253201316145147                0.022949591915921413                         0.0006824073014827719                        
0.07268062843120196                0.022601820798136874                         0.0006650471476246751                        
0.07282924360328936                0.023871815039872263                         0.0006902713545347198                        
0.07297785867751416                0.024207097943919776                         0.0006944717570134303                        
0.0731264736536767                 0.023724198231091915                         0.0006865772057001717                        
0.07327508853157742                0.021558440365490334                         0.0006544891778050772                        
0.07342370331101672                0.02301194160353113                          0.0006707567191987868                        
0.07357231799179499                0.021776683795312137                         0.0006583897849190476                        
0.07372093257371265                0.024023679102905895                         0.0006877959319207401                        
0.07386954705657013                0.02252370526829774                          0.0006638992438008386                        
0.07401816144016779                0.022888220768530344                         0.0006665843778406127                        
0.07416677572430608                0.023447412621414063                         0.0006782830641988283                        
0.07431538990878538                0.0245031573751086                           0.0006955624981546324                        
0.07446400399340614                0.023051598318758783                         0.0006654423247293254                        
0.07461261797796873                0.023249281437863572                         0.0006697550722050471                        
0.07476123186227358                0.022835075874496527                         0.0006602932675401697                        
0.0749098456461211                 0.023533264832595255                         0.0006726536037623412                        
0.07505845932931171                0.023608763724362828                         0.0006734375126740711                        
0.07520707291164581                0.022203686311264886                         0.0006491307045824194                        
0.07535568639292387                0.023074774946658074                         0.0006611710507306227                        
0.07550429977294623                0.023956665301990854                         0.0006722402389704394                        
0.07565291305151335                0.02256533837897513                          0.0006549625841629828                        
0.0758015262284256                 0.02235105389199135                          0.0006473808939731394                        
0.0759501393034835                 0.023547110549611772                         0.0006636280856689776                        
0.07609875227648738                0.02310886389853906                          0.0006605229104750417                        
0.07624736514723769                0.023908061172440296                         0.0006664308376737986                        
0.07639597791553485                0.022871578321066333                         0.0006532071055601113                        
0.07654459058117927                0.022568585628102624                         0.0006464016999619508                        
0.07669320314397139                0.024220136354177593                         0.0006702008824443722                        
0.07684181560371163                0.02304316423357112                          0.0006567696701203806                        
0.07699042796020039                0.02260408950268139                          0.0006460948946907493                        
0.07713904021323813                0.023759580320015898                         0.0006643600252465906                        
0.07728765236262525                0.023089653103243648                         0.0006491904843136737                        
0.07743626440816222                0.023260223853534687                         0.0006578984807500585                        
0.0775848763496494                 0.022606291432570588                         0.0006472162409651893                        
0.07773348818688727                0.023036721101703232                         0.0006489860951366229                        
0.07788209991967622                0.022438396940006128                         0.0006439949816879571                        
0.07803071154781671                0.0227429584507989                           0.000644299711356123                         
0.07817932307110918                0.0233660988165014                           0.000658004200048849                         
0.07832793448935403                0.02204921306926693                          0.0006336085406641753                        
0.07847654580235171                0.02319327933676348                          0.0006490328968313208                        
0.07862515700990265                0.02416110738804879                          0.0006688235856127511                        
0.07877376811180728                0.02377007155753999                          0.0006562413192518616                        
0.07892237910786605                0.02365712740975035                          0.0006573961020314524                        
0.07907098999787937                0.022699993312759854                         0.0006407725021576598                        
0.07921960078164769                0.023406610802328517                         0.0006509374697478982                        
0.07936821145897144                0.02197652952597164                          0.0006352022615837065                        
0.07951682202965109                0.023324254001573997                         0.0006473966026455943                        
0.07966543249348702                0.022411751296501133                         0.0006374799928177328                        
0.07981404285027972                0.022803862235798642                         0.0006403962525710202                        
0.07996265309982961                0.022449229304699492                         0.0006388044858591937                        
0.08011126324193714                0.022248175128705187                         0.0006346268654783922                        
0.08025987327640273                0.02340024547821603                          0.0006452938661720074                        
0.08040848320302686                0.022465853526064446                         0.0006379873688294725                        
0.08055709302160995                0.0230826692481927                           0.0006416805719599157                        
0.08070570273195243                0.0229165143313562                           0.0006435598385940088                        
0.08085431233385477                0.0231699684299722                           0.0006423722829636963                        
0.08100292182711742                0.023259037887669105                         0.0006436061089488539                        
0.0811515312115408                 0.023074723975576143                         0.0006444548583033709                        
0.0813001404869254                 0.022119512744855553                         0.0006281519515609743                        
0.08144874965307163                0.02258283924153236                          0.0006344395311711145                        
0.08159735870977995                0.022384813481288075                         0.0006301207809360027                        
0.08174596765685078                0.022278653564887035                         0.0006288789777507083                        
0.08189457649408466                0.02204830419551105                          0.0006273959535320037                        
0.08204318522128196                0.022047636570875735                         0.0006243510044143802                        
0.08219179383824317                0.022688163864055932                         0.0006351466517412076                        
0.0823404023447687                 0.022626436741503532                         0.0006302164094532846                        
0.08248901074065908                0.023166363991982068                         0.000641287271393518                         
0.0826376190257147                 0.02273726800996254                          0.0006340416633906139                        
0.08278622719973604                0.023345106447059158                         0.0006398922212876205                        
0.08293483526252357                0.023071484742925377                         0.0006381720069972899                        
0.08308344321387771                0.023531883902864106                         0.0006411695651679092                        
0.08323205105359896                0.021959437271277065                         0.000622602724172669                         
0.08338065878148777                0.022728316551495924                         0.0006301277723028611                        
0.0835292663973446                 0.02403694452054143                          0.000647757262583686                         
0.0836778739009699                 0.02356842219865661                          0.0006455285202593411                        
0.08382648129216412                0.022222537317814896                         0.0006240710224344109                        
0.08397508857072775                0.023383324491596368                         0.0006371217900931502                        
0.08412369573646125                0.022149322981427428                         0.000617406479009504                         
0.08427230278916509                0.022761524036210543                         0.0006298392904058065                        
0.08442090972863972                0.02251840724310289                          0.0006269643022157566                        
0.0845695165546856                 0.024222000900686505                         0.000649217769611959                         
0.08471812326710323                0.023242567381863064                         0.0006347017704678962                        
0.08486672986569305                0.02259689913841279                          0.0006236149012539359                        
0.08501533635025554                0.02291924373414983                          0.000632270035889844                         
0.08516394272059116                0.022475304554539326                         0.0006212061721696818                        
0.08531254897650041                0.023630874393032027                         0.000637973641907828                         
0.08546115511778372                0.02225408785168157                          0.000620326771865486                         
0.08560976114424161                0.12568990631781066                          0.00146220265875262                          
0.08575836705567454                0.02227235330043233                          0.000621560768839869                         
0.08590697285188292                0.023426745685035156                         0.0006320022095382403                        
0.0860555785326673                 0.022132045045743863                         0.0006164460680192903                        
0.08620418409782817                0.023303769227428058                         0.0006335447153012925                        
0.08635278954716594                0.021515775982182194                         0.0006066199561149913                        
0.08650139488048113                0.02332663561645584                          0.0006311415261642824                        
0.08665000009757422                0.021723824160610798                         0.0006062528133095513                        
0.08679860519824566                0.023237385846378276                         0.0006289569835529653                        
0.08694721018229597                0.02285814042895772                          0.0006281985128150054                        
0.0870958150495256                 0.022908216765209276                         0.000622561058303492                         
0.08724441979973506                0.022791688160421694                         0.0006216942631604835                        
0.0873930244327248                 0.023384161107417863                         0.0006294804567523104                        
0.08754162894829534                0.02329641034243412                          0.0006275732136514391                        
0.08769023334624715                0.023455408608658686                         0.0006311697317420244                        
0.08783883762638073                0.02349984616541073                          0.0006269412669216896                        
0.08798744178849653                0.02316488872497013                          0.00062676519081858                          
0.08813604583239507                0.021927392241202475                         0.0006072229672683501                        
0.08828464975787681                0.022434325355705796                         0.0006158536965531255                        
0.08843325356474228                0.02268521972213412                          0.000618100638479221                         
0.08858185725279195                0.023294250704570044                         0.0006230102036053634                        
0.08873046082182631                0.021792250958941408                         0.000606511403022648                         
0.08887906427164587                0.02222865506126422                          0.0006095191657429818                        
0.0890276676020511                 0.022396129806975237                         0.0006120440601289439                        
0.0891762708128425                 0.023302383169704406                         0.0006250185962054877                        
0.08932487390382057                0.021629958468448757                         0.0005987567600762644                        
0.08947347687478581                0.023494352643504652                         0.0006256823827382751                        
0.08962207972553873                0.022995268808845677                         0.0006192362295948421                        
0.0897706824558798                 0.022878566294428644                         0.0006176632323343137                        
0.0899192850656095                 0.022723985606023386                         0.0006137136433620266                        
0.0900678875545284                 0.02279400099384801                          0.000616054080914811                         
0.09021648992243694                0.022390363198341163                         0.0006075908897951197                        
0.09036509216913566                0.023101046250223585                         0.000617622049737824                         
0.09051369429442505                0.022208700534554322                         0.0006046682611393548                        
0.0906622962981056                 0.023380042628442076                         0.000624634878821179                         
0.09081089817997783                0.02285872500936914                          0.000616229927413767                         
0.09095949993984224                0.022746304054204997                         0.0006096649424436232                        
0.09110810157749934                0.021730810065398485                         0.0005988017052674029                        
0.09125670309274964                0.02161937455535081                          0.0005939298962281851                        
0.09140530448539363                0.02277335922086913                          0.000614151826181439                         
0.09155390575523184                0.023401094225596893                         0.0006186091627716441                        
0.09170250690206479                0.022416680100363493                         0.0006032182257643605                        
0.09185110792569297                0.02290593466924614                          0.0006159378995280564                        
0.09199970882591689                0.022646943430757432                         0.0006076569541331319                        
0.09214830960253707                0.023172255333482654                         0.0006155784109160807                        
0.09229691025535404                0.022368658997730637                         0.0006030186331418349                        
0.09244551078416828                0.022810064456190625                         0.000609842455250181                         
0.09259411118878036                0.02285046078684578                          0.0006131176794222635                        
0.09274271146899074                0.023154854565267984                         0.000610820597494379                         
0.09289131162459997                0.021800313572543435                         0.000594431202844708                         
0.09303991165540855                0.02188159483390433                          0.0005948809668552554                        
0.09318851156121703                0.023282883304795356                         0.0006122835830069761                        
0.09333711134182592                0.022323379351866925                         0.0006053276128575035                        
0.0934857109970357                 0.02253979506564475                          0.0006011146365376484                        
0.09363431052664693                0.02233322528964709                          0.0005998875266383334                        
0.09378290993046016                0.022766005186991674                         0.0006047862451984005                        
0.09393150920827588                0.022254527869093953                         0.0006008157784365182                        
0.09408010835989462                0.022558465024425066                         0.0006026851315395782                        
0.0942287073851169                 0.02268011163929887                          0.0006012329005322341                        
0.09437730628374329                0.023693172465859714                         0.0006190196044120072                        
0.09452590505557425                0.022251609828139497                         0.0005974797706896733                        
0.09467450370041036                0.02337640685868308                          0.0006092897223622608                        
0.09482310221805212                0.02167499949642797                          0.0005888293490813752                        
0.09497170060830008                0.02293248834072061                          0.0006036956073602045                        
0.0951202988709548                 0.023123886204338834                         0.0006106414038715226                        
0.09526889700581676                0.022644075681040852                         0.0005988066007226582                        
0.09541749501268652                0.02240905469193476                          0.0005974155022201124                        
0.09556609289136461                0.022728160353505326                         0.0006018725297885435                        
0.09571469064165158                0.02264511358178044                          0.0005992532521199084                        
0.09586328826334796                0.02232975184832244                          0.0005965746966994862                        
0.09601188575625429                0.022527044453538585                         0.0005938459775391299                        
0.09616048312017107                0.02284045932353547                          0.0006035778925898787                        
0.09630908035489893                0.022279401469333077                         0.0005933267968193543                        
0.09645767746023834                0.022422592723358937                         0.000595873678716409                         
0.09660627443598986                0.022828824692844276                         0.0005993076851553772                        
0.09675487128195404                0.022917875370165576                         0.0005987638070015969                        
0.0969034679979314                 0.02310928441389653                          0.000606461435324672                         
0.09705206458372252                0.02202651032916113                          0.0005886832505568447                        
0.09720066103912794                0.0234008855186027                           0.0006046114747646257                        
0.09734925736394817                0.02247924816296164                          0.0005925859971205291                        
0.09749785355798385                0.02265591889625354                          0.0005970358849684102                        
0.09764644962103541                0.023512126376400887                         0.0006095234823181207                        
0.09779504555290348                0.023306849712399148                         0.0005997843119586922                        
0.09794364135338857                0.02323274951787931                          0.000603295428749169                         
0.09809223702229126                0.023916561255196086                         0.0006112391191609463                        
0.09824083255941213                0.023358133144376236                         0.0006049219004916571                        
0.09838942796455168                0.02259999658119983                          0.0005920775547141809                        
0.09853802323751046                0.022720454152661423                         0.0005921927730941036                        
0.09868661837808908                0.022120490751706304                         0.0005884691182308045                        
0.09883521338608807                0.02339666848617182                          0.0006003093871256022                        
0.098983808261308                  0.02274783855552942                          0.0005971816179952462                        
0.0991324030035494                 0.02269906498812406                          0.0005894369985643251                        
0.09928099761261285                0.023018966835070175                         0.0005975426059052263                        
0.09942959208829895                0.023604383585127342                         0.0006072400836150352                        
0.09957818643040817                0.02297883320616626                          0.0005943022527046082                        
0.09972678063874114                0.02233280709653025                          0.0005854796681306586                        
0.09987537471309844                0.022576750949852644                         0.0005878485239293194                        
0.10002396865328061                0.023139106714501725                         0.0005980475131788761                        
0.10017256245908819                0.022104039349286828                         0.0005857558712455298                        
0.10032115613032179                0.023492610340574014                         0.0005961362721722149                        
0.10046974966678197                0.022672072111321034                         0.0005905306894053343                        
0.10061834306826929                0.022709563691349237                         0.000587534659920072                         
0.1007669363345843                 0.022318592759196225                         0.0005861149603317779                        
0.10091552946552765                0.02325486284132352                          0.0005976553957810375                        
0.10106412246089981                0.021571862144318554                         0.0005710519905182899                        
0.10121271532050144                0.022766700391203744                         0.000592593540980848                         
0.10136130804413308                0.023589926004889454                         0.000613190927960077                         
0.10150990063159528                0.02303382745485068                          0.0006158249099143963                        
0.10165849308268868                0.0217646353001114                           0.0006006466113058135                        
0.10180708539721378                0.022672309071410632                         0.0006186681336469076                        
0.10195567757497122                0.02340273381916069                          0.0006371777737433047                        
0.10210426961576155                0.022272360600824305                         0.0006186766833562307                        
0.1022528615193854                 0.022500682344413735                         0.0006247779596111663                        
0.10240145328564329                0.022033397110792167                         0.0006246996630419408                        
0.10255004491433584                0.022336533616216913                         0.0006307641589636847                        
0.1026986364052636                 0.02227265628578642                          0.0006379257930932626                        
0.1028472277582272                 0.021944661107677434                         0.000625714649067424                         
0.10299581897302723                0.023157562158200723                         0.0006526494455202055                        
0.10314441004946424                0.022604736855667787                         0.0006442737385096596                        
0.1032930009873388                 0.023042191724993128                         0.0006551472706452391                        
0.1034415917864516                 0.021999223469697873                         0.000642604178928366                         
0.10359018244660313                0.022948291382309745                         0.0006535349491330627                        
0.10373877296759404                0.022477458305216105                         0.000655455994791231                         
0.10388736334922487                0.02116008119814574                          0.0006354063589852423                        
0.10403595359129628                0.02249842941084134                          0.0006569059499435815                        
0.1041845436936088                 0.02346040019301805                          0.0006506744295294757                        
0.10433313365596307                0.02414672086025865                          0.0006547699013794005                        
0.10448172347815968                0.022193019011489817                         0.0006267114321393232                        
0.10463031315999925                0.023933358929677195                         0.0006431003816164358                        
0.10477890270128232                0.02363479572050864                          0.0006348487047211548                        
0.10492749210180954                0.023622868907335576                         0.0006356759790454423                        
0.10507608136138147                0.023562962844093004                         0.0006331476681386355                        
0.10522467047979879                0.022587616010916994                         0.0006170466473190152                        
0.10537325945686203                0.023707756510573653                         0.0006304719269019758                        
0.10552184829237181                0.02264692644862692                          0.0006141010153357588                        
0.10567043698612877                0.024097912110379743                         0.0006313201342649676                        
0.10581902553793347                0.02224753348016724                          0.0006088933572988527                        
0.10596761394758658                0.02295930385876347                          0.0006118675037143129                        
0.10611620221488863                0.022668368767526263                         0.0006091095131215187                        
0.10626479033964027                0.023212178240355222                         0.0006172927723575123                        
0.10641337832164213                0.023346692825268443                         0.0006160956598058813                        
0.10656196616069483                0.02338756175239193                          0.0006184675651771772                        
0.10671055385659896                0.022251650477906598                         0.0005951256157845084                        
0.10685914140915509                0.02360451263505074                          0.000619031622022219                         
0.10700772881816392                0.022848797809355406                         0.0006059175843963719                        
0.10715631608342602                0.023323998772188916                         0.0006106261007393082                        
0.10730490320474204                0.02277875415478375                          0.0006027897567039188                        
0.10745349018191253                0.02260969058890774                          0.0005960246510508439                        
0.1076020770147382                 0.02287712300733715                          0.0006049693727974676                        
0.10775066370301965                0.02279009860077131                          0.0006011984055023941                        
0.10789925024655744                0.02314067671212543                          0.0006021238188497484                        
0.10804783664515225                0.022378382824787265                         0.0005961742341175479                        
0.1081964228986047                 0.02238639262717654                          0.0005905487197827915                        
0.1083450090067154                 0.022868874905969352                         0.0006020209896493893                        
0.108493594969285                  0.023699672397443427                         0.0006056960583106011                        
0.10864218078611411                0.022324896157084183                         0.0005903661234670202                        
0.10879076645700335                0.022437773172917303                         0.0005941826831718233                        
0.10893935198175338                0.023791370563200426                         0.0006066543187580783                        
0.1090879373601648                 0.022716324724014993                         0.0005959437384626726                        
0.10923652259203825                0.02179950984323537                          0.0005750668651360417                        
0.10938510767717442                0.02450176186353939                          0.0006173863673700165                        
0.1095336926153739                 0.02278770534620686                          0.0005943495358046937                        
0.1096822774064373                 0.023464588313365124                         0.0006020520672794108                        
0.10983086205016526                0.023573870149571144                         0.0006036649563788642                        
0.10997944654635847                0.02281779186579556                          0.0005889565664764368                        
0.11012803089481756                0.021920066234567503                         0.0005812889454174881                        
0.11027661509534314                0.02293347929616385                          0.0005933277337330958                        
0.11042519914773584                0.02285383887379476                          0.0005861885986638895                        
0.11057378305179637                0.022118535491702368                         0.0005796631341611792                        
0.11072236680732529                0.023238803488550414                         0.0005896958013848629                        
0.11087095041412333                0.022376847354325782                         0.0005830388923380811                        
0.11101953387199105                0.023345580184029244                         0.000588253327423418                         
0.11116811718072916                0.022847479157818748                         0.0005839164287231774                        
0.11131670034013831                0.023965407697200063                         0.0005978288690109484                        
0.11146528335001911                0.023864009994036605                         0.0005994166317511222                        
0.11161386621017225                0.02431416243951596                          0.0006189796210801192                        
0.11176244892039836                0.023507270311079683                         0.0006079692374050531                        
0.11191103148049807                0.02329420021446427                          0.0006142828080869828                        
0.1120596138902721                 0.02310095858099966                          0.0006165189747838768                        
0.11220819614952104                0.022981326559142576                         0.0006135447700879846                        
0.11235677825804559                0.02405343632821144                          0.0006338637029248798                        
0.11250536021564642                0.02372336218875606                          0.000630218741662133                         
0.11265394202212414                0.023282344020326782                         0.0006310992142930443                        
0.1128025236772794                 0.023524271092633157                         0.0006348643009198456                        
0.11295110518091295                0.02279008081352237                          0.0006258555432371466                        
0.11309968653282537                0.02399023376917135                          0.0006472038819775341                        
0.11324826773281738                0.023037361859036515                         0.0006312198266354443                        
0.11339684878068956                0.02262686882740217                          0.0006277979361234147                        
0.11354542967624269                0.023451357830443557                         0.0006366167623123945                        
0.11369401041927737                0.023214287054399874                         0.0006346397842775073                        
0.11384259100959429                0.0234955016739166                           0.0006392298514943305                        
0.11399117144699408                0.021389319553352423                         0.0006108741302945738                        
0.11413975173127745                0.024299228981875996                         0.0006505870131890196                        
0.11428833186224509                0.02350575947000111                          0.0006378585816216745                        
0.11443691183969763                0.022373232609351278                         0.0006302944243941342                        
0.11458549166343575                0.024419289120620132                         0.0006542706801232518                        
0.11473407133326015                0.02356540036128817                          0.000643757680254316                         
0.1148826508489715                 0.02355539586552074                          0.0006451717348333703                        
0.11503123021037048                0.023504186854944334                         0.0006411292583998121                        
0.11517980941725774                0.023094429343288498                         0.0006435011152437796                        
0.115328388469434                  0.02295001346087131                          0.0006352982935026165                        
0.11547696736669993                0.02350441298770633                          0.0006486598933144494                        
0.11562554610885617                0.02304996051393159                          0.0006402766809425441                        
0.11577412469570345                0.02338225596218805                          0.0006435754140319712                        
0.11592270312704248                0.02323439546302163                          0.0006491675643212677                        
0.11607128140267389                0.02346017735189559                          0.000642322856288752                         
0.1162198595223984                 0.023748799554263792                         0.0006541599579484794                        
0.11636843748601669                0.025007672486101026                         0.0006709994282153261                        
0.11651701529332943                0.023577547435934782                         0.000649936133812214                         
0.11666559294413735                0.023527311859507558                         0.0006537887225202143                        
0.11681417043824113                0.023113132945027155                         0.0006388354297396784                        
0.11696274777544145                0.02334457434301188                          0.0006509767462433799                        
0.11711132495553901                0.024215945650647143                         0.0006630152511101987                        
0.11725990197833454                0.023087763139568767                         0.0006465866981818829                        
0.11740847884362866                0.023745493054405986                         0.0006568155074769169                        
0.11755705555122214                0.02277868032062541                          0.0006417166196692433                        
0.11770563210091566                0.02205648204939292                          0.0006353934321394647                        
0.11785420849250991                0.02332329998093447                          0.0006498783462366961                        
0.1180027847258056                 0.024039192932189778                         0.000658422719643481                         
0.11815136080060339                0.023815305863624174                         0.000660517741785809                         
0.11829993671670407                0.023960248357927906                         0.0006622492758905521                        
0.11844851247390831                0.023393329184682295                         0.0006587710245313017                        
0.1185970880720168                 0.024279422584890846                         0.0006625220664250774                        
0.11874566351083024                0.022657936662217545                         0.000642665215391392                         
0.11889423879014938                0.02426083961725133                          0.0006675048383803368                        
0.11904281390977489                0.023519435416956117                         0.0006597115946722923                        
0.11919138886950753                0.023998894900595466                         0.0006661221844370973                        
0.11933996366914792                0.024094619986719957                         0.0006621800443278822                        
0.11948853830849689                0.023444288353401226                         0.0006583812097471544                        
0.11963711278735512                0.024743131336766144                         0.0006746732919100162                        
0.11978568710552326                0.023225618598948974                         0.0006561328088217551                        
0.11993426126280209                0.023603979774873392                         0.0006592364639903283                        
0.12008283525899235                0.02359369211486402                          0.0006607555435426556                        
0.12023140909389472                0.024102274268853745                         0.0006692494702686988                        
0.12037998276730992                0.024379031368829723                         0.0006727970570924638                        
0.12052855627903868                0.023613671584908798                         0.0006613150806225182                        
0.12067712962888173                0.02466755019213725                          0.0006733637962849285                        
0.12082570281663982                0.023317996685979156                         0.0006619197590975441                        
0.12097427584211363                0.0231646854854324                           0.0006588964575554556                        
0.12112284870510388                0.02369918740993867                          0.0006611224295405149                        
0.1212714214054114                 0.023255210560674217                         0.0006593410053008506                        
0.12141999394283678                0.023464465490052627                         0.0006589478401962231                        
0.12156856631718085                0.023550338222834602                         0.0006666376779013317                        
0.12171713852824434                0.024542139569767554                         0.0006744789947783721                        
0.12186571057582794                0.023869043563133005                         0.0006674208117580252                        
0.12201428245973238                0.02374671189152606                          0.0006708538981335487                        
0.12216285417975847                0.023947095630774032                         0.0006690803626864125                        
0.12231142573570686                0.024635237710641352                         0.0006829959193672071                        
0.12245999712737837                0.024580417774455552                         0.0006727421318789775                        
0.12260856835457366                0.023669591120495652                         0.0006694771355686146                        
0.12275713941709357                0.022306811148567852                         0.0006504798226502189                        
0.1229057103147387                 0.023836682353722865                         0.00066782257396124                          
0.12305428104730994                0.02326652378068128                          0.0006623292286780573                        
0.12320285161460796                0.023669795899878898                         0.0006657650246085539                        
0.12335142201643355                0.022932903643978205                         0.0006595472226546692                        
0.12349999225258738                0.025089776559076942                         0.0006913594543019578                        
0.12364856232287029                0.024334037947711478                         0.0006736106193822725                        
0.12379713222708298                0.02498334253499185                          0.000690790999551762                         
0.12394570196502623                0.023534926849079055                         0.0006630214520407854                        
0.12409427153650074                0.022922195333385336                         0.0006622588948625767                        
0.12424284094130733                0.02382298509326775                          0.0006684890818571759                        
0.12439141017924672                0.023837246764046017                         0.0006712720258319793                        
0.12453997925011973                0.024365622282160247                         0.0006839851870967477                        
0.12468854815372699                0.023947364307256976                         0.0006722439618612084                        
0.12483711688986938                0.023020741378446393                         0.000664551561589539                         
0.12498568545834762                0.022509181450473544                         0.000649243287654439                         
0.12513425385896246                0.02331729087900954                          0.0006662083108288441                        
0.12528282209151465                0.02416794306114624                          0.0006832993919200037                        
0.125431390155805                  0.02414770214042254                          0.0006738966514070986                        
0.12557995805163427                0.02454447565578439                          0.000684702943466541                         
0.12572852577880317                0.02371566089392499                          0.0006715865735483127                        
0.12587709333711253                0.023746907910256708                         0.0006743668687202766                        
0.12602566072636312                0.02321932368998664                          0.0006691697840240619                        
0.1261742279463557                 0.023420561085655395                         0.0006650992416652134                        
0.126322794996891                  0.024588644312497118                         0.0006886197784807663                        
0.12647136187776986                0.02343181779500046                          0.0006678469626633543                        
0.126619928588793                  0.022427992221769884                         0.0006570938978894718                        
0.12676849512976127                0.023855915448441792                         0.0006782834758656143                        
0.12691706150047535                0.023712960700002658                         0.0006709722551205896                        
0.12706562770073607                0.023345027232101693                         0.0006686402744573425                        
0.12721419373034423                0.0231773187494364                           0.0006622091071267543                        
0.12736275958910062                0.022522072278225617                         0.0006570363762756691                        
0.12751132527680595                0.02287390019653567                          0.0006575783962947805                        
0.12765989079326104                0.0238444371794896                           0.0006725420402238342                        
0.12780845613826677                0.025289984564163488                         0.0006950316339904631                        
0.12795702131162376                0.022892130433462665                         0.0006575592657240063                        
0.12810558631313296                0.024046099454471465                         0.0006742191494297748                        
0.12825415114259503                0.023448783385355776                         0.0006632317496943807                        
0.1284027157998108                 0.023478109251719302                         0.0006702561967055754                        
0.1285512802845811                 0.02264900740494226                          0.000655186923680269                         
0.12869984459670672                0.02343632194758533                          0.0006644759475799518                        
0.1288484087359884                 0.02382735149892846                          0.0006725954245623604                        
0.12899697270222704                0.023237274991708457                         0.0006588324888958207                        
0.12914553649522334                0.02321791193121001                          0.0006685740341767022                        
0.12929410011477813                0.02486827763089228                          0.0006844768143178705                        
0.12944266356069217                0.023403058978501128                         0.0006694791008004002                        
0.12959122683276636                0.024863620655281974                         0.0006906561293133881                        
0.12973978993080143                0.023465382618667305                         0.0006629062361490815                        
0.12988835285459818                0.023542653447065853                         0.0006726472413447385                        
0.13003691560395744                0.023608990105172447                         0.0006674961349377082                        
0.13018547817868006                0.023969152431488682                         0.0006760596845865471                        
0.1303340405785668                 0.024514072735846684                         0.0006851891630340928                        
0.13048260280341842                0.025599724835285914                         0.000697770761350394                         
0.13063116485303583                0.024284329689389043                         0.0006819719207420153                        
0.13077972672721977                0.023308354698557774                         0.0006635200313881312                        
0.1309282884257711                 0.023622648229480275                         0.000674382514735324                         
0.13107684994849064                0.023533482220389392                         0.0006704722999845539                        
0.13122541129517912                0.024509281164950058                         0.0006818664419074433                        
0.13137397246563748                0.023728174217965383                         0.0006776712906982537                        
0.13152253345966647                0.025035811318881673                         0.0006864925829622182                        
0.13167109427706694                0.02345988485971497                          0.0006744242709272641                        
0.13181965491763964                0.02432175002268177                          0.000679548183097066                         
0.1319682153811855                 0.02436542796357993                          0.0006837103958493268                        
0.13211677566750527                0.024558333233140276                         0.0006891234482451095                        
0.13226533577639982                0.023302269585946323                         0.0006665958712208914                        
0.13241389570766995                0.02454491093104093                          0.0006871255906184151                        
0.1325624554611165                 0.024875052017545453                         0.0006875339913122642                        
0.13271101503654026                0.024667440961059307                         0.0006897454196971765                        
0.1328595744337422                 0.024013516143948137                         0.0006808407876527065                        
0.13300813365252293                0.024150578940672275                         0.0006830815255412158                        
0.13315669269268346                0.02430413819129185                          0.0006822592222554193                        
0.13330525155402462                0.023630984735854847                         0.0006721598763252604                        
0.13345381023634717                0.02271904376358328                          0.0006616573566567457                        
0.13360236873945192                0.025320501739699387                         0.0006985132114047238                        
0.13375092706313985                0.023406608932569423                         0.000670129264336268                         
0.13389948520721168                0.02460669750090921                          0.0006910249108150282                        
0.1340480431714683                 0.024104765614322107                         0.0006812409540516196                        
0.13419660095571057                0.02328373704824997                          0.0006713049851983521                        
0.13434515855973928                0.02464919563455139                          0.0006870897634165088                        
0.13449371598335533                0.024270906746833153                         0.0006853891630855979                        
0.13464227322635955                0.023027657520314222                         0.0006661404546587433                        
0.13479083028855277                0.02423425393393638                          0.0006851741968606041                        
0.13493938716973589                0.024445339151541894                         0.0006905903914579667                        
0.1350879438697097                 0.024649992201961925                         0.0006847220056100535                        
0.13523650038827512                0.024213279817969186                         0.0006876109409275607                        
0.13538505672523296                0.0244581680897                              0.000687124791093392                         
0.1355336128803841                 0.024782121092637693                         0.0006959512960735356                        
0.13568216885352938                0.02379530448260148                          0.0006801435086335586                        
0.13583072464446966                0.024929200591751938                         0.0006900858085040594                        
0.1359792802530058                 0.02336403605958734                          0.0006730608728666236                        
0.13612783567893869                0.024026515766731378                         0.0006798444812794865                        
0.13627639092206914                0.024118416489960846                         0.0006835402844517987                        
0.13642494598219812                0.024346097284167784                         0.000688887229427302                         
0.13657350085912634                0.024258102791101036                         0.0006861227592923142                        
0.1367220555526548                 0.025277836817564663                         0.0007057104976192863                        
0.13687061006258433                0.02323256029817349                          0.0006670627239364473                        
0.13701916438871578                0.022494910432231945                         0.0006624751842734109                        
0.13716771853085005                0.02374747815045133                          0.0006776700830452312                        
0.137316272488788                  0.023841172108044723                         0.0006820119745706684                        
0.13746482626233048                0.024029483021308678                         0.0006868370566433962                        
0.13761337985127842                0.02314201384602742                          0.0006672188931774229                        
0.13776193325543262                0.022867348588144314                         0.0006685330486507079                        
0.13791048647459406                0.024772615356207582                         0.0006921453324770732                        
0.13805903950856357                0.02490787114168689                          0.0006986567109058972                        
0.13820759235714203                0.02547002156633297                          0.0007058685309186254                        
0.1383561450201303                 0.023631762033657466                         0.0006760214898042062                        
0.13850469749732927                0.023492149077680467                         0.000681863414102211                         
0.1386532497885399                 0.024274037748943548                         0.0006857510598396026                        
0.13880180189356303                0.02338539321245235                          0.0006736761203312574                        
0.1389503538121995                 0.023493093754335698                         0.000677622749623265                         
0.13909890554425028                0.025198826671072403                         0.0007002376130629299                        
0.13924745708951625                0.024594948389152202                         0.0006995788644556745                        
0.13939600844779823                0.02450612319398413                          0.000686308724905457                         
0.13954455961889714                0.023224013321314678                         0.0006749341776894588                        
0.139693110602614                  0.024651795796420538                         0.0006922913971296777                        
0.13984166139874957                0.02409735711186554                          0.0006859806002619896                        
0.13999021200710476                0.02530551522591544                          0.0007089742633981437                        
0.14013876242748052                0.023769177046407495                         0.0006782892937475819                        
0.14028731265967773                0.025383448406465812                         0.0007078319102881495                        
0.1404358627034973                 0.023489486671400234                         0.0006766747989054765                        
0.14058441255874016                0.024438239169001685                         0.000692048742831713                         
0.14073296222520715                0.023071269328016054                         0.0006739189728122054                        
0.14088151170269927                0.024269344100585157                         0.0006878177253833256                        
0.14103006099101734                0.023357977071956353                         0.0006808430308853984                        
0.14117861008996233                0.023941499281146653                         0.0006837638062696745                        
0.14132715899933507                0.023687673792371158                         0.0006801301277543381                        
0.14147570771893658                0.025247808609582836                         0.0007040495173287157                        
0.14162425624856775                0.023873551825140435                         0.0006846210515076852                        
0.1417728045880295                 0.02260627540819666                          0.0006710132307178797                        
0.14192135273712264                0.025608520087721263                         0.0007040517126758956                        
0.14206990069564823                0.024410249806969465                         0.0006932045127397719                        
0.14221844846340712                0.024313944496314372                         0.0006921462035397128                        
0.14236699604020028                0.024713661783959534                         0.000725305530543737                         
0.14251554342582856                0.023491791089203986                         0.0007205257361027827                        
0.14266409062009294                0.024263007807562895                         0.0007427838085168566                        
0.14281263762279436                0.024359322342490806                         0.0007560778681858592                        
0.14296118443373373                0.025565972756493333                         0.0007834071264727075                        
0.14310973105271196                0.023304142317394177                         0.0007533159362728187                        
0.14325827747953002                0.023442027730388667                         0.0007597604831225514                        
0.14340682371398877                0.024912677403273062                         0.0007958062882177358                        
0.14355536975588926                0.02437491940972057                          0.0007950222104687983                        
0.1437039156050323                 0.025190637210414906                         0.0008130243199690815                        
0.14385246126121892                0.024214794897881663                         0.0008009542257294537                        
0.14400100672425004                0.023739803577995176                         0.0008057814379323656                        
0.1441495519939266                 0.02492876154682001                          0.0008314207470193457                        
0.14429809707004948                0.02399365566483151                          0.000822975599783029                         
0.1444466419524197                 0.027276000567912007                         0.0008757795979034062                        
0.14459518664083823                0.022936887039392548                         0.0008114487322861057                        
0.14474373113510589                0.02500835458918745                          0.0008603135517975686                        
0.14489227543502373                0.02376444606853107                          0.0008455010475737186                        
0.1450408195403927                 0.025493520171904396                         0.0008775231534159978                        
0.14518936345101366                0.02501859554692156                          0.0008705082726272055                        
0.14533790716668768                0.024955367250659364                         0.000887310710295959                         
0.14548645068721563                0.025167138111461592                         0.0008897927010836446                        
0.14563499401239854                0.024408061445081185                         0.0008871260825106085                        
0.1457835371420373                 0.024662131648404594                         0.0008910790371499564                        
0.14593208007593286                0.0251830473414085                           0.0009104949981734397                        
0.14608062281388626                0.025145905295040648                         0.0009237579129057989                        
0.1462291653556984                 0.023878690164548085                         0.0008974161308046391                        
0.14637770770117026                0.02501364659302855                          0.0009270674222142347                        
0.14652624985010276                0.02563216111979419                          0.0009384600954571986                        
0.14667479180229695                0.023646402007522643                         0.0009128592246811666                        
0.14682333355755375                0.02472093668986064                          0.0009424768756216449                        
0.14697187511567414                0.02359399595357985                          0.0009170066938261504                        
0.14712041647645907                0.02675475969539065                          0.0009902380828692263                        
0.14726895763970954                0.02324472994887255                          0.0009260922083714821                        
0.1474174986052265                 0.025364663828235493                         0.0009806545594152614                        
0.14756603937281096                0.02373138947753809                          0.0009477404056231467                        
0.14771457994226384                0.023389050490133387                         0.0009532665320428341                        
0.14786312031338616                0.024109484665480484                         0.0009818141150995372                        
0.14801166048597889                0.024930347586781667                         0.000988552584310085                         
0.148160200459843                  0.022317483449460426                         0.000955100120863523                         
0.14830874023477952                0.023118245957107146                         0.0009649369426901014                        
0.14845727981058934                0.024563047270697573                         0.0010095350241090754                        
0.14860581918707355                0.02288557183085936                          0.0009875853196297901                        
0.1487543583640331                 0.024484857754068112                         0.0010088809878280652                        
0.14890289734126896                0.023552402639459295                         0.0009970527087903175                        
0.1490514361185821                 0.02357639254844543                          0.0009918662891601757                        
0.1491999746957736                 0.02610036903785647                          0.0010682169930504304                        
0.14934851307264435                0.025250309093039703                         0.001047559338066899                         
0.14949705124899543                0.024922954672588277                         0.0010366582503642423                        
0.14964558922462776                0.024789721527288134                         0.0010494325940883166                        
0.14979412699934241                0.024989683728716943                         0.0010421418520330057                        
0.14994266457294034                0.02440404826384828                          0.0010540943375751068                        
0.15009120194522255                0.026136130349299284                         0.0010678933356628804                        
0.15023973911599006                0.024682890373801482                         0.0010612003432840284                        
0.15038827608504382                0.027349077181851197                         0.0011288172208360257                        
0.15053681285218495                0.023606794851018038                         0.0010293051692482473                        
0.15068534941721437                0.024693464229033082                         0.001072615543875473                         
0.1508338857799331                 0.02568607837934774                          0.0010693254344520302                        
0.15098242194014216                0.025005029404916203                         0.0010851258490898398                        
0.15113095789764253                0.024845468066349144                         0.0010782014767889436                        
0.15127949365223534                0.025232146864123676                         0.0010808264212987405                        
0.15142802920372145                0.024628440440968076                         0.001076926508491994                         
0.15157656455190194                0.02588288339949472                          0.0010822177219386314                        
0.15172509969657785                0.021847706214622967                         0.0010231125828110534                        
0.1518736346375502                 0.025680375003899084                         0.001102050374643596                         
0.15202216937462                   0.023711788648972745                         0.0010499756495155465                        
0.15217070390758822                0.025237012712216216                         0.0011056536012959313                        
0.15231923823625595                0.02431139156374629                          0.0010620480716160034                        
0.1524677723604243                 0.023844597055447368                         0.0010782899518776692                        
0.15261630627989406                0.024821836425118277                         0.0010731415698781843                        
0.1527648399944665                 0.02213672395783124                          0.0010343811807268944                        
0.1529133735039425                 0.024573190124745573                         0.001104482760159104                         
0.15306190680812318                0.024946650637576468                         0.001099280769309364                         
0.1532104399068095                 0.023799394150229854                         0.0010931423773740362                        
0.15335897279980254                0.025554286370932985                         0.0011017235162168527                        
0.15350750548690334                0.023879864528670438                         0.0011038471283237818                        
0.1536560379679129                 0.025406245243972937                         0.0011294453651240473                        
0.15380457024263233                0.022789903953198395                         0.0010660667418233717                        
0.15395310231086262                0.02299891363995544                          0.0011039831827449663                        
0.15410163417240483                0.02496399357873874                          0.0011119846544912506                        
0.15425016582706                   0.025932609023347652                         0.0011751186848686114                        
0.15439869727462913                0.02556266504902417                          0.0011501186740462404                        
0.15454722851491334                0.025794604134826007                         0.001151269524859096                         
0.15469575954771367                0.022874148140120357                         0.0011228477706219907                        
0.15484429037283115                0.02415547078116244                          0.0011153960053456953                        
0.15499282099006684                0.025367118272701994                         0.0011944909476771255                        
0.15514135139922183                0.023708093766006758                         0.0011102332120445171                        
0.1552898816000971                 0.024442068067978644                         0.001153492509641432                         
0.15543841159249377                0.023586912033333123                         0.0011387868440360725                        
0.15558694137621287                0.02618154760789291                          0.0012012917916663605                        
0.15573547095105544                0.023072278415564983                         0.001145057951601351                         
0.15588400031682265                0.022266122129349475                         0.0011036906978224112                        
0.15603252947331542                0.02622197462851498                          0.0012160149558878687                        
0.15618105842033492                0.024054477625852836                         0.001173738323490432                         
0.15632958715768216                0.023531056621926727                         0.0011578876000269537                        
0.15647811568515826                0.02421541948141224                          0.0011901229391502752                        
0.15662664400256424                0.02325608302089286                          0.0011556040561132243                        
0.1567751721097012                 0.022346603238756816                         0.0011478679057501482                        
0.1569237000063702                 0.023371172654613727                         0.0011834453301118302                        
0.15707222769237236                0.022338352786400062                         0.00113405804185366                          
0.15722075516750872                0.026090273821932065                         0.0012538185444880227                        
0.1573692824315803                 0.024198423635963164                         0.0012175548296499425                        
0.1575178094843883                 0.025258112493408216                         0.0012474092632622027                        
0.15766633632573374                0.025109267075048725                         0.001226667967794346                         
0.15781486295541766                0.02309892247472783                          0.0011912359703059518                        
0.15796338937324125                0.023564105189417726                         0.001216845159558595                         
0.1581119155790055                 0.024338303703171516                         0.0012420088599512597                        
0.1582604415725116                 0.022547700306379866                         0.001178587175307239                         
0.15840896735356055                0.026108994135724883                         0.0012957676222932638                        
0.15855749292195345                0.024257352168973387                         0.0012526442796469638                        
0.15870601827749145                0.022567114888195988                         0.0011994286238305079                        
0.15885454341997562                0.02271992602705269                          0.0012249763152370355                        
0.159003068349207                  0.024947804113303468                         0.0012797953476155163                        
0.15915159306498677                0.02278605965009904                          0.001226760213483114                         
0.15930011756711598                0.023876782435189224                         0.0012672480325241096                        
0.15944864185539576                0.022260174415400024                         0.0012180225519824392                        
0.15959716592962722                0.02464920513107905                          0.0012955334590931539                        
0.1597456897896114                 0.02431598309698392                          0.001288744526653672                         
0.15989421343514953                0.021304254394832075                         0.00121195668816162                          
0.16004273686604262                0.02576411284368914                          0.0013412261415071617                        
0.1601912600820918                 0.02436021853588019                          0.00130210845183148                          
0.16033978308309815                0.025754076910951263                         0.001351738476115276                         
0.16048830586886284                0.02421476292880613                          0.0013171094670602645                        
0.160636828439187                  0.02585000259933161                          0.001358645972841277                         
0.16078535079387168                0.02416442477655583                          0.0013222184958787213                        
0.16093387293271805                0.02468864047479301                          0.001340902888366                            
0.1610823948555272                 0.021021526631978846                         0.0012540391423721225                        
0.16123091656210026                0.023097478208063522                         0.0013034661038888442                        
0.16137943805223834                0.021994138246555762                         0.001291540268917921                         
0.1615279593257426                 0.023415573693745226                         0.0013235264775455988                        
0.16167648038241414                0.02199422387567834                          0.001296022070785602                         
0.16182500122205412                0.021682291334478517                         0.0013004174170936742                        
0.16197352184446365                0.026098881536092394                         0.0014216966683231066                        
0.16212204224944385                0.02388633993669868                          0.0013722343750628197                        
0.16227056243679583                0.02317266680013968                          0.0013491648221736414                        
0.1624190824063208                 0.02502265845077461                          0.001412110310310234                         
0.16256760215781982                0.022075942752391556                         0.00134101801998133                          
0.1627161216910941                 0.0255524626576061                           0.001437438328746833                         
0.1628646410059447                 0.0220769446278611                           0.0013485640291353543                        
0.16301316010217284                0.025231553931983865                         0.001447128865500184                         
0.1631616789795796                 0.022325401068744134                         0.0013586806411890117                        
0.16331019763796614                0.023374757114738794                         0.0014199153737230867                        
0.16345871607713366                0.02216136778681711                          0.001358800640689244                         
0.16360723429688329                0.02164840975199925                          0.0013691656507383704                        
0.1637557522970161                 0.02678402404688027                          0.001541247392100038                         
0.16390427007733335                0.021994871119639204                         0.0013693408638583459                        
0.16405278763763612                0.020995145739815296                         0.0013813791725438846                        
0.1642013049777256                 0.024282433730161628                         0.001461630749802082                         
0.16434982209740293                0.021904113196178958                         0.0014109679660752558                        
0.16449833899646926                0.023196455248656763                         0.0014641472724660808                        
0.16464685567472578                0.024721752744048753                         0.0014989764384428857                        
0.16479537213197368                0.022931095585596063                         0.0014650139579410898                        
0.16494388836801405                0.0218079832129492                           0.0014286884826047127                        
0.16509240438264808                0.0252466872386357                           0.0015538261872462805                        
0.16524092017567696                0.02247974089753331                          0.0014758672944329585                        
0.16538943574690185                0.02479295630909803                          0.0015465421232818057                        
0.1655379510961239                 0.02306592160277637                          0.001498292613911091                         
0.1656864662231443                 0.02209447365753186                          0.0014795553904394176                        
0.16583498112776424                0.022298128769062283                         0.0014999344579974682                        
0.16598349580978486                0.021586264923232183                         0.0014860597624947632                        
0.16613201026900737                0.022502336615623626                         0.0015102579476040051                        
0.16628052450523292                0.023863119794214155                         0.0015734875226609303                        
0.16642903851826274                0.02116165840279818                          0.0014852572488809118                        
0.16657755230789795                0.022529534750265586                         0.001550997135408272                         
0.1667260658739398                 0.02308459991612083                          0.0015854568315041085                        
0.16687457921618937                0.022420786514435007                         0.0015435105981085196                        
0.16702309233444793                0.023551050192380997                         0.0016174927680046673                        
0.16717160522851673                0.023095628276185026                         0.0015937497644768711                        
0.16732011789819684                0.024590266724446773                         0.0016654630146348704                        
0.1674686303432895                 0.023723353834431506                         0.0016528843826170067                        
0.16761714256359592                0.0237915589206238                           0.0016340109752776741                        
0.16776565455891726                0.02365162797688119                          0.0016724226528554151                        
0.16791416632905476                0.022823867161831955                         0.0016428979076082543                        
0.1680626778738096                 0.02152306856358258                          0.0015953959865205615                        
0.168211189192983                  0.022119031112319533                         0.0016486552387859755                        
0.1683597002863761                 0.020902458899673796                         0.0015937975493181414                        
0.16850821115379017                0.02459129851388105                          0.0017432309323239699                        
0.1686567217950264                 0.02300760483814118                          0.0017054371364280793                        
0.16880523220988602                0.02352208301069062                          0.001729377937156408                         
0.1689537423981702                 0.021734509480583922                         0.0016869250959324485                        
0.16910225235968016                0.024170480202585738                         0.0017581437319330274                        
0.16925076209421713                0.020118714046012915                         0.0016426861231232165                        
0.16939927160158233                0.023761657256183073                         0.0017962124525318234                        
0.169547780881577                  0.024679056655959104                         0.0018193641947060722                        
0.16969628993400226                0.024084879839694266                         0.0018311395057592108                        
0.16984479875865943                0.021996640462777294                         0.0017555230255692361                        
0.16999330735534968                0.02015180220407179                          0.0016911016745739178                        
0.17014181572387424                0.022290020326672346                         0.0018079593872131858                        
0.17029032386403442                0.024872171223168774                         0.0018909961612384731                        
0.17043883177563132                0.022894650289067914                         0.001850922772615783                         
0.17058733945846627                0.021080329979260504                         0.001794476856539494                         
0.1707358469123404                 0.024919577840990068                         0.0019578669417411225                        
0.17088435413705508                0.022308970150815694                         0.0018655698040106307                        
0.1710328611324114                 0.02341109487916054                          0.0019179116219308163                        
0.17118136789821065                0.02377622019680995                          0.001961029590134292                         
0.17132987443425413                0.02476709691341676                          0.0020088768292888947                        
0.17147838074034302                0.023520016880028555                         0.001994941794352627                         
0.17162688681627855                0.024196901920980812                         0.002023446589834543                         
0.17177539266186204                0.024043482947078088                         0.00202482653530119                          
0.17192389827689467                0.02516488218058255                          0.002104393165628197                         
0.17207240366117768                0.026609661564837347                         0.002172669768733361                         
0.17222090881451232                0.023861549407359208                         0.0021090829244451927                        
0.1723694137366999                 0.02089754095569226                          0.0019572340356048723                        
0.17251791842754163                0.022749507064439442                         0.002068137005858131                         
0.17266642288683876                0.02541090863258099                          0.002195168163301953                         
0.17281492711439256                0.024354429013106187                         0.002187092289294293                         
0.17296343111000428                0.0217920096197035                           0.002116627085597151                         
0.1731119348734752                 0.024238140905453783                         0.002221906733878749                         
0.1732604384046066                 0.02321978008313594                          0.0021747316573912327                        
0.17340894170319962                0.025628426030562677                         0.00233954450838196                          
0.17355744476905563                0.021126579188862613                         0.0021450791161803377                        
0.1737059476019759                 0.026711643863122                            0.0024486523782476784                        
0.17385445020176168                0.024492474287051116                         0.0023567894371248252                        
0.17400295256821427                0.025008157739958698                         0.002406411100516963                         
0.17415145470113486                0.024363335006730137                         0.0024005907295856265                        
0.17429995660032482                0.028597411519121155                         0.0026438316301983554                        
0.17444845826558536                0.024526567163922586                         0.002490295591378094                         
0.17459695969671776                0.023277060729645194                         0.0024400989806342287                        
0.17474546089352336                0.02250973248116321                          0.0023995455449785743                        
0.17489396185580336                0.02226977663652784                          0.0024592854193177323                        
0.1750424625833591                 0.022555157854503842                         0.002506128650500427                         
0.17519096307599183                0.024855207161414615                         0.002664757915374273                         
0.1753394633335029                 0.026397999910650404                         0.002782593513019221                         
0.17548796335569353                0.026457510791398218                         0.00280449053491275                          
0.17563646314236503                0.017970545427211573                         0.0023596482165907503                        
0.1757849626933187                 0.02717458414333645                          0.002964990209899666                         
0.17593346200835586                0.02265519172024872                          0.002727364582063797                         
0.17608196108727775                0.023717204135246046                         0.002855215852630928                         
0.17623045992988567                0.02199861285181229                          0.0027498266064765364                        
0.17637895853598098                0.027864968812248214                         0.00319633113467112                          
0.17652745690536492                0.028559724052606244                         0.0033200004842905365                        
0.17667595503783887                0.020069037989225692                         0.0027830748276687673                        
0.176824452933204                  0.029055018914908016                         0.0034727389851850017                        
0.17697295059126175                0.02075362917931407                          0.0029350063853847965                        
0.1771214480118134                 0.023794721934526905                         0.0032684564239288563                        
0.17726994519466022                0.02153087826633694                          0.0031745548093216783                        
0.17741844213960353                0.027737854245798534                         0.0036421586961987145                        
0.17756693884644464                0.029332046536416134                         0.003919659592577802                         
0.1777154353149849                 0.024557114783924566                         0.0035445142077548462                        
0.17786393154502564                0.021435048891003335                         0.0034772240931059367                        
0.17801242753636812                0.025665705678020647                         0.003960304365259669                         
0.17816092328881367                0.0238848712343691                           0.003874637755164626                         
0.17830941880216367                0.0246658490279502                           0.004055040601221845                         
0.1784579140762194                 0.023418628884911093                         0.004076660021981721                         
0.17860640911078218                0.0204279821307428                           0.004006256904153164                         
0.17875490390565335                0.021999412739161887                         0.004233788955656266                         
0.17890339846063424                0.01741623928239217                          0.003995559316235305                         
0.17905189277552622                0.022956007922736346                         0.004685875495166004                         
0.1792003868501306                 0.03409931037165982                          0.0061244169382067                           
0.17934888068424865                0.019683854961279806                         0.004774036066158521                         
0.17949737427768178                0.034374453388283946                         0.00687489067765679                          
0.17964586763023138                0.03723025776909243                          0.007937517626474537                         
0.1797943607416987                 0.05076864326818803                          0.009269043710639795                         
0.17994285361188503                0.028599731028972564                         0.007932138206879926                         
0.18009134624059184                0.016499880616222623                         0.006736048054430715                         
0.18023983862762047                0.03959979945025751                          0.013199933150085837                         
0.18038833077277225                0.03299990457712266                          0.013472154629080933                         
0.18053682267584845                0.043999968450892796                         0.021999984225446398                         
0.18068531433665053                nan                                          nan                                          
