#####################################################################################################
# NeXus source file: noemi5saxs
# NXdata: name = img{0}_azimuthalIntegration_Px_22                 
#
#
# Exposure_msec                                     1000.0 + 0.0
# _diffrn_source.source                             Storage Ring SOLEIL, beamline SWING
# _diffrn_sofware                                   Foxtrot 3.5.10-3979
# _diffrn_detector.detector                         EIGER-4M
# _diffrn_comment.comment                           -
# _sas_detc.pixnum_ax                               [1035]
# _sas_detc.pixnum_eq                               [1083]
# _sas_detc.pixsize                                 150.0
# _sas_detc.center_ax                               285.110346632731
# _sas_detc.center_eq                               957.0166664324403
# _sas_detc.dist_spec/detc                          6137.21860334
# _sas_detc.energy                                  12.000513668149837
# _sas_detc.gain                                    1.0
# _sas_detc.detector_based_uncertainty              0.0
# _sas_detc.encoder_delta                           0.0
# _sas_detc.delta0                                  0.0
# _sas_detc.gamma_offset                            0.0
# _sas_detc.wave_length                             1.0331573224991384
# _sas_detc.bias                                    0
# _sas_detc.mask                                    E:\20251487\published-data\3120\2026-09-03_session3\\mask_bags_saxs_12kev_sept26.txt
# Normalization                                     true
# Normalization Factor                              0.02571
# Normalization Monitor                             averagemi8b
# Normalization Intensity                           1.3550127803547397e-06
# GlobalNormalization                               31.483329301987705
# AbsTimeStamps                                     nan
# TimeStamps                                        1.3956758975982666
# gapTime                                           500.0
# step_global_regrid                                nan
# xmax_global_regrid                                nan
# xmin_global_regrid                                nan
# ymax_global_regrid                                nan
# ymin_global_regrid                                nan
#####################################################################################################
q(A-1)                             I(q)ctac1mm_00191{00000}_AzInt_Px_22         Sig(q)ctac1mm_00191{00000}_AzInt_Px_22       
0.0                                nan                                          nan                                          
0.00014863910320409943             nan                                          nan                                          
0.0002972782062084175              nan                                          nan                                          
0.0004459173088131729              nan                                          nan                                          
0.0005945564108185842              nan                                          nan                                          
0.0007431955120248703              nan                                          nan                                          
0.0008918346122322496              nan                                          nan                                          
0.001040473711240941               nan                                          nan                                          
0.001189112808851163               243.4383722892269                            1.3903502156808558                           
0.0013377519048631344              181.57759069083343                           0.49021341696961435                          
0.001486390999077074               146.41784860389595                           0.3288686505886298                           
0.0016350300912932002              102.60603729682101                           0.2370457419049733                           
0.0017836691813117322              76.631041404734                              0.2103685052389222                           
0.0019323082689328885              59.45853586416792                            0.17313965091417927                          
0.0020809473539568878              45.7736965293544                             0.14016895814526764                          
0.0022295864361839487              35.71569365690884                            0.12059851527178012                          
0.0023782255154142914              28.615910060302134                           0.09939615651045014                          
0.002526864591448133               23.359729330368243                           0.09288474813137967                          
0.0026755036640856928              19.463297632539792                           0.07709944989876971                          
0.00282414273312719                16.244429931669682                           0.07009988933131812                          
0.002972781798372844               13.582022791106905                           0.06206302905317892                          
0.0031214208596228726              11.672980132691233                           0.05535513928303064                          
0.003270059916677496               10.138051873160578                           0.05246190925049246                          
0.0034186989693369323              8.683142360165274                            0.04454416655932657                          
0.0035673380174014                 7.558639527364559                            0.04171017961572526                          
0.0037159770606711206              6.674705830552888                            0.03877629443276446                          
0.0038646160989463108              5.828378367617266                            0.035248491871596545                         
0.004013255132027191               5.249917332233247                            0.033231318636426276                         
0.00416189415971398                4.678137405610549                            0.029307128050077944                         
0.004310533181806896               4.078881309105521                            0.02776999047684735                          
0.004459172198106161               3.6297796751225144                           0.025815285346243357                         
0.0046078112084119915              3.2775420022843242                           0.023982513994542296                         
0.004756450212524608               2.9357967624708134                           0.022635347848244784                         
0.0049050892102442305              2.6732447160992923                           0.020451785327921204                         
0.005053728201371077               2.387509396022235                            0.019873841841219996                         
0.00520236718570537                2.1516352271353996                           0.017954623596880978                         
0.005351006163047325               2.0068089097402213                           0.017422211799582272                         
0.005499645133197165               1.8461810043442473                           0.016400943506301495                         
0.005648284095955107               1.6814824277395823                           0.015305189038340467                         
0.005796923051121373               1.543328116642467                            0.014961221294398993                         
0.005945561998496182               1.3992320217831848                           0.013386868974531637                         
0.006094200937879753               1.3056492206075019                           0.013010387024090778                         
0.006242839869072308               1.2298797438084357                           0.012576009738221126                         
0.006391478791874063               1.1231712300145835                           0.011898240652192749                         
0.006540117706085243               1.0476850427099889                           0.011335104819896129                         
0.006688756611506066               0.9421102774875931                           0.010337890390112051                         
0.006837395507936751               0.8876832094874273                           0.010314926825757242                         
0.006986034395177519               0.8332170348989015                           0.009653393375240816                         
0.007134673273028592               0.784077357612627                            0.009331609617983178                         
0.007283312141290187               0.7396064514135766                           0.008984915396874257                         
0.007431950999762529               0.6935940609800599                           0.00848500553802806                          
0.007580589848245835               0.6413083906437571                           0.00832376817082697                          
0.007729228686540326               0.6104219447427073                           0.007771820349322362                         
0.007877867514446222               0.5530366900672034                           0.007455789732689278                         
0.008026506331763748               0.5291547336635675                           0.0071803032121290685                        
0.00817514513829312                0.5032617158096795                           0.006918054454655986                         
0.008323783933834563               0.4713145446182314                           0.0068184831162687465                        
0.008472422718188292               0.4545509144929                              0.006386309223077277                         
0.008621061491154536               0.436018502800307                            0.006272511359496504                         
0.00876970025253351                0.39676909252039755                          0.005949826058638591                         
0.00891833900212544                0.3697100214433052                           0.005727293936727816                         
0.009066977739730543               0.3653606796921478                           0.0056309381697055684                        
0.009215616465149042               0.3423615989264254                           0.005321540022814238                         
0.00936425517818116                0.32563484256791797                          0.005294350594187856                         
0.009512893878627117               0.3078001236065065                           0.005000420042852063                         
0.009661532566287137               0.2886954186560559                           0.004830411915163704                         
0.009810171240961438               0.2861875277463622                           0.004791133587485528                         
0.009958809902450245               0.2729487697535335                           0.004554209209381957                         
0.010107448550553781               0.25304229767318004                          0.004545507035344322                         
0.010256087185072265               0.24594249590902428                          0.004252413762601056                         
0.01040472580580592                0.22576032672122054                          0.004141868429822507                         
0.010553364412554972               0.22154501168304586                          0.004003680222477063                         
0.010702003005119639               0.2052266190006658                           0.00385780678580764                          
0.010850641583300147               0.20834746599025533                          0.003927590276729783                         
0.010999280146896714               0.2034642881682641                           0.003764631006368494                         
0.011147918695709568               0.1883293017620432                           0.0036378978421291856                        
0.011296557229538928               0.18785743554813167                          0.0035745102959933352                        
0.011445195748185017               0.1802857558454427                           0.003505488743002956                         
0.011593834251448063               0.1773434987644431                           0.0034693296474733216                        
0.011742472739128288               0.16470192833623054                          0.003264145312037465                         
0.01189111121102591                0.15821202310217183                          0.0032560531876642982                        
0.012039749666941157               0.15567092243892622                          0.0031605458906444977                        
0.012188388106674252               0.14843714393897536                          0.003055530253072406                         
0.012337026530025419               0.14900787566501375                          0.003070532987627798                         
0.012485664936794882               0.1423796841040197                           0.0029604668925749165                        
0.012634303326782862               0.13812208238251644                          0.0029474534130153043                        
0.012782941699789586               0.1365453008023342                           0.0028552469495005577                        
0.012931580055615283               0.13098479683295136                          0.00281508777291647                          
0.013080218394060168               0.1301994135687884                           0.002754656454366495                         
0.01322885671492447                0.12528109320902586                          0.0027196489208032547                        
0.013377495018008414               0.12190468180100714                          0.0026703705384051746                        
0.013526133303112226               0.11855950753280008                          0.00259088447119609                          
0.013674771570036126               0.11100062917458348                          0.0025091696604356973                        
0.013823409818580348               0.1113093893804377                           0.002483990588778947                         
0.013972048048545106               0.10825496233731177                          0.002475733363164915                         
0.014120686259730635               0.10407022003995413                          0.0023750669616837104                        
0.014269324451937156               0.10232409292056086                          0.0023352172445352437                        
0.014417962624964894               0.10047402798893043                          0.002341676616339991                         
0.014566600778614077               0.09888916434814453                          0.0022880223950928996                        
0.014715238912684931               0.09694147009773338                          0.00227296763543788                          
0.01486387702697768                0.08921474494499977                          0.0021430749348406806                        
0.015012515121292555               0.09432224899100083                          0.002191171839096914                         
0.015161153195429777               0.09186397655365793                          0.0021835272077096912                        
0.015309791249189571               0.09224774797043751                          0.002144716576199661                         
0.015458429282372172               0.08929256554212846                          0.0021302443420412355                        
0.015607067294777802               0.08667080494055486                          0.0020485488022003494                        
0.015755705286206685               0.08243648383807191                          0.002014845421226277                         
0.015904343256459057               0.08172603785393857                          0.0020077017163504874                        
0.01605298120533514                0.08049506621891789                          0.0019505717856589623                        
0.016201619132635157               0.08102261769907851                          0.0019761614072945975                        
0.01635025703815934                0.07741697794168603                          0.0018932940828684226                        
0.016498894921707925               0.07408227237083716                          0.0018810848961720577                        
0.016647532783081127               0.07684197381510034                          0.0018848769442449521                        
0.016796170622079182               0.07728141607186592                          0.0018699549253282243                        
0.016944808438502313               0.07383795815777772                          0.001843645835201123                         
0.01709344623215075                0.0691264390528414                           0.0017597915271803015                        
0.017242084002824728               0.07239273041470763                          0.0018189357904161718                        
0.01739072175032447                0.07203137118832866                          0.0017679404727601448                        
0.017539359474450206               0.07128005384646349                          0.0017720613788758967                        
0.017687997175002166               0.06449167063357886                          0.001682073465581173                         
0.017836634851780577               0.06767325295371575                          0.0017008914398169866                        
0.017985272504585672               0.06868203846204816                          0.0017322752705005342                        
0.01813391013321768                0.06469062904627627                          0.0016399725463254278                        
0.018282547737476833               0.06505730437189214                          0.0016632224907342744                        
0.018431185317163357               0.06314942176881559                          0.0016267197973513234                        
0.018579822872077482               0.0627859777452988                           0.0016072572555770129                        
0.01872846040201944                0.0624844839882617                           0.0016138804890722944                        
0.018877097906789472               0.06449166844846034                          0.001645002941476574                         
0.019025735386187796               0.06299942387484612                          0.0016636501450528179                        
0.019174372840014643               0.06301431880049034                          0.0016401972033200818                        
0.01932301026807025                0.05983523191836187                          0.0016026016730525075                        
0.019471647670154846               0.062321044491005964                         0.0016999458557663421                        
0.019620285046068664               0.05883122502125848                          0.0016456689107865949                        
0.019768922395611937               0.06218727182754642                          0.0017247645942725833                        
0.019917559718584898               0.05639044535431277                          0.0016217816197672342                        
0.020066197014787773               0.057601445346626194                         0.001672595933021634                         
0.0202148342840208                 0.05846664102993029                          0.0017114834972041053                        
0.020363471526084212               0.059092410696037455                         0.0016876658886184103                        
0.02051210874077824                0.05856533683738678                          0.001730764194715386                         
0.020660745927903117               0.05554967544698904                          0.0016387832317451571                        
0.020809383087259083               0.05638133782325654                          0.0017148357531434856                        
0.02095802021864636                0.05568842552264948                          0.0016890797963962508                        
0.02110665732186519                0.055269356046311474                         0.001673293134948714                         
0.021255294396715804               0.053493556187637334                         0.0016676072817838191                        
0.021403931442998434               0.054757505077218264                         0.0016708655754464222                        
0.021552568460513323               0.05559950183289276                          0.0017315760396393789                        
0.021701205449060703               0.052487796408817546                         0.0016532101924228609                        
0.021849842408440803               0.05286943756819874                          0.0016619365307944214                        
0.02199847933845386                0.05313650832931157                          0.0016913536953059598                        
0.02214711623890011                0.05105218333831895                          0.0016358174690981587                        
0.02229575310957979                0.05556022733520758                          0.0016953597700892853                        
0.022444389950293145               0.05142660364793824                          0.0015840450833704302                        
0.022593026760840393               0.04887830375801359                          0.001552670489544568                         
0.02274166354102178                0.052626805613277886                         0.0016111085407688893                        
0.02289030029063754                0.05023393142915918                          0.0015306973022251756                        
0.02303893700948792                0.05180193691417053                          0.0015777442941013282                        
0.02318757369737314                0.051558200402196636                         0.0015405959041625366                        
0.023336210354093452               0.053051363941779964                         0.001596658426373699                         
0.02348484697944908                0.04969088243998945                          0.001511345865549771                         
0.02363348357324028                0.04998703479680962                          0.0015224673753103763                        
0.023782120135267273               0.05091445259289905                          0.0015365259832815193                        
0.023930756665330306               0.0482968143336719                           0.001473039027500843                         
0.02407939316322961                0.04639155685942132                          0.0014677639042842145                        
0.024228029628765434               0.048134751742430995                         0.0014633395343199593                        
0.024376666061738005               0.05061481291312163                          0.0015090421645623216                        
0.024525302461947576               0.04906465001481351                          0.00148680757620647                          
0.024673938829194372               0.050463532082202014                         0.0014848639129596685                        
0.024822575163278647               0.04807714756275848                          0.001478072915727514                         
0.02497121146400064                0.049395883161827796                         0.0014521921179956399                        
0.02511984773116057                0.0460550588841574                           0.00143641782098483                          
0.025268483964558705               0.048347455537023035                         0.001456407227292559                         
0.025417120163995274               0.048306365625718814                         0.0014351239401919056                        
0.02556575632927051                0.04375163022150116                          0.0013835480284540083                        
0.02571439246018467                0.049771456524626057                         0.00144038366276678                          
0.025863028556537982               0.04793191278884199                          0.0014531495534285993                        
0.0260116646181307                 0.04643693714287579                          0.0014033193302519606                        
0.026160300644763053               0.04815380430883247                          0.0014280728782111445                        
0.0263089366362353                 0.04865933597466173                          0.0014336394348215765                        
0.026457572592347666               0.047624579372544884                         0.001415493695920494                         
0.026606208512900405               0.04996306603395235                          0.0014575724404502408                        
0.026754844397693756               0.048526833814480655                         0.0014102824616617751                        
0.02690348024652797                0.04452711096392158                          0.0013561731363934053                        
0.02705211605920328                0.050208627289555254                         0.0014524272727675753                        
0.027200751835519926               0.04338469517542353                          0.0013300431671807878                        
0.027349387575278168               0.0448648298101459                           0.0013595402972771482                        
0.027498023278278244               0.04625758754270946                          0.0013742572109941746                        
0.0276466589443204                 0.04608391641161304                          0.0013672886683760263                        
0.027795294573204874               0.04666083003480569                          0.0013837964996527522                        
0.027943930164731925               0.04543994847501157                          0.0013499661390973334                        
0.02809256571870178                0.04708430496932207                          0.0013741752286923696                        
0.028241201234914706               0.0459255939616952                           0.0013554510482469706                        
0.02838983671317093                0.046071574771543194                         0.001355046316810094                         
0.028538472153270714               0.046592340357852334                         0.0013609767936240643                        
0.0286871075550143                 0.04643937807176225                          0.0013553527661430858                        
0.02883574291820193                0.048969365429409856                         0.0013806517753469716                        
0.028984378242633856               0.044549402537603935                         0.0013341493541073268                        
0.029133013528110326               0.04581262544241474                          0.0013297188388281356                        
0.02928164877443159                0.045898705792737526                         0.0013424347457425252                        
0.029430283981397888               0.044539866378437154                         0.0013191569932403588                        
0.029578919148809477               0.04412304007093174                          0.0013033862010522477                        
0.029727554276466603               0.04578206896376426                          0.0013333326458658747                        
0.029876189364169515               0.04517037626873232                          0.0013116300673619082                        
0.03002482441171847                0.04736001389258529                          0.0013438507040962765                        
0.0301734594189137                 0.04383357355529444                          0.0012959667701872425                        
0.030322094385555477               0.04636553973799156                          0.001331266241751229                         
0.03047072931144404                0.04500217845722066                          0.0012991009923197965                        
0.03061936419637964                0.044326315863738516                         0.0012931315373194412                        
0.030767999040162516               0.04622938467023506                          0.0013128263056709922                        
0.030916633842592953               0.04520857856356276                          0.0013121862807922635                        
0.031065268603471176               0.04435193758454172                          0.0012776711073311407                        
0.031213903322597436               0.04526477532329089                          0.0013028869496376281                        
0.031362537999772004               0.04379987174280412                          0.0012696948500884977                        
0.031511172634795116               0.04497770046725747                          0.0012866536162025176                        
0.03165980722746703                0.04553106419236924                          0.0012998268979134264                        
0.03180844177758801                0.04509858123375722                          0.0012766021950871935                        
0.03195707628495829                0.040703550877510014                         0.001221167586231148                         
0.03210571074937814                0.04450634774478709                          0.001274735568962935                         
0.032254345170647805               0.04457115253243827                          0.001269838559016779                         
0.03240297954856755                0.0423764878300694                           0.0012410111522229354                        
0.03255161388293761                0.04401662070455319                          0.0012484786875171857                        
0.03270024817355827                0.04275252852923717                          0.0012472194420861348                        
0.03284888242022977                0.04459826459838666                          0.0012609251438429909                        
0.03299751662275236                0.039821168129751824                         0.001191481789690383                         
0.033146150780926295               0.04404407017391507                          0.0012502635072730302                        
0.03329478489455186                0.043452116889632714                         0.0012349535327049648                        
0.033443418963429276               0.04387869656688873                          0.0012577908443219244                        
0.033592052987358824               0.04457415855462856                          0.0012439434615590154                        
0.03374068696614075                0.044119044544487264                         0.0012443955798712976                        
0.03388932089957531                0.0442680395678638                           0.0012417023818215088                        
0.03403795478746278                0.04281888206585442                          0.00122389628194633                          
0.03418658862960341                0.04241122043932592                          0.001222778957272481                         
0.034335222425797444               0.04267771271241056                          0.001241870145544121                         
0.034483856175845165               0.044514600356924686                         0.0012844907319298135                        
0.03463248987954682                0.04467099344333202                          0.0012890035315150598                        
0.034781123536702666               0.04356694284981538                          0.001285837661761149                         
0.03492975714711298                0.044659252534266405                         0.001299530572745366                         
0.03507839071057801                0.045464624285603904                         0.001275266147205592                         
0.03522702422689801                0.042812941120003147                         0.0012473904602788234                        
0.03537565769587327                0.04269453855449983                          0.001228906068928085                         
0.03552429111730402                0.04261347346336915                          0.0012311714227914077                        
0.035672924490990535               0.046650805302991205                         0.0012767871767427907                        
0.03582155781673309                0.0471623160625772                           0.0012774596651851395                        
0.03597019109433192                0.04373374338186374                          0.0012444663946615316                        
0.03611882432358732                0.04527123136173205                          0.0012394938963932035                        
0.03626745750429954                0.044829818511684924                         0.0012447925849867897                        
0.03641609063626884                0.04411179245259864                          0.0012215631120175402                        
0.03656472371929549                0.04185288034212947                          0.0011943350244368563                        
0.03671335675317976                0.04314802110651172                          0.0012126738976966575                        
0.0368619897377219                 0.04423637395034521                          0.0012161848765811789                        
0.03701062267272219                0.04405408382584388                          0.0012162399266792887                        
0.03715925555798089                0.04367216022059729                          0.0012103171368218876                        
0.03730788839329828                0.043166466645715405                         0.0012013882502615492                        
0.037456521178474596               0.04355632259686701                          0.0012011253399428121                        
0.03760515391331015                0.04608159063319398                          0.0012259037699919382                        
0.037753786597605164               0.043746964764568616                         0.0012050088075136376                        
0.03790241923115994                0.043377942236233105                         0.001191234284112715                         
0.038051051813774724               0.045153136917106776                         0.0012172469931515442                        
0.03819968434524979                0.04202816919510537                          0.0011683509977796385                        
0.03834831682538542                0.04148138802386754                          0.001157182124293058                         
0.03849694925398188                0.04456889255811308                          0.0012080997106983515                        
0.03864558163083943                0.044058727466750124                         0.0011907764180202737                        
0.03879421395575834                0.042921034187952886                         0.0011747069682461273                        
0.038942846228538906               0.044684999657632604                         0.001186652732231715                         
0.03909147844898136                0.04407650162064183                          0.0011934381918749866                        
0.03924011061688601                0.041174286323042424                         0.001140216403355741                         
0.0393887427320531                 0.04460793560828112                          0.0011792131356586737                        
0.039537374794282924               0.04494555246265447                          0.0011848307749944833                        
0.039686006803375744               0.042353160698808255                         0.0011434278617000128                        
0.039834638759131825               0.04359090903165964                          0.0011662662895450388                        
0.03998327066135146                0.04205709654866854                          0.0011350213187880849                        
0.04013190250983492                0.04402877827486033                          0.0011546608249251337                        
0.04028053430438246                0.041883105021778166                         0.0011332181484969884                        
0.04042916604479439                0.04179757846143831                          0.0011255608754918878                        
0.04057779773087095                0.04282433081156056                          0.001146988855990381                         
0.040726429362412435               0.042720472232698536                         0.0011277428809019034                        
0.04087506093921912                0.04283091792396937                          0.0011426657756677674                        
0.04102369246109126                0.04171622561796549                          0.0011250029429647162                        
0.04117232392782917                0.04266186206081947                          0.0011285575038674858                        
0.041320955339233106               0.04435004793152596                          0.0011583161414069245                        
0.041469586695103346               0.043169428974349076                         0.0011352516912428831                        
0.04161821799524017                0.04267489871652419                          0.001134072638289269                         
0.041766849239443855               0.04266457909512189                          0.0011333982568295536                        
0.04191548042751469                0.04266866184529437                          0.0011228595222445886                        
0.042064111559252944               0.0439481889045373                           0.0011427649079670456                        
0.0422127426344589                 0.042727803052658525                         0.0011236379964035608                        
0.042361373652932834               0.04340745137252834                          0.0011325395821538767                        
0.04251000461447503                0.04244590003657824                          0.0011430194323407738                        
0.04265863551888578                0.04278829534834099                          0.001152657753864906                         
0.042807266365965366               0.043173831219687354                         0.001174607893120231                         
0.04295589715551405                0.04303674787132979                          0.0011739235403874905                        
0.04310452788733213                0.04360441647368099                          0.0011876419596578455                        
0.04325315856121989                0.042793066790907434                         0.0011729631915211405                        
0.0434017891769776                 0.045134931345178896                         0.0012176414394480604                        
0.043550419734405564               0.038944436008083005                         0.0011298926888006274                        
0.04369905023330405                0.04552809145729726                          0.0012185314308437727                        
0.043847680673473347               0.043515498869554116                         0.0012018288383645835                        
0.04399631105471376                0.0443479193826757                           0.0012007872398087898                        
0.04414494137682554                0.04452465670283785                          0.0012163209312677197                        
0.044293571639608995               0.042122924456443195                         0.0011787536935166012                        
0.04444220184286442                0.04340611754538844                          0.0011947140650572059                        
0.044590831986392084               0.04332246239960179                          0.001196041409027046                         
0.04473946206999227                0.04278271024736425                          0.0011879503921631148                        
0.044888092093465295               0.041237559228436936                         0.0011811120478170739                        
0.04503672205661142                0.044327694053312286                         0.0012042190469250867                        
0.04518535195923094                0.0433564897479705                           0.0012104330831744627                        
0.04533398180112416                0.04272140972128806                          0.0011945664215749867                        
0.04548261158209136                0.0437658090346707                           0.0012129124919392793                        
0.04563124130193283                0.04565865275376282                          0.0012515092530360214                        
0.04577987096044885                0.043952321584083597                         0.001209747836431432                         
0.045928500557439744               0.044752772540094986                         0.0012383641119770388                        
0.04607713009270576                0.043788676680743086                         0.0012229756444952576                        
0.04622575956604723                0.04196867606293538                          0.0011947242788578408                        
0.04637438897726441                0.04460848321985022                          0.0012343714494940027                        
0.04652301832615762                0.04377869118326906                          0.0012137356978087575                        
0.04667164761252716                0.04266664596466521                          0.0012170616076325196                        
0.0468202768361733                 0.04326470170262432                          0.0012078705305468682                        
0.04696890599689635                0.04241074724752084                          0.0011990775438267493                        
0.04711753509449661                0.044675826323176286                         0.001231997190770898                         
0.04726616412877436                0.042686223101165204                         0.0011903296335807334                        
0.0474147930995299                 0.04369907794736164                          0.0012171547961809313                        
0.04756342200656354                0.042784502608196356                         0.0011898363290353483                        
0.04771205084967556                0.04349005053795479                          0.0012052702037512522                        
0.04786067962866626                0.04382875173493726                          0.0012118677545919982                        
0.048009308343335964               0.04234353210376629                          0.0011757557031193365                        
0.04815793699348494                0.043728277695696385                         0.0012104786014722334                        
0.048306565578913496               0.04305964817758401                          0.0011838333079304147                        
0.04845519409942194                0.04303438941835319                          0.001199572143554385                         
0.04860382255481056                0.04625676375710824                          0.0012456416239497276                        
0.04875245094487968                0.04287422564110477                          0.0011800742222176962                        
0.04890107926942957                0.04505710309731892                          0.0012235829620971894                        
0.04904970752826055                0.04420460854338574                          0.001201318642944594                         
0.04919833572117292                0.04429901426091031                          0.00121515470268542                          
0.04934696384796698                0.043000688826847114                         0.001188517523398375                         
0.049495591908443035               0.043486442771085446                         0.0011915211921798038                        
0.049644219902401386               0.04313455987701053                          0.0011922176522413256                        
0.04979284782964235                0.043394093669016184                         0.0011872095816808602                        
0.049941475689966215               0.04217789313180632                          0.0011826093993293533                        
0.05009010348317329                0.042225634802086645                         0.001167541470113003                         
0.050238731209063886               0.042212880417958405                         0.0011757595874956504                        
0.05038735886743832                0.04299322068983699                          0.0011915012105019104                        
0.05053598645809688                0.04316935845601514                          0.0011859534845642691                        
0.05068461398083988                0.043029585939390096                         0.0011852486296975062                        
0.050833241435467615               0.041604680817752364                         0.0011565783443972949                        
0.05098186882178042                0.043022185027449755                         0.0011882042949902165                        
0.05113049613957859                0.04277590503233551                          0.001176922317019823                         
0.05127912338866244                0.043678565117468836                         0.0011923180127207027                        
0.05142775056883227                0.04371532086491074                          0.0011946574119099133                        
0.051576377679888395               0.043734771775604565                         0.0011846196619199555                        
0.05172500472163113                0.041949896816426684                         0.0011739117464680093                        
0.05187363169386079                0.04452360677941213                          0.0011886705501817404                        
0.052022258596377664               0.04309535288913466                          0.0011777148544093877                        
0.05217088542898209                0.043829106601280365                         0.0011937617852406269                        
0.052319512191474384               0.04261263555046403                          0.0011711011384818038                        
0.052468138883654855               0.04260168445693889                          0.0011703582804338452                        
0.052616765505323786               0.04322785602481197                          0.0011747741027083858                        
0.05276539205628153                0.04242995730237497                          0.0011656405726746043                        
0.0529140185363284                 0.04474283414090113                          0.0011988033058378325                        
0.05306264494526469                0.04141622199277607                          0.0011580710567332402                        
0.053211271282890736               0.041513752101478237                         0.0011518274176091276                        
0.053359897549006836               0.04275651853696278                          0.001163685039926768                         
0.053508523743413326               0.04192797321137581                          0.0011593111083234501                        
0.053657149865910525               0.043623526687271166                         0.0011760114649006633                        
0.05380577591629874                0.0427271535225136                           0.0011667816012853568                        
0.0539544018943783                 0.04262070796565188                          0.0011647437023133897                        
0.05410302779994951                0.03983533218620802                          0.0011249149145160936                        
0.054251653632812716               0.04090234524594602                          0.0011450458391867985                        
0.05440027939276821                0.043481576354298314                         0.0011608509064394254                        
0.05454890507961633                0.04152880636435061                          0.0011491530132301895                        
0.0546975306931574                 0.04408504394510034                          0.0011845854427694304                        
0.05484615623319174                0.045073968460492574                         0.001193619853211818                         
0.05499478169951966                0.04154111883926305                          0.0011481757392503278                        
0.05514340709194151                0.04303485139237021                          0.0011526273506397848                        
0.05529203241025758                0.04593476413123731                          0.0012079733252393892                        
0.055440657654268234               0.044392468265315885                         0.0011763980562371113                        
0.05558928282377376                0.04205081884626556                          0.0011517530803173861                        
0.05573790791857452                0.04370290662788483                          0.0011701006444246075                        
0.05588653293847082                0.040529070877523485                         0.0011202032399750118                        
0.05603515788326298                0.04272425227883553                          0.0011615170053519623                        
0.05618378275275134                0.04158183019935121                          0.001134659606219573                         
0.05633240754673624                0.04280538911771974                          0.0011585962636794643                        
0.05648103226501799                0.041994360146412946                         0.0011408310184356067                        
0.05662965690739693                0.040004006194533474                         0.0011151010182817594                        
0.056778281473673364               0.04261809695557076                          0.0011577756342541685                        
0.05692690596364766                0.043190924427834225                         0.0011485973097686147                        
0.05707553037712013                0.043796239805684936                         0.0011667594538807295                        
0.05722415471389112                0.04153681381570666                          0.0011296524122295867                        
0.05737277897376094                0.04225239730416222                          0.0011465723644855754                        
0.057521403156529954               0.04542572295480616                          0.0011847949120632174                        
0.05767002726199845                0.042804597482169714                         0.001144000988264611                         
0.05781865128996681                0.04237700148612328                          0.0011499536569246156                        
0.05796727524023534                0.04027677487786336                          0.0011044062789544657                        
0.058115899112604404               0.04307730228609311                          0.0011537643375139348                        
0.0582645229068743                 0.04135558375446425                          0.0011255564245930088                        
0.058413146622845386               0.042609401624789114                         0.0011375659910749388                        
0.058561770260317995               0.041839805615677954                         0.0011387352743960574                        
0.05871039381909247                0.04417826422993759                          0.0011550119706469659                        
0.05885901729896914                0.04217224809771605                          0.0011377147443905162                        
0.059007640699748364               0.0434233999469913                           0.0011451025495848055                        
0.05915626402123044                0.04155824125330361                          0.0011223761576632286                        
0.05930488726321576                0.04412989330582893                          0.0011649490375370197                        
0.059453510425504646               0.04284834471457926                          0.0011358777675111972                        
0.05960213350789743                0.04460827116766761                          0.0011650603086955597                        
0.05975075651019445                0.04169476640102101                          0.0011199533415205529                        
0.05989937943219608                0.04111800227471063                          0.001119090275729323                         
0.060048002273702626               0.0434475932087747                           0.0011421718650018967                        
0.060196625034514444               0.04346659296840996                          0.0011418824747387736                        
0.060345247714431886               0.04786389302021821                          0.0012056740471732884                        
0.06049387031325529                0.04523320688456981                          0.001195742214897499                         
0.060642492830785                  0.044181371958045806                         0.0011998013687915096                        
0.060791115266821405               0.04414544575285008                          0.0012055119435425497                        
0.06093973762116479                0.04170125926007231                          0.001179018215270257                         
0.06108835989361553                0.043260265443888675                         0.0012182365820178856                        
0.06123698208397396                0.042766802456633626                         0.0012086612984937577                        
0.061385604192040456               0.044460749253025414                         0.001248582231979972                         
0.061534226217615354               0.042356959695036306                         0.0012146691241203202                        
0.06168284816049901                0.04108390181461651                          0.001210971774946032                         
0.061831470020491754               0.042825255085628636                         0.0012419640679707676                        
0.06198009179739396                0.04133036133067909                          0.0012166517852227464                        
0.06212871349100597                0.041952634650503626                         0.0012419851917719275                        
0.06227733510112815                0.042188268198312014                         0.001235499070546538                         
0.06242595662756082                0.04242033150231961                          0.0012681160954056572                        
0.06257457807010439                0.04405792414653705                          0.0012809484678404912                        
0.06272319942855915                0.04368087642639184                          0.0012732190037801207                        
0.06287182070272551                0.043004793391132105                         0.0012798818917684736                        
0.0630204418924038                 0.040345686569794426                         0.0012374580296532986                        
0.06316906299739436                0.04285972328313896                          0.0012870149440088541                        
0.0633176840174976                 0.042237823770824405                         0.0012306339404944062                        
0.06346630495251382                0.03987901757763169                          0.0011910819536457913                        
0.06361492580224343                0.04339306892518665                          0.0012307923886909328                        
0.06376354656648675                0.04252990471756861                          0.0012111916592472982                        
0.06391216724504416                0.041614158000358246                         0.0011948426361008118                        
0.06406078783771602                0.040653851260748775                         0.0011653500651334606                        
0.06420940834430268                0.04066188855821744                          0.0011703989155307142                        
0.06435802876460452                0.04402256926207325                          0.001210764441522294                         
0.06450664909842187                0.04097207424657156                          0.0011625915260375461                        
0.06465526934555513                0.0393368330898463                           0.0011427210244389812                        
0.06480388950580464                0.04193278533151248                          0.0011706858864719656                        
0.0649525095789708                 0.04108477671672239                          0.0011629837282325843                        
0.06510112956485392                0.041528247994317986                         0.001158489349598994                         
0.06524974946325443                0.04035610611636603                          0.0011414430518866534                        
0.06539836927397262                0.04296353189128912                          0.001180744642079292                         
0.06554698899680893                0.04404913287688157                          0.0011931345878335117                        
0.06569560863156369                0.0423578692820647                           0.001167632463576328                         
0.06584422817803728                0.04064211306493972                          0.0011328880773453544                        
0.06599284763603007                0.04397738097511021                          0.0011778716663677078                        
0.06614146700534243                0.04118135998236441                          0.0011443682514725947                        
0.06629008628577472                0.043618154702646926                         0.0011771505771067865                        
0.06643870547712732                0.040953845784824264                         0.0011389257922367441                        
0.06658732457920061                0.039710692440252965                         0.0011035006054214613                        
0.06673594359179495                0.0416528393025787                           0.0011468911804560047                        
0.06688456251471071                0.03957747245791517                          0.0011140851306847529                        
0.0670331813477483                 0.04107584674622486                          0.00112886636245817                          
0.06718180009070804                0.04265987556319803                          0.0011538127321297977                        
0.06733041874339035                0.041830317587523265                         0.001139744129672656                         
0.06747903730559558                0.03919998471578781                          0.001101714447983566                         
0.06762765577712412                0.042916726764959424                         0.0011433286717032905                        
0.06777627415777635                0.04047804906513603                          0.001120077269854079                         
0.06792489244735264                0.04004699822984193                          0.001106034369658431                         
0.06807351064565337                0.04148451641165706                          0.001131162215073372                         
0.06822212875247895                0.04019979875881965                          0.0011081433239114344                        
0.0683707467676297                 0.040621988290887                            0.0011060001905855222                        
0.06851936469090604                0.04176907841276832                          0.0011284819308314733                        
0.06866798252210835                0.043409435615253435                         0.0011471299808831976                        
0.06881660026103702                4.317900954410954                            0.011457228505350619                         
0.06896521790749241                0.04106275952917562                          0.001116759835281254                         
0.06911383546127492                0.042308897499079574                         0.0011239494609081894                        
0.06926245292218494                0.04196536554409984                          0.0011268154158666339                        
0.06941107029002283                0.03995603053514447                          0.0010886757231084328                        
0.06955968756458901                0.04137227498526545                          0.0011177614286072225                        
0.06970830474568386                0.04053299228324087                          0.001095486277925429                         
0.06985692183310774                0.03767550202563597                          0.001060125723763477                         
0.07000553882666105                0.04058732305067179                          0.0010977568377937312                        
0.0701541557261442                 0.04000347417500233                          0.0010807803162631872                        
0.07030277253135758                0.03923556842431651                          0.0010803327729747546                        
0.07045138924210155                0.04139094401301945                          0.001101899090732895                         
0.07060000585817654                0.0399849425201533                           0.0010870451375502607                        
0.07074862237938288                0.041132250794729826                         0.0011004853668035361                        
0.07089723880552104                0.041262601251381044                         0.0010911603697297946                        
0.07104585513639136                0.0402293377306594                           0.0010908710814566602                        
0.07119447137179426                0.04094140366270369                          0.0010883899133322698                        
0.07134308751153012                0.04044701692634865                          0.0010852639423232857                        
0.07149170355539934                0.03928760574504235                          0.001072056209413195                         
0.07164031950320233                0.04144965826870807                          0.001091158371111782                         
0.07178893535473949                0.04044725642926586                          0.0010907813888650613                        
0.07193755110981116                0.041776330795614                            0.0010944615718647467                        
0.07208616676821783                0.039907403210215055                         0.0010750504868769245                        
0.07223478232975981                0.04084244151002323                          0.0010880684041099974                        
0.07238339779423758                0.041603036946318464                         0.0011001629514258455                        
0.07253201316145147                0.03966068855126584                          0.0010786285315818362                        
0.07268062843120196                0.041359950590381764                         0.0010816987428135395                        
0.07282924360328936                0.03958945910746154                          0.0010688149320194323                        
0.07297785867751416                0.04046820760845736                          0.0010796321460793178                        
0.0731264736536767                 0.041162771045025845                         0.001087380419139629                         
0.07327508853157742                0.04265650310179338                          0.001106934754212296                         
0.07342370331101672                0.04129507051015059                          0.0010803714626090065                        
0.07357231799179499                0.041151119657061065                         0.0010882123176441986                        
0.07372093257371265                0.04204664792957345                          0.0010940599765571974                        
0.07386954705657013                0.04121879198269813                          0.0010798550998759818                        
0.07401816144016779                0.03990883228912702                          0.001058325407685419                         
0.07416677572430608                0.04121580918907246                          0.0010812622072589723                        
0.07431538990878538                0.041903231772856465                         0.0010936654468710486                        
0.07446400399340614                0.040767778661561414                         0.0010640303618948577                        
0.07461261797796873                0.04103045719081825                          0.0010697936601898703                        
0.07476123186227358                0.041430785490967764                         0.0010693818802756177                        
0.0749098456461211                 0.041665211705691936                         0.0010761499167939827                        
0.07505845932931171                0.04024027537196813                          0.0010571259923525028                        
0.07520707291164581                0.04129019338397527                          0.0010643357917181381                        
0.07535568639292387                0.04146553340677207                          0.0010656738742599158                        
0.07550429977294623                0.04117852510313889                          0.0010596984856911197                        
0.07565291305151335                0.03987766672902451                          0.0010468779036294608                        
0.0758015262284256                 0.04087843751038355                          0.001052673322010002                         
0.0759501393034835                 0.04255864735619504                          0.0010727177140426758                        
0.07609875227648738                0.0402041717360194                           0.0010475379031357303                        
0.07624736514723769                0.04213664474786651                          0.0010637718138893483                        
0.07639597791553485                0.04169522775509186                          0.001060429023466056                         
0.07654459058117927                0.04108470874579458                          0.0010486390412863464                        
0.07669320314397139                0.03903606005567204                          0.001023022746043179                         
0.07684181560371163                0.04116086300803344                          0.0010554067437957293                        
0.07699042796020039                0.04170209042241054                          0.0010551575501170814                        
0.07713904021323813                0.04017639912965005                          0.0010387360709134322                        
0.07728765236262525                0.040135371972441956                         0.0010291121018574862                        
0.07743626440816222                0.04029831488034429                          0.001041192375859676                         
0.0775848763496494                 0.04039634090674761                          0.0010402587028565603                        
0.07773348818688727                0.03996438242651418                          0.0010277730145962156                        
0.07788209991967622                0.04133659017318601                          0.001050967998760588                         
0.07803071154781671                0.042272956528159024                         0.0010561640168466552                        
0.07817932307110918                0.040610797620623196                         0.0010430182770413117                        
0.07832793448935403                0.0404570315560067                           0.0010319462577747973                        
0.07847654580235171                0.04075061560958409                          0.0010343995321506348                        
0.07862515700990265                0.0420755751552922                           0.0010612160029856196                        
0.07877376811180728                0.04214284917303476                          0.0010506205028020894                        
0.07892237910786605                0.039588137400718176                         0.0010225022032947359                        
0.07907098999787937                0.04141983612774625                          0.0010407125402556168                        
0.07921960078164769                0.04011930116747376                          0.0010246658966303094                        
0.07936821145897144                0.039521266529500505                         0.001024197013221128                         
0.07951682202965109                0.042058241864715684                         0.001045268083670069                         
0.07966543249348702                0.04018562009313497                          0.0010263597133082852                        
0.07981404285027972                0.03988280640082056                          0.0010182936382848533                        
0.07996265309982961                0.04102122044093883                          0.0010382623975618908                        
0.08011126324193714                0.040799967994170516                         0.0010333245909583506                        
0.08025987327640273                0.04100663883779039                          0.0010270935802387925                        
0.08040848320302686                0.03879068885873088                          0.0010079754687830345                        
0.08055709302160995                0.03984294497841235                          0.001013648051287443                         
0.08070570273195243                0.04060238242594566                          0.0010299734032948062                        
0.08085431233385477                0.042121384767842523                         0.0010413842157518112                        
0.08100292182711742                0.040422150735931354                         0.0010201630536959968                        
0.0811515312115408                 0.042517893255412595                         0.001051830381911704                         
0.0813001404869254                 0.04056521564875522                          0.0010227969581946934                        
0.08144874965307163                0.04076426375163002                          0.0010248878940921655                        
0.08159735870977995                0.041131039423079545                         0.0010269930456069383                        
0.08174596765685078                0.0433970309297883                           0.001055329829389902                         
0.08189457649408466                0.04000471017088896                          0.0010161206544617419                        
0.08204318522128196                0.04138220543625122                          0.0010284666371344485                        
0.08219179383824317                0.04112821433060382                          0.0010282053582650952                        
0.0823404023447687                 0.04065340773282445                          0.0010157005787140444                        
0.08248901074065908                0.041010525537848584                         0.0010259045292743201                        
0.0826376190257147                 0.04069223757675696                          0.0010198587814238087                        
0.08278622719973604                0.04115357028961937                          0.0010215232568944492                        
0.08293483526252357                0.041239416189682486                         0.0010258688202820498                        
0.08308344321387771                0.04126789807130577                          0.001020907332550139                         
0.08323205105359896                0.039555212339105736                         0.0010047033981171864                        
0.08338065878148777                0.04147002730455271                          0.0010234054959593353                        
0.0835292663973446                 0.041916609712481734                         0.0010284929822036778                        
0.0836778739009699                 0.039925704229059715                         0.0010102109470846688                        
0.08382648129216412                0.04081700425303388                          0.0010169353786574178                        
0.08397508857072775                0.04183554742509922                          0.0010246549826394959                        
0.08412369573646125                0.04162450153702057                          0.0010176561822752461                        
0.08427230278916509                0.04086770089619176                          0.0010147400025801536                        
0.08442090972863972                0.04121025853615042                          0.0010197935169821625                        
0.0845695165546856                 0.03876543083422029                          0.0009875140780546262                        
0.08471812326710323                0.040516930492817044                         0.0010075846123870755                        
0.08486672986569305                0.0407290233432872                           0.0010066526853354724                        
0.08501533635025554                0.03974040847206137                          0.0010010464275981583                        
0.08516394272059116                0.040584003942203045                         0.001003681716664916                         
0.08531254897650041                0.040462269775255515                         0.0010037453784901538                        
0.08546115511778372                0.040971456259352786                         0.0010120265908708564                        
0.08560976114424161                0.18864179244221732                          0.0021538324855188396                        
0.08575836705567454                0.0405993544136834                           0.0010090105412094042                        
0.08590697285188292                0.040473389702633485                         0.0009988102770607961                        
0.0860555785326673                 0.040211922632182956                         0.0009990732501280373                        
0.08620418409782817                0.04133402121041387                          0.0010145036502048092                        
0.08635278954716594                0.0429731649580253                           0.0010307953587592525                        
0.08650139488048113                0.04095613705597015                          0.0010055317650521436                        
0.08665000009757422                0.040259861971643905                         0.000992332844904591                         
0.08679860519824566                0.04188758955189264                          0.001015326196178448                         
0.08694721018229597                0.04095742909337578                          0.0010110634188879295                        
0.0870958150495256                 0.04136065643130825                          0.0010058092353305566                        
0.08724441979973506                0.03986290662809497                          0.0009885728792254568                        
0.0873930244327248                 0.04005268736483203                          0.0009905417432106527                        
0.08754162894829534                0.041133446650085524                         0.0010026585081504011                        
0.08769023334624715                0.040071968244959406                         0.0009919290224996468                        
0.08783883762638073                0.040985439190147105                         0.000995507971491635                         
0.08798744178849653                0.03986311714858029                          0.000988578099989819                         
0.08813604583239507                0.040597291572016324                         0.0009934335555694311                        
0.08828464975787681                0.040889257816076                            0.0009996805839985236                        
0.08843325356474228                0.03866313697550941                          0.0009702236105145432                        
0.08858185725279195                0.04184201472139443                          0.0010039513746506153                        
0.08873046082182631                0.040265304634287534                         0.0009912632764342978                        
0.08887906427164587                0.03853837769266088                          0.0009649683852024578                        
0.0890276676020511                 0.04144521645877914                          0.0010010805035707941                        
0.0891762708128425                 0.03957700441692796                          0.0009793768338180323                        
0.08932487390382057                0.04123796634404515                          0.0009940467384297383                        
0.08947347687478581                0.04075828716088347                          0.0009908678683651687                        
0.08962207972553873                0.04093389828842271                          0.0009933773722521333                        
0.0897706824558798                 0.040475906679282865                         0.0009878050403810828                        
0.0899192850656095                 0.04181322617881313                          0.001000958246749945                         
0.0900678875545284                 0.04176262509326828                          0.0010026238932350506                        
0.09021648992243694                0.04035427248947518                          0.000980756156847169                         
0.09036509216913566                0.04146531311551272                          0.0009949128496757494                        
0.09051369429442505                0.03867548417795737                          0.0009594206830244145                        
0.0906622962981056                 0.04012089460538394                          0.0009838400179703545                        
0.09081089817997783                0.041067746751252396                         0.0009931224971188733                        
0.09095949993984224                0.040915766189322                            0.0009831431199273817                        
0.09110810157749934                0.0417922197110738                           0.0009984547502736353                        
0.09125670309274964                0.04231758564331752                          0.0009991016183837512                        
0.09140530448539363                0.04168639748238775                          0.000999067840973325                         
0.09155390575523184                0.040426285390926416                         0.0009776103310428813                        
0.09170250690206479                0.039869628606935666                         0.0009672650609878138                        
0.09185110792569297                0.04053722274806138                          0.00098520251609084                          
0.09199970882591689                0.04042431501371997                          0.000976136623666608                         
0.09214830960253707                0.039244404077338556                         0.0009632160148149741                        
0.09229691025535404                0.04129186246638966                          0.0009850960811499008                        
0.09244551078416828                0.04096658531657369                          0.0009826636239100872                        
0.09259411118878036                0.039669795200244655                         0.000971319114441772                         
0.09274271146899074                0.04036965591437687                          0.0009697410195094984                        
0.09289131162459997                0.041896637216767396                         0.0009908214707211168                        
0.09303991165540855                0.04301997902441905                          0.0010029084322667051                        
0.09318851156121703                0.039292721172676216                         0.0009563698697144722                        
0.09333711134182592                0.0410523790178106                           0.0009869957402857332                        
0.0934857109970357                 0.04000153245332796                          0.0009628446768482563                        
0.09363431052664693                0.040020505674828                            0.0009655416047453077                        
0.09378290993046016                0.0392996366041237                           0.0009554068598551414                        
0.09393150920827588                0.03951257876835055                          0.0009625768706981437                        
0.09408010835989462                0.04162077089064485                          0.0009842974559760437                        
0.0942287073851169                 0.04140564560518058                          0.0009767547279348186                        
0.09437730628374329                0.04117334417695657                          0.0009811523867800116                        
0.09452590505557425                0.040309363715827                            0.0009668988791818893                        
0.09467450370041036                0.04146282503188383                          0.0009756634053984925                        
0.09482310221805212                0.04130213016395251                          0.0009773086074861715                        
0.09497170060830008                0.041699675492060995                         0.0009788009013515504                        
0.0951202988709548                 0.04005032339994131                          0.0009662609923110142                        
0.09526889700581676                0.040473616898194766                         0.0009625668175731461                        
0.09541749501268652                0.04061619313803138                          0.0009670522175721756                        
0.09556609289136461                0.03986227290147471                          0.0009583827903078062                        
0.09571469064165158                0.04000487546807146                          0.0009576685099285809                        
0.09586328826334796                0.03949369561887309                          0.0009539428690723689                        
0.09601188575625429                0.03992208348974725                          0.0009505257973749343                        
0.09616048312017107                0.04085984629429624                          0.000970654941442234                         
0.09630908035489893                0.04061508430722634                          0.0009632111044666034                        
0.09645767746023834                0.03944382727461895                          0.0009502467865513235                        
0.09660627443598986                0.040850151225635956                         0.0009639189148283002                        
0.09675487128195404                0.042223306735867064                         0.0009771924059459392                        
0.0969034679979314                 0.040518226968243566                         0.0009655410774293087                        
0.09705206458372252                0.041600884312781646                         0.0009727376145220723                        
0.09720066103912794                0.04268285670069716                          0.0009817989794498711                        
0.09734925736394817                0.04062780383403309                          0.0009578726325552172                        
0.09749785355798385                0.04085043797971167                          0.0009639256812090646                        
0.09764644962103541                0.04278563177472998                          0.0009886192451796362                        
0.09779504555290348                0.04065614501104255                          0.0009524715458435275                        
0.09794364135338857                0.04006438565278279                          0.000952564892464296                         
0.09809223702229126                0.04110230044472705                          0.0009634527828347287                        
0.09824083255941213                0.039520926118345664                         0.0009460833456902193                        
0.09838942796455168                0.041866276298854595                         0.0009689294948025118                        
0.09853802323751046                0.041772093185013695                         0.0009654578452694021                        
0.09868661837808908                0.040330303591307244                         0.0009553832907228837                        
0.09883521338608807                0.04103862284192395                          0.0009559388475078012                        
0.098983808261308                  0.04011595975136064                          0.0009535216400012781                        
0.0991324030035494                 0.040051297288421626                         0.0009414067334777827                        
0.09928099761261285                0.04193384913841891                          0.0009697145794212197                        
0.09942959208829895                0.03927344304243855                          0.0009417793982494146                        
0.09957818643040817                0.040508358460819245                         0.0009487489540039854                        
0.09972678063874114                0.040651538474628456                         0.0009497608238204403                        
0.09987537471309844                0.04049409591918179                          0.0009465992638337794                        
0.10002396865328061                0.041652578573492714                         0.0009647592212848635                        
0.10017256245908819                0.040864180807817146                         0.0009576081294250252                        
0.10032115613032179                0.041726252866946235                         0.0009552569375448897                        
0.10046974966678197                0.04247156787027746                          0.0009718105511408502                        
0.10061834306826929                0.038939745262339114                         0.0009250415648936862                        
0.1007669363345843                 0.04074350112048529                          0.0009521692969458818                        
0.10091552946552765                0.04210148706808793                          0.0009668926732773028                        
0.10106412246089981                0.039643513829463885                         0.0009307938393139446                        
0.10121271532050144                0.041899776901726415                         0.000966603404600475                         
0.10136130804413308                0.04226057387229941                          0.0009868149595836375                        
0.10150990063159528                0.04124944913050137                          0.0009908750012350713                        
0.10165849308268868                0.04152947362218356                          0.0009976016187873108                        
0.10180708539721378                0.041270007125771314                         0.0010036048237821865                        
0.10195567757497122                0.0410307200343718                           0.0010144192656587959                        
0.10210426961576155                0.03977624440227775                          0.0009940955037366825                        
0.1022528615193854                 0.04062954161409077                          0.0010094490771529279                        
0.10240145328564329                0.04058462558376619                          0.0010194053545225913                        
0.10255004491433584                0.040016624302692566                         0.0010151142927779552                        
0.1026986364052636                 0.0414440747789244                           0.0010462873554917883                        
0.1028472277582272                 0.041190766986285446                         0.0010307359429889678                        
0.10299581897302723                0.038823184850054794                         0.0010160491850830318                        
0.10314441004946424                0.03828052266626959                          0.0010080805340391828                        
0.1032930009873388                 0.03910136317321417                          0.001026144661533478                         
0.1034415917864516                 0.04257688444743243                          0.0010748860017074716                        
0.10359018244660313                0.039122165071230404                         0.0010259842122350476                        
0.10373877296759404                0.0413373534417383                           0.0010687518300848057                        
0.10388736334922487                0.041348390792974477                         0.001067966907878348                         
0.10403595359129628                0.03870889762421938                          0.0010360198923046449                        
0.1041845436936088                 0.043256142341535034                         0.0010623204028360508                        
0.10433313365596307                0.043070747134303845                         0.0010514446780640846                        
0.10448172347815968                0.04193426138432001                          0.001035808620538673                         
0.10463031315999925                0.04084536988120502                          0.0010101455494279136                        
0.10477890270128232                0.04006020650149303                          0.000993771416200314                         
0.10492749210180954                0.042113836324586255                         0.001020510508025293                         
0.10507608136138147                0.04205788518244177                          0.0010170665609905095                        
0.10522467047979879                0.03945332791801924                          0.0009805284918928594                        
0.10537325945686203                0.041496933488764626                         0.0010029149946772433                        
0.10552184829237181                0.04203255561271619                          0.001005920540990113                         
0.10567043698612877                0.042034891494454024                         0.0010025371973984474                        
0.10581902553793347                0.04252227664990366                          0.0010121483088683246                        
0.10596761394758658                0.040028096910976                            0.0009713955276261875                        
0.10611620221488863                0.040697725503818664                         0.0009813093001439135                        
0.10626479033964027                0.03998872783725703                          0.0009741764699908364                        
0.10641337832164213                0.0403564002057752                           0.0009739289437128792                        
0.10656196616069483                0.042180813901906034                         0.0009986597132022052                        
0.10671055385659896                0.041142792770904366                         0.0009729936613272396                        
0.10685914140915509                0.04193980236218283                          0.0009921197685979456                        
0.10700772881816392                0.04065116557964101                          0.0009717487220715299                        
0.10715631608342602                0.04116070768723351                          0.000975328406752548                         
0.10730490320474204                0.041025029657220734                         0.0009726597166151872                        
0.10745349018191253                0.03972782876318295                          0.0009499482030466585                        
0.1076020770147382                 0.041815278308346825                         0.0009834126230482457                        
0.10775066370301965                0.041911849220609566                         0.0009802768066544886                        
0.10789925024655744                0.0393655684801092                           0.0009442601056694599                        
0.10804783664515225                0.04123777586916413                          0.0009730654838014868                        
0.1081964228986047                 0.043286445741313684                         0.000987359332811176                         
0.1083450090067154                 0.04282121293878319                          0.0009904996219565665                        
0.108493594969285                  0.04191564225797098                          0.000968516973840021                         
0.10864218078611411                0.04098646376589589                          0.0009617950281789144                        
0.10879076645700335                0.04124100381624907                          0.0009685684661211033                        
0.10893935198175338                0.04190867286738417                          0.0009680975362279907                        
0.1090879373601648                 0.0409319184164148                           0.0009618400898811119                        
0.10923652259203825                0.04212971498670237                          0.0009612245153459293                        
0.10938510767717442                0.04192121488585651                          0.0009709813897171887                        
0.1095336926153739                 0.04085461524112993                          0.0009568586570534018                        
0.1096822774064373                 0.039795508681214335                         0.0009427145509523122                        
0.10983086205016526                0.040583367719985254                         0.0009523359107724983                        
0.10997944654635847                0.04127239826570802                          0.0009523836075854381                        
0.11012803089481756                0.04238615031514412                          0.0009718935896482519                        
0.11027661509534314                0.04129875113958845                          0.0009573345490707641                        
0.11042519914773584                0.04056004314138274                          0.0009389502643615956                        
0.11057378305179637                0.04069505203610555                          0.0009453745321594866                        
0.11072236680732529                0.0423138316516021                           0.0009567488053848722                        
0.11087095041412333                0.04144186086061578                          0.0009540108153019594                        
0.11101953387199105                0.04103591176232595                          0.0009377340763764524                        
0.11116811718072916                0.04081834826869717                          0.0009384148264850367                        
0.11131670034013831                0.04408932529277927                          0.0009749599966146203                        
0.11146528335001911                0.04283615145405925                          0.0009656014258035101                        
0.11161386621017225                0.04093668399853184                          0.0009656919740562329                        
0.11176244892039836                0.04330391726279086                          0.0009921553859502808                        
0.11191103148049807                0.042809120444567875                         0.001001263095412473                         
0.1120596138902721                 0.04234031567016173                          0.0010035617275677324                        
0.11220819614952104                0.04203266979366751                          0.0009976720311208685                        
0.11235677825804559                0.042162860969752664                         0.001009039000796644                         
0.11250536021564642                0.04189620178761436                          0.0010069922280386062                        
0.11265394202212414                0.04352636908210643                          0.0010375191141371123                        
0.1128025236772794                 0.042083341158120985                         0.0010209712749819735                        
0.11295110518091295                0.04370583040808015                          0.0010420929468474326                        
0.11309968653282537                0.04091682792339281                          0.0010162731467316052                        
0.11324826773281738                0.044156070094765514                         0.0010507395136771073                        
0.11339684878068956                0.04222985267616763                          0.0010312240548553727                        
0.11354542967624269                0.040773641094462                            0.001009298013697358                         
0.11369401041927737                0.04294120160277524                          0.001037820661821724                         
0.11384259100959429                0.04181121792048392                          0.0010252899342062828                        
0.11399117144699408                0.04227189416190732                          0.001032558583877023                         
0.11413975173127745                0.04066886089336119                          0.0010119888906387265                        
0.11428833186224509                0.042014230100275                            0.0010253474638537133                        
0.11443691183969763                0.04163707744918384                          0.0010338435280598814                        
0.11458549166343575                0.04092848062441118                          0.0010184491719901546                        
0.11473407133326015                0.04065272700259573                          0.0010166359234469152                        
0.1148826508489715                 0.042177275918390815                         0.001038018252307542                         
0.11503123021037048                0.04297996716191677                          0.001042417319965655                         
0.11517980941725774                0.041267259736193176                         0.0010342704096295101                        
0.115328388469434                  0.04037328863871156                          0.0010131386363245402                        
0.11547696736669993                0.040579055768818095                         0.0010247759110099414                        
0.11562554610885617                0.0410364011761301                           0.0010271948264369468                        
0.11577412469570345                0.041716201745877694                         0.0010335802853792236                        
0.11592270312704248                0.045100555370422894                         0.0010874709551642835                        
0.11607128140267389                0.04248377566443797                          0.0010392855331108524                        
0.1162198595223984                 0.0428772850286276                           0.0010568475933725539                        
0.11636843748601669                0.04135862768599789                          0.0010375383814866285                        
0.11651701529332943                0.04265869178710956                          0.0010511404120042177                        
0.11666559294413735                0.04178726199814468                          0.0010476321705951293                        
0.11681417043824113                0.04094442065001808                          0.0010223333972050972                        
0.11696274777544145                0.04099182142771415                          0.0010371861322630445                        
0.11711132495553901                0.04072944725151138                          0.0010338622018708527                        
0.11725990197833454                0.04306344517559654                          0.0010617586805290503                        
0.11740847884362866                0.039870214428643816                         0.001023322882764132                         
0.11755705555122214                0.04286206181176036                          0.001058403175622496                         
0.11770563210091566                0.04210082179205836                          0.0010554933060656403                        
0.11785420849250991                0.043063689262665225                         0.0010617646986625954                        
0.1180027847258056                 0.04213105027366143                          0.0010480490471224968                        
0.11815136080060339                0.042083117445903206                         0.0010557132092058347                        
0.11829993671670407                0.04011641041617952                          0.001030320794588806                         
0.11844851247390831                0.0435546136919325                           0.0010807895917038573                        
0.1185970880720168                 0.04307157415874678                          0.0010609920768809445                        
0.11874566351083024                0.04258550305711029                          0.0010593539826406482                        
0.11889423879014938                0.04221544087497921                          0.001058699643911414                         
0.11904281390977489                0.04226779810797806                          0.001063361863963603                         
0.11919138886950753                0.04201847523480285                          0.001059775847998579                         
0.11933996366914792                0.04241000553421857                          0.001056296426120067                         
0.11948853830849689                0.04025445659002193                          0.001037293084170894                         
0.11963711278735512                0.039706662038750506                         0.0010276221944799445                        
0.11978568710552326                0.041589062587930284                         0.001055682380253927                         
0.11993426126280209                0.04178958484536591                          0.0010546739773210675                        
0.12008283525899235                0.04184019186582609                          0.0010579747262273174                        
0.12023140909389472                0.04190963148434108                          0.0010610883416040323                        
0.12037998276730992                0.04171324057641016                          0.00105815289133097                          
0.12052855627903868                0.04091173371407197                          0.0010466131976670495                        
0.12067712962888173                0.04275636190729835                          0.001065915364682475                         
0.12082570281663982                0.042565686966496534                         0.0010752888651621268                        
0.12097427584211363                0.04110216645289943                          0.0010552902443170438                        
0.12112284870510388                0.041380262393457386                         0.001050382268335497                         
0.1212714214054114                 0.0418622444284828                           0.0010636452385117303                        
0.12141999394283678                0.040743891913337084                         0.0010440289931665468                        
0.12156856631718085                0.042039389228199726                         0.0010709151891849533                        
0.12171713852824434                0.04140226643954449                          0.0010533188929198495                        
0.12186571057582794                0.041737456743208945                         0.001061159887716642                         
0.12201428245973238                0.04235777093319356                          0.0010772793934768709                        
0.12216285417975847                0.04143020376414413                          0.001058146967973129                         
0.12231142573570686                0.04297840645022032                          0.0010846771279854383                        
0.12245999712737837                0.040406474682101984                         0.0010370867261832034                        
0.12260856835457366                0.04144554105841748                          0.0010651600662469434                        
0.12275713941709357                0.04173649906727032                          0.001069815019070009                         
0.1229057103147387                 0.04260181821747499                          0.001073464918120189                         
0.12305428104730994                0.04072284714971056                          0.0010535686407835499                        
0.12320285161460796                0.042259225942303226                         0.0010695967787973798                        
0.12335142201643355                0.04217550355395572                          0.0010754299046722125                        
0.12349999225258738                0.042578631994736195                         0.0010828965226406452                        
0.12364856232287029                0.042349769409843106                         0.0010684715369393084                        
0.12379713222708298                0.042689737433949035                         0.0010857222520765958                        
0.12394570196502623                0.04255687370027446                          0.0010719921617654172                        
0.12409427153650074                0.041713048289755375                         0.0010741656430284738                        
0.12424284094130733                0.04216907231890178                          0.001069372103005322                         
0.12439141017924672                0.042468137603086695                         0.0010773026016003438                        
0.12453997925011973                0.04266393887950698                          0.0010882383203941017                        
0.12468854815372699                0.04168604076444223                          0.0010664216952396032                        
0.12483711688986938                0.04173935709514958                          0.0010759138681320235                        
0.12498568545834762                0.04215169495433993                          0.001068244674381331                         
0.12513425385896246                0.04003835175708405                          0.001049650444653604                         
0.12528282209151465                0.04236811632524604                          0.0010877932646046165                        
0.125431390155805                  0.042712812296624686                         0.0010776309962851306                        
0.12557995805163427                0.0403433578602168                           0.001055472529760842                         
0.12572852577880317                0.04280835963870595                          0.0010848864381986145                        
0.12587709333711253                0.04235922535734266                          0.0010829347601259188                        
0.12602566072636312                0.043269909963810485                         0.0010983484286857987                        
0.1261742279463557                 0.04076679912759791                          0.0010550589102791158                        
0.126322794996891                  0.04195967304943603                          0.0010815929443585013                        
0.12647136187776986                0.04124969646827588                          0.0010654177815217448                        
0.126619928588793                  0.041747159015272144                         0.0010779070107841454                        
0.12676849512976127                0.04070525114871787                          0.0010653051113140852                        
0.12691706150047535                0.04237813448037258                          0.0010784951261226452                        
0.12706562770073607                0.04122461160404927                          0.0010683393469830163                        
0.12721419373034423                0.04097416517273348                          0.0010586544006055637                        
0.12736275958910062                0.04084502445696067                          0.0010638745471924715                        
0.12751132527680595                0.0418135920720161                           0.0010689853725727443                        
0.12765989079326104                0.04012059082813659                          0.001048926739962868                         
0.12780845613826677                0.042249658761430164                         0.0010801336353588498                        
0.12795702131162376                0.03989376301752782                          0.0010437101224861536                        
0.12810558631313296                0.04088465307072964                          0.0010570475406295674                        
0.12825415114259503                0.04208944647339541                          0.001068383951733969                         
0.1284027157998108                 0.04113397887084046                          0.001066707224336847                         
0.1285512802845811                 0.04236058545042876                          0.0010773509747086796                        
0.12869984459670672                0.04188867334817705                          0.0010681160434289666                        
0.1288484087359884                 0.04147321524477482                          0.0010669288864162284                        
0.12899697270222704                0.04242405701961831                          0.0010703457902752336                        
0.12914553649522334                0.04041230887879935                          0.0010605480640795049                        
0.12929410011477813                0.04379545231582404                          0.0010921593141022784                        
0.12944266356069217                0.041364065228409345                         0.0010701580324126983                        
0.12959122683276636                0.03943938749760896                          0.0010458764002384009                        
0.12973978993080143                0.04212669198941499                          0.0010679540352085148                        
0.12988835285459818                0.04192564536636512                          0.0010792825032983346                        
0.13003691560395744                0.041388232195300786                         0.001062634927413868                         
0.13018547817868006                0.04228768929607652                          0.0010796954596223012                        
0.1303340405785668                 0.04014622354967066                          0.0010542914814192488                        
0.13048260280341842                0.04311292527022117                          0.0010887657791200807                        
0.13063116485303583                0.04189063951069986                          0.0010769549244036307                        
0.13077972672721977                0.04172448727247607                          0.0010674052424779982                        
0.1309282884257711                 0.042444855501486564                         0.0010869013735225906                        
0.13107684994849064                0.04153311628434562                          0.0010709534639752787                        
0.13122541129517912                0.043001669234303104                         0.0010859561399255949                        
0.13137397246563748                0.04261327877178922                          0.0010919305064490742                        
0.13152253345966647                0.04073831152279421                          0.0010529121196387584                        
0.13167109427706694                0.043921857448439836                         0.0011095482680385097                        
0.13181965491763964                0.04309397335681231                          0.001087593773591588                         
0.1319682153811855                 0.0424635901302295                           0.001085248299312841                         
0.13211677566750527                0.04277182620982377                          0.0010934831070666385                        
0.13226533577639982                0.040496734785924665                         0.0010565963594461097                        
0.13241389570766995                0.039794368338776726                         0.001051966230457293                         
0.1325624554611165                 0.04368100993555649                          0.0010954539075268479                        
0.13271101503654026                0.042213428261546636                         0.0010848949463635367                        
0.1328595744337422                 0.041776145905196675                         0.0010797357251973228                        
0.13300813365252293                0.04290223767462445                          0.0010946728242337356                        
0.13315669269268346                0.04241784147654824                          0.0010837252246843833                        
0.13330525155402462                0.0409897902119123                           0.001064400622974193                         
0.13345381023634717                0.041591755020404075                         0.0010764090551008412                        
0.13360236873945192                0.04237184273255443                          0.001086457505962934                         
0.13375092706313985                0.04240893336451548                          0.0010845600594893664                        
0.13389948520721168                0.043400585269766825                         0.0011034443347867826                        
0.1340480431714683                 0.04367095842537489                          0.0011025067357979318                        
0.13419660095571057                0.04062794638492355                          0.0010662070809980587                        
0.13434515855973928                0.04180924718605485                          0.0010759296458524887                        
0.13449371598335533                0.0411317318187002                           0.0010727989212550044                        
0.13464227322635955                0.04228874761681512                          0.0010853978023412424                        
0.13479083028855277                0.04203627576689806                          0.00108501036334901                          
0.13493938716973589                0.038301515788360184                         0.0010393601859962557                        
0.1350879438697097                 0.041795215446063884                         0.001072024656709915                         
0.13523650038827512                0.04285237561304775                          0.0010998640758282732                        
0.13538505672523296                0.04054937086826947                          0.0010637787565168611                        
0.1355336128803841                 0.04176041932818371                          0.0010862446084724876                        
0.13568216885352938                0.04345007533497618                          0.001105059821896969                         
0.13583072464446966                0.04211520119747481                          0.0010784597918141678                        
0.1359792802530058                 0.041261007341381814                         0.0010754393461491112                        
0.13612783567893869                0.04399527453396677                          0.0011061213945099367                        
0.13627639092206914                0.04307318339448373                          0.0010983197735291467                        
0.13642494598219812                0.043791429756669914                         0.0011108709697980794                        
0.13657350085912634                0.04317741465953365                          0.0011006198078611625                        
0.1367220555526548                 0.04061663785108729                          0.0010755836897801871                        
0.13687061006258433                0.04031520223849265                          0.0010565453798997344                        
0.13701916438871578                0.04261776015811293                          0.0010963731439360268                        
0.13716771853085005                0.04274622929325628                          0.0010931860178315944                        
0.137316272488788                  0.04225123481811082                          0.0010916502016001422                        
0.13746482626233048                0.043650632459837316                         0.001113044102605901                         
0.13761337985127842                0.04143744657384435                          0.0010734945689838031                        
0.13776193325543262                0.04218528172452036                          0.001091769732197576                         
0.13791048647459406                0.04299819855011826                          0.0010964077407795046                        
0.13805903950856357                0.04297816176198288                          0.0011034560642459992                        
0.13820759235714203                0.04304316288588236                          0.0011033082111025618                        
0.1383561450201303                 0.04151667345206244                          0.0010773562149176447                        
0.13850469749732927                0.04288889505614067                          0.001107755822101016                         
0.1386532497885399                 0.041085848601578025                         0.0010726973421269696                        
0.13880180189356303                0.041354836579710626                         0.0010771534262837385                        
0.1389503538121995                 0.0427792153925638                           0.0010994358075168869                        
0.13909890554425028                0.042393082746382954                         0.0010920395633511341                        
0.13924745708951625                0.04059061712292266                          0.001080592993626017                         
0.13939600844779823                0.04223565281361206                          0.0010833216368237601                        
0.13954455961889714                0.04159938202225342                          0.0010861050227323717                        
0.139693110602614                  0.04103489811599147                          0.0010739323667481012                        
0.13984166139874957                0.04395558478300179                          0.0011139604090564389                        
0.13999021200710476                0.04344660842279558                          0.0011169569010187747                        
0.14013876242748052                0.04191782958562786                          0.0010830359707777442                        
0.14028731265967773                0.042232089000452736                         0.0010977708806086406                        
0.1404358627034973                 0.04497700802166793                          0.001125833372916334                         
0.14058441255874016                0.04246941568522071                          0.0010969212992069286                        
0.14073296222520715                0.04268805152242711                          0.0011022007508560288                        
0.14088151170269927                0.04306091340078177                          0.0011015939970628649                        
0.14103006099101734                0.041801273438319755                         0.0010951150223574612                        
0.14117861008996233                0.04305285066540904                          0.0011024705342831756                        
0.14132715899933507                0.04389986672793106                          0.0011132635892361887                        
0.14147570771893658                0.042659218690456975                         0.0011003564834810027                        
0.14162425624856775                0.04294311909024696                          0.0011040128323101927                        
0.1417728045880295                 0.044832500387421315                         0.0011361839619958348                        
0.14192135273712264                0.04292607622780686                          0.001095994848005658                         
0.14206990069564823                0.040440434424778945                         0.0010728000209337452                        
0.14221844846340712                0.044407627571589295                         0.0011246943527602681                        
0.14236699604020028                0.04422143616687628                          0.0011665529569780866                        
0.14251554342582856                0.04335447273427397                          0.0011769119836645492                        
0.14266409062009294                0.04174987073217317                          0.0011715296233507386                        
0.14281263762279436                0.044341934091454364                         0.0012265262244105114                        
0.14296118443373373                0.04251282826292513                          0.0012146522360835753                        
0.14310973105271196                0.04287850847032273                          0.0012286156014358496                        
0.14325827747953002                0.043536737331569805                         0.0012449234600916612                        
0.14340682371398877                0.04105052326663785                          0.001228265096847253                         
0.14355536975588926                0.043185605145724476                         0.0012723680936744346                        
0.1437039156050323                 0.04294232384518863                          0.001276328095531329                         
0.14385246126121892                0.04385420894214643                          0.0012960105537407356                        
0.14400100672425004                0.044600290906016735                         0.001327954336811774                         
0.1441495519939266                 0.04297412004725669                          0.001312531091968627                         
0.14429809707004948                0.042726308660645855                         0.0013204502183516676                        
0.1444466419524197                 0.04256247105082316                          0.001315386841372794                         
0.14459518664083823                0.04204054499972125                          0.0013208807614826076                        
0.14474373113510589                0.04325643866532464                          0.0013604268130831879                        
0.14489227543502373                0.04514078981521015                          0.0014011043349993358                        
0.1450408195403927                 0.04349285278733335                          0.0013781237767912138                        
0.14518936345101366                0.042211531425237266                         0.0013595418839046744                        
0.14533790716668768                0.04004545140265379                          0.0013514685246682268                        
0.14548645068721563                0.04306902299696558                          0.0013995551948060142                        
0.14563499401239854                0.0422781418095796                           0.001403822657561112                         
0.1457835371420373                 0.04198359029870282                          0.0013979006489576594                        
0.14593208007593286                0.04387821617439644                          0.0014450520915660966                        
0.14608062281388626                0.041847478451107444                         0.0014328303721654041                        
0.1462291653556984                 0.043492391905576314                         0.0014562329903039543                        
0.14637770770117026                0.043463518311664125                         0.001469335097062949                         
0.14652624985010276                0.04420868522897159                          0.0014818784957068944                        
0.14667479180229695                0.04141944637920135                          0.0014526434056267449                        
0.14682333355755375                0.043114740069478755                         0.001496534475129613                         
0.14697187511567414                0.04420811472820311                          0.001509240152070684                         
0.14712041647645907                0.04546075854612269                          0.0015520047069011856                        
0.14726895763970954                0.042832231043188194                         0.0015115166095490923                        
0.1474174986052265                 0.043685017097070344                         0.0015474026964912254                        
0.14756603937281096                0.0408740266364872                           0.0014955024288509698                        
0.14771457994226384                0.042519013064183146                         0.0015453798154645183                        
0.14786312031338616                0.04190634823692568                          0.001556362701524243                         
0.14801166048597889                0.04357814638581508                          0.0015714681507416003                        
0.148160200459843                  0.042486667182229064                         0.0015844853186350758                        
0.14830874023477952                0.04052503725514778                          0.0015360975729544854                        
0.14845727981058934                0.04204842671833554                          0.001588147158569185                         
0.14860581918707355                0.04257324222313204                          0.0016195624614105612                        
0.1487543583640331                 0.043149714882636483                         0.0016103330571494263                        
0.14890289734126896                0.045276841103754066                         0.0016621651276278624                        
0.1490514361185821                 0.04391688022669356                          0.0016276678728962015                        
0.1491999746957736                 0.043989877448056804                         0.0016674320015323796                        
0.14934851307264435                0.039393929452997495                         0.0015732420014517691                        
0.14949705124899543                0.04251353905835108                          0.0016279275471071844                        
0.14964558922462776                0.042581619346295584                         0.0016537330621821866                        
0.14979412699934241                0.04460899708261129                          0.001674145828334609                         
0.14994266457294034                0.04271820327181628                          0.0016768361555963892                        
0.15009120194522255                0.044533862280107576                         0.0016760540168499498                        
0.15023973911599006                0.0444559444824776                           0.001712378999961485                         
0.15038827608504382                0.04452226299795642                          0.001731715327785995                         
0.15053681285218495                0.043016592542954084                         0.0016706260213396878                        
0.15068534941721437                0.04411828756447236                          0.0017238441409602161                        
0.1508338857799331                 0.0451783429728601                           0.001705146672962579                         
0.15098242194014216                0.043910032524676464                         0.0017289558422265206                        
0.15113095789764253                0.04281811728779621                          0.0017018673732682758                        
0.15127949365223534                0.04531245220840101                          0.0017414990084304647                        
0.15142802920372145                0.04350180492883509                          0.0017209048062622816                        
0.15157656455190194                0.043174941546903205                         0.0016805823204249807                        
0.15172509969657785                0.043775314859643616                         0.0017412885301837776                        
0.1518736346375502                 0.043347293390593136                         0.001721540944744687                         
0.15202216937462                   0.04221093562362592                          0.0016843997051161491                        
0.15217070390758822                0.04460780474893248                          0.0017674255748149682                        
0.15231923823625595                0.04299399052226746                          0.001698160526797145                         
0.1524677723604243                 0.04250789865071881                          0.0017310554529708178                        
0.15261630627989406                0.04145145677137028                          0.0016674221273931665                        
0.1527648399944665                 0.04751469871976688                          0.0018221055186846086                        
0.1529133735039425                 0.042916937287925894                         0.0017550040763446182                        
0.15306190680812318                0.041877176813089306                         0.0017124851086112519                        
0.1532104399068095                 0.045076517454228235                         0.0018088583359542772                        
0.15335897279980254                0.039689946705231814                         0.0016508841447177697                        
0.15350750548690334                0.044407230878220946                         0.0018099036125799443                        
0.1536560379679129                 0.04173774769982773                          0.0017405844011383197                        
0.15380457024263233                0.04383298730751405                          0.0017776623733579012                        
0.15395310231086262                0.04182938037089227                          0.0017901322224953369                        
0.15410163417240483                0.043751800657891096                         0.0017700083963331232                        
0.15425016582706                   0.043571737446193186                         0.0018314567297076684                        
0.15439869727462913                0.04406214861437876                          0.0018155492045901552                        
0.15454722851491334                0.043604814868864174                         0.0017997633195464533                        
0.15469575954771367                0.04087760035870429                          0.001804790145142582                         
0.15484429037283115                0.042813595716647224                         0.0017854503649066366                        
0.15499282099006684                0.042608581339715144                         0.0018613645182540466                        
0.15514135139922183                0.043519265099868296                         0.001808598936186082                         
0.1552898816000971                 0.04241813491080375                          0.0018270784130624879                        
0.15543841159249377                0.03958351288728135                          0.0017737796260081757                        
0.15558694137621287                0.041117111917482976                         0.0018100799226619998                        
0.15573547095105544                0.04387093625541288                          0.0018984810841376988                        
0.15588400031682265                0.03994043139634614                          0.0017773258698884447                        
0.15603252947331542                0.04092487416642854                          0.001826566524930323                         
0.15618105842033492                0.04098482020649652                          0.0018421306764200439                        
0.15632958715768216                0.04118438424801526                          0.0018418216558006735                        
0.15647811568515826                0.04236435289734235                          0.0018926997037259107                        
0.15662664400256424                0.0456578472748283                           0.0019468571492496896                        
0.1567751721097012                 0.03955136572347911                          0.0018361260583464277                        
0.1569237000063702                 0.041324296738173394                         0.0018921095682461562                        
0.15707222769237236                0.0452782377067088                           0.0019412884261116885                        
0.15722075516750872                0.04285752026590223                          0.001932166232045407                         
0.1573692824315803                 0.040651245945536825                         0.0018974376696153199                        
0.1575178094843883                 0.03802910522082425                          0.00184035739064036                          
0.15766633632573374                0.04305737976304844                          0.0019313874414036186                        
0.15781486295541766                0.03996571488116114                          0.001884001867162477                         
0.15796338937324125                0.04051592321264815                          0.0019184845674036378                        
0.1581119155790055                 0.04297373684947568                          0.0019843427955071147                        
0.1582604415725116                 0.042304442251444536                         0.0019410609330199897                        
0.15840896735356055                0.04174280641060009                          0.0019699648324406926                        
0.15855749292195345                0.03862187668984557                          0.001900458310370619                         
0.15870601827749145                0.04313102970581896                          0.0019937325534344972                        
0.15885454341997562                0.045353757720459756                         0.0020809731222453864                        
0.159003068349207                  0.042615370188787874                         0.002011143663115935                         
0.15915159306498677                0.040102423674978446                         0.0019567979094912225                        
0.15930011756711598                0.0419079015410063                           0.002018632586937419                         
0.15944864185539576                0.043068605961252435                         0.0020370751609323995                        
0.15959716592962722                0.0426239251490847                           0.002048375120764992                         
0.1597456897896114                 0.04216391270502628                          0.002040454749445936                         
0.15989421343514953                0.040367706801316156                         0.002005887477856078                         
0.16004273686604262                0.041284148365537406                         0.002041369755794412                         
0.1601912600820918                 0.04477590189099284                          0.002122581314942588                         
0.16033978308309815                0.042155319071273054                         0.0020793685441934323                        
0.16048830586886284                0.04091021976592972                          0.002058416548424299                         
0.160636828439187                  0.04387449656892502                          0.002128225689699735                         
0.16078535079387168                0.04413810070344133                          0.002148609124508714                         
0.16093387293271805                0.042640638189567065                         0.0021188303465743447                        
0.1610823948555272                 0.043584711357239625                         0.0021711091173039713                        
0.16123091656210026                0.043387664842203806                         0.002148009486950177                         
0.16137943805223834                0.03958105357804102                          0.0020832133462126852                        
0.1615279593257426                 0.04012412460136119                          0.0020831407548174835                        
0.16167648038241414                0.0411809329265264                           0.0021322678814417436                        
0.16182500122205412                0.04363575958158749                          0.0022181303171897823                        
0.16197352184446365                0.043664430271222326                         0.00221103437384733                          
0.16212204224944385                0.046156535040648566                         0.0022935366657053607                        
0.16227056243679583                0.04326634134671658                          0.0022166018147306435                        
0.1624190824063208                 0.042741415919781846                         0.0022190237495694027                        
0.16256760215781982                0.044162376065794755                         0.0022805352937569612                        
0.1627161216910941                 0.03974621636344708                          0.0021555412280704843                        
0.1628646410059447                 0.042515137315326045                         0.0022501396787898546                        
0.16301316010217284                0.04307606848733431                          0.0022734679412772384                        
0.1631616789795796                 0.03980621960201786                          0.0021813673970087996                        
0.16331019763796614                0.044391417143807274                         0.0023527404031456847                        
0.16345871607713366                0.045166598810275155                         0.002332393133293699                         
0.16360723429688329                0.03843222797602315                          0.002193443106600343                         
0.1637557522970161                 0.04538823982377468                          0.002412357729361081                         
0.16390427007733335                0.038699250972798985                         0.002183925077644222                         
0.16405278763763612                0.04362306669313776                          0.0023941268170265873                        
0.1642013049777256                 0.04146406969414675                          0.0022964824232396485                        
0.16434982209740293                0.039681380361528934                         0.002283406850669242                         
0.16449833899646926                0.043287659810149454                         0.0024048699894527476                        
0.16464685567472578                0.03994432933058967                          0.0022909644068361584                        
0.16479537213197368                0.03978114200349266                          0.0023200833165180077                        
0.16494388836801405                0.03869873883812113                          0.0022883043984125175                        
0.16509240438264808                0.0421668838890636                           0.0024144687478084106                        
0.16524092017567696                0.04468535320209121                          0.002501899460726807                         
0.16538943574690185                0.043094799731043826                         0.0024515775014258986                        
0.1655379510961239                 0.04460185520200821                          0.0025050897636315233                        
0.1656864662231443                 0.040105877599185505                         0.0023967846154504956                        
0.16583498112776424                0.04230048423433771                          0.0024839699637666042                        
0.16598349580978486                0.04348240667402704                          0.002535945455703715                         
0.16613201026900737                0.04073714924986299                          0.0024432518496339288                        
0.16628052450523292                0.043797914606519515                         0.0025630790851726044                        
0.16642903851826274                0.03858023090981129                          0.0024112644318632056                        
0.16657755230789795                0.042140880997809854                         0.0025504821430794074                        
0.1667260658739398                 0.042345763417909646                         0.002581866763229476                         
0.16687457921618937                0.044702578322709755                         0.0026205115504236536                        
0.16702309233444793                0.04191660692973998                          0.002594572833017541                         
0.16717160522851673                0.0472213208956082                           0.002740058950879763                         
0.16732011789819684                0.04272472074630847                          0.0026395420627363295                        
0.1674686303432895                 0.036294143774029036                         0.002458149591496378                         
0.16761714256359592                0.04591395137643306                          0.0027293011123414868                        
0.16776565455891726                0.036244165108647135                         0.002489259479586584                         
0.16791416632905476                0.04222795702378678                          0.0026869005625831496                        
0.1680626778738096                 0.04000551395761584                          0.002615242260528099                         
0.168211189192983                  0.038550012559734566                         0.002616945371990052                         
0.1683597002863761                 0.0404080565145359                           0.0026644283433558394                        
0.16850821115379017                0.046627280715392974                         0.0028861562202404088                        
0.1686567217950264                 0.03929250139085072                          0.0026797263532195898                        
0.16880523220988602                0.04576933396482378                          0.0029005136863862477                        
0.1689537423981702                 0.039370985494390526                         0.002729886672414884                         
0.16910225235968016                0.04270774589993258                          0.002809963380277177                         
0.16925076209421713                0.03994361571540612                          0.0027830035779100935                        
0.16939927160158233                0.04397014446544746                          0.0029378788542260507                        
0.169547780881577                  0.037035251215293316                         0.002679776728001154                         
0.16969628993400226                0.04588855935240531                          0.0030390440840680284                        
0.16984479875865943                0.04071214240205338                          0.00287161311554993                          
0.16999330735534968                0.03939108757863088                          0.002842806877149332                         
0.17014181572387424                0.03688818782238051                          0.0027964863019317794                        
0.17029032386403442                0.0444787490793461                           0.003040504692230219                         
0.17043883177563132                0.040669761749987765                         0.002966147225941681                         
0.17058733945846627                0.04129629794498561                          0.003019884390570587                         
0.1707358469123404                 0.041807549350861936                         0.0030491289153056424                        
0.17088435413705508                0.04262618689248816                          0.0031005988574946265                        
0.1710328611324114                 0.0411135735779529                           0.0030559478571794557                        
0.17118136789821065                0.04232288359833612                          0.0031458351630943445                        
0.17132987443425413                0.047583247707228445                         0.0033479456257099224                        
0.17147838074034302                0.0403624916976011                           0.00314221571703107                          
0.17162688681627855                0.04403190015283399                          0.0032819440640073395                        
0.17177539266186204                0.041908139829640985                         0.0032142075997054643                        
0.17192389827689467                0.0414684367568448                           0.0032480586434463403                        
0.17207240366117768                0.042059406071450776                         0.0032842878344894735                        
0.17222090881451232                0.04096410345949627                          0.0033226275392735354                        
0.1723694137366999                 0.03339120366200307                          0.0029747248532192116                        
0.17251791842754163                0.04457605844787924                          0.00348080536898584                          
0.17266642288683876                0.04276723669864228                          0.0034241193279493792                        
0.17281492711439256                0.04088744327479074                          0.003407286939565895                         
0.17296343111000428                0.043095370080294466                         0.003578875687792562                         
0.1731119348734752                 0.041518595412517456                         0.0034964964886635137                        
0.1732604384046066                 0.045641104393899366                         0.003665981724163674                         
0.17340894170319962                0.04754803845154744                          0.003831530127861871                         
0.17355744476905563                0.03841390640820665                          0.0034778316750744727                        
0.1737059476019759                 0.040887955487666446                         0.0036425885876312197                        
0.17385445020176168                0.038686737639506204                         0.0035614028720221107                        
0.17400295256821427                0.049209219285407085                         0.004058708000148729                         
0.17415145470113486                0.0437704163376938                           0.0038687947759677172                        
0.17429995660032482                0.042049324186258265                         0.0038546552282594966                        
0.17444845826558536                0.05446562563691184                          0.004461997909279838                         
0.17459695969671776                0.040307368046809726                         0.0038607456603317494                        
0.17474546089352336                0.04770331580392999                          0.0042000427634307615                        
0.17489396185580336                0.04279565742005393                          0.0040990805570247256                        
0.1750424625833591                 0.0430740616540583                           0.004164126713238077                         
0.17519096307599183                0.043779943373813766                         0.00425228400537869                          
0.1753394633335029                 0.04367540430577825                          0.004303465459814615                         
0.17548796335569353                0.03824900813260297                          0.004054386753290517                         
0.17563646314236503                0.042104868404196055                         0.004342785584301838                         
0.1757849626933187                 0.04863939402318111                          0.004769484985644784                         
0.17593346200835586                0.039872102099027425                         0.004350402999661923                         
0.17608196108727775                0.04223811440914404                          0.004581366748086196                         
0.17623045992988567                0.03975360383054791                          0.004444588025785057                         
0.17637895853598098                0.045054180060229355                         0.004886811953554862                         
0.17652745690536492                0.04965734429142038                          0.005263667967565152                         
0.17667595503783887                0.04073026795101645                          0.004767117286592755                         
0.176824452933204                  0.03240321317488755                          0.004409518794727989                         
0.17697295059126175                0.05520559197860705                          0.005755580832046598                         
0.1771214480118134                 0.05062564421924616                          0.005732225428822755                         
0.17726994519466022                0.03789336180059006                          0.00506371346753126                          
0.17741844213960353                0.04839651659464428                          0.005784490122604559                         
0.17756693884644464                0.04467633570402104                          0.005816363491920199                         
0.1777154353149849                 0.046595915381730725                         0.0058705335338794665                        
0.17786393154502564                0.053006049047579606                         0.006574591225239102                         
0.17801242753636812                0.03622087784704791                          0.005656750752281147                         
0.17816092328881367                0.04179923514611458                          0.006162960995721662                         
0.17830941880216367                0.04433261734082085                          0.00653648782219714                          
0.1784579140762194                 0.05847814338647359                          0.007745619309647346                         
0.17860640911078218                0.04543424423536064                          0.007183784777605746                         
0.17875490390565335                0.04240538592397306                          0.007067564320662177                         
0.17890339846063424                0.03842996380699519                          0.007136265125271836                         
0.17905189277552622                0.052546030855479695                         0.008524091800156815                         
0.1792003868501306                 0.03975530652454615                          0.00795106130490923                          
0.17934888068424865                0.04184778148137902                          0.008369556296275803                         
0.17949737427768178                0.0397554783613193                           0.00888959520939319                          
0.17964586763023138                0.0685018955584044                           0.01294564142743272                          
0.1797943607416987                 0.04403702822740539                          0.010379627094300587                         
0.17994285361188503                0.04452642504891884                          0.011900187656494532                         
0.18009134624059184                0.0278290760228687                           0.010518402053317291                         
0.18023983862762047                0.06997040019208897                          0.021096869442560954                         
0.18038833077277225                0.09541438939568371                          0.02754376170108088                          
0.18053682267584845                0.14312189532335626                          0.047707298441118755                         
0.18068531433665053                nan                                          nan                                          
