#####################################################################################################
# NeXus source file: noemi7
# NXdata: name = img{0}_azimuthalIntegration_Px_8                  
#
#
# Exposure_msec                                     1000.0 + 0.0
# _diffrn_source.source                             Storage Ring SOLEIL, beamline SWING
# _diffrn_sofware                                   Foxtrot 3.5.10-3979
# _diffrn_detector.detector                         EIGER-4M
# _diffrn_comment.comment                           -
# _sas_detc.pixnum_ax                               [1035]
# _sas_detc.pixnum_eq                               [1083]
# _sas_detc.pixsize                                 150.0
# _sas_detc.center_ax                               285.110346632731
# _sas_detc.center_eq                               957.0166664324403
# _sas_detc.dist_spec/detc                          6137.21860334
# _sas_detc.energy                                  12.000505731836514
# _sas_detc.gain                                    1.0
# _sas_detc.detector_based_uncertainty              0.0
# _sas_detc.encoder_delta                           0.0
# _sas_detc.delta0                                  0.0
# _sas_detc.gamma_offset                            0.0
# _sas_detc.wave_length                             1.0331580057586949
# _sas_detc.bias                                    0
# _sas_detc.mask                                    E:\20251487\published-data\3120\2026-09-03_session3\\mask_bags_saxs_12kev_sept26.txt
# Normalization                                     true
# Normalization Factor                              0.02571
# Normalization Monitor                             averagemi8b
# Normalization Intensity                           1.1655749556479705e-06
# GlobalNormalization                               27.08179633937311
# AbsTimeStamps                                     nan
# TimeStamps                                        1.401688814163208
# gapTime                                           500.0
# step_global_regrid                                nan
# xmax_global_regrid                                nan
# xmin_global_regrid                                nan
# ymax_global_regrid                                nan
# ymin_global_regrid                                nan
#####################################################################################################
q(A-1)                             I(q)18_00211{00000}_AzInt_Px_8     Sig(q)18_00211{00000}_AzInt_Px_8   
0.0                                nan                                nan                                
0.0001486390049044326              nan                                nan                                
0.00029727800960908403             nan                                nan                                
0.000445917013914173               nan                                nan                                
0.0005945560176199183              nan                                nan                                
0.0007431950205265388              nan                                nan                                
0.0008918340224342532              nan                                nan                                
0.0010404730231432808              nan                                nan                                
0.0011891120224538396              10787.763599318107                 9.979229104288878                  
0.001337751020166149               10705.620634478359                 4.058462951913124                  
0.0014863900160804278              10610.245735499457                 3.0184902609788287                 
0.0016350290099968942              10517.289142724088                 2.5876122576801484                 
0.0017836680017157683              10437.551221882677                 2.647154316069385                  
0.001932306991037268               10344.482540843792                 2.4623251997780176                 
0.0020809459777616124              10275.00437601657                  2.264312959188854                  
0.0022295849616890207              10193.21484497885                  2.196694170739524                  
0.0023782239426197124              10108.989521130889                 2.014286654817903                  
0.0025268629203539046              10040.123580883079                 2.076259468189702                  
0.0026755018946918183              9959.854864137234                  1.8804905895640927                 
0.002824140865433671               9890.44123430167                   1.864981466231566                  
0.0029727798323796835              9778.805600122576                  1.795540638158887                  
0.003121418795330073               9710.078805142171                  1.721393045416167                  
0.0032700577540850603              9636.049885896799                  1.7438854301880145                 
0.0034186967084448633              9568.248877760036                  1.5943005667371375                 
0.0035673356582097003              9452.569678104566                  1.59036488743484                   
0.003715974603179794               9377.150175528606                  1.5670659243839027                 
0.00386461354315536                9300.240024621658                  1.5181523005018112                 
0.00401325247793662                9210.778513960608                  1.5007940661173076                 
0.004161891407323792               9104.976358599139                  1.3940481625350258                 
0.004310530331117095               9019.216883510917                  1.407962876874598                  
0.00445916924911675                8929.231698273597                  1.3805286877260634                 
0.004607808161122976               8832.625954764144                  1.3423540742577216                 
0.004756447066935991               8735.752734053662                  1.3313000176464063                 
0.004905085966356017               8632.299932430742                  1.2530740027666631                 
0.00505372485918327                8532.5349868434                    1.2810023178313164                 
0.005202363745217974               8428.307707062082                  1.2116125562442044                 
0.005351002624260346               8325.531640658923                  1.2099233516535837                 
0.005499641496110608               8211.304240320282                  1.1793408923945534                 
0.005648280360568975               8111.433414076025                  1.1461538757006697                 
0.005796919217435672               8004.20770140989                   1.1617125456600568                 
0.0059455580665109175              7891.362278660279                  1.083956185018652                  
0.00609419690759493                7770.009201508216                  1.0821546191472087                 
0.006242835740487932               7657.529400086909                  1.0699351839037652                 
0.00639147456499014                7547.578415641961                  1.051635340816189                  
0.006540113380901778               7429.412330620462                  1.0291744402713288                 
0.006688752188023065               7307.316304151646                  0.9816611363400117                 
0.0068373909861542195              7197.289346703812                  1.0014360522146064                 
0.006986029775095464               7079.692538638631                  0.9594221142552677                 
0.0071346685546470195              6959.669838051061                  0.9479229031866588                 
0.007283307324609103               6837.935645577926                  0.931489027270611                  
0.00743194608478194                6723.97601743416                   0.9007704221688786                 
0.007580584834965747               6602.664001115774                  0.9106420607486878                 
0.007729223574960747               6485.0019993027945                 0.8637028112753762                 
0.007877862304567157               6367.2767292436065                 0.8625715582526883                 
0.008026501023585205               6249.858430590341                  0.8413721325099593                 
0.008175139731815108               6132.09256095042                   0.8233660811835122                 
0.008323778429057087               6014.305275955412                  0.8304752128813566                 
0.00847241711511136                5898.46685347281                   0.7843860095018486                 
0.008621055789778157               5777.428712684176                  0.7784986909613522                 
0.00876969445285769                5658.2836851451775                 0.7660891353189926                 
0.008918333104150186               5543.789168805679                  0.7561775961906686                 
0.009066971743455865               5424.918437950252                  0.7398063487626658                 
0.009215610370574947               5307.242448869567                  0.7143825962784337                 
0.009364248985307655               5189.230419004956                  0.7206100801758681                 
0.009512887587454211               5073.013844519917                  0.6921603353133253                 
0.00966152617681484                4958.165749977406                  0.6825372109943434                 
0.009810164753189759               4839.051267590116                  0.6717298262769684                 
0.00995880331637919                4723.153229225515                  0.6459367830802089                 
0.010107441866183361               4611.270806842066                  0.6616033248617631                 
0.010256080402402487               4492.24700657389                   0.6196581028559917                 
0.010404718924836796               4375.694549033638                  0.6217239214190355                 
0.010553357433286508               4261.521943289387                  0.5987042641805913                 
0.010701995927551847               4148.75916139049                   0.591404100996235                  
0.010850634407433035               4039.6211047496154                 0.5896631296491627                 
0.01099927287273029                3930.1819183636376                 0.5641391461661192                 
0.011147911323243845               3823.373756689459                  0.558877364911447                  
0.011296549758773915               3716.927653523092                  0.5421207165758931                 
0.011445188179120724               3613.541374746347                  0.5351012644895345                 
0.0115938265840845                 3510.6995551214823                 0.5263036179393152                 
0.011742464973465466               3411.4791314093145                 0.5065159128920258                 
0.011891103347063838               3313.9768884816067                 0.5080986935317529                 
0.012039741704679847               3218.0967074859827                 0.48995871700933086                
0.012188380046113712               3120.951415656581                  0.4777056626299318                 
0.012337018371165662               3025.275324243679                  0.47172967859038817                
0.01248565667963592                2934.3462934806744                 0.45824050072689415                
0.012634294971324705               2843.152124300298                  0.4559498021309861                 
0.012782933246032245               2754.3750043951904                 0.4372385277550869                 
0.012931571503558769               2666.5871374899684                 0.43307286904382947                
0.013080209743704493               2579.5494691342838                 0.4180579168953741                 
0.013228847966269644               2494.0017069282662                 0.413732886052057                  
0.013377486171054451               2410.4641914078716                 0.40486782954553624                
0.013526124357859137               2329.598310301022                  0.3915813218248744                 
0.013674762526483924               2249.1781716198134                 0.3851064827789374                 
0.013823400676729044               2169.496098347086                  0.3739082733040827                 
0.013972038808394713               2093.309009563375                  0.3711916738491703                 
0.014120676921281166               2018.000622905335                  0.35659468198020006                
0.014269315015188622               1943.6456090691406                 0.3470151776092743                 
0.014417953089917307               1871.4867433391437                 0.3445839000466856                 
0.014566591145267453               1801.244859949807                  0.33294606531410464                
0.014715229181039282               1732.5189667478771                 0.3276265149374926                 
0.014863867197033016               1665.252224600519                  0.3156898662199891                 
0.015012505193048892               1600.3095872573224                 0.3077322127441663                 
0.015161143168887127               1535.4450403031594                 0.3043720135433475                 
0.01530978112434795                1474.232220999482                  0.2923321385465157                 
0.01545841905923159                1412.8343607620943                 0.2889142655261926                 
0.015607056973338276               1353.682989794641                  0.27603870253381113                
0.015755694866468228               1295.6196796706095                 0.27234685408571024                
0.015904332738421678               1239.967809144868                  0.26664028532804457                
0.01605297058899886                1186.0537703480156                 0.25528840403998776                
0.016201608417999988               1132.942189533581                  0.25195602346574475                
0.0163502462252253                 1081.5642376273227                 0.2412835544131653                 
0.016498884010475022               1032.2052282615755                 0.23940646169550306                
0.01664752177354938                984.045836901506                   0.22998155309081467                
0.0167961595142486                 938.1811619550037                  0.22214602612027842                
0.016944797232372917               892.5070629034673                  0.21854711620645748                
0.017093434927722556               849.5125631830213                  0.21034181870740376                
0.017242072600097746               807.607569008573                   0.20714367277666462                
0.01739071024929872                767.0501137892766                  0.19670720086607918                
0.017539347875125698               728.1433715423956                  0.19311001304152722                
0.017687985477378917               690.3441881329819                  0.18764092917085065                
0.01783662305585861                654.0786301193336                  0.18029539783170423                
0.017985260610364994               619.6177030422222                  0.17740212518642887                
0.018133898140698313               586.106241184778                   0.1683083474504113                 
0.018282535646658788               553.6729827092458                  0.16543621101876615                
0.018431173128046652               522.7904329603896                  0.1595855154746581                 
0.018579810584662137               492.9184452797996                  0.1535476560315198                 
0.01872844801630547                464.85397433006494                 0.15008771427382475                
0.018877085422776888               437.7257589132282                  0.14612264228491892                
0.01902572280387662                412.1159999948346                  0.14507916364905604                
0.019174360159404893               387.38706561056193                 0.13865980792028426                
0.019322997489161938               363.66755875798043                 0.13471035329626713                
0.019471634792947997               341.3005202479617                  0.13564000420504752                
0.019620272070563285               319.8445225710536                  0.13083067131226883                
0.019768909321808054               299.8827537607253                  0.12913870093940927                
0.019917546546482524               280.6616358811796                  0.12336237730121297                
0.020066183744386925               262.5880536913702                  0.12176246180951247                
0.0202148209153215                 245.32961161073987                 0.1195350373650464                 
0.020363458059086476               229.2171710371881                  0.11333023383917142                
0.020512095175482088               213.85611251545683                 0.11276647513707004                
0.020660732264308566               199.18513487477682                 0.10580612340011035                
0.02080936932536615                185.58571997085616                 0.1060788276625291                 
0.020958006358455062               172.95516910824384                 0.10149299367580882                
0.02110664336337555                161.30066577132018                 0.09746518221010111                
0.021255280339927837               149.97859654379505                 0.09520489588893101                
0.02140391728791216                139.58656142897914                 0.09095845647070834                
0.021552554207128764               129.89454624196165                 0.09024084808870884                
0.02170119109737787                121.16234014021198                 0.0856415112771853                 
0.021849827958459727               112.57397306666954                 0.08268613229141643                
0.021998464790174553               104.95992255898072                 0.08104967412182687                
0.022147101592322593               98.0207950901583                   0.077283785099306                  
0.022295738364704085               91.795363674957                    0.07430051633546399                
0.022444375107119267               85.83491256233955                  0.06977618050515898                
0.022593011819368364               80.25737704905288                  0.06783679308413518                
0.022741648501251623               75.39905672614019                  0.0657515270430485                 
0.022890285152569273               71.17448414687274                  0.06212329588962102                
0.02303892177312156                67.01336845982583                  0.061185136777868875               
0.023187558362708714               63.36454951502394                  0.058232392238388414               
0.02333619492113097                60.290082920868                    0.05803477071703142                
0.023484831448188578               57.429653357492256                 0.055398141748684605               
0.023633467943681763               55.06045275178943                  0.05448046283621074                
0.023782104407410774               52.97967381624785                  0.053441126168181675               
0.023930740839175842               51.15393763556304                  0.05168876284224802                
0.024079377238777205               49.69176176861491                  0.05179412717818969                
0.024228013606015102               48.515504843220064                 0.05009075841133836                
0.024376649940689773               47.609724105614404                 0.04990131395298502                
0.024525286242601464               46.83462193068062                  0.04952853865123903                
0.024673922511550404               46.29631931334646                  0.04849228564281546                
0.024822558747336843               46.01461623113415                  0.04930330205344445                
0.024971194949761022               45.82698538803836                  0.04769149477475186                
0.025119831118623162               45.95442294832388                  0.04892235606895888                
0.025268467253723528               46.01286347273078                  0.048443692272752706               
0.025417103354862348               46.37333349338247                  0.04794275392254449                
0.02556573942183986                46.8620834192828                   0.048821318983595624               
0.02571437545445632                47.28608355966473                  0.047869211787027                  
0.025863011452511953               47.94907250662562                  0.04955524527934679                
0.026011647415807016               48.619165641491826                 0.04895872134702703                
0.02616028334414174                49.32640829204033                  0.04928064781609612                
0.026308919237316375               50.23614321719184                  0.04966684653718497                
0.026457555095131157               51.02929820557592                  0.049957851523465616               
0.026606190917386335               51.89925141787021                  0.05065096761496549                
0.026754826703882146               52.85779866369339                  0.05018469108667592                
0.026903462454418846               53.78556540811263                  0.05082031349909583                
0.027052098168796664               54.636077440600765                 0.05165906831898265                
0.027200733846815844               55.606996639711724                 0.05134093492043046                
0.027349369488276647               56.50924913147987                  0.05202360371715869                
0.0274980050929793                 57.530850705162344                 0.05225508094598643                
0.027646640660724066               58.249260953681464                 0.052412192359889045               
0.02779527619131117                59.050210193532                    0.05307723781017008                
0.027943911684540874               59.88846536855784                  0.05284174421833779                
0.02809254714021341                60.735833533138305                 0.053214271818219853               
0.02824118255812904                61.44314915399046                  0.05345579246613673                
0.028389817938087997               62.06152199517609                  0.05362291445457245                
0.028538453279890536               62.714508890725206                 0.053836778183558455               
0.0286870885833369                 63.28587987437711                  0.05394660919270796                
0.02883572384822734                63.807763721190355                 0.05373537347637757                
0.028984359074362098               64.16898601584806                  0.05459434862781218                
0.029132994261541426               64.69517390072889                  0.0538771687537118                 
0.029281629409565572               64.94354956006471                  0.054445572313752626               
0.029430264518234783               65.16449969364575                  0.05440378979725015                
0.029578899587349307               65.46608840641346                  0.054131516415415006               
0.029727534616709395               65.50832604371476                  0.05438018091541311                
0.029876169606115298               65.67361948814231                  0.053923935164496714               
0.030024804555367265               65.59591110870166                  0.05392437113162992                
0.03017343946426554                65.66192876276249                  0.054081513459437965               
0.030322074332610385               65.496411803235                    0.05394828032361296                
0.03047070916020204                65.1985771027853                   0.053314678751159326               
0.030619343946840766               64.99752847030048                  0.05339024314135405                
0.03076797869232679                64.73799027738265                  0.052969931639100715               
0.030916613396460405               64.34190646028446                  0.053374475608694495               
0.031065248059041834               63.86854329002738                  0.05227666486657802                
0.031213882679871328               63.4566942878673                   0.0525977133199349                 
0.031362517258749154               62.93609728764298                  0.05189367588652719                
0.031511151795475555               62.30353280536876                  0.05163223796690445                
0.031659786289850785               61.66392121019293                  0.05157613337857024                
0.03180842074167511                61.07338065602695                  0.050652597298859986               
0.03195705515074876                60.27200133460961                  0.050666221529448524               
0.03210568951687201                59.46474635099643                  0.050238944107728695               
0.032254323839845105               58.78849047811434                  0.04972437405035566                
0.03240295811946831                57.88563010189287                  0.049453858187759145               
0.032551592355541864               56.92080874178535                  0.04840719384577629                
0.032700226547866036               56.08377502715163                  0.048705968187516435               
0.03284886069624108                55.10430052733813                  0.047788639216147476               
0.03299749480046724                54.18426063947629                  0.047388021755856435               
0.033146128860344785               53.173709971493956                 0.04683903139206644                
0.033294762875673976               52.21494935063575                  0.04615770102971415                
0.03344339684625505                51.14003717063926                  0.04629815470015135                
0.0335920307718883                 50.06200967043878                  0.04494845794204288                
0.03374066465237394                49.0378730853664                   0.04473143340331011                
0.03388929848751226                47.93151128445473                  0.04405391634800207                
0.034037932277103514               46.81278566871377                  0.04363256938551753                
0.03418656602094795                45.61360221616114                  0.043237079253901474               
0.034335199718845834               44.56127785646348                  0.043266924845862705               
0.034483833370597426               43.55592313538166                  0.043321644989177545               
0.03463246697600298                42.42571431991433                  0.04283092713903697                
0.03478110053486277                41.29614786151396                  0.042683887062645094               
0.034929734046977044               40.215480876536                    0.04204641779085675                
0.03507836751214607                39.09768335375755                  0.04032191339900384                
0.0352270009301701                 38.08300752753515                  0.04011271869880317                
0.03537563430084941                37.01845956928744                  0.03901604921432966                
0.03552426762398426                35.96067332685042                  0.0385620894914934                 
0.035672900899374894               34.873989578022304                 0.0376392835748043                 
0.0358215341268216                 33.84834797613008                  0.03689945611944665                
0.03597016730612462                32.814409863706494                 0.036754349314553236               
0.036118800437084236               31.881918130068954                 0.03546557880804708                
0.036267433519500715               30.796674142447067                 0.035177664555541395               
0.036416066553174295               29.881071256659876                 0.03427979614994399                
0.036564699537905254               28.86203412241532                  0.033816491921785916               
0.03671333247349387                27.96783037520947                  0.03328852628640286                
0.036861965359740394               26.980805801388467                 0.03238462618379964                
0.037010598196445095               26.091074457205394                 0.0319134490786206                 
0.037159230983408245               25.257140592446895                 0.031382716105687526               
0.03730786372043011                24.428818698520246                 0.030815055536120132               
0.03745649640731094                23.550898198036798                 0.030113972959695794               
0.037605129043851035               22.758888045144133                 0.029374451211987916               
0.03775376162985063                21.992545855397076                 0.02913101408539843                
0.03790239416511001                21.21050722977404                  0.02840140535472955                
0.03805102664942944                20.450651280562127                 0.027931220316151632               
0.038199659082609194               19.80371155197674                  0.02734500366442364                
0.038348291464449534               19.104850229231644                 0.026776171868829007               
0.03849692379475074                18.4791521854818                   0.02652341692026767                
0.03864555607331307                17.893256532900136                 0.025873819070753378               
0.0387941882999368                 17.252022661890674                 0.02539311959574861                
0.03894282047442221                16.69351250487172                  0.02472966421868217                
0.03909145259656955                16.168668156171996                 0.024645355624621244               
0.03924008466617912                15.660481112068688                 0.023976091455414853               
0.03938871668305117                15.143353664230883                 0.023426039452691668               
0.03953734864698598                14.677615484969357                 0.023085660771805027               
0.03968598055778383                14.21078342813312                  0.022582730922212337               
0.03983461241524497                13.806115036723806                 0.02237881549810893                
0.0399832442191697                 13.403139856827048                 0.02184687087663875                
0.040131875969358285               12.972107750238553                 0.021369432053595164               
0.040280507665611                  12.629988550518233                 0.02121764389738047                
0.040429139307728124               12.338159262012633                 0.020850679166562525               
0.04057777089550993                11.968840444693216                 0.020674810449886255               
0.040726402428756685               11.707901377000315                 0.020129509460996165               
0.04087503390726868                11.438010551675534                 0.020133411377497766               
0.04102366533084617                11.128038569686488                 0.01981125818888561                
0.041172296699289464               10.909778612987362                 0.01945867883603263                
0.04132092801239882                10.701480176353368                 0.019400082614051573               
0.04146955926997452                10.4946993835999                   0.019084931216956716               
0.04161819047181683                10.30740150392105                  0.01900337819949616                
0.041766821617726047               10.139004667526407                 0.018838575549798106               
0.041915452707502444               10.000255340547787                 0.018534379514667212               
0.042064083740946306               9.836722086962983                  0.018433728943786164               
0.0422127147178579                 9.696873211246443                  0.018251080714331326               
0.04236134563803752                9.583964782278159                  0.018144518275109007               
0.042509976501285435               9.483845037996067                  0.018421693703662707               
0.04265860730740194                9.360951359056823                  0.01838228393654648                
0.042807238056187316               9.299519399430052                  0.018587221083090577               
0.04295586874744183                9.212440463885285                  0.018518637382393434               
0.043104499380965784               9.149784582654156                  0.01854929124469788                
0.04325312995655945                9.161090368026372                  0.018504308219881083               
0.04340176047402311                9.044647065805552                  0.018584908668635346               
0.04355039093315706                9.00620501374325                   0.018526227616512264               
0.043699021333761565               8.952583451745136                  0.018423527817759872               
0.04384765167563693                8.927559118597834                  0.018560454079480235               
0.04399628195858344                8.917505587450702                  0.01835915661547696                
0.044144912182401366               8.85192608777729                   0.01849133949553459                
0.04429354234689099                8.841348974694979                  0.01841300484608711                
0.044442172451852634               8.791418091376393                  0.01833241012952912                
0.04459080249708656                8.780262727048017                  0.01835882985449645                
0.044739432482393045               8.74495882829852                   0.018312373398604437               
0.044888062407572406               8.754537324112023                  0.018555079299119752               
0.04503669227242491                8.751833679432806                  0.01824395709246551                
0.04518532207675085                8.737140701035868                  0.018526781745499838               
0.04533395182035053                8.694292521310336                  0.018374106588777986               
0.04548258150302422                8.69729158174817                   0.0184355286435125                 
0.04563121112457223                8.679584013119724                  0.018604738333879416               
0.045779840684794834               8.700488185784536                  0.01835174420157716                
0.045928470183492345               8.69277788993053                   0.018608838558315167               
0.04607709962046502                8.66938730152226                   0.018553792382577348               
0.046225728995513186               8.643097484608177                  0.018485932058668626               
0.046374358308437114               8.623415158749294                  0.018504543656616825               
0.04652298755903712                8.594618920817434                  0.018336128472828415               
0.046671616747113474               8.571392387956484                  0.018599256820470388               
0.046820245872466484               8.536627967878822                  0.018293562910448983               
0.04696887493489644                8.547424947703675                  0.01835390787586909                
0.04711750393420365                8.49730648232927                   0.018319585961391476               
0.047266132870188396               8.462496047724414                  0.01807066821566412                
0.04741476174265097                8.444417976648342                  0.018242994656217714               
0.047563390551391686               8.411402884765748                  0.017987872098978355               
0.04771201929621082                8.387486654081336                  0.018047081400270622               
0.047860647976908685               8.326465088393261                  0.018009746661797804               
0.04800927659328559                8.294973651643478                  0.017743228703998488               
0.048157905145141816               8.292039154608462                  0.017972487675779282               
0.04830653363227766                8.236379253348021                  0.017653266458491062               
0.04845516205449344                8.182775486101649                  0.017834890985072138               
0.04860379041158943                8.11367053082626                   0.017787534924027466               
0.04875241870336596                8.067757421392125                  0.0174537675153358                 
0.04890104692962332                7.987735809556865                  0.01756569049834798                
0.04904967509016181                7.976653492683788                  0.01739948514977722                
0.04919830318478172                7.935932710948723                  0.01753618511033786                
0.049346931213283374               7.8485007108709                    0.01731262117170133                
0.049495559175467066               7.7800681204410225                 0.01718375694394131                
0.0496441870711331                 7.732229802298571                  0.017210632482631244               
0.049792814900081785               7.701409601791789                  0.017052921194976395               
0.04994144266211342                7.591704564045978                  0.017106853135061533               
0.05009007035702831                7.51484963467429                   0.016793683393928463               
0.05023869798462676                7.485194096047577                  0.016881038498582503               
0.050387325544709094               7.398961956922257                  0.01685316555828406                
0.050535953037075594               7.339287867793954                  0.016672795040214586               
0.050684580461526595               7.2704624608467885                 0.016611486158705557               
0.05083320781786236                7.201350168389472                  0.016406370533952202               
0.05098183510588326                7.158172807254138                  0.016525232078692064               
0.05113046232538955                7.055865018528395                  0.016297647441678016               
0.05127908947618157                6.9782019378799145                 0.016249173735602754               
0.05142771655805962                6.909581311347486                  0.016193995144929363               
0.05157634357082401                6.847411649738551                  0.01598197014768399                
0.05172497051427505                6.8112759053095475                 0.0161281973230072                 
0.051873597388213066               6.692781562617739                  0.015713439264169623               
0.05202222419243834                6.651226671602479                  0.015775291702436228               
0.05217085092675122                6.556926095288877                  0.015743021893385698               
0.052319477590952006               6.482527756018831                  0.015573957666733605               
0.05246810418484102                6.44446107359494                   0.015520308193225642               
0.05261673070821854                6.346498291397302                  0.015347625444682614               
0.052765357160884915               6.28677379614182                   0.015298324456058512               
0.052913983542640465               6.222280746217647                  0.015242723795196214               
0.05306260985328549                6.14876215586491                   0.015214069884521604               
0.05321123609262031                6.100560704449686                  0.015054900406172494               
0.053359862260445236               6.041700038773116                  0.014914732042019041               
0.05350848835656059                5.972212984503077                  0.014918229994188535               
0.05365711438076671                5.909602045629895                  0.014758148622593498               
0.05380574033286389                5.820712797264324                  0.01468342161804794                
0.05395436621265246                5.7768815619859                    0.014620706704626143               
0.054102992019932725               5.720092847678061                  0.014534114742535348               
0.05425161775450505                5.655368382728107                  0.014517131463849347               
0.0544002434161697                 5.590133341967937                  0.014191767263263096               
0.054548869004727024               5.485990644980345                  0.014240730224475761               
0.054697494519977345               5.437465901507011                  0.01418471510748647                
0.054846119961720986               5.390226353492033                  0.014073698050893037               
0.05499474532975826                5.342226357280687                  0.014038865275177443               
0.055143370623889514               5.256797645711389                  0.013735389798477767               
0.05529199584391504                5.196422222203629                  0.013852890667177362               
0.05544062098963519                5.147264186083355                  0.013658074379528267               
0.055589246060850264               5.102913635387776                  0.013679897867587274               
0.05573787105736062                5.066670063288834                  0.01358410286604024                
0.05588649597896656                4.972859887854226                  0.01337883211977664                
0.056035120825468424               4.920557118722121                  0.0134399318938824                 
0.05618374559666653                4.873702986156908                  0.013244785079017342               
0.056332370292361225               4.8278312516556605                 0.013266627398708935               
0.05648099491235282                4.764467993347247                  0.013101910716609391               
0.05662961945644166                4.714208930159366                  0.013051741830533429               
0.05677824392442804                4.662028661607795                  0.013056189370950615               
0.056926868316112336               4.615294490253681                  0.012801853289165773               
0.057075492631294855               4.549623336028793                  0.012821895395718576               
0.05722411686977594                4.498790529300751                  0.012675868416601876               
0.05737274103135591                4.418771745548671                  0.012642360457513506               
0.057521365115835124               4.408623830573814                  0.0125847725444663                 
0.05766998912301387                4.354452533568337                  0.012440835951145904               
0.057818613052692536               4.311797954159301                  0.012506794672641148               
0.05796723690467142                4.243769911215322                  0.012223034287355852               
0.05811586067875089                4.1969339336023435                 0.012278929913756648               
0.05826448437473124                4.154671695649939                  0.012163824379899513               
0.05841310799241284                4.08637462515162                   0.012011425822584628               
0.05856173153159601                4.05415525668825                   0.012085920273901464               
0.05871035499208109                3.993461063991501                  0.011840184788359577               
0.058858978373668436               3.934956735089234                  0.011849269656601229               
0.05900760167615837                3.8990344673615214                 0.01169937330070643                
0.059156224899351226               3.8483041518520382                 0.01164517821583855                
0.059304848043047365               3.7810263942261186                 0.011626444820832164               
0.05945347110704712                3.7436991416993006                 0.011447657742534697               
0.05960209409115083                3.699734987183306                  0.011440041798980085               
0.05975071699515884                3.637481311796295                  0.01127875427023616                
0.0598993398188715                 3.5964615854633886                 0.011284658578564428               
0.060047962562089136               3.5374113265686886                 0.011112018847238931               
0.06019658522461209                3.4915283897173097                 0.011034508367316615               
0.06034520780624073                3.4517425387074416                 0.011039431078943548               
0.06049383030677538                3.417720673404649                  0.011206725834995343               
0.0606424527260164                 3.3375486831428396                 0.01124359389039199                
0.060791075063764154               3.294066015601748                  0.011227842337771157               
0.06093969731981895                3.2410304053151404                 0.01120699233010675                
0.06108831949398115                3.1926364247976764                 0.011284007622453816               
0.0612369415860511                 3.1294276843052136                 0.011147700136113043               
0.06138556359582917                3.096644858061248                  0.01123507702614675                
0.061534185523115695               3.0647335853023727                 0.01114021463343229                
0.061682807367711034               2.994222231141384                  0.011146583837116062               
0.061831429129415506               2.9527132611777738                 0.011119142121449377               
0.061980050808029506               2.9200413004602996                 0.011026248747499969               
0.06212867240335336                2.8481288223701253                 0.011033624612325552               
0.06227729391518745                2.7886676539144775                 0.010830451094481948               
0.06242591534333208                2.775114131737611                  0.011058952745593976               
0.06257453668758765                2.7203410452410064                 0.01085257791156406                
0.06272315794775449                2.690186466376535                  0.010773336479732304               
0.06287177912363298                2.645001321681092                  0.010822460279903967               
0.06302040021502343                2.6057839914947225                 0.010722664579036345               
0.06316902122172624                2.5539551807475687                 0.010711915451780617               
0.06331764214354177                2.495147018090916                  0.01019830001121479                
0.06346626298027035                2.486466802386922                  0.01014056945152301                
0.06361488373171235                2.432266692131859                  0.009935318800212253               
0.06376350439766815                2.399970637466254                  0.009810027454821561               
0.06391212497793805                2.3600929128205093                 0.00970188891881912                
0.06406074547232249                2.311372413783376                  0.009474190495362201               
0.06420936588062177                2.281362511089578                  0.009452330106640944               
0.0643579862026363                 2.250839617648268                  0.00933460257840977                
0.06450660643816641                2.2339089548610236                 0.0092558754972581                 
0.06465522658701248                2.164328645345977                  0.009139106055131048               
0.06480384664897484                2.157944855574021                  0.00905493402855251                
0.06495246662385391                2.1109504551225777                 0.00898822188807931                
0.06510108651145002                2.0877767776600384                 0.008856535427745662               
0.06524970631156356                2.0661024877159786                 0.008805968823357747               
0.06539832602399485                2.043119791598145                  0.008779191107785338               
0.0655469456485443                 2.0200800251363575                 0.008711774654481497               
0.06569556518501228                1.9747761420197014                 0.008596063918947568               
0.06584418463319913                1.9566440628391448                 0.008475325239537314               
0.06599280399290525                1.9436267324100507                 0.008442893634283426               
0.06614142326393099                1.922076303231495                  0.00842951062618158                
0.06629004244607672                1.9059370344222457                 0.008389850887049004               
0.06643866153914282                1.8779241260383852                 0.008315506275500636               
0.06658728054292967                1.8476957662113733                 0.008115880984523755               
0.06673589945723764                1.8366065997215446                 0.008211255580032955               
0.06688451828186709                1.829349039013846                  0.008166655401621203               
0.06703313701661841                1.807427111899008                  0.008073860812260997               
0.06718175566129193                1.8190246465494537                 0.008123560490141237               
0.0673303742156881                 1.7904600900966723                 0.008039808373707408               
0.06747899267960726                1.7536217069240017                 0.007945031884255112               
0.06762761105284978                1.7583962624383414                 0.007890740608132694               
0.06777622933521604                1.752272761604787                  0.007945855170526235               
0.06792484752650643                1.7446147719979128                 0.007871092264934678               
0.0680734656265213                 1.7598331153982802                 0.00794363368347493                
0.0682220836350611                 1.7450082639664595                 0.007871986324371073               
0.06837070155192615                1.7294759382285818                 0.007780965104684617               
0.06851931937691683                1.7192614521728105                 0.007806200791324171               
0.06866793710983354                1.7332072262594451                 0.007815331397096803               
0.06881655475047667                7.255511417902869                  0.016013226397000188               
0.06896517229864657                1.7056294722019674                 0.00776032050204698                
0.06911378975414369                1.7140209582331316                 0.007713306430892616               
0.06926240711676834                1.7008230039561154                 0.0077346101253693                 
0.06941102438632095                1.7178560845877642                 0.007696660870337153               
0.06955964156260189                1.6863932520586162                 0.007694412011114721               
0.06970825864541157                1.7035049751734876                 0.007657304263514036               
0.06985687563455034                1.6946980658245225                 0.0076661199043079565              
0.07000549252981861                1.684329675999008                  0.00762475843655702                
0.07015410933101678                1.7080962088102134                 0.007614586559191142               
0.07030272603794524                1.7191975404716378                 0.007710491438889022               
0.07045134265040434                1.7079028602304338                 0.007631718343523374               
0.07059995916819455                1.708349226557997                  0.007661066982334715               
0.07074857559111615                1.711293546493891                  0.007653443542698783               
0.07089719191896963                1.7258741692172344                 0.007608804740664615               
0.07104580815155535                1.7065398343387852                 0.007660582508266479               
0.07119442428867372                1.718046260764297                  0.007601900187979509               
0.07134304033012509                1.7143113804827343                 0.007617957960680905               
0.0714916562757099                 1.7190088771751109                 0.007645931924086853               
0.07164027212522854                1.7265277006388382                 0.007593039847513993               
0.0717888878784814                 1.714917260729058                  0.007658017650104651               
0.07193750353526884                1.7417473376171457                 0.007619553811919538               
0.07208611909539134                1.7259170760780762                 0.007622785173789734               
0.07223473455864923                1.7213939861071574                 0.007616265659873188               
0.07238334992484297                1.735987219127377                  0.007662479970741241               
0.07253196519377289                1.7352055013620382                 0.007692523454723534               
0.07268058036523947                1.750753176767176                  0.007588053302169393               
0.07282919543904304                1.737768560305632                  0.007635021921908635               
0.07297781041498405                1.7195511779572357                 0.007588011276385079               
0.07312642529286288                1.7369281371269718                 0.0076159086086654                 
0.07327504007247997                1.7348258792336417                 0.007611301686679354               
0.07342365475363567                1.741415743365382                  0.0075644407112596766              
0.07357226933613044                1.7464356331424848                 0.0076436482524255235              
0.07372088381976465                1.742285999098805                  0.007593408375120678               
0.07386949820433873                1.7297829363640234                 0.007542498809457726               
0.07401811248965308                1.716260161518608                  0.0074830365251716225              
0.07416672667550812                1.7292091297581011                 0.007551347569610818               
0.07431534076170422                1.7267463738218474                 0.007569663957407031               
0.07446395474804186                1.722152528641536                  0.007456463483589475               
0.07461256863432139                1.7070804852003487                 0.007440042778490332               
0.07476118242034327                1.695541671946506                  0.007376104545659088               
0.07490979610590787                1.7016911477670935                 0.007415286613441173               
0.07505840969081562                1.694426244617267                  0.007396209532553003               
0.07520702317486694                1.6828090955723467                 0.0073261233383412                 
0.07535563655786226                1.6811191215286398                 0.007316131901450189               
0.07550424983960197                1.6650604711162378                 0.007265466714384061               
0.0756528630198865                 1.6712200074468655                 0.0073071760149842815              
0.07580147609851624                1.649666760641096                  0.007210181163367191               
0.07595008907529169                1.6516172248807985                 0.007205229823773391               
0.07609870195001317                1.630388163538122                  0.007192523429091754               
0.07624731472248115                1.627838133882786                  0.007128952231427187               
0.07639592739249607                1.6260955211655503                 0.007140243940179577               
0.07654453995985831                1.5940094631274224                 0.007042598925399391               
0.0766931524243683                 1.575600569097568                  0.007007723500821181               
0.07684176478582651                1.562176766204415                  0.007010424366613028               
0.07699037704403329                1.553868278044196                  0.006944597673180617               
0.07713898919878912                1.5322806093919026                 0.006916564847574492               
0.0772876012498944                 1.519023028799366                  0.006826259755306435               
0.07743621319714959                1.4956612276332346                 0.006839206961552283               
0.07758482504035506                1.4882048865178212                 0.0068077452952018235              
0.0777334367793113                 1.4719609132348686                 0.006725280279158164               
0.0778820484138187                 1.4563404544038525                 0.006725974501716738               
0.0780306599436777                 1.4411429565579126                 0.006648982340187432               
0.07817927136868873                1.4213176133871934                 0.006653012204068302               
0.07832788268865222                1.409136179056422                  0.006566563496919994               
0.07847649390336861                1.3782024404243616                 0.006486035597032894               
0.07862510501263834                1.3606619797932387                 0.006506770315845597               
0.07877371601626182                1.34985885068829                   0.006411057856122921               
0.0789223269140395                 1.3229490364217733                 0.006373160668622991               
0.07907093770577181                1.3120424350668685                 0.0063154184623530904              
0.0792195483912592                 1.2941703797394013                 0.006274843841536421               
0.07936815897030208                1.2825287966304355                 0.006290761680896404               
0.07951676944270093                1.2643546748981311                 0.006179284402250723               
0.07966537980825614                1.232892977758772                  0.006129549282982345               
0.07981399006676818                1.2190269117986743                 0.006069996129507314               
0.07996260021803749                1.2130117184678721                 0.006087471308719074               
0.0801112102618645                 1.1703824162344598                 0.005967223986088815               
0.08025982019804966                1.159902911245282                  0.005889729366709444               
0.0804084300263934                 1.1478427810712943                 0.005911926314664235               
0.08055703974669619                1.1257347525527648                 0.005809397623546664               
0.08070564935875844                1.108807206449817                  0.005803364696841705               
0.08085425886238064                1.093652078492063                  0.005721380796696321               
0.0810028682573632                 1.080303866551846                  0.0056863611599389284              
0.08115147754350657                1.0517259220944009                 0.005640436622086427               
0.08130008672061122                1.0438655008432645                 0.0055941795023806105              
0.08144869578847758                1.015790384916945                  0.005516202525333251               
0.0815973047469061                 1.005834330884311                  0.005475798769494636               
0.08174591359569723                0.9825414670660564                 0.00541421180278057                
0.08189452233465144                0.9645762712142408                 0.005379719030812902               
0.08204313096356916                0.9549085600524637                 0.00532679369624177                
0.08219173948225086                0.9399971822114739                 0.005299986991593493               
0.08234034789049698                0.9207575991687652                 0.005211844744047804               
0.08248895618810799                0.910674526756204                  0.005212456771840334               
0.08263756437488433                0.9022281469629341                 0.005177785225524033               
0.08278617245062646                0.878285216367862                  0.005088196533161027               
0.08293478041513484                0.8639044416248343                 0.00506255811342007                
0.08308338826820992                0.8521592185959246                 0.005001981876504097               
0.08323199600965217                0.8410031651506628                 0.0049950106466358415              
0.08338060363926207                0.8234756603774829                 0.004917083234499852               
0.08352921115684006                0.8179817673980396                 0.004898709229939048               
0.08367781856218658                0.8104450535567113                 0.0049073740026975435              
0.08382642585510211                0.8033366975111408                 0.004864331773607661               
0.08397503303538713                0.7918134669007649                 0.0048063784320150505              
0.08412364010284208                0.7776758922204601                 0.0047427197482420545              
0.08427224705726745                0.7748318642808392                 0.00476398084307001                
0.08442085389846368                0.7679077114722538                 0.004746414736367912               
0.08456946062623125                0.7635170936072557                 0.00472532803065955                
0.08471806724037062                0.7400584033076854                 0.004642991060577006               
0.08486667374068227                0.7368680750610576                 0.004616619917727528               
0.08501528012696667                0.7388372252647325                 0.0046538677015226845              
0.08516388639902428                0.729977273544418                  0.004589599917004042               
0.08531249255665557                0.7226560294767665                 0.004573680733851271               
0.08546109859966101                0.7235525753485894                 0.0045855122960968145              
0.08560970452784111                0.7171102132450197                 0.00452780288452395                
0.08575831034099632                0.7105916297421245                 0.004551429031198177               
0.08590691603892707                0.7040807035747327                 0.004491702936377457               
0.0860555216214339                 0.7050498148746744                 0.004510569774924552               
0.08620412708831726                0.6990108570677088                 0.00449824740086801                
0.08635273243937762                0.6872459110026907                 0.004444587479712528               
0.08650133767441548                0.6984907714673408                 0.004477320969753505               
0.08664994279323132                0.6896504248845996                 0.004428302921666375               
0.08679854779562558                0.6861712304846901                 0.004430785761797843               
0.08694715268139878                0.6866764469794631                 0.004463645760554693               
0.08709575745035139                0.68038291467254                   0.004398455468185702               
0.0872443621022839                 0.6903662223388326                 0.004435734767550886               
0.08739296663699678                0.6888379217598201                 0.004429116133357887               
0.08754157105429052                0.686453461793456                  0.004416341358377737               
0.08769017535396562                0.6817588224950805                 0.004411408092128356               
0.08783877953582254                0.6763019614620837                 0.004360154322956842               
0.0879873835996618                 0.6931344257773837                 0.00444463072457856                
0.08813598754528384                0.6885733173656403                 0.004411303938454884               
0.08828459137248919                0.6858320142185205                 0.004414353540610381               
0.08843319508107834                0.6901395443568938                 0.004419705618706332               
0.08858179867085175                0.6917202492747004                 0.004401221455902986               
0.08873040214160996                0.6907382758036003                 0.004426718194838325               
0.08887900549315342                0.6841070394823087                 0.004383590654713874               
0.08902760872528265                0.6933988428584188                 0.00441494142185807                
0.08917621183779811                0.6975220410143186                 0.004433114281146375               
0.08932481483050034                0.6935599654113562                 0.004395434219748376               
0.08947341770318981                0.6969894395677089                 0.004417967066113577               
0.08962202045566703                0.6940158670287281                 0.004410207282019503               
0.08977062308773248                0.6996496872467795                 0.004428073889209197               
0.08991922559918666                0.6958471687781409                 0.004402685339928816               
0.0900678279898301                 0.6981154185210113                 0.004419868640556437               
0.09021643025946328                0.7036664802026364                 0.004415717751112792               
0.09036503240788671                0.6990077639593906                 0.004404383806586125               
0.09051363443490087                0.7032225359438686                 0.004411021545413262               
0.09066223634030629                0.7088238803219337                 0.004458717347087924               
0.09081083812390348                0.7051912385646119                 0.004437183899283988               
0.09095943978549291                0.7040107754755354                 0.004397062568904509               
0.09110804132487513                0.709995141706314                  0.004437209650528031               
0.09125664274185061                0.7039267933274275                 0.0043935397662487885              
0.09140524403621988                0.7064645857028341                 0.004434499263899354               
0.09155384520778345                0.7149264292773744                 0.004432677464431925               
0.09170244625634183                0.6982711467227349                 0.004364535659686053               
0.09185104718169552                0.7186310735826068                 0.004472528377449761               
0.09199964798364504                0.712204508478971                  0.004417669521947843               
0.0921482486619909                 0.7144623753686373                 0.004431248433516546               
0.09229684921653362                0.7100170092947644                 0.0044043550720197855              
0.09244544964707371                0.7112204097574486                 0.004414623739868877               
0.09259404995341172                0.7139045565994153                 0.004442767897350658               
0.0927426501353481                 0.7027438140475432                 0.004362428784638651               
0.09289125019268343                0.7073536744371606                 0.004389607860645986               
0.09303985012521819                0.7029933989319205                 0.004371227412994264               
0.09318844993275292                0.710430808618612                  0.004384623604683078               
0.09333704961508814                0.6996193053991432                 0.004393175955056911               
0.09348564917202434                0.7071077533893346                 0.00436477951836999                
0.09363424860336209                0.7071898132649383                 0.004376221509081742               
0.09378284790890191                0.6957802097063146                 0.004334427228595585               
0.0939314470884443                 0.7038194267558303                 0.004380260625419392               
0.09408004614178979                0.6888949674002371                 0.0043176695499440206              
0.0942286450687389                 0.6879288282449642                 0.004292685668714746               
0.09437724386909221                0.691856476272948                  0.004336486420090353               
0.09452584254265017                0.6938786541847886                 0.004325351848362739               
0.09467444108921338                0.6893959589538642                 0.004289498598637902               
0.09482303950858231                0.677826750713559                  0.004268806238077219               
0.09497163780055753                0.6784111024370795                 0.004256729844943235               
0.0951202359649396                 0.6708863915463524                 0.004264003154184173               
0.09526883400152898                0.6729881587531087                 0.004232044069169985               
0.09541743191012625                0.6690475119624932                 0.004231851207622593               
0.09556602969053193                0.6686494903473212                 0.004232128332317622               
0.09571462734254658                0.6505083420933601                 0.00416377039522749                
0.09586322486597074                0.6566237793691861                 0.004193902926043091               
0.09601182226060492                0.6560878681302442                 0.0041547022439836385              
0.09616041952624964                0.6423851696420911                 0.0041496918766752355              
0.09630901666270551                0.6449598196842514                 0.0041385263336603745              
0.09645761366977304                0.6415908148096754                 0.004132163968538716               
0.09660621054725275                0.6320376241849106                 0.004088054963056292               
0.0967548072949452                 0.6290179731959105                 0.004066652674506092               
0.09690340391265093                0.62721810741649                   0.004095966767666554               
0.0970520004001705                 0.622282790198662                  0.004056391983639586               
0.09720059675730447                0.612426180144121                  0.004009814694759415               
0.09734919298385332                0.6085938152903373                 0.003997251288056596               
0.0974977890796177                 0.6012107408300734                 0.003987127740471171               
0.09764638504439807                0.5999806695020513                 0.003991630267570617               
0.09779498087799501                0.5993329903402287                 0.003942980199606767               
0.09794357658020908                0.5859248568682732                 0.003927696129511311               
0.09809217215084083                0.5829208433713141                 0.003912044219008512               
0.09824076758969084                0.5738938756580872                 0.003887167258987797               
0.09838936289655961                0.5723172833709202                 0.0038626026258867783              
0.09853795807124772                0.5690636080961872                 0.0038421312405120932              
0.09868655311355574                0.5628314610921956                 0.0038481560096258064              
0.09883514802328423                0.5598179583460952                 0.0038067883075471                 
0.09898374280023374                0.5497239757203606                 0.003805799386032763               
0.09913233744420481                0.5492365336539863                 0.0037588094261612665              
0.09928093195499803                0.5408038132795119                 0.0037547672884083996              
0.09942952633241396                0.53706060164203                   0.003755025897046542               
0.09957812057625312                0.5271574207122487                 0.0036902071173873147              
0.09972671468631612                0.5256221194132548                 0.003682257599020452               
0.09987530866240353                0.5213546713210091                 0.003662170293300026               
0.1000239025043159                 0.512226485622655                  0.0036477964771242277              
0.10017249621185377                0.508553909446938                  0.0036423905989548533              
0.10032108978481775                0.5019348436940169                 0.0035722411761981796              
0.10046968322300841                0.4920633190125247                 0.003566519074574682               
0.10061827652622628                0.4868154095510049                 0.0035265370000104835              
0.10076686969427194                0.4819581750139512                 0.003530947565036261               
0.10091546272694601                0.4833232913344989                 0.0035322383842732764              
0.101064055624049                  0.4764406369154032                 0.0034791521343042506              
0.10121264838538155                0.4739792475792362                 0.0035052881194971653              
0.1013612410107442                 0.46037745785511114                0.003511774708396475               
0.10150983349993749                0.46431715639067145                0.0035844188518206403              
0.10165842585276207                0.4550163580699285                 0.003560360949666956               
0.10180701806901846                0.45787173155564337                0.003604283767907108               
0.10195561014850726                0.43757433774257337                0.0035718271464106523              
0.10210420209102905                0.4440693022055783                 0.0035813205100716852              
0.10225279389638445                0.4356219532216272                 0.0035638541727173673              
0.10240138556437398                0.4288535579037596                 0.003572911338758621               
0.10254997709479825                0.4278741144360749                 0.0035789391662165173              
0.10269856848745783                0.4291048548449563                 0.003629970190991199               
0.10284715974215335                0.4209237053818948                 0.0035526364372866384              
0.10299575085868538                0.41936608073320164                0.0036005379640221265              
0.10314434183685449                0.41863504429117526                0.0035943940082675528              
0.10329293267646124                0.40425520192272774                0.0035574765136498657              
0.1034415233773063                 0.40786745677036934                0.0035870430356173748              
0.10359011393919021                0.40253760627741064                0.0035484121633262075              
0.10373870436191358                0.4027243457493991                 0.003596756786464                  
0.10388729464527696                0.3950671062882156                 0.0035593075633378163              
0.10403588478908102                0.39310663484792946                0.003559749777698538               
0.10418447479312629                0.391463931712607                  0.003445712978126276               
0.10433306465721338                0.3884823212445182                 0.0034047281899038085              
0.1044816543811429                 0.389759862044362                  0.003404827944532761               
0.1046302439647155                 0.38893202161915413                0.003360864324607603               
0.10477883340773168                0.3778992881998517                 0.003290936770586142               
0.10492742270999211                0.3768049856946229                 0.00329128121321154                
0.10507601187129732                0.37911003073368027                0.003292379509262402               
0.10522460089144804                0.3750268432669302                 0.003259501355078066               
0.10537318977024476                0.37370116529277275                0.0032450391466942834              
0.10552177850748812                0.3733645884895021                 0.0032325029740041845              
0.10567036710297875                0.36627796282132963                0.0031908215542126774              
0.10581895555651723                0.36457416345569327                0.0031954382944733065              
0.10596754386790419                0.3667342457121489                 0.0031702313298802545              
0.10611613203694019                0.37021811788103626                0.003191179783835905               
0.10626472006342588                0.3652548986558378                 0.0031744497599111156              
0.10641330794716188                0.3570708809148055                 0.003123560139635451               
0.10656189568794881                0.36233025266210955                0.003155832491270119               
0.10671048328558726                0.3649282488669938                 0.0031244131754678797              
0.10685907073987783                0.36096480188122543                0.00313823118183699                
0.10700765805062118                0.356785094942521                  0.0031040050595015824              
0.1071562452176179                 0.35714543429846546                0.0030976589471972613              
0.10730483224066863                0.35457218047241235                0.003083119790062179               
0.10745341911957391                0.36211013553212434                0.0030922488947748776              
0.1076020058541345                 0.35095391192980124                0.0030718140231292793              
0.10775059244415094                0.36300201491462497                0.003110544549587518               
0.10789917888942382                0.3535221114002671                 0.003051007399680477               
0.10804776518975381                0.35810891708056575                0.0030917445968422306              
0.10819635134494156                0.3494502765875194                 0.003024778366964851               
0.10834493735478763                0.35102278337180626                0.0030576943908674366              
0.10849352321909271                0.3544948387317154                 0.0030368666629739098              
0.1086421089376574                 0.3531610909101645                 0.0030440397531546538              
0.10879069451028231                0.3526632410435181                 0.0030538478877253556              
0.1089392799367681                 0.3578604646262701                 0.00305018101494644                
0.10908786521691538                0.35392759858386796                0.00304951400024081                
0.1092364503505248                 0.36486677839783643                0.003049996431476345               
0.10938503533739702                0.3569597316557273                 0.003054957560140531               
0.10953362017733265                0.35051698192705205                0.0030219227064909268              
0.1096822048701323                 0.3545819738049643                 0.003034052553484761               
0.10983078941559662                0.3550656156648908                 0.003037190412836484               
0.10997937381352627                0.3496071994116408                 0.0029886415821101155              
0.1101279580637219                 0.358552484026                     0.0030477875492190224              
0.11027654216598413                0.35736022493760133                0.0030363369970680385              
0.11042512612011357                0.3565724169851157                 0.003001710807805241               
0.11057370992591092                0.35324817459170443                0.003003133576569664               
0.11072229358317678                0.3570873346835479                 0.0029967158655249                 
0.11087087709171187                0.35513842330485107                0.003011161834514126               
0.11101946045131672                0.35722977041589626                0.0029831361076988697              
0.11116804366179206                0.3547898057432714                 0.0029830072286788174              
0.11131662672293854                0.3540984378542922                 0.002979090301890083               
0.11146520963455678                0.35483746627900886                0.002996463572930562               
0.11161379239644743                0.35587903503403057                0.003069976746499504               
0.11176237500841117                0.3558821851950569                 0.0030666966480919155              
0.11191095747024861                0.3586855834516379                 0.003124917884626384               
0.11205953978176046                0.3539543410566435                 0.0031285439348946076              
0.11220812194274735                0.3588141153938476                 0.003142900710149514               
0.11235670395300991                0.35467443835588935                0.003155436562085459               
0.11250528581234887                0.34532776918659647                0.0031171387642718908              
0.1126538675205648                 0.349805363962416                  0.0031712808913323893              
0.1128024490774584                 0.3530578811766089                 0.003188474619453681               
0.11295103048283038                0.3547691226437058                 0.0032011886427863803              
0.11309961173648131                0.3560330580612641                 0.003232259538658641               
0.11324819283821194                0.3525267581987651                 0.0032010871139235898              
0.11339677378782287                0.3541045164536522                 0.00321966418764801                
0.11354535458511482                0.3523667551275269                 0.0031991067069282167              
0.11369393522988842                0.34713868699055517                0.0031815468042546355              
0.11384251572194438                0.3516166084436546                 0.003205801050727065               
0.11399109606108329                0.3476021361859839                 0.003192505525351817               
0.11413967624710591                0.34298255305447195                0.0031687089263287443              
0.11428825627981287                0.34236429063471524                0.003155866904931607               
0.11443683615900485                0.35106504405315186                0.0032367568852126605              
0.1145854158844825                 0.34231429212211817                0.0031757086801307015              
0.11473399545604654                0.3475184446250522                 0.0032048752695968854              
0.11488257487349764                0.34111706756580795                0.003182871046549578               
0.11503115413663645                0.3447611766174336                 0.0031832397414767134              
0.11517973324526365                0.3413650011696063                 0.0032073205903539446              
0.11532831219917995                0.3423480583307332                 0.003180953649116856               
0.11547689099818605                0.34162229159659596                0.0032059196418426357              
0.11562546964208253                0.3371996873119246                 0.003174778010721681               
0.11577404813067017                0.3325072735544484                 0.00314625562068805                
0.11592262646374966                0.32921558205725593                0.0031678784153696                 
0.11607120464112164                0.32733585297580514                0.00311043914275837                
0.1162197826625868                 0.3262703453912671                 0.003143323772734708               
0.11636836052794586                0.3245209269896881                 0.0031336035997249975              
0.11651693823699948                0.3236571314451298                 0.0031217717717375174              
0.11666551578954835                0.32338054497466306                0.0031422837866309497              
0.11681409318539324                0.321560390155332                  0.0030890721266461432              
0.11696267042433472                0.31283308959436373                0.003089342274342441               
0.11711124750617356                0.3223216553748869                 0.003135846054931246               
0.11725982443071048                0.3159563425304817                 0.0031008914643609795              
0.1174084011977461                 0.3102838521491027                 0.003078006830477072               
0.11755697780708119                0.3122473425361282                 0.003080105360835855               
0.11770555425851639                0.3127329798789755                 0.0031016917176454875              
0.11785413055185245                0.31580596708290604                0.0031001622473398566              
0.11800270668689006                0.3086009126343511                 0.003058304049193335               
0.11815128266342986                0.30280396338915666                0.003053334417816704               
0.11829985848127267                0.2994759866947424                 0.003035246916233561               
0.11844843414021912                0.29772082837271596                0.003046704065044341               
0.11859700964006994                0.2988209798386746                 0.003013171863059602               
0.11874558498062582                0.2942224184455149                 0.0030022695759746414              
0.1188941601616875                 0.29674369953803603                0.0030264217391705902              
0.11904273518305566                0.2915282668461295                 0.0030110515868839705              
0.11919131004453105                0.29022699645346595                0.0030030624887947316              
0.11933988474591431                0.28914925240636                   0.0029738172396326394              
0.11948845928700624                0.28584644768504225                0.0029803172056300188              
0.11963703366760754                0.28104161926638593                0.0029477367604294016              
0.11978560788751887                0.280713687015865                  0.0029571754602494013              
0.11993418194654097                0.27750268404160994                0.002930349276689769               
0.12008275584447463                0.2761678180021528                 0.002930667753215576               
0.1202313295811205                 0.27727299180999126                0.002942727163948419               
0.12037990315627929                0.2723272345279717                 0.0029151344368451675              
0.12052847656975177                0.27546789132928723                0.00292819064770571                
0.12067704982133863                0.2680819231162604                 0.002877780777921533               
0.12082562291084065                0.2658608225267274                 0.0028975043009598815              
0.12097419583805849                0.26766959622937775                0.0029036260258672167              
0.12112276860279289                0.2605518091823102                 0.002841838543684703               
0.12127134120484465                0.2605783360823641                 0.00286125319781439                
0.1214199136440144                 0.26189635810237455                0.0028539583152576466              
0.12156848592010293                0.25936062817545436                0.0028680089103337463              
0.12171705803291097                0.2576035289527135                 0.0028328613047508113              
0.12186562998223927                0.2572519155884376                 0.0028405257779479157              
0.12201420176788849                0.2544279672571435                 0.002846726997311314               
0.12216277338965947                0.25756450494981964                0.002844671066693486               
0.12231134484735287                0.2573283157255055                 0.00286167763233355                
0.12245991614076948                0.2474006533189434                 0.002766888180195591               
0.12260848726971                   0.24574512988753502                0.0027965334681378496              
0.12275705823397523                0.2461695579879394                 0.0028013633802835844              
0.1229056290333658                 0.24413850883666544                0.0027707256440626673              
0.12305419966768259                0.24190390352854663                0.0027686419737147656              
0.12320277013672629                0.24642432805622635                0.0027848557209868134              
0.12335134044029764                0.2426961880253849                 0.0027815382734078654              
0.12349991057819736                0.24192310491706268                0.0027831164168080776              
0.12364848055022623                0.23701299021409572                0.0027253676671401767              
0.12379705035618503                0.23648731369354173                0.00275525952952944                
0.12394561999587449                0.2322367870167277                 0.0027000627100107126              
0.12409418946909531                0.2400510350407026                 0.0027783610173893487              
0.12424275877564833                0.23212485117149353                0.0027051679790426014              
0.12439132791533426                0.235033470019504                  0.0027325778837888155              
0.1245398968879539                 0.2330492712592716                 0.002742325532516435               
0.12468846569330792                0.23482097603699717                0.0027290009310071963              
0.1248370343311972                 0.23046075666603658                0.002725867310960254               
0.1249856028014224                 0.22760826678977736                0.0026764480798220605              
0.12513417110378433                0.22904952942993914                0.0027069042423228905              
0.12528273923808372                0.225783107236454                  0.00270753514301632                
0.1254313072041214                 0.22968906849850437                0.0026944041974653553              
0.1255798750016981                 0.22910823918994527                0.0027119573745834724              
0.12572844263061453                0.22898062440071654                0.0027053343491456844              
0.12587701009067154                0.22639254762458705                0.0026993608490628587              
0.1260255773816699                 0.22807884749220445                0.0027188874761662116              
0.1261741445034103                 0.22556680755222186                0.0026758550947727673              
0.12632271145569363                0.22590797248703023                0.002705921346741076               
0.12647127823832058                0.22422207559808233                0.0026782452199791214              
0.12661984485109193                0.22677486193929358                0.0027087372569373036              
0.1267684112938085                 0.22289472536840235                0.0026878206065091594              
0.12691697756627102                0.22692872388044028                0.002690875452955609               
0.1270655436682803                 0.2263309368539183                 0.002699009977794632               
0.1272141095996371                 0.22544869189502795                0.0026774699306441182              
0.12736267536014226                0.2262068156699403                 0.002699449912199255               
0.12751124094959648                0.22579563745829398                0.002678381206865795               
0.12765980636780058                0.22756356122898744                0.0026934843083151034              
0.1278083716145554                 0.22359190683530542                0.0026791406836721154              
0.12795693668966165                0.2219204241714513                 0.002654163196212051               
0.12810550159292017                0.2207136568597604                 0.002648076681026212               
0.1282540663241317                 0.22087919686224375                0.0026388806463595086              
0.12840263088309706                0.2160715450162831                 0.0026359990949757837              
0.12855119526961703                0.22163588216254082                0.0026570385805777994              
0.12869975948349244                0.22271312857793285                0.0026554897948870637              
0.12884832352452402                0.22294470837379304                0.00266717675255684                
0.1289968873925127                 0.22192037550483865                0.0026394788584051644              
0.1291454510872591                 0.22419235182382743                0.002693304843921617               
0.12929401460856416                0.22043480871031199                0.0026418804754003563              
0.1294425779562286                 0.22047856442492741                0.002663919437496389               
0.12959114113005324                0.22344311849909676                0.0026841103498314585              
0.12973970412983893                0.22651786079098302                0.0026700949181510327              
0.12988826695538638                0.2170192918111371                 0.002647561282367525               
0.13003682960649648                0.21875334681913522                0.0026340535098019653              
0.13018539208297003                0.2173129081871488                 0.0026389955117113494              
0.13033395438460782                0.21932190514198277                0.002656935093459824               
0.13048251651121062                0.2214483741692198                 0.0026605324274776897              
0.13063107846257932                0.2203847678387758                 0.0026633694291500975              
0.13077964023851468                0.21719704301892304                0.0026258044102635205              
0.1309282018388175                 0.21966669128833147                0.002666007115599585               
0.13107676326328868                0.21666526584153545                0.002637361001293875               
0.13122532451172894                0.2144686745490782                 0.002614888372675155               
0.13137388558393917                0.21669698076719332                0.0026549145411664814              
0.13152244647972017                0.21601202146968188                0.0026141539794041044              
0.13167100719887273                0.21532027215118893                0.00264880448383661                
0.13181956774119763                0.2141765992134802                 0.002614243545702519               
0.13196812810649583                0.21206673235998394                0.0026149213060436697              
0.13211668829456807                0.21634561832955962                0.0026516049759598994              
0.13226524830521522                0.21302328372701743                0.002612848540403119               
0.13241380813823803                0.21223641263331722                0.0026194042696225097              
0.13256236779343739                0.21030737861142793                0.0025916516136083915              
0.1327109272706141                 0.21230940476824622                0.002623303766116336               
0.13285948656956903                0.21411825266543338                0.0026356134966477682              
0.13300804569010294                0.2093711997878149                 0.002607380584870446               
0.13315660463201676                0.20957558105414523                0.0025972683976043126              
0.1333051633951113                 0.2052270700142149                 0.002567947772892887               
0.1334537219791874                 0.20652234125010976                0.002586180491293409               
0.13360228038404576                0.20969645785852362                0.0026059807790166267              
0.13375083860948744                0.20665376397171728                0.002581357670178311               
0.13389939665531317                0.2099384399863967                 0.0026166775668546188              
0.13404795452132376                0.20466024688260498                0.0025733758960976563              
0.13419651220732015                0.20385488977599187                0.0025750833203070037              
0.1343450697131031                 0.1999539701716338                 0.0025369640209432667              
0.13449362703847348                0.20427841930523807                0.002577761106825249               
0.1346421841832322                 0.20312448908345074                0.0025648339938564436              
0.13479074114717998                0.19579885514178724                0.002524808456972957               
0.13493929793011783                0.19968096572960994                0.0025587509805395474              
0.13508785453184646                0.20375028440051335                0.0025520677181662677              
0.13523641095216685                0.19982613555003023                0.0025608214717339154              
0.13538496719087975                0.20286639838137255                0.0025654638809371405              
0.1355335232477861                 0.19819783528528245                0.0025515040022463112              
0.13568207912268665                0.19884568739680966                0.002548884770154668               
0.13583063481538238                0.1995002614489174                 0.0025308001102995045              
0.13597919032567404                0.19691907858464114                0.002533153445031601               
0.1361277456533626                 0.1922651962397302                 0.0024931689314707855              
0.13627630079824887                0.19502066871042942                0.0025198067215364646              
0.13642485576013377                0.1912517356414354                 0.0025030719867097633              
0.13657341053881802                0.19057111944069266                0.002493096803760582               
0.13672196513410265                0.1946995534245826                 0.002539079460638716               
0.13687051954578844                0.1914937574392052                 0.002482747975232272               
0.13701907377367628                0.18309426884928537                0.0024502028775956358              
0.13716762781756708                0.19120196803009448                0.0024928315577570676              
0.13731618167726167                0.1836522905989251                 0.0024539378714612914              
0.13746473535256093                0.19017847539273025                0.0025049518100965927              
0.13761328884326574                0.18583463585614335                0.0024511409257362807              
0.13776184214917697                0.1873630066759337                 0.0024808133404303416              
0.13791039527009552                0.18249327710932917                0.0024354094661987124              
0.1380589482058223                 0.1894125745216678                 0.002497681880817686               
0.1382075009561581                 0.18707035682967169                0.002479983786031126               
0.13835605352090388                0.18489927675507875                0.0024514172935574665              
0.1385046058998605                 0.1825077744293872                 0.0024638478712442806              
0.13865315809282888                0.1825233475055859                 0.0024377652305781583              
0.13880171009960984                0.18689024423088726                0.0024689330912045383              
0.13895026192000431                0.17921917987026034                0.0024263156796626786              
0.1390988135538132                 0.1810754003784646                 0.0024334486840990963              
0.13924736500083743                0.18212915036001717                0.0024679743579098137              
0.13939591626087777                0.18251024800622978                0.002428080221564598               
0.13954446733373518                0.17567326360972343                0.0024064830631468966              
0.13969301821921062                0.18160267035727704                0.002435919651499105               
0.13984156891710492                0.1819827335808935                 0.0024438773654544186              
0.13999011942721898                0.1803661783380057                 0.0024537912847510794              
0.14013866974935374                0.17794159735496295                0.0024059346213174764              
0.14028721988331003                0.18026178492238798                0.0024453658900645105              
0.14043576982888886                0.18058017425969755                0.002432290610787171               
0.14058431958589104                0.17653979859502106                0.0024113498916570604              
0.14073286915411753                0.17455128247400312                0.0024030933996176005              
0.14088141853336925                0.17825502998360188                0.0024165869763592023              
0.14102996772344703                0.17273448749197348                0.002400247910263243               
0.14117851672415188                0.1766687080118631                 0.00240794988009266                
0.14132706553528462                0.18270785285223293                0.0024487621466024153              
0.14147561415664625                0.17375525788956536                0.0023944045437074664              
0.14162416258803764                0.17431648186355309                0.0023982703973854337              
0.1417727108292597                 0.1739643462316628                 0.0024131476254770565              
0.14192125888011337                0.17761991573394575                0.0024037834366890734              
0.14206980674039957                0.1744877907612579                 0.0024026747327107706              
0.1422183544099192                 0.17636638091020299                0.0024166581542499894              
0.14236690188847323                0.17243534773559485                0.002483720821265269               
0.14251544917586248                0.1748612986559802                 0.0025484462159274454              
0.142663996271888                  0.17254896276338266                0.0025679317423094416              
0.14281254317635064                0.17310428142693662                0.002612913417926846               
0.14296108988905137                0.17328072724037882                0.00264404399904895                
0.1431096364097911                 0.1709873578458724                 0.0026453295522844912              
0.14325818273837077                0.16561882190451713                0.0026180090825819917              
0.1434067288745913                 0.1684594915280811                 0.002682761696184312               
0.14355527481825364                0.16852482573879782                0.002710046861741472               
0.1437038205691587                 0.16714042804593254                0.002714950433099899               
0.14385236612710747                0.170488207745002                  0.002755190688971299               
0.14400091149190083                0.16975050836198644                0.002793324752089237               
0.14414945666333978                0.1625984348893607                 0.002752744326411225               
0.14429800164122517                0.17315886898650512                0.002866145992739151               
0.14444654642535806                0.16843061394695938                0.002821318937733664               
0.14459509101553933                0.1661112701145044                 0.0028309394962318683              
0.1447436354115699                 0.1642403486438661                 0.0028581915030801265              
0.14489217961325077                0.17290242731503463                0.0029565691241367057              
0.1450407236203829                 0.16914794791484766                0.002930314519367191               
0.14518926743276714                0.16696717627573768                0.0029153733577518687              
0.14533781105020457                0.16209040241744305                0.002931632861031068               
0.14548635447249608                0.1617855209585747                 0.002924683927497784               
0.14563489769944266                0.16511413072062117                0.002991217653961781               
0.1457834407308452                 0.15870415053433312                0.00293043608386259                
0.14593198356650475                0.16210217681982275                0.0029947118198359614              
0.1460805262062222                 0.1623719156672611                 0.003043106705078761               
0.1462290686497985                 0.16341663554772742                0.0030435044685014                 
0.1463776108970347                 0.1607064162351825                 0.003046327656044677               
0.14652615294773166                0.1604757164966629                 0.003044143001853119               
0.14667469480169043                0.1501394746658592                 0.002981988128149759               
0.14682323645871195                0.15483490956406723                0.0030578056188541695              
0.14697177791859717                0.1559164934802169                 0.003056011435332001               
0.1471203191811471                 0.15472917478740605                0.0030871831260581763              
0.14726886024616265                0.15669804468805243                0.003117173362215582               
0.14741740111344484                0.1563057378798428                 0.003155921171440013               
0.14756594178279467                0.15565532239157542                0.003146639503831356               
0.14771448225401304                0.1532510890830485                 0.0031633483892213746              
0.147863022526901                  0.1544169675617603                 0.003221217184967252               
0.14801156260125947                0.14743672655373186                0.003116561051352854               
0.1481601024768895                 0.1531904957096286                 0.0032439891275993582              
0.14830864215359202                0.15466910473012058                0.0032356420402601563              
0.148457181631168                  0.15362058486584948                0.003272971063101949               
0.1486057209094185                 0.14883579984801423                0.003265010889708102               
0.14875425998814445                0.15405126330118543                0.003280658064392088               
0.14890279886714686                0.14783358632417748                0.003238353504349168               
0.1490513375462267                 0.15358450443648194                0.003281899995624246               
0.149199876025185                  0.14856887947385974                0.0033039789539058436              
0.1493484143038227                 0.15068297085091895                0.003317527718365377               
0.14949695238194086                0.15269000334244698                0.00332642960197197                
0.1496454902593404                 0.14686428285953596                0.003311418029249115               
0.1497940279358224                 0.14527874446721678                0.0032575019649679674              
0.1499425654111878                 0.14446859703420026                0.0033248530878266435              
0.15009110268523762                0.14827570447412391                0.0032974591226170237              
0.15023963975777288                0.15013633723492223                0.0033929657269215828              
0.15038817662859452                0.1512815889891104                 0.0034417753230360486              
0.15053671329750368                0.14972219058463576                0.0033605156100622465              
0.15068524976430123                0.14415652997820666                0.0033597535810933406              
0.15083378602878825                0.14813632293993745                0.0033291162850638744              
0.1509823220907657                 0.14245566795288644                0.0033577122942648383              
0.15113085795003464                0.14547848509475614                0.0033823060760586614              
0.15127939360639608                0.1430136821071347                 0.003335837103092431               
0.15142792905965102                0.14546386063377661                0.0033929882533736302              
0.15157646430960048                0.1459371906330682                 0.0033314131388582566              
0.15172499935604547                0.14026959240530174                0.003360775168355177               
0.15187353419878702                0.14267253060016447                0.0033675041374579755              
0.15202206883762617                0.14213506029023468                0.0033326128804835303              
0.1521706032723639                 0.14938626586383472                0.0034873267190055597              
0.15231913750280127                0.13746914239222152                0.0032740029557927026              
0.15246767152873936                0.14275905324423388                0.0034204211545351406              
0.15261620534997902                0.14784030167421325                0.003395264976572594               
0.1527647389663215                 0.139067616609846                  0.0033610434855337735              
0.15291327237756766                0.1489254572286843                 0.0035249246022309843              
0.15306180558351865                0.1417353455719567                 0.003396868864718028               
0.15321033858397537                0.13830595928262854                0.003416263937115256               
0.153358871378739                  0.1413755874906616                 0.0033594264872396805              
0.15350740396761053                0.1423536061926633                 0.0034939318477411893              
0.15365593635039093                0.1388974203017164                 0.0034235704120145773              
0.15380446852688134                0.13971282507134883                0.0034219091456685626              
0.15395300049688274                0.14160842649429858                0.003551325950814042               
0.1541015322601962                 0.1390190693011202                 0.003401857684589025               
0.15425006381662276                0.13755155312269682                0.003508557228168741               
0.1543985951659634                 0.14001657059608602                0.0034895264803158185              
0.1545471263080193                 0.13575382389028393                0.003423937280646791               
0.15469565724259146                0.141822913578675                  0.0036245893315383975              
0.15484418796948088                0.1359856959521336                 0.0034308768992250336              
0.15499271848848864                0.1366901640238391                 0.003594621091155406               
0.15514124879941582                0.1398934901165889                 0.0034962448470617683              
0.15528977890206347                0.14144105191480097                0.0035972509237992465              
0.15543830879623263                0.14294813336586518                0.0036344050880988696              
0.15558683848172433                0.13645166250117008                0.003555309865712266               
0.1557353679583397                 0.1407784935203765                 0.003666802946984291               
0.1558838972258798                 0.13736470407197604                0.0035538562426319685              
0.15603242628414563                0.1488891343054598                 0.0037564266436818624              
0.15618095513293828                0.13417876591831582                0.0035937876039689094              
0.15632948377205885                0.14085699846186236                0.0036725870064542063              
0.15647801220130841                0.14057305163108458                0.003717355143398428               
0.15662654042048801                0.14051325704540463                0.0036824479179776728              
0.1567750684293987                 0.13694769630456013                0.003683839578468176               
0.15692359622784158                0.13838117352311693                0.0037332205079159417              
0.15707212381561775                0.13894670089980615                0.0036666631976271014              
0.1572206511925283                 0.1384310889148432                 0.0037441167092931954              
0.15736917835837416                0.1427011884311844                 0.003833063154385378               
0.15751770531295659                0.13376852239431908                0.0037215398440436625              
0.15766623205607658                0.13808033998481442                0.003729178058724238               
0.15781475858753524                0.13442784617764625                0.003725492970190352               
0.15796328490713368                0.13243159243645108                0.0037397522578325355              
0.15811181101467295                0.1414593103819349                 0.003881794130681251               
0.15826033690995414                0.1310778332640728                 0.0036839387505997806              
0.1584088625927784                 0.13898868803992306                0.0038757786959585185              
0.15855738806294672                0.13719739339559914                0.0038620348005617747              
0.15870591332026027                0.13853058956759007                0.0038525334666068343              
0.15885443836452012                0.13419896028246414                0.003859544038187457               
0.15900296319552734                0.1350530903431982                 0.003860235652163653               
0.1591514878130831                 0.1373074855868248                 0.0039039960041559623              
0.15930001221698845                0.13496655280963904                0.0039059258310185554              
0.15944853640704448                0.1344119005242445                 0.003880137347498088               
0.15959706038305235                0.12553804348346279                0.003790286530017425               
0.15974558414481307                0.13706309723969154                0.003966599730401391               
0.1598941076921279                 0.13325394649414413                0.0039294445072913225              
0.16004263102479782                0.13588507726741916                0.003993167115599135               
0.16019115414262397                0.13311585241469912                0.003946014224974511               
0.16033967704540744                0.1330693200252818                 0.003983325902273051               
0.1604881997329494                 0.13099864285023435                0.0039714797153241185              
0.16063672220505093                0.13393392460464254                0.004009207163374687               
0.16078524446151318                0.13204872117379807                0.004006999488652131               
0.16093376650213723                0.12986354106326276                0.003986846811703495               
0.1610822883267242                 0.131134396111798                  0.004060452799305074               
0.16123080993507524                0.1353703079641826                 0.004090876392726142               
0.16137933132699142                0.13332605132813294                0.00412239093718194                
0.16152785250227394                0.12950068618963506                0.004035092150580461               
0.1616763734607239                 0.12347118191948783                0.003980870678146695               
0.1618248942021424                 0.12924438202752245                0.00411597963092467                
0.16197341472633062                0.13171853371712428                0.004140536632052992               
0.16212193503308964                0.12705740089452403                0.0041028974631839455              
0.1622704551222206                 0.12369950782132802                0.004041086774803635               
0.1624189749935247                 0.1262960804084084                 0.0041127662415343935              
0.16256749464680298                0.1277338469059957                 0.004181818407506408               
0.16271601408185665                0.12529997389203118                0.004126534876126321               
0.16286453329848682                0.12570843006584237                0.004171780774966719               
0.16301305229649465                0.129447232690411                  0.0042493135920350835              
0.16316157107568127                0.1260425474934986                 0.004185174097410394               
0.16331008963584778                0.1203179124377531                 0.0041762957088123396              
0.16345860797679546                0.1178966312762022                 0.0040629862276211825              
0.16360712609832537                0.1177358957176297                 0.0041393736561294876              
0.1637556440002386                 0.123565660113211                  0.0042916127644137035              
0.1639041616823364                 0.12035257355433113                0.004152558299403067               
0.16405267914441987                0.11609001995728155                0.004211027617690252               
0.16420119638629022                0.12642228178709103                0.004323550811158821               
0.16434971340774857                0.12067299832431691                0.004293352607624158               
0.16449823020859602                0.1175758592664438                 0.004273367291521581               
0.16464674678863386                0.11120290011080512                0.004121453685893349               
0.16479526314766318                0.11545936375772618                0.004261682881213218               
0.16494377928548515                0.11136974381127611                0.004185531278771915               
0.16509229520190094                0.12150569904793654                0.004419119549648356               
0.16524081089671167                0.11724928217582847                0.004369622754303449               
0.16538932636971862                0.12289629129748024                0.004463794310893724               
0.16553784162072283                0.11858639094217686                0.004404187993840723               
0.16568635664952555                0.11656045038310758                0.004405570920276943               
0.16583487145592796                0.11988640547003619                0.004508792324675447               
0.1659833860397312                 0.1155416859359764                 0.004457117300047269               
0.1661319004007365                 0.10970713908045902                0.004323066897401504               
0.16628041453874493                0.1135153921420602                 0.00444901899008544                
0.1664289284535578                 0.11282722554463845                0.004446015527940782               
0.16657744214497625                0.11718103487151152                0.0045856482511132295              
0.1667259556128014                 0.10980247295691488                0.004482667187336505               
0.16687446885683452                0.11500815470571979                0.004531956176296708               
0.16702298187687672                0.12042274192951181                0.004741640832968163               
0.16717149467272932                0.11533721373254714                0.00461718377500388                
0.16732000724419338                0.11109096559597745                0.004589125489618395               
0.16746851959107012                0.11477252578038184                0.004713142736932423               
0.16761703171316078                0.1124107067502575                 0.004604521958895805               
0.16776554361026652                0.11090206231834895                0.004694858666337786               
0.16791405528218858                0.11865352171936516                0.004856165366936648               
0.1680625667287281                 0.11686501174391857                0.004819431856371441               
0.16821107794968634                0.10367443836078159                0.004627216636773394               
0.1683595889448644                 0.11457930200698509                0.004837541922401755               
0.16850809971406366                0.10778792784473694                0.004731364903678181               
0.16865661025708517                0.10580440377180342                0.004741208701885306               
0.16880512057373023                0.11795531301005636                0.005020511526875143               
0.16895363066379998                0.11618499869833238                0.005056303057655376               
0.16910214052709568                0.10789506264618519                0.004815592317604447               
0.16925065016341856                0.11315846713194452                0.005050509556488535               
0.1693991595725698                 0.11409932170940668                0.005102676790577017               
0.16954766875435065                0.1113555995886036                 0.005010125286266186               
0.16969617770856224                0.10716136541432862                0.005007321765259033               
0.1698446864350059                 0.11608550711975842                0.005228228296680812               
0.1699931949334828                 0.10923590351739855                0.005104258564787458               
0.17014170320379415                0.11090567518937262                0.005228143666565202               
0.17029021124574129                0.10559015135633296                0.005051061936843032               
0.17043871905912528                0.11065464255179247                0.005275253099973877               
0.17058722664374745                0.11373036276001756                0.005403492602978246               
0.17073573399940897                0.11504296253834495                0.005453559445748478               
0.17088424112591122                0.10854709518547767                0.005334798683026215               
0.17103274802305524                0.11381175140617475                0.005482119164094235               
0.17118125469064235                0.11145093491713556                0.005504169349596098               
0.1713297611284738                 0.1128244204703594                 0.005558460239068196               
0.17147826733635088                0.1029451235476923                 0.005410675569345448               
0.17162677331407472                0.11659554671626703                0.00575824361645984                
0.17177527906144666                0.11090818855294914                0.005637780064167898               
0.1719237845782679                 0.11090841823308487                0.005727286090279263               
0.17207228986433967                0.10792723284015136                0.005672529420247174               
0.17222079491946324                0.10934236861068151                0.005852962802097237               
0.1723692997434399                 0.10690405732699083                0.005738910487370703               
0.17251780433607086                0.11122531996383747                0.005928329473293032               
0.17266630869715735                0.10357933943942979                0.005745547991193132               
0.17281481282650069                0.10694873618469684                0.0059415964547053805              
0.17296331672390208                0.10780040450622076                0.0061029961146945675              
0.17311182038916287                0.09755995341483521                0.005778952891950697               
0.1732603238220842                 0.10303721846864067                0.00593896653922223                
0.17340882702246738                0.10409097258964277                0.006112432377358901               
0.17355732999011372                0.1105449150675786                 0.0063611450527229765              
0.17370583272482443                0.12751014348813453                0.006935637471579202               
0.17385433522640084                0.11129256106975947                0.006512904511000034               
0.17400283749464415                0.11441412792871315                0.006672767447401553               
0.1741513395293557                 0.11369462280963626                0.006722903982464103               
0.1742998413303367                 0.11337683392767471                0.006824483436273349               
0.17444834289738848                0.11048740166086839                0.00685213777022854                
0.17459684423031224                0.0975858803380957                 0.006477002366339947               
0.17474534532890937                0.1255292380491878                 0.007346043013966551               
0.17489384619298107                0.11410807981023557                0.007216828632572368               
0.17504234682232866                0.11138127598424725                0.0072197757826980334              
0.1751908472167534                 0.10995323125331444                0.0072659140392330075              
0.1753393473760566                 0.1005618051990784                 0.007040734651708693               
0.17548784730003958                0.10441902679552652                0.00722281511372849                
0.17563634698850353                0.10831060453266823                0.007509989198443033               
0.17578484644124984                0.11145815801368923                0.007784575426743334               
0.17593334565807975                0.09711933468778619                0.007320645296553063               
0.17608184463879456                0.10860420226638846                0.007920775520111186               
0.17623034338319563                0.09531772028150005                0.007420474459903117               
0.17637884189108416                0.10845061437127552                0.008174772639841956               
0.1765273401622615                 0.11286152527008704                0.008556010150258395               
0.176675838196529                  0.10248367207687721                0.008153163182983654               
0.17682433599368788                0.09905715411341783                0.008312691713790243               
0.17697283355353952                0.12277532597094418                0.00925453840361815                
0.17712133087588516                0.1124256514047669                 0.009210268231593134               
0.17726982796052618                0.10777024266588214                0.009207433209559001               
0.17741832480726386                0.1197582707474871                 0.009810979814250309               
0.17756682141589947                0.10299462955022493                0.009521856870275758               
0.1777153177862344                 0.11005770497368338                0.009727818688589992               
0.17786381391806994                0.10238563239191469                0.009852062070437002               
0.1780123098112074                 0.09551272760772571                0.009904208476115664               
0.17816080546544807                0.10880551581994395                0.010720926036315895               
0.17830930088059335                0.08178837599191022                0.009572605353401636               
0.17845779605644455                0.1037626744234974                 0.011124526389772462               
0.17860629099280295                0.09111200249581708                0.010968596146811668               
0.17875478568946987                0.1163966896617652                 0.012624993588451382               
0.1789032801462467                 0.09551395998831161                0.012130285048806687               
0.17905177436293476                0.09805942426425107                0.01255522273081082                
0.17920026833933536                0.10537392024422117                0.01395711669542622                
0.17934876207524983                0.10702822037860535                0.014431682291788258               
0.17949725557047952                0.09705534604712684                0.014975965026801747               
0.17964574882482584                0.13367358637003632                0.019498296539358424               
0.17979424183809004                0.11092087571343089                0.017761555046435215               
0.17994273461007346                0.1146184866646714                 0.02058608791526018                
0.18009122714057746                0.11554307993703404                0.023108615987406808               
0.18023971942940345                0.09613205121068055                0.02666223383504914                
0.18038821147635273                0.11092183856079946                0.03202037667604289                
0.18053670328122662                0.05546103988479792                0.03202044630702465                
0.18068519484382653                nan                                nan                                
