#####################################################################################################
# NeXus source file: noemi7
# NXdata: name = img{0}_azimuthalIntegration_Px_9                  
#
#
# Exposure_msec                                     1000.0 + 0.0
# _diffrn_source.source                             Storage Ring SOLEIL, beamline SWING
# _diffrn_sofware                                   Foxtrot 3.5.10-3979
# _diffrn_detector.detector                         EIGER-4M
# _diffrn_comment.comment                           -
# _sas_detc.pixnum_ax                               [1035]
# _sas_detc.pixnum_eq                               [1083]
# _sas_detc.pixsize                                 150.0
# _sas_detc.center_ax                               285.110346632731
# _sas_detc.center_eq                               957.0166664324403
# _sas_detc.dist_spec/detc                          6137.21860334
# _sas_detc.energy                                  12.000505731836514
# _sas_detc.gain                                    1.0
# _sas_detc.detector_based_uncertainty              0.0
# _sas_detc.encoder_delta                           0.0
# _sas_detc.delta0                                  0.0
# _sas_detc.gamma_offset                            0.0
# _sas_detc.wave_length                             1.0331580057586949
# _sas_detc.bias                                    0
# _sas_detc.mask                                    E:\20251487\published-data\3120\2026-09-03_session3\\mask_bags_saxs_12kev_sept26.txt
# Normalization                                     true
# Normalization Factor                              0.02571
# Normalization Monitor                             averagemi8b
# Normalization Intensity                           1.3166686104328092e-06
# GlobalNormalization                               30.59241362505404
# AbsTimeStamps                                     nan
# TimeStamps                                        1.401021957397461
# gapTime                                           500.0
# step_global_regrid                                nan
# xmax_global_regrid                                nan
# xmin_global_regrid                                nan
# ymax_global_regrid                                nan
# ymin_global_regrid                                nan
#####################################################################################################
q(A-1)                             I(q)19_00212{00000}_AzInt_Px_9     Sig(q)19_00212{00000}_AzInt_Px_9   
0.0                                nan                                nan                                
0.0001486390049044326              nan                                nan                                
0.00029727800960908403             nan                                nan                                
0.000445917013914173               nan                                nan                                
0.0005945560176199183              nan                                nan                                
0.0007431950205265388              nan                                nan                                
0.0008918340224342532              nan                                nan                                
0.0010404730231432808              nan                                nan                                
0.0011891120224538396              9530.083840153275                  8.824934815369296                  
0.001337751020166149               9425.798864051216                  3.5829983463580377                 
0.0014863900160804278              9313.18603935426                   2.660774438025936                  
0.0016350290099968942              9195.877307155619                  2.2765423804392757                 
0.0017836680017157683              9095.89438048169                   2.325061882985194                  
0.001932306991037268               8984.619123179637                  2.159099826399511                  
0.0020809459777616124              8878.408759642403                  1.9803633254454556                 
0.0022295849616890207              8767.255794196324                  1.9168040134677233                 
0.0023782239426197124              8658.282753622438                  1.753941673903302                  
0.0025268629203539046              8544.569668657961                  1.802142201917421                  
0.0026755018946918183              8432.433960496885                  1.6279947366080818                 
0.002824140865433671               8316.420556221377                  1.6090397423556648                 
0.0029727798323796835              8170.929814724216                  1.544258268133416                  
0.003121418795330073               8059.739706807233                  1.4755741470846593                 
0.0032700577540850603              7941.009388681694                  1.4894919033044511                 
0.0034186967084448633              7816.64138142437                   1.3558009231595682                 
0.0035673356582097003              7660.63790971764                   1.3470575962144302                 
0.003715974603179794               7532.922172379476                  1.321494726082757                  
0.00386461354315536                7404.460065525231                  1.274520495294063                  
0.00401325247793662                7265.42132476973                   1.2541087532304043                 
0.004161891407323792               7103.560283324033                  1.1585326159718174                 
0.004310530331117095               6962.245841841625                  1.1638937303632033                 
0.00445916924911675                6815.482832908862                  1.1347980122547012                 
0.004607808161122976               6663.923596841481                  1.0970313354290322                 
0.004756447066935991               6511.33943888036                   1.0814160275973388                 
0.004905085966356017               6353.632169883385                  1.0114778016862065                 
0.00505372485918327                6200.818310806937                  1.0274654865936992                 
0.005202363745217974               6044.152008127318                  0.9653685045097321                 
0.005351002624260346               5891.390406944883                  0.9576187373754735                 
0.005499641496110608               5728.948487981857                  0.9268353869157641                 
0.005648280360568975               5582.458623418171                  0.8946202876474725                 
0.005796919217435672               5431.676943937741                  0.9004059022324074                 
0.0059455580665109175              5273.887013311142                  0.8337445543327152                 
0.00609419690759493                5113.093135368004                  0.8259471622551373                 
0.006242835740487932               4958.354946716926                  0.8100536844866649                 
0.00639147456499014                4810.164740937998                  0.7899019635433079                 
0.006540113380901778               4655.956715316595                  0.766563418903092                  
0.006688752188023065               4498.217315612341                  0.7246607240527723                 
0.0068373909861542195              4346.971626992496                  0.7322577996245074                 
0.006986029775095464               4193.50595518817                   0.6947411458065679                 
0.0071346685546470195              4039.119320951531                  0.6794443662817273                 
0.007283307324609103               3885.5244748006735                 0.6606507401419303                 
0.00743194608478194                3737.9321773946135                 0.6319003711966689                 
0.007580584834965747               3591.2298405386705                 0.6318901275857557                 
0.007729223574960747               3447.451830667458                  0.5925025748838953                 
0.007877862304567157               3305.8632794415753                 0.5847800906103189                 
0.008026501023585205               3168.167422196214                  0.5636233254633128                 
0.008175139731815108               3035.8747730217156                 0.5450827152134412                 
0.008323778429057087               2905.5570940791677                 0.5431008843126384                 
0.00847241711511136                2777.5519644352976                 0.5064344331697683                 
0.008621055789778157               2653.2276173543487                 0.4963747783589176                 
0.00876969445285769                2529.258997409891                  0.48190946795972717                
0.008918333104150186               2412.1104284208327                 0.4693003834141491                 
0.009066971743455865               2295.953220394615                  0.4528296209575436                 
0.009215610370574947               2182.2196241324928                 0.4310002211241824                 
0.009364248985307655               2073.090722207603                  0.4285385264502087                 
0.009512887587454211               1967.1689418013584                 0.4055331644343474                 
0.00966152617681484                1863.7248601142612                 0.3937209957210484                 
0.009810164753189759               1763.751821369099                  0.3815620038999307                 
0.00995880331637919                1667.165971679226                  0.36107322084909804                
0.010107441866183361               1575.890360110431                  0.36390014383009356                
0.010256080402402487               1484.2355049393843                 0.33512250205389205                
0.010404718924836796               1396.9788754746544                 0.33052237193859585                
0.010553357433286508               1312.859515368685                  0.3126590309919757                 
0.010701995927551847               1232.2820131440733                 0.303257909505719                  
0.010850634407433035               1155.5762987392104                 0.296732306523052                  
0.01099927287273029                1082.8202767002078                 0.27860567775429707                
0.011147911323243845               1011.8804806124346                 0.270513918266441                  
0.011296549758773915               943.3338812274233                  0.2569617781229943                 
0.011445188179120724               879.3155627058815                  0.24835545520572122                
0.0115938265840845                 818.4448987674832                  0.2390925858581217                 
0.011742464973465466               760.3096222732644                  0.22498255288843189                
0.011891103347063838               705.591816427407                   0.22058804451410802                
0.012039741704679847               653.496020519194                   0.20773672446797542                
0.012188380046113712               603.7308717350771                  0.19768350834713208                
0.012337018371165662               556.8411608142126                  0.1904181211449122                 
0.01248565667963592                513.2397487150946                  0.18031414324217068                
0.012634294971324705               472.3263300926064                  0.17485172596431747                
0.012782933246032245               433.33570816797277                 0.16317401152222163                
0.012931571503558769               397.1333321005183                  0.15724727191889024                
0.013080209743704493               363.09133746626605                 0.1475721240512905                 
0.013228847966269644               331.5661375667914                  0.14193471080649558                
0.013377486171054451               302.38412228257994                 0.13491936286742776                
0.013526124357859137               275.11358720958805                 0.1266103849478699                 
0.013674762526483924               250.27233701292778                 0.12086684522208853                
0.013823400676729044               226.44937989212755                 0.11365880052611396                
0.013972038808394713               205.16479969899436                 0.10933641822445453                
0.014120676921281166               185.8982122164446                  0.10183186162821968                
0.014269315015188622               168.19152731977343                 0.09604479838782679                
0.014417953089917307               151.7112289908988                  0.09230863531223361                
0.014566591145267453               137.3315796342198                  0.08649770405899572                
0.014715229181039282               123.90013221868158                 0.08243426894094705                
0.014863867197033016               111.97508876183237                 0.07702171775923829                
0.015012505193048892               101.35110139295809                 0.07286467883936534                
0.015161143168887127               91.68346981926017                  0.06997855373340568                
0.01530978112434795                83.63933690928151                  0.06551349479546592                
0.01545841905923159                76.23114116529534                  0.06314245089052278                
0.015607056973338276               69.88106910068926                  0.05900966165341378                
0.015755694866468228               64.41890930133594                  0.05713761933266734                
0.015904332738421678               59.84707944030388                  0.05511551927349112                
0.01605297058899886                55.91493885918032                  0.052152446819287955               
0.016201608417999988               52.62823479846672                  0.051093086035594544               
0.0163502462252253                 50.054444882139734                 0.048837649071359554               
0.016498884010475022               48.08596937747635                  0.048617641983214194               
0.01664752177354938                46.54311014319282                  0.04705923915404867                
0.0167961595142486                 45.59601099615559                  0.046077667024209686               
0.016944797232372917               44.93891652995973                  0.04614051214751904                
0.017093434927722556               44.52833095382349                  0.045309658907971506               
0.017242072600097746               44.60782581172054                  0.045804576567084594               
0.01739071024929872                44.87162521479921                  0.0447637180415261                 
0.017539347875125698               45.3482148138859                   0.04534279667339799                
0.017687985477378917               45.98411570089134                  0.045564910398311356               
0.01783662305585861                46.72305641169169                  0.0453384998326516                 
0.017985260610364994               47.68562332559645                  0.04630442589922696                
0.018133898140698313               48.64687577456356                  0.04562226286461199                
0.018282535646658788               49.74798253776042                  0.04665771952907575                
0.018431173128046652               50.789542932316074                 0.046800303549495166               
0.018579810584662137               51.745113468376914                 0.04680822692841301                
0.01872844801630547                52.901264108071004                 0.04763780661347698                
0.018877085422776888               53.792184753594235                 0.04819565855694299                
0.01902572280387662                54.891379431502074                 0.04981719153899611                
0.019174360159404893               55.76216095130481                  0.04949709338980855                
0.019322997489161938               56.61695159512042                  0.05000964805736013                
0.019471634792947997               57.31956209166908                  0.052300111406547375               
0.019620272070563285               58.01287263810929                  0.05242448335201605                
0.019768909321808054               58.54992458652652                  0.0536878114860292                 
0.019917546546482524               59.00332112665434                  0.05321833650649665                
0.020066183744386925               59.28466900967639                  0.054435096910385616               
0.0202148209153215                 59.4485702793465                   0.05536340669191069                
0.020363458059086476               59.664302032207026                 0.05440156026097647                
0.020512095175482088               59.508838056350505                 0.05596825536534422                
0.020660732264308566               59.37861836535854                  0.05435371681592783                
0.02080936932536615                59.03130845829624                  0.05628977346802617                
0.020958006358455062               58.784332568303974                 0.055671375030893415               
0.02110664336337555                58.29531088979874                  0.05512899724532595                
0.021255280339927837               57.68225928122465                  0.055551735790620616               
0.02140391728791216                56.99853004864259                  0.05468710933191078                
0.021552554207128764               56.08423736696159                  0.055790465055806884               
0.02170119109737787                55.24340188659537                  0.054409228274084585               
0.021849827958459727               54.25512729360841                  0.05400897522782773                
0.021998464790174553               53.209483392364156                 0.05429575869236014                
0.022147101592322593               52.085553179291644                 0.05300535858148994                
0.022295738364704085               51.065828100059484                 0.05214089847730268                
0.022444375107119267               49.85751026906494                  0.05003482263205649                
0.022593011819368364               48.586915625154205                 0.04966087365583346                
0.022741648501251623               47.39110741906711                  0.049045953092707685               
0.022890285152569273               46.03453252189556                  0.047007381066155395               
0.02303892177312156                44.548207982198164                 0.04693666116863437                
0.023187558362708714               43.2660033731424                   0.045273775022665344               
0.02333619492113097                41.82662553768534                  0.045480330201938445               
0.023484831448188578               40.46230449916959                  0.04375062579232507                
0.023633467943681763               38.97977523391412                  0.04312930176474654                
0.023782104407410774               37.61306917022736                  0.04236646322476683                
0.023930740839175842               36.16640084391553                  0.040892259775403846               
0.024079377238777205               34.76457700753058                  0.04076042081061011                
0.024228013606015102               33.39174658414507                  0.03909928002374863                
0.024376649940689773               32.09051174587206                  0.03854644518041138                
0.024525286242601464               30.69579210852144                  0.0377262197325928                 
0.024673922511550404               29.365243668905652                 0.0363369180472958                 
0.024822558747336843               28.207366894720973                 0.03631961540333479                
0.024971194949761022               26.81758213399213                  0.03432590231903689                
0.025119831118623162               25.737885632342632                 0.03444784050636778                
0.025268467253723528               24.487033746894785                 0.03325045240361853                
0.025417103354862348               23.397693212544407                 0.03204108418188183                
0.02556573942183986                22.36520050907785                  0.03173342678764805                
0.02571437545445632                21.266628637313                    0.030204440134834892               
0.025863011452511953               20.28401395674545                  0.03032552565823577                
0.026011647415807016               19.34165224662619                  0.029053935227081072               
0.02616028334414174                18.4778606609686                   0.028378822262875587               
0.026308919237316375               17.58059771171354                  0.027644397071229444               
0.026457555095131157               16.75496490770551                  0.026933796783870464               
0.026606190917386335               16.020259593012565                 0.026477308563864713               
0.026754826703882146               15.339394696707544                 0.02543622704240831                
0.026903462454418846               14.65708076154771                  0.024960890416595664               
0.027052098168796664               14.007156266654505                 0.024610116119873935               
0.027200733846815844               13.404431816119617                 0.023716747008365874               
0.027349369488276647               12.88347087905754                  0.02337162811182338                
0.0274980050929793                 12.34415660780386                  0.022774072607692913               
0.027646640660724066               11.862589579578065                 0.02225403320008661                
0.02779527619131117                11.489714342695253                 0.022028456510759624               
0.027943911684540874               11.127756263863034                 0.021430939840390715               
0.02809254714021341                10.732893104436798                 0.021047275713612458               
0.02824118255812904                10.43327584258925                  0.020725272356313593               
0.028389817938087997               10.072819302840998                 0.020325750384309744               
0.028538453279890536               9.794893950374071                  0.020018280985176214               
0.0286870885833369                 9.578590291966234                  0.019746648811292775               
0.02883572384822734                9.30889814414581                   0.0193109887774459                 
0.028984359074362098               9.108541245842906                  0.019352691679614904               
0.029132994261541426               8.954115974752275                  0.01885871265614542                
0.029281629409565572               8.798386255362333                  0.01885506053293069                
0.029430264518234783               8.587032002592368                  0.018581339767766512               
0.029578899587349307               8.493910401789698                  0.018345421626961643               
0.029727534616709395               8.387129858399192                  0.018307580119265653               
0.029876169606115298               8.276790806553644                  0.018011461480905707               
0.030024804555367265               8.115122284970987                  0.017845392381414724               
0.03017343946426554                8.09477869804724                   0.017865960589254503               
0.030322074332610385               7.97939597592546                   0.017716817960262456               
0.03047070916020204                7.915811586696633                  0.01747862741197737                
0.030619343946840766               7.872440251757783                  0.017482358686785854               
0.03076797869232679                7.777971753137482                  0.01727487244754296                
0.030916613396460405               7.741910023715447                  0.017419776603803398               
0.031065248059041834               7.693989018205565                  0.017071512917191705               
0.031213882679871328               7.606803992589472                  0.017134092891021125               
0.031362517258749154               7.588503183182279                  0.01695408880773897                
0.031511151795475555               7.516347487130606                  0.016873295042375315               
0.031659786289850785               7.46970479822205                   0.016889500020774335               
0.03180842074167511                7.43018828423917                   0.016622927523714654               
0.03195705515074876                7.397184356891617                  0.016700358549021892               
0.03210568951687201                7.323472481470916                  0.016588270450032225               
0.032254323839845105               7.294573781538415                  0.01647991599670425                
0.03240295811946831                7.2300433186559765                 0.016444365040693167               
0.032551592355541864               7.159929123888285                  0.016153275518185958               
0.032700226547866036               7.108060577559557                  0.016314395420496675               
0.03284886069624108                7.067486885651479                  0.016102610401665732               
0.03299749480046724                7.034983846472523                  0.016065543346723332               
0.033146128860344785               6.9679706471110645                 0.0159530763307723                 
0.033294762875673976               6.918611658332027                  0.015808405924891137               
0.03344339684625505                6.830733228704154                  0.015920206144220114               
0.0335920307718883                 6.811243473285653                  0.015599321969886759               
0.03374066465237394                6.724037130528579                  0.01558453744133149                
0.03388929848751226                6.684437523409643                  0.015478834557530588               
0.034037932277103514               6.595262131370451                  0.015409070376922192               
0.03418656602094795                6.54586027167476                   0.015410771864495909               
0.034335199718845834               6.479159176612066                  0.015522740544140465               
0.034483833370597426               6.430279552578025                  0.015661311128923928               
0.03463246697600298                6.334783340480778                  0.015571865339247173               
0.03478110053486277                6.291956842903184                  0.015675951863651102               
0.034929734046977044               6.206210748194287                  0.015540947396727045               
0.03507836751214607                6.165720701484829                  0.015065703172326632               
0.0352270009301701                 6.124865498403971                  0.015135494664019722               
0.03537563430084941                6.064921830380772                  0.01485862374603522                
0.03552426762398426                6.009782587204169                  0.014832279266144346               
0.035672900899374894               5.952623099933145                  0.014631086809342646               
0.0358215341268216                 5.844235207940148                  0.014426033359678616               
0.03597016730612462                5.787618806459259                  0.014523064349037924               
0.036118800437084236               5.709394422357971                  0.014120878517403594               
0.036267433519500715               5.646405736483314                  0.01417206051531145                
0.036416066553174295               5.6189559327652                    0.013986202913945962               
0.036564699537905254               5.523948678022984                  0.013919440044095038               
0.03671333247349387                5.461097238216796                  0.013840028927612375               
0.036861965359740394               5.3848790331744                    0.0136122923804023                 
0.037010598196445095               5.330867799426129                  0.013572460311886128               
0.037159230983408245               5.271391027311147                  0.013489408803653576               
0.03730786372043011                5.212525575559527                  0.013392685908051838               
0.03745649640731094                5.152190279672431                  0.01325232652988487                
0.037605129043851035               5.056434745499399                  0.013027116830395735               
0.03775376162985063                5.0004018001760535                 0.013069295096640015               
0.03790239416511001                4.961569696622127                  0.01292426082406609                
0.03805102664942944                4.847405427465992                  0.012794486895918205               
0.038199659082609194               4.808840027908878                  0.012678174280235103               
0.038348291464449534               4.722412565713721                  0.012525367980974332               
0.03849692379475074                4.65411864662897                   0.012523884069587475               
0.03864555607331307                4.568858109349782                  0.012301315031623844               
0.0387941882999368                 4.518443647253561                  0.012227068517186112               
0.03894282047442221                4.4566842154643815                 0.012022150213892933               
0.03909145259656955                4.377083606532079                  0.012064858954441444               
0.03924008466617912                4.286176703984058                  0.01180165011429816                
0.03938871668305117                4.223733908076064                  0.01164040190929924                
0.03953734864698598                4.138729672379535                  0.011534000067600672               
0.03968598055778383                4.074073938537237                  0.011376633444478715               
0.03983461241524497                3.987691768630971                  0.01131602779312042                
0.0399832442191697                 3.923615055817158                  0.011121440072029639               
0.040131875969358285               3.8178092195248454                 0.01090753662635867                
0.040280507665611                  3.7500092720824587                 0.010877866165096388               
0.040429139307728124               3.6529526044595464                 0.01067453341844857                
0.04057777089550993                3.5817392374288524                 0.0106412915643422                 
0.040726402428756685               3.494923897977235                  0.010347713320580588               
0.04087503390726868                3.4012718689677173                 0.010329865270251192               
0.04102366533084617                3.32224192823069                   0.010184746806972976               
0.041172296699289464               3.250759077519746                  0.009993776573209698               
0.04132092801239882                3.1847324146135794                 0.009957492556299678               
0.04146955926997452                3.0942245586360375                 0.009750196641811128               
0.04161819047181683                3.001413778196284                  0.009648304770126149               
0.041766821617726047               2.930990031831484                  0.009529923908473693               
0.041915452707502444               2.874332773407628                  0.009349166472252675               
0.042064083740946306               2.7813264858138322                 0.00922244013381656                
0.0422127147178579                 2.6941290332005727                 0.009051358903641555               
0.04236134563803752                2.6173463977414397                 0.008921447055518816               
0.042509976501285435               2.5455622540615352                 0.008979684051608637               
0.04265860730740194                2.474489343680807                  0.008892300536586137               
0.042807238056187316               2.4097400504531032                 0.008902278420185514               
0.04295586874744183                2.3404533250638906                 0.008782204293809753               
0.043104499380965784               2.269213227494821                  0.008691433293876004               
0.04325312995655945                2.223008130581233                  0.008576333453143762               
0.04340176047402311                2.153066247654684                  0.008531495732020656               
0.04355039093315706                2.104091724903758                  0.008425201141983044               
0.043699021333761565               2.043886779086474                  0.00828245119187402                
0.04384765167563693                1.9862230995990053                 0.00823698180043484                
0.04399628195858344                1.9367645192831187                 0.008050100540218976               
0.044144912182401366               1.8943691652770025                 0.008048476000232688               
0.04429354234689099                1.8514400793379544                 0.007927789207556692               
0.044442172451852634               1.806503308618492                  0.007818822262191964               
0.04459080249708656                1.7709268251089756                 0.007757529077943854               
0.044739432482393045               1.7338183774837599                 0.007671837834776076               
0.044888062407572406               1.706138463027597                  0.007706997443822153               
0.04503669227242491                1.6655001044159077                 0.007488135751489484               
0.04518532207675085                1.6231205570155125                 0.007513158869096638               
0.04533395182035053                1.6228752596152354                 0.0074690185802316995              
0.04548258150302422                1.5828815936104064                 0.00739979447459791                
0.04563121112457223                1.5739148590268899                 0.007454123622924322               
0.045779840684794834               1.5687043453428613                 0.007331755079179098               
0.045928470183492345               1.5400570715402004                 0.007369537733790905               
0.04607709962046502                1.5458111264569274                 0.007371376045083236               
0.046225728995513186               1.5328566758395896                 0.007324690596310647               
0.046374358308437114               1.5274638793849205                 0.007327504082384443               
0.04652298755903712                1.5119454343407612                 0.007235928256170331               
0.046671616747113474               1.5247814147914573                 0.007380836080412673               
0.046820245872466484               1.5107498631869116                 0.007240745202350844               
0.04696887493489644                1.5269763236726692                 0.0072989252121502405              
0.04711750393420365                1.5284952807172858                 0.007310362726166149               
0.047266132870188396               1.5146397824417017                 0.007193024095416061               
0.04741476174265097                1.53427069313655                   0.007316344177171474               
0.047563390551391686               1.5274795868885063                 0.007212156523550729               
0.04771201929621082                1.5347173132098302                 0.007263352390058413               
0.047860647976908685               1.5467475829712038                 0.007303295224475493               
0.04800927659328559                1.5650977588550607                 0.00725149818265092                
0.048157905145141816               1.5672674070769839                 0.00735158420632653                
0.04830653363227766                1.5840366409446636                 0.007284024245995998               
0.04845516205449344                1.5868533872252688                 0.007389591066742153               
0.04860379041158943                1.5975081612779392                 0.007426094764314094               
0.04875241870336596                1.6130899541340393                 0.007343006742725297               
0.04890104692962332                1.6020648091658993                 0.007401594412397243               
0.04904967509016181                1.617282147369857                  0.00737141383332511                
0.04919830318478172                1.621723144762269                  0.007458583445114348               
0.049346931213283374               1.6394555229171583                 0.0074447678083919885              
0.049495559175467066               1.636200840424568                  0.0074144098609971055              
0.0496441870711331                 1.6398457659862344                 0.00745723481376046                
0.049792814900081785               1.639704166132733                  0.007403350088946781               
0.04994144266211342                1.6501181799254943                 0.007503948842871079               
0.05009007035702831                1.6399737569205877                 0.007381355556348976               
0.05023869798462676                1.6517812931164875                 0.007461149832003386               
0.050387325544709094               1.649988507132648                  0.007488044422792095               
0.050535953037075594               1.6463973271630024                 0.007429860146792647               
0.050684580461526595               1.6448771337806385                 0.007434060047816557               
0.05083320781786236                1.631188414103402                  0.007346652159270355               
0.05098183510588326                1.6298701198851022                 0.007419161753304629               
0.05113046232538955                1.6096387266578251                 0.007323958174810626               
0.05127908947618157                1.610215421464373                  0.007344011852473714               
0.05142771655805962                1.5861184043081564                 0.007300083095039457               
0.05157634357082401                1.5773420617475762                 0.007217086346375967               
0.05172497051427505                1.5561371970620503                 0.0072531623165833425              
0.051873597388213066               1.5480248163879033                 0.007110313469907953               
0.05202222419243834                1.5310321066579051                 0.007121156593380275               
0.05217085092675122                1.5285010122360325                 0.007151591228651155               
0.052319477590952006               1.4764157581460995                 0.006992991429172698               
0.05246810418484102                1.4651281295724632                 0.006962684309061655               
0.05261673070821854                1.4621813144863192                 0.0069311705531779465              
0.052765357160884915               1.426135210200535                  0.0068555478135428225              
0.052913983542640465               1.387854009854475                  0.006773163101898858               
0.05306260985328549                1.3624489055078928                 0.006738194371064387               
0.05321123609262031                1.3538728080110243                 0.006672887543004544               
0.053359862260445236               1.3343264591372868                 0.0065947568424600915              
0.05350848835656059                1.2982638110859086                 0.006544296883880315               
0.05365711438076671                1.2669812590289382                 0.006429389246878561               
0.05380574033286389                1.2474647018126626                 0.006395657217563613               
0.05395436621265246                1.2227613796465497                 0.006328843441802193               
0.054102992019932725               1.1903383413952238                 0.006238125666533712               
0.05425161775450505                1.1573075581054542                 0.006178835275376903               
0.0544002434161697                 1.1335590848065131                 0.006012835746369698               
0.054548869004727024               1.1021615697489158                 0.006005638991654575               
0.054697494519977345               1.069788681650909                  0.005919747821897516               
0.054846119961720986               1.0546937602592519                 0.005857331157046804               
0.05499474532975826                1.019522034842177                  0.005770335096942795               
0.055143370623889514               0.9936232877844574                 0.00561853515313995                
0.05529199584391504                0.9737281189082335                 0.005642075706934356               
0.05544062098963519                0.9406225075764479                 0.0054933945176759875              
0.055589246060850264               0.9260876550549124                 0.005483169307176652               
0.05573787105736062                0.906121872455701                  0.005404989056217787               
0.05588649597896656                0.8814090138515048                 0.005299509793598192               
0.056035120825468424               0.842030374314651                  0.005231011451910774               
0.05618374559666653                0.8352080213567404                 0.005158751129935467               
0.056332370292361225               0.8122021905316958                 0.005119746194961806               
0.05648099491235282                0.7944332993620342                 0.0050337079094619035              
0.05662961945644166                0.7775088515028097                 0.0049871059538241945              
0.05677824392442804                0.7600755299609947                 0.004960086029654896               
0.056926868316112336               0.7491215076926172                 0.004852674180197871               
0.057075492631294855               0.7314151421491553                 0.004837025135921858               
0.05722411686977594                0.7194177542247526                 0.0047692740074403725              
0.05737274103135591                0.6987358815557116                 0.004730050419073775               
0.057521365115835124               0.7000207711499711                 0.004718252455607334               
0.05766998912301387                0.6720318763992711                 0.004598430026490265               
0.057818613052692536               0.6683611233958419                 0.004632914353807248               
0.05796723690467142                0.6573676207229113                 0.004526256196195791               
0.05811586067875089                0.6527651468258179                 0.004556221150225463               
0.05826448437473124                0.6454294575675109                 0.004510846405616828               
0.05841310799241284                0.6447834797102762                 0.00448915176324342                
0.05856173153159601                0.6323824454401824                 0.004491085285536025               
0.05871035499208109                0.6267495983769952                 0.00441329184802289                
0.058858978373668436               0.6255784450090535                 0.004445231189283354               
0.05900760167615837                0.6243265222719997                 0.004404755600152595               
0.059156224899351226               0.6134831648513217                 0.00437466329169363                
0.059304848043047365               0.617581369808363                  0.004421005305697416               
0.05945347110704712                0.6182451629409288                 0.004377018607468283               
0.05960209409115083                0.6166804946864588                 0.004394447411904746               
0.05975071699515884                0.6181868920982869                 0.0043747426295757084              
0.0598993398188715                 0.6207205656334482                 0.004410934825917808               
0.060047962562089136               0.6197075227947064                 0.004375981074218935               
0.06019658522461209                0.6116210775700209                 0.0043452851755680635              
0.06034520780624073                0.6087212757475482                 0.0043618286257190155              
0.06049383030677538                0.618851562499714                  0.004486788242681918               
0.0606424527260164                 0.6191833206201371                 0.004556515304440718               
0.060791075063764154               0.6291913059058444                 0.0046169309084886                 
0.06093969731981895                0.6278177503316151                 0.004640835556226261               
0.06108831949398115                0.6337670405500799                 0.004730263416997465               
0.0612369415860511                 0.6348030574584514                 0.004723937961457015               
0.06138556359582917                0.6350565859680909                 0.004787055125771151               
0.061534185523115695               0.637403283159765                  0.00478009144753821                
0.061682807367711034               0.6326624662832756                 0.004820783958790808               
0.061831429129415506               0.6392539129055727                 0.0048677605215115445              
0.061980050808029506               0.6458605583035522                 0.004879041736489122               
0.06212867240335336                0.6467076214545735                 0.004946798746333122               
0.06227729391518745                0.6453699468129618                 0.004902125182928576               
0.06242591534333208                0.6530018993424463                 0.005047341184989304               
0.06257453668758765                0.6499896418514692                 0.0049912154361256575              
0.06272315794775449                0.6530209327422062                 0.004994067943226642               
0.06287177912363298                0.6489616274402489                 0.0050437601442999275              
0.06302040021502343                0.6528856694631641                 0.005049913575969398               
0.06316902122172624                0.6549762982017951                 0.005103935238519599               
0.06331764214354177                0.6526823707717051                 0.0049075249652213                 
0.06346626298027035                0.6485185276696309                 0.004872637103369233               
0.06361488373171235                0.6617320885430147                 0.004875836913005951               
0.06376350439766815                0.6531192163704761                 0.004814989587086964               
0.06391212497793805                0.6470511302552964                 0.004779614942944526               
0.06406074547232249                0.646646335235065                  0.0047148993136829544              
0.06420936588062177                0.6390276453188883                 0.004706883139277686               
0.0643579862026363                 0.6319683192427225                 0.004653750261157133               
0.06450660643816641                0.6369942956175172                 0.004650336758751418               
0.06465522658701248                0.6339852041139012                 0.00465386238776178                
0.06480384664897484                0.6282045572693997                 0.004596714420638466               
0.06495246662385391                0.6161611642934673                 0.004568922469370661               
0.06510108651145002                0.6208764443549456                 0.004544187965505766               
0.06524970631156356                0.611773562040902                  0.004508462153510716               
0.06539832602399485                0.6140302633179407                 0.004528291108799849               
0.0655469456485443                 0.6005234393273581                 0.004469090920836583               
0.06569556518501228                0.593320298400203                  0.004433198383343571               
0.06584418463319913                0.592481962551856                  0.004388033027638096               
0.06599280399290525                0.5906603481223138                 0.004379108011390976               
0.06614142326393099                0.5844602278255003                 0.0043734724427833315              
0.06629004244607672                0.5665812828237672                 0.004303907630433047               
0.06643866153914282                0.560682202854264                  0.004275037444772471               
0.06658728054292967                0.5648187491919052                 0.004221889408234947               
0.06673589945723764                0.5465315638931023                 0.004214450786177932               
0.06688451828186709                0.5432717635772969                 0.004187322122050809               
0.06703313701661841                0.5329983422965558                 0.004125206123278564               
0.06718175566129193                0.5247391312088486                 0.0041051659264028165              
0.0673303742156881                 0.5228459820318964                 0.004087729274181884               
0.06747899267960726                0.5032499458001732                 0.0040045287788577745              
0.06762761105284978                0.5044202712672874                 0.003976376691465331               
0.06777622933521604                0.49069606601711346                0.003956197285043046               
0.06792484752650643                0.4891833749887202                 0.003921506486074396               
0.0680734656265213                 0.48174430695051595                0.003910421967727663               
0.0682220836350611                 0.47025937390756706                0.0038449100154363033              
0.06837070155192615                0.46093948635556703                0.0037794623637706993              
0.06851931937691683                0.45206921682834145                0.0037661974528708617              
0.06866793710983354                0.45035491232730096                0.003748275183433487               
0.06881655475047667                5.161416282331129                  0.012707529753901103               
0.06896517229864657                0.42361739761659395                0.003638782260059202               
0.06911378975414369                0.42609975372272374                0.003618428749993004               
0.06926240711676834                0.41456249689415553                0.0035928222787423494              
0.06941102438632095                0.40829629660455335                0.003530437645381198               
0.06955964156260189                0.4044205119771773                 0.0035452303597708493              
0.06970825864541157                0.39251424452350053                0.0034583088392260313              
0.06985687563455034                0.3947876655483273                 0.003481313154636516               
0.07000549252981861                0.38197378509552193                0.0034163407454890758              
0.07015410933101678                0.3776379812958125                 0.0033686807890313903              
0.07030272603794524                0.36857727055076284                0.0033590410102971343              
0.07045134265040434                0.3641971607513227                 0.003315819578085262               
0.07059995916819455                0.35696258127778835                0.003294914436332729               
0.07074857559111615                0.3577909266407552                 0.003292616503722672               
0.07089719191896963                0.35346295879964457                0.003239781280810815               
0.07104580815155535                0.3462454763238901                 0.0032465903700132385              
0.07119442428867372                0.3466278768233039                 0.0032126864559628415              
0.07134304033012509                0.34043130672810235                0.003194039819690954               
0.0714916562757099                 0.33892819912355543                0.003194310152927291               
0.07164027212522854                0.329843469314835                  0.00312258817845297                
0.0717888878784814                 0.3274008506163268                 0.0031482306412540908              
0.07193750353526884                0.32532410908598824                0.0030983248484379835              
0.07208611909539134                0.3208077489670686                 0.0030921318586355486              
0.07223473455864923                0.3234275530333691                 0.0031061492061259578              
0.07238334992484297                0.3184747942279898                 0.0030879160587726764              
0.07253196519377289                0.31481215339165713                0.0030828399535243567              
0.07268058036523947                0.3093928183714847                 0.0030012687643565005              
0.07282919543904304                0.31406085480412793                0.00305388787260681                
0.07297781041498405                0.3170190377376619                 0.0030654550265323856              
0.07312642529286288                0.31409010965499456                0.0030471216425161786              
0.07327504007247997                0.3179038136469881                 0.0030655663605544834              
0.07342365475363567                0.3192997435104922                 0.0030475913874126984              
0.07357226933613044                0.3095069288210307                 0.0030275508905095332              
0.07372088381976465                0.311774827127258                  0.0030222432744415407              
0.07386949820433873                0.30974437344989914                0.0030029840234045324              
0.07401811248965308                0.31557132254511977                0.0030190265467278862              
0.07416672667550812                0.3035101154002976                 0.00297659088734065                
0.07431534076170422                0.31429072184153223                0.0030385050792633493              
0.07446395474804186                0.30440255050449216                0.002949531880027483               
0.07461256863432139                0.30852350081598995                0.0029759417194529206              
0.07476118242034327                0.3149084096374955                 0.0029908650756014592              
0.07490979610590787                0.3115062388839704                 0.0029850582431086487              
0.07505840969081562                0.31063404837736863                0.002979574592791401               
0.07520702317486694                0.3124692149878569                 0.0029702450539328762              
0.07535563655786226                0.3089430775330158                 0.0029508924387654225              
0.07550424983960197                0.3127252007704735                 0.002962523573059106               
0.0756528630198865                 0.3119924762490441                 0.002970548714026902               
0.07580147609851624                0.3164652825429194                 0.0029712757896167737              
0.07595008907529169                0.3133201950300807                 0.0029526991086262747              
0.07609870195001317                0.3158600805502743                 0.002978619387158249               
0.07624731472248115                0.3166466003420123                 0.0029582806516174755              
0.07639592739249607                0.3170472182579003                 0.002966428320425376               
0.07654453995985831                0.3188579578249254                 0.002963589184744257               
0.0766931524243683                 0.3097394692193992                 0.002923371649091115               
0.07684176478582651                0.30907714201906517                0.0029338947332652457              
0.07699037704403329                0.3176978173441191                 0.002954465808374304               
0.07713898919878912                0.3132212471871504                 0.0029422445707093584              
0.0772876012498944                 0.31441157992933366                0.0029220104200607905              
0.07743621319714959                0.3166314889280985                 0.0029607248075302485              
0.07758482504035506                0.31132709882325216                0.002929626534583413               
0.0777334367793113                 0.3137387569235961                 0.002921313717068479               
0.0778820484138187                 0.30946971548376384                0.002917189893093272               
0.0780306599436777                 0.30887321214775104                0.002896167212812637               
0.07817927136868873                0.3112179950416493                 0.002929118649866607               
0.07832788268865222                0.3067516566190824                 0.0028826172851155844              
0.07847649390336861                0.3067480063840876                 0.0028790258056421757              
0.07862510501263834                0.30820217757652035                0.002913668011302659               
0.07877371601626182                0.3061786181719184                 0.0028727961421913997              
0.0789223269140395                 0.3013585813511279                 0.0028619164709861034              
0.07907093770577181                0.299001423597475                  0.002836590749591718               
0.0792195483912592                 0.29889787987098415                0.002837268747242187               
0.07936815897030208                0.29147961380944265                0.0028216661323730344              
0.07951676944270093                0.2927421741953081                 0.002797552429150238               
0.07966537980825614                0.28617318680566206                0.0027785114081842295              
0.07981399006676818                0.28763102200613844                0.002774159915920002               
0.07996260021803749                0.2861266111532344                 0.0027817328378707895              
0.0801112102618645                 0.2807469322174172                 0.0027497791711637615              
0.08025982019804966                0.27843552135644667                0.002715055442914539               
0.0804084300263934                 0.278795569330884                  0.00274133811997954                
0.08055703974669619                0.271603442344135                  0.0026848038606018623              
0.08070564935875844                0.27251547270167875                0.0027069441090742242              
0.08085425886238064                0.26369179580704033                0.0026432694356572296              
0.0810028682573632                 0.26684512323901816                0.002659028377633819               
0.08115147754350657                0.2594838730229903                 0.0026360186767726544              
0.08130008672061122                0.2590516057467991                 0.002622038910534165               
0.08144869578847758                0.2548375498029303                 0.0025995712603672683              
0.0815973047469061                 0.24967167372346935                0.0025668515428079624              
0.08174591359569723                0.24651940793083235                0.002551627168923545               
0.08189452233465144                0.24638092396205333                0.00255815414290144                
0.08204313096356916                0.24252952382188456                0.002525801132015179               
0.08219173948225086                0.23670790204646486                0.0025023598806325283              
0.08234034789049698                0.23634691213904338                0.002484423582839293               
0.08248895618810799                0.23262842218733173                0.002478700886477414               
0.08263756437488433                0.22848371023217445                0.0024515758239203223              
0.08278617245062646                0.22932212440285302                0.002446250527020173               
0.08293478041513484                0.2250706594517836                 0.002431243583285578               
0.08308338826820992                0.2227970154348575                 0.0024064025969377564              
0.08323199600965217                0.21942463554793193                0.0024005577520000102              
0.08338060363926207                0.21915867990138826                0.0023866755105007467              
0.08352921115684006                0.2128038032701271                 0.0023508851122735594              
0.08367781856218658                0.21706893942678632                0.002389560742258709               
0.08382642585510211                0.21519111745521555                0.0023687455870822992              
0.08397503303538713                0.20847688964067304                0.0023204239661828285              
0.08412364010284208                0.20642524467373544                0.0022990129157593963              
0.08427224705726745                0.20251038513410066                0.002291510136382197               
0.08442085389846368                0.203611417071322                  0.0022995565555709576              
0.08456946062623125                0.20806683168333348                0.0023208970145589627              
0.08471806724037062                0.201831412551797                  0.002281345660195349               
0.08486667374068227                0.20330250437975514                0.0022815630631142546              
0.08501528012696667                0.19877959095525075                0.002271210607023024               
0.08516388639902428                0.20412921929003167                0.002283518893473116               
0.08531249255665557                0.2001824591482282                 0.0022648784666835673              
0.08546109859966101                0.2009958916846587                 0.002273936163220738               
0.08560970452784111                0.1967674415225478                 0.0022315315935835015              
0.08575831034099632                0.19337259305610688                0.0022339171111109717              
0.08590691603892707                0.19681993641867546                0.0022344272091962348              
0.0860555216214339                 0.19794858155275896                0.002248689870752246               
0.08620412708831726                0.19346991060708194                0.002226588466699978               
0.08635273243937762                0.1977131232194304                 0.00224297786218281                
0.08650133767441548                0.19755851952362014                0.002240359107280268               
0.08664994279323132                0.1923858913091637                 0.0022006009186929516              
0.08679854779562558                0.1920839364559312                 0.0022056768507148325              
0.08694715268139878                0.19359294731117982                0.0022299250902226317              
0.08709575745035139                0.19648946562881167                0.0022239498929151435              
0.0872443621022839                 0.19288249727124196                0.002205992722540576               
0.08739296663699678                0.18774231423653895                0.002175562127979629               
0.08754157105429052                0.19078027916854973                0.0021905626948773914              
0.08769017535396562                0.19426779202562783                0.002215614082378377               
0.08783877953582254                0.19096272132274825                0.002179905652670883               
0.0879873835996618                 0.19131925455989307                0.002197040951915957               
0.08813598754528384                0.18710742943868017                0.002163561604586423               
0.08828459137248919                0.19545964475976607                0.002217270355717899               
0.08843319508107834                0.19185456906380832                0.0021925162605217824              
0.08858179867085175                0.19304113109703283                0.0021875841408601823              
0.08873040214160996                0.18797745222684334                0.0021727504908487893              
0.08887900549315342                0.18758639203928537                0.002159735120288747               
0.08902760872528265                0.18760493020573923                0.0021606646950248602              
0.08917621183779811                0.1896306940310872                 0.0021747840504323574              
0.08932481483050034                0.1893352104473372                 0.0021607639863800185              
0.08947341770318981                0.1888528067846031                 0.0021637294672530102              
0.08962202045566703                0.18477873839825712                0.0021410763955510476              
0.08977062308773248                0.18351366888466128                0.0021337356263287713              
0.08991922559918666                0.18679609497758357                0.0021462310536904                 
0.0900678279898301                 0.18447459843049155                0.0021376957642802864              
0.09021643025946328                0.1801981788504772                 0.0021024464138453764              
0.09036503240788671                0.1832697838484943                 0.002121883100378551               
0.09051363443490087                0.1845088792519965                 0.0021258532781463237              
0.09066223634030629                0.18236314298640416                0.002127850778121508               
0.09081083812390348                0.17857042229761164                0.0021008284976189607              
0.09095943978549291                0.177837784947005                  0.0020792986670186107              
0.09110804132487513                0.18102200852800557                0.0021080446855942935              
0.09125664274185061                0.17890926864081622                0.0020840066307769643              
0.09140524403621988                0.1787228910271867                 0.0020985597661529122              
0.09155384520778345                0.17699770461144246                0.0020751578398202917              
0.09170244625634183                0.17462808127421603                0.0020535954879404472              
0.09185104718169552                0.17209496858309933                0.002059283112521658               
0.09199964798364504                0.17494485416112085                0.0020600289024573152              
0.0921482486619909                 0.16926164739505684                0.0020293061044642127              
0.09229684921653362                0.1693002736421194                 0.0020235253062520263              
0.09244544964707371                0.1687112477524896                 0.0020229980782886185              
0.09259404995341172                0.1682687714848707                 0.002029397741634073               
0.0927426501353481                 0.1682189318555538                 0.0020081637939608297              
0.09289125019268343                0.16684834063165405                0.0020058581920231076              
0.09303985012521819                0.16900664619295663                0.002016561781962411               
0.09318844993275292                0.16313745596684248                0.0019768791888635337              
0.09333704961508814                0.16405865081469698                0.0020016084967964024              
0.09348564917202434                0.16368796380460388                0.001975876276554336               
0.09363424860336209                0.16217881494442196                0.001971788013443548               
0.09378284790890191                0.15890812233434903                0.0019489495204924787              
0.0939314470884443                 0.15884013839092084                0.0019578585761490476              
0.09408004614178979                0.16014409384465417                0.001958665260475022               
0.0942286450687389                 0.15524611249774628                0.0019186668118144816              
0.09437724386909221                0.1576753719129527                 0.0019477973923133832              
0.09452584254265017                0.1576268311281458                 0.0019396644781066803              
0.09467444108921338                0.16170299109493694                0.0019546232164613757              
0.09482303950858231                0.15812026359989184                0.0019398704066500214              
0.09497163780055753                0.15624027318655664                0.001922020309735722               
0.0951202359649396                 0.16052430825216085                0.001962435050804416               
0.09526883400152898                0.15918809450284227                0.0019365718950425299              
0.09541743191012625                0.15608285759727666                0.0019231421029555452              
0.09556602969053193                0.1553899876905694                 0.001919565555122919               
0.09571462734254658                0.15708264005603223                0.0019251133085280516              
0.09586322486597074                0.153279902079473                  0.0019064900385102638              
0.09601182226060492                0.15527873426511743                0.0019017207918482766              
0.09616041952624964                0.15075744751636597                0.0018914259714609646              
0.09630901666270551                0.15118232550264485                0.001885218819958919               
0.09645761366977304                0.1503077448986996                 0.0018817894078860323              
0.09660621054725275                0.14793513213710266                0.0018608560759794976              
0.0967548072949452                 0.14548704823105438                0.0018401345649823723              
0.09690340391265093                0.14986253753701195                0.0018837598410443945              
0.0970520004001705                 0.15179789420244225                0.0018849974051218861              
0.09720059675730447                0.1484183153891446                 0.00185726143418544                
0.09734919298385332                0.14816283590748028                0.001855663337626543               
0.0974977890796177                 0.14896610595595622                0.0018673356121618049              
0.09764638504439807                0.14664675307142036                0.0018567343260544617              
0.09779498087799501                0.14531525354678063                0.001826745174332675               
0.09794357658020908                0.1447168910467552                 0.0018365738404569703              
0.09809217215084083                0.14360840084060872                0.0018269251249578148              
0.09824076758969084                0.1462555385611668                 0.001846313547237268               
0.09838936289655961                0.14312605094527572                0.0018174095577704918              
0.09853795807124772                0.14396123809049974                0.0018182200313486374              
0.09868655311355574                0.14310074934969205                0.001825644883940923               
0.09883514802328423                0.1436818441418745                 0.0018145465879766728              
0.09898374280023374                0.14300201139714167                0.0018263183722650818              
0.09913233744420481                0.14095989621160537                0.001791637924453576               
0.09928093195499803                0.14132702382379073                0.00180595790159683                
0.09942952633241396                0.139054583026487                  0.0017977355461462291              
0.09957812057625312                0.135583342271853                  0.001760822626907182               
0.09972671468631612                0.13649026664923128                0.0017654688298167198              
0.09987530866240353                0.13554092634359433                0.0017568674159665237              
0.1000239025043159                 0.1358636820771396                 0.0017675965165791733              
0.10017249621185377                0.1347767699850959                 0.00176423893540006                
0.10032108978481775                0.13352797812838502                0.0017335449166171865              
0.10046968322300841                0.13442058401661094                0.0017538756833733755              
0.10061827652622628                0.12978739710432985                0.001713225028347177               
0.10076686969427194                0.12819462160209252                0.0017133786765941698              
0.10091546272694601                0.13021123473657123                0.001724992593450531               
0.101064055624049                  0.1315702301156043                 0.0017202030019675878              
0.10121264838538155                0.13241209379882773                0.0017431700134238474              
0.1013612410107442                 0.12506710403209045                0.0017221581489467348              
0.10150983349993749                0.12774408871966197                0.0017689422552366752              
0.10165842585276207                0.1256272097247135                 0.0017601684958347935              
0.10180701806901846                0.12585841217919475                0.0017779520616371973              
0.10195561014850726                0.1267801048271989                 0.0018089306919753527              
0.10210420209102905                0.1228549741715545                 0.0017723359588488823              
0.10225279389638445                0.12383803753201883                0.0017878206090588137              
0.10240138556437398                0.12060910618623262                0.0017827467064401277              
0.10254997709479825                0.12460600423499375                0.0018171787821714617              
0.10269856848745783                0.12080376358402803                0.0018121470633788864              
0.10284715974215335                0.12226039811498324                0.001801456745597889               
0.10299575085868538                0.1196424689696608                 0.0018094445967377307              
0.10314434183685449                0.11949735334832572                0.0018068366747929685              
0.10329293267646124                0.12249389960440528                0.001842482306520282               
0.1034415233773063                 0.11921859504757924                0.0018246556746462238              
0.10359011393919021                0.11928918699872974                0.0018174531788447599              
0.10373870436191358                0.11821103193193237                0.0018334454637545193              
0.10388729464527696                0.12016338593306791                0.0018469197397655648              
0.10403588478908102                0.12256189371928053                0.0018701389632962307              
0.10418447479312629                0.12119695919801222                0.0018038937184251312              
0.10433306465721338                0.12169579455505126                0.0017929429233925316              
0.1044816543811429                 0.11996116345434168                0.001777251180820447               
0.1046302439647155                 0.11854605550476836                0.0017457801323765415              
0.10477883340773168                0.11990034839878472                0.0017441088523903684              
0.10492742270999211                0.11564194540908361                0.0017155217466169415              
0.10507601187129732                0.11691391195798168                0.0017202525535769586              
0.10522460089144804                0.11837110490656963                0.0017229580444837577              
0.10537318977024476                0.1199094127100579                 0.001729482670983001               
0.10552177850748812                0.11450867975648843                0.0016843154673606207              
0.10567036710297875                0.12062331961074181                0.0017228387162856412              
0.10581895555651723                0.11943052864857624                0.0017207866635322846              
0.10596754386790419                0.1139743642850533                 0.0016628408013027677              
0.10611613203694019                0.12153354629722352                0.001720292855484615               
0.10626472006342588                0.11510707869523713                0.0016766920772864405              
0.10641330794716188                0.12101509256169397                0.0017108986588955134              
0.10656189568794881                0.11974031045924262                0.0017069220841016816              
0.10671048328558726                0.11845048698970166                0.0016748079236100783              
0.10685907073987783                0.11817999090509437                0.0016894927962284128              
0.10700765805062118                0.11926564663415565                0.0016885293549281442              
0.1071562452176179                 0.11853970898047836                0.0016790933432338521              
0.10730483224066863                0.12015664469078587                0.001688666269916298               
0.10745341911957391                0.11795576631737886                0.0016605255154974084              
0.1076020058541345                 0.1194118910234457                 0.001685875601375082               
0.10775059244415094                0.11851974795187485                0.0016722805174734384              
0.10789917888942382                0.11640783250153905                0.0016472439979820658              
0.10804776518975381                0.11580852052620093                0.0016542386448382257              
0.10819635134494156                0.11936381266504678                0.0016632941799091605              
0.10834493735478763                0.11631284758320881                0.0016560449877960602              
0.10849352321909271                0.11600513343792282                0.0016345237394010314              
0.1086421089376574                 0.11499645204473058                0.0016343233221255177              
0.10879069451028231                0.11981153007538464                0.0016747441662745546              
0.1089392799367681                 0.11666041639453477                0.0016385601049299918              
0.10908786521691538                0.11488136445991473                0.0016346699233439864              
0.1092364503505248                 0.11348104715730878                0.0016003895249740439              
0.10938503533739702                0.11660388612828383                0.0016427971588134412              
0.10953362017733265                0.11289483200957567                0.0016136067933193753              
0.1096822048701323                 0.1156009106198293                 0.0016299611855587798              
0.10983078941559662                0.11312952689823487                0.0016130118563334182              
0.10997937381352627                0.11430527287389447                0.001607861536074505               
0.1101279580637219                 0.11182632885857233                0.0016014457056776228              
0.11027654216598413                0.10834331897369923                0.0015730038855360853              
0.11042512612011357                0.11124285786227919                0.0015774765351840748              
0.11057370992591092                0.10597741718914805                0.001547651648359891               
0.11072229358317678                0.1065053892120795                 0.0015398414229055423              
0.11087087709171187                0.10853165190394021                0.001566193204788857               
0.11101946045131672                0.1067572310576025                 0.0015343688028077239              
0.11116804366179206                0.1101686338825316                 0.0015639741988112263              
0.11131662672293854                0.10925091780353094                0.0015569191912810044              
0.11146520963455678                0.10749865009274959                0.0015517710154481419              
0.11161379239644743                0.10427885920175449                0.0015635575900249058              
0.11176237500841117                0.10548224126452682                0.001570866330894587               
0.11191095747024861                0.1034395770781361                 0.0015789081976108298              
0.11205953978176046                0.10300936971232248                0.001587957461447088               
0.11220812194274735                0.10352375972464581                0.0015883557591985609              
0.11235670395300991                0.10300949955599759                0.0015999816795375331              
0.11250528581234887                0.10199958393744055                0.0015939380834196712              
0.1126538675205648                 0.09933567179728478                0.0015900323398495163              
0.1128024490774584                 0.09867494992650404                0.0015859713183827278              
0.11295103048283038                0.09854898519159073                0.0015874362788344367              
0.11309961173648131                0.09938728292783047                0.0016067870952349754              
0.11324819283821194                0.0954899307970364                 0.0015675164293551273              
0.11339677378782287                0.09720765741506651                0.0015871827881225715              
0.11354535458511482                0.0995289499221907                 0.0015996973907046986              
0.11369393522988842                0.09968954445459667                0.0016041444634922134              
0.11384251572194438                0.098115090137419                  0.001593314992976709               
0.11399109606108329                0.09583106089987192                0.0015771588957168617              
0.11413967624710591                0.09557565948911191                0.001573808357416093               
0.11428825627981287                0.09657036894449311                0.0015769875212421536              
0.11443683615900485                0.09494549665831319                0.001583745282410856               
0.1145854158844825                 0.09592498289006325                0.0015817063856453336              
0.11473399545604654                0.09570879103230497                0.0015824499384756818              
0.11488257487349764                0.09333117124224823                0.001566435581089815               
0.11503115413663645                0.09616477723919753                0.0015817944544989659              
0.11517973324526365                0.0968625117006794                 0.0016074689836671847              
0.11532831219917995                0.09539534924181273                0.0015798609701018584              
0.11547689099818605                0.09348241100923042                0.0015778886293157201              
0.11562546964208253                0.09652906930689027                0.0015981984461793794              
0.11577404813067017                0.0942954897398916                 0.0015764157030356968              
0.11592262646374966                0.09525659595819105                0.0016032738348990701              
0.11607120464112164                0.09950385161042395                0.00161352882800669                
0.1162197826625868                 0.09270205160256532                0.0015764378411504802              
0.11636836052794586                0.09484950287977477                0.0015939404633363641              
0.11651693823699948                0.09494558138778213                0.0015908447557178693              
0.11666551578954835                0.09649590019338516                0.0016150082822876273              
0.11681409318539324                0.0949391685682633                 0.0015792516886424402              
0.11696267042433472                0.0943099101413503                 0.0015959534266019374              
0.11711124750617356                0.09449909539492676                0.001597554489194157               
0.11725982443071048                0.09434652751700932                0.00159429193607005                
0.1174084011977461                 0.09665875998158885                0.0016163762638322532              
0.11755697780708119                0.09290058587127416                0.0015807285097902087              
0.11770555425851639                0.09653916596139966                0.0016214196155474358              
0.11785413055185245                0.09402377137626522                0.0015915671021465014              
0.11800270668689006                0.09296748397487223                0.001579353903427203               
0.11815128266342986                0.09422156117711548                0.0016025094753679854              
0.11829985848127267                0.09460619765819521                0.0016051095582890805              
0.11844843414021912                0.09596651886833671                0.0016274865044087                 
0.11859700964006994                0.09642499088536508                0.0016104417706272274              
0.11874558498062582                0.09736027309698768                0.0016249296344328097              
0.1188941601616875                 0.0951687990057669                 0.0016125673098500513              
0.11904273518305566                0.09542188800079171                0.0016208160402597905              
0.11919131004453105                0.09498417058223296                0.0016164152740008922              
0.11933988474591431                0.09419430147217141                0.0015969724184793613              
0.11948845928700624                0.09468185801816988                0.0016138432081751865              
0.11963703366760754                0.09428871288874975                0.001606442163068772               
0.11978560788751887                0.09390126442143487                0.0016092105907517013              
0.11993418194654097                0.09346399408565068                0.0016000731034042028              
0.12008275584447463                0.09297258125708702                0.0015998871800620052              
0.1202313295811205                 0.09516275775090452                0.0016220400980940359              
0.12037990315627929                0.0909941389950978                 0.0015854466130396125              
0.12052847656975177                0.09318908389785965                0.001602426951270476               
0.12067704982133863                0.09451164964312929                0.0016076758081552958              
0.12082562291084065                0.09286609584867239                0.0016112293852524244              
0.12097419583805849                0.09360464134330196                0.0016155548705537954              
0.12112276860279289                0.09384141306241287                0.00160465430551861                
0.12127134120484465                0.09128019885548716                0.0015933357080600763              
0.1214199136440144                 0.09049596619532785                0.0015784446925975158              
0.12156848592010293                0.09003671230794222                0.0015899012411866643              
0.12171705803291097                0.09266203183810723                0.0015985719207540626              
0.12186562998223927                0.08984855369666389                0.0015794534621169731              
0.12201420176788849                0.09039700362959027                0.001596512327264254               
0.12216277338965947                0.09044662393249898                0.0015860507962115375              
0.12231134484735287                0.08910801260940326                0.0015844084928680452              
0.12245991614076948                0.09089133472582582                0.0015779174905758324              
0.12260848726971                   0.0878968764137205                 0.0015736065145367764              
0.12275705823397523                0.08909285079470516                0.0015856435481357613              
0.1229056290333658                 0.0893272991861245                 0.0015768825409012326              
0.12305419966768259                0.08867045601943996                0.0015771270989783908              
0.12320277013672629                0.0884006821543825                 0.0015693527771341582              
0.12335134044029764                0.0887265076905187                 0.0015823848605810407              
0.12349991057819736                0.08579491428777004                0.0015593921161576152              
0.12364848055022623                0.08630615828819556                0.0015473614749185335              
0.12379705035618503                0.08456951313153749                0.0015502343899375533              
0.12394561999587449                0.0849246493987423                 0.0015362329917073063              
0.12409418946909531                0.08577024048292745                0.001562561292790436               
0.12424275877564833                0.0835289995793932                 0.0015268062234002242              
0.12439132791533426                0.08366928946159943                0.0015339902379373316              
0.1245398968879539                 0.08569889953040775                0.0015646406808724404              
0.12468846569330792                0.08285207956252019                0.0015251719478903715              
0.1248370343311972                 0.0850250053838722                 0.0015577989848661205              
0.1249856028014224                 0.08347091006009745                0.0015249803371820945              
0.12513417110378433                0.08155913190210407                0.0015197646926581366              
0.12528273923808372                0.08240397797939279                0.0015389848015276788              
0.1254313072041214                 0.08231738392464022                0.0015176451059585405              
0.1255798750016981                 0.08366167237019617                0.0015419050786814792              
0.12572844263061453                0.08477127055254582                0.0015487374063311485              
0.12587701009067154                0.08137325548075144                0.0015226587744911495              
0.1260255773816699                 0.08289125706259699                0.0015421796034138554              
0.1261741445034103                 0.08323361730082508                0.0015293477279495792              
0.12632271145569363                0.08059614029621673                0.0015206818923814477              
0.12647127823832058                0.0832877362647281                 0.001535796049052492               
0.12661984485109193                0.07928091654790416                0.001506904116918249               
0.1267684112938085                 0.08013743321903692                0.0015163517615821931              
0.12691697756627102                0.08245092707535603                0.001526084198983242               
0.1270655436682803                 0.08046249157909496                0.0015141229090872774              
0.1272141095996371                 0.08092879219079935                0.001509329756860031               
0.12736267536014226                0.08073251011924147                0.0015173246769420523              
0.12751124094959648                0.08010007847353706                0.0015009386776742822              
0.12765980636780058                0.08032020328670623                0.0015055921825330534              
0.1278083716145554                 0.08036706150829677                0.001511257213295523               
0.12795693668966165                0.07781165502695847                0.0014787105616908911              
0.12810550159292017                0.08237871332790134                0.0015221425226264534              
0.1282540663241317                 0.07859249158533611                0.001481032988225704               
0.12840263088309706                0.07922639007112761                0.0015018040275944018              
0.12855119526961703                0.08177440097034755                0.0015185125042414527              
0.12869975948349244                0.07982651415021778                0.0014958125494416194              
0.12884832352452402                0.07914769685844301                0.0014952169659147026              
0.1289968873925127                 0.08181646813009716                0.0015078975133482908              
0.1291454510872591                 0.08074377176408712                0.0015207628496251239              
0.12929401460856416                0.07878993218212171                0.0014860735480705899              
0.1294425779562286                 0.07741572131641135                0.0014851979648603322              
0.12959114113005324                0.08103317717022178                0.0015208282492394037              
0.12973970412983893                0.08099527902797639                0.0015022326263648663              
0.12988826695538638                0.08140384023390176                0.0015256368135890283              
0.13003682960649648                0.08260396117653812                0.0015229285897512238              
0.13018539208297003                0.07611603853938438                0.0014694873133827024              
0.13033395438460782                0.08029427748653586                0.0015125651857434354              
0.13048251651121062                0.07840881099061217                0.0014895209135062455              
0.13063107846257932                0.07713175757459174                0.0014824808761129044              
0.13077964023851468                0.0782354877928804                 0.0014827542558555951              
0.1309282018388175                 0.07851111780397113                0.0014996041820979687              
0.13107676326328868                0.07946040206797023                0.0015027342148427457              
0.13122532451172894                0.08162147786546349                0.0015177677119490693              
0.13137388558393917                0.07835027029306434                0.0015020217729669657              
0.13152244647972017                0.07735204647893401                0.0014718378633688026              
0.13167100719887273                0.07745026375050745                0.0014946887165603164              
0.13181956774119763                0.0775683098665139                 0.0014802465660869004              
0.13196812810649583                0.07895153966312861                0.00150118603570737                
0.13211668829456807                0.07877106475845289                0.0015053933527563977              
0.13226524830521522                0.07776320595775212                0.001485318667335193               
0.13241380813823803                0.07955980079446828                0.0015089376298135842              
0.13256236779343739                0.07557208682317773                0.0014617124144288066              
0.1327109272706141                 0.07899468459390596                0.0015055485457370343              
0.13285948656956903                0.07800155235909761                0.0014967124221212467              
0.13300804569010294                0.08068597491013099                0.0015229191386794908              
0.13315660463201676                0.07719083055777119                0.0014830685022710188              
0.1333051633951113                 0.07779627173963867                0.0014875792755779302              
0.1334537219791874                 0.07476906248396521                0.0014640912381592072              
0.13360228038404576                0.07648933273033146                0.001480839395551236               
0.13375083860948744                0.07786837999469007                0.0014908671878384266              
0.13389939665531317                0.07573043866149395                0.0014786702225621483              
0.13404795452132376                0.07516237936282984                0.001467298942198958               
0.13419651220732015                0.07823747073685536                0.0015009629870821153              
0.1343450697131031                 0.07790419066302065                0.001489915248599846               
0.13449362703847348                0.07803615470784876                0.0014990330760017757              
0.1346421841832322                 0.07514273227989618                0.0014677546738852511              
0.13479074114717998                0.0750501266555522                 0.001470723187393859               
0.13493929793011783                0.07462514322931177                0.0014717503215369463              
0.13508785453184646                0.07546974897005045                0.001461374071491898               
0.13523641095216685                0.07640570534660206                0.0014898684211573489              
0.13538496719087975                0.07409776719933                   0.0014587983671297247              
0.1355335232477861                 0.07362427438894503                0.001463151095842421               
0.13568207912268665                0.07465105644597238                0.001469406497422901               
0.13583063481538238                0.07468980170179262                0.0014569633458382189              
0.13597919032567404                0.07580961426699595                0.0014788073703842256              
0.1361277456533626                 0.07306632716063258                0.0014460785018752674              
0.13627630079824887                0.07505135266740356                0.001470747212990326               
0.13642485576013377                0.07203716471703502                0.0014453759213900557              
0.13657341053881802                0.07301864228573646                0.0014519756684382794              
0.13672196513410265                0.0766226093883017                 0.0014986635552980785              
0.13687051954578844                0.07445841496175111                0.0014566126659866425              
0.13701907377367628                0.07308845672936251                0.0014565350130612007              
0.13716762781756708                0.07221558878798424                0.001441431789293324               
0.13731618167726167                0.07494639367133026                0.0014749341153395864              
0.13746473535256093                0.07491839832107915                0.0014792609722999966              
0.13761328884326574                0.07338235543025054                0.0014492143883516576              
0.13776184214917697                0.0723757291530092                 0.0014507096627805686              
0.13791039527009552                0.07175584513146095                0.0014368421489776362              
0.1380589482058223                 0.07204467891791626                0.0014493241786509312              
0.1382075009561581                 0.07127631174093331                0.0014402929207585026              
0.13835605352090388                0.07247549185669322                0.0014440328986053974              
0.1385046058998605                 0.07299391559190165                0.0014660487015291164              
0.13865315809282888                0.07217110945647706                0.001442268835218542               
0.13880171009960984                0.07527257378046644                0.001474233414148626               
0.13895026192000431                0.07333628928143886                0.001460314475921131               
0.1390988135538132                 0.07095646435113644                0.0014332445912791313              
0.13924736500083743                0.07342048189748938                0.0014743187549349874              
0.13939591626087777                0.07206146275098091                0.0014354986985076186              
0.13954446733373518                0.07298563087310198                0.0014594207624921201              
0.13969301821921062                0.0702289370973426                 0.0014252523123865263              
0.13984156891710492                0.0724003052236199                 0.0014503284894522145              
0.13999011942721898                0.07021506422480918                0.001440479490773561               
0.14013866974935374                0.07179201819888324                0.0014378547717319617              
0.14028721988331003                0.06883437375039898                0.00142176088507828                
0.14043576982888886                0.07122836025984307                0.0014372713393134525              
0.14058431958589104                0.07350458129220112                0.001463955869335846               
0.14073286915411753                0.0686498495468144                 0.0014179495727830872              
0.14088141853336925                0.07192476867142479                0.0014442841105932326              
0.14102996772344703                0.07192405326152634                0.0014572548586774768              
0.14117851672415188                0.0685372886050489                 0.0014111167563063958              
0.14132706553528462                0.0732440859389053                 0.0014587677069834053              
0.14147561415664625                0.07512626365684552                0.0014813453138862432              
0.14162416258803764                0.07007317806757342                0.0014306608430689385              
0.1417727108292597                 0.07043693333044769                0.0014447271975082342              
0.14192125888011337                0.071476704280509                  0.0014347083662591767              
0.14206980674039957                0.07295622789825014                0.0014617580948559587              
0.1422183544099192                 0.07117493000336551                0.0014444506461864755              
0.14236690188847323                0.07116165774412538                0.0015012206178710568              
0.14251544917586248                0.07095326926003129                0.0015273785623716974              
0.142663996271888                  0.07101183939529034                0.001549974462944515               
0.14281254317635064                0.07335538593568956                0.0016003647617553426              
0.14296108988905137                0.06903712116670349                0.0015702425662976356              
0.1431096364097911                 0.06626329024587285                0.0015494092481190375              
0.14325818273837077                0.06953325179705916                0.0015960424424559564              
0.1434067288745913                 0.06890977094463642                0.0016143831648951059              
0.14355527481825364                0.06882532802894697                0.0016294868683728746              
0.1437038205691587                 0.0687098013871063                 0.001637805628427519               
0.14385236612710747                0.06732255201550431                0.0016289833200001077              
0.14400091149190083                0.06746523343450192                0.001656867443094902               
0.14414945666333978                0.06877248488978278                0.0016844065310004307              
0.14429800164122517                0.0681187156886231                 0.0016913793587069962              
0.14444654642535806                0.0703258151893516                 0.001715263785106137               
0.14459509101553933                0.06936043790741314                0.0017211503675955957              
0.1447436354115699                 0.07031879674728489                0.0017596203367442678              
0.14489217961325077                0.06977258679808514                0.0017671026046770088              
0.1450407236203829                 0.06817278664248509                0.0017503232281968156              
0.14518926743276714                0.06881134094047464                0.0017609235539770153              
0.14533781105020457                0.06909289610701616                0.0018008580934076022              
0.14548635447249608                0.07072067787242245                0.0018193413180939927              
0.14563489769944266                0.07056481157663083                0.0018398475967766074              
0.1457834407308452                 0.07218603694549058                0.0018595016724215056              
0.14593198356650475                0.06988901584475973                0.0018501073920512534              
0.1460805262062222                 0.0645235162426449                 0.001804897733419374               
0.1462290686497985                 0.06678722566211055                0.0018306460190910428              
0.1463776108970347                 0.0706466834363395                 0.0019003682102948503              
0.14652615294773166                0.06706846039905916                0.0018516181083396287              
0.14667469480169043                0.06863099576366864                0.001896926382780939               
0.14682323645871195                0.06789195429090003                0.0019050941773975536              
0.14697177791859717                0.0674479458340031                 0.0018911464937208721              
0.1471203191811471                 0.06919551111819257                0.0019424377539121848              
0.14726886024616265                0.06768386292029832                0.0019275408863269469              
0.14741740111344484                0.07152540927822126                0.0020086336074016014              
0.14756594178279467                0.06948785262032559                0.0019781139744962416              
0.14771448225401304                0.06722548125176275                0.0019712606948412196              
0.147863022526901                  0.07013301758920952                0.00204251673245241                
0.14801156260125947                0.06893293967479458                0.002005017009478607               
0.1481601024768895                 0.06737991272421734                0.0020242332948700852              
0.14830864215359202                0.06849002472119578                0.002025835642214121               
0.148457181631168                  0.06673049344504277                0.0020296048373876067              
0.1486057209094185                 0.06892156522919787                0.0020904527695310184              
0.14875425998814445                0.06716611378043909                0.0020381460810873315              
0.14890279886714686                0.07548203338616345                0.0021771650658333427              
0.1490513375462267                 0.06835248844364417                0.0020599689327830514              
0.149199876025185                  0.06829670019621924                0.002107681926326658               
0.1493484143038227                 0.0687324675869017                 0.0021081198795851836              
0.14949695238194086                0.06479345939690971                0.002038780547146931               
0.1496454902593404                 0.06867380356241609                0.0021305087789310617              
0.1497940279358224                 0.07047864047594171                0.002134736466845036               
0.1499425654111878                 0.0677384399775012                 0.002142077554755087               
0.15009110268523762                0.07023924438033197                0.0021353358943762115              
0.15023963975777288                0.06652163729994219                0.0021249557568179473              
0.15038817662859452                0.0700799585448033                 0.0022040338411061645              
0.15053671329750368                0.06877436853452203                0.002142930070875478               
0.15068524976430123                0.06744613955274516                0.0021622239656103595              
0.15083378602878825                0.06762166150243372                0.0021162792141845425              
0.1509823220907657                 0.06760802774281711                0.0021763794185160924              
0.15113085795003464                0.06773351397192878                0.0021714367665265073              
0.15127939360639608                0.06667624963194647                0.0021430558299471085              
0.15142792905965102                0.06368500849369134                0.0021122983970020643              
0.15157646430960048                0.07035112108872174                0.0021762705112692415              
0.15172499935604547                0.06928598166122872                0.002222348897954326               
0.15187353419878702                0.06902535424738877                0.0022038099548283467              
0.15202206883762617                0.06557534461506535                0.002129788182398069               
0.1521706032723639                 0.06550918726897642                0.002172802587768743               
0.15231913750280127                0.06916467774645815                0.002184995249260927               
0.15246767152873936                0.0679039569344624                 0.002219510265762742               
0.15261620534997902                0.06605872241367265                0.0021353752327069745              
0.1527647389663215                 0.06313649847899167                0.0021307536177870637              
0.15291327237756766                0.06809659050942862                0.0022426417736095077              
0.15306180558351865                0.0669512723886531                 0.0021965999939282874              
0.15321033858397537                0.06872480120903188                0.0022657895977621395              
0.153358871378739                  0.06508474639316303                0.002144615309134002               
0.15350740396761053                0.06429948892357315                0.0022093565859782694              
0.15365593635039093                0.06289848220728343                0.002167624843730826               
0.15380446852688134                0.06543844714691636                0.0022034271299000976              
0.15395300049688274                0.06291563574263029                0.002227189362687273               
0.1541015322601962                 0.060943464653712004               0.0021192119077699974              
0.15425006381662276                0.066151825256097                  0.002289278312323184               
0.1543985951659634                 0.06243644104700186                0.00219243997836027                
0.1545471263080193                 0.06543905510625396                0.0022366608574213315              
0.15469565724259146                0.06437312529348647                0.0022975753655918247              
0.15484418796948088                0.06344700194827048                0.0022049357391536167              
0.15499271848848864                0.06209213631270278                0.002279474034913026               
0.15514124879941582                0.06729598453738934                0.002281547552751705               
0.15528977890206347                0.0627670063712805                 0.0022546574273260684              
0.15543830879623263                0.06576698747010239                0.0023194228140132047              
0.15558683848172433                0.062323724928373174               0.002260719112696201               
0.1557353679583397                 0.06357998129512081                0.002318523357762273               
0.1558838972258798                 0.05909148489084709                0.0021930906988781376              
0.15603242628414563                0.0599869231687176                 0.0022433837302584443              
0.15618095513293828                0.063224972629087                  0.0023210617644122936              
0.15632948377205885                0.06120215012323044                0.0022777081776491227              
0.15647801220130841                0.06239487461028079                0.0023301792921699887              
0.15662654042048801                0.06193806843026894                0.0023003221126384338              
0.1567750684293987                 0.06272150274978644                0.0023456512081888                 
0.15692359622784158                0.058665110821517076               0.0022870041285585584              
0.15707212381561775                0.05927391585856641                0.0022532561862896585              
0.1572206511925283                 0.06060040711236583                0.0023307848889371472              
0.15736917835837416                0.06097533608402257                0.0023574426906502535              
0.15751770531295659                0.062966837075706                  0.0024023346757278677              
0.15766623205607658                0.05777409138586716                0.0022695806553243315              
0.15781475858753524                0.06233419511337892                0.0023868996935904447              
0.15796328490713368                0.06273072548867972                0.002421692797706211               
0.15811181101467295                0.0623302180619249                 0.002424364502923699               
0.15826033690995414                0.06177591261297215                0.002379519245251987               
0.1584088625927784                 0.06065847254612003                0.0024090556979614965              
0.15855738806294672                0.06332513499558619                0.0024686707848732992              
0.15870591332026027                0.06620126764324971                0.0025057549341903846              
0.15885443836452012                0.06917660347912608                0.0026071913410392633              
0.15900296319552734                0.06348924907531653                0.00249025323029532                
0.1591514878130831                 0.06092281041132242                0.0024467189446718282              
0.15930001221698845                0.06424222619797668                0.0025354384269657545              
0.15944853640704448                0.0622701403852745                 0.002484849116772259               
0.15959706038305235                0.06068191474124915                0.0024793958203219793              
0.15974558414481307                0.06463043151148269                0.002562763309791463               
0.1598941076921279                 0.06503321476839394                0.0025827989070353594              
0.16004263102479782                0.06253503867802965                0.002548737900964267               
0.16019115414262397                0.06223371300328266                0.0025385661032409712              
0.16033967704540744                0.06016616411686103                0.0025200832987266808              
0.1604881997329494                 0.059901533669050815               0.002526793692175772               
0.16063672220505093                0.05545754351136277                0.002427310737879966               
0.16078524446151318                0.057909574689188024               0.002496659046670351               
0.16093376650213723                0.06154374470907878                0.00258231816398147                
0.1610822883267242                 0.05865521792219465                0.0025550614238227056              
0.16123080993507524                0.057893351905286966               0.002517102256751607               
0.16137933132699142                0.054048366283681794               0.0024695328887867937              
0.16152785250227394                0.06266239141398387                0.002640904931871221               
0.1616763734607239                 0.05760527019152831                0.0025583398655246153              
0.1618248942021424                 0.06010744177439121                0.002640969371529114               
0.16197341472633062                0.06152779584439206                0.0026625681266342306              
0.16212193503308964                0.06509356664494463                0.002763068022743203               
0.1622704551222206                 0.0581997941786526                 0.0026079951379235316              
0.1624189749935247                 0.05939906801492272                0.0026537546485335835              
0.16256749464680298                0.05999199056443976                0.002696439452496094               
0.16271601408185665                0.058588549471444706               0.002654900597979092               
0.16286453329848682                0.05931815589266346                0.002696279813302885               
0.16301305229649465                0.06149472480971431                0.002755644510002517               
0.16316157107568127                0.05966440981974449                0.0027092212900063275              
0.16331008963584778                0.06287992297663941                0.00284062536717336                
0.16345860797679546                0.061480119956234626               0.002760538878345468               
0.16360712609832537                0.06222590571544877                0.002831376748170139               
0.1637556440002386                 0.05911327247809391                0.0027928396100042026              
0.1639041616823364                 0.06405177932898429                0.002850266770633935               
0.16405267914441987                0.061390457756103446               0.0028811969427125013              
0.16420119638629022                0.06086591960658941                0.002822589434778695               
0.16434971340774857                0.05868626456289641                0.002817030845448448               
0.16449823020859602                0.06682243179069922                0.0030311270603545605              
0.16464674678863386                0.05341282583102083                0.0026874909305728474              
0.16479526314766318                0.055700207961486135               0.0027850103980743067              
0.16494377928548515                0.060991848900358636               0.00291430326905554                
0.16509229520190094                0.05520396905026955                0.002802556913767309               
0.16524081089671167                0.055645330481272626               0.0028322727487370396              
0.16538932636971862                0.056119016873348235               0.0028380606715726186              
0.16553784162072283                0.06038048896059092                0.002956845265810733               
0.16568635664952555                0.056898944061995096               0.002896079999973006               
0.16583487145592796                0.06619921506408649                0.0031523435744803094              
0.1659833860397312                 0.06133921287134118                0.0030555238331547905              
0.1661319004007365                 0.06092480008351947                0.0030311220944605264              
0.16628041453874493                0.058657167446788026               0.003009049199751926               
0.1664289284535578                 0.05629870326161201                0.002954915589374414               
0.16657744214497625                0.058777295231853155               0.0030556860753809174              
0.1667259556128014                 0.05670125096581597                0.003030809350222406               
0.16687446885683452                0.053592768371053014               0.0029107596255713826              
0.16702298187687672                0.05883862567444726                0.003118440923870094               
0.16717149467272932                0.05546873855784397                0.003012648340121089               
0.16732000724419338                0.05538074462377029                0.0030486096558243795              
0.16746851959107012                0.061338054596173225               0.0032418169183289856              
0.16761703171316078                0.06327969158542429                0.00325045942242796                
0.16776554361026652                0.06052399562400581                0.0032632351467446587              
0.16791405528218858                0.058236869394723244               0.00320098783700009                
0.1680625667287281                 0.05647756169258141                0.0031522700986573006              
0.16821107794968634                0.05923477043043809                0.0032908205794687827              
0.1683595889448644                 0.060026790056816375               0.003294398095071476               
0.16850809971406366                0.056442321196728804               0.0032213334190961973              
0.16865661025708517                0.05623533867822672                0.003252173606179717               
0.16880512057373023                0.055993016656459775               0.003254527986228396               
0.16895363066379998                0.05921796020476448                0.0033963829496734413              
0.16910214052709568                0.05688958529955406                0.0032900096652099227              
0.16925065016341856                0.058467521530845085               0.0034157090789187984              
0.1693991595725698                 0.058179404455598605               0.003428254284662384               
0.16954766875435065                0.05387814083797795                0.0032789192326000906              
0.16969617770856224                0.06151668654998389                0.003569560198927533               
0.1698446864350059                 0.04835961044692753                0.0031749639711359137              
0.1699931949334828                 0.056162352250527584               0.0034435347562810467              
0.17014170320379415                0.05999812458387157                0.003618023043085458               
0.17029021124574129                0.05005201408589362                0.0032720025194691344              
0.17043871905912528                0.05944179967414181                0.0036377790630051977              
0.17058722664374745                0.05272594937603502                0.0034616281658547358              
0.17073573399940897                0.046000211517902186               0.0032446047522720505              
0.17088424112591122                0.052687482435157404               0.003496991032172803               
0.17103274802305524                0.05657035806929386                0.003636480345904438               
0.17118125469064235                0.06112196405194823                0.0038351331165840763              
0.1713297611284738                 0.05915063986435616                0.0037867316871332698              
0.17147826733635088                0.058656595839926204               0.003842721359742331               
0.17162677331407472                0.050852604526484366               0.003577976768797492               
0.17177527906144666                0.05378389287783796                0.0036938929285278504              
0.1719237845782679                 0.05759962418387533                0.0038833658702703173              
0.17207228986433967                0.05278568875559477                0.003732511846868356               
0.17222079491946324                0.05269633080371804                0.0038229936466038063              
0.1723692997434399                 0.06436361697882513                0.004189714600630055               
0.17251780433607086                0.05734275923353017                0.004004992029171818               
0.17266630869715735                0.057555080907339                  0.0040296616764583775              
0.17281481282650069                0.05668864832399534                0.004070007756522422               
0.17296331672390208                0.0568908556832326                 0.004171439928521111               
0.17311182038916287                0.051818705545263334               0.0039626754536297125              
0.1732603238220842                 0.06090983363626488                0.004296248411801601               
0.17340882702246738                0.05719410902708716                0.004262997189903375               
0.17355732999011372                0.05541044819851979                0.004237342879186722               
0.17370583272482443                0.05643889003778795                0.004341453079829842               
0.17385433522640084                0.05465904316738781                0.004294420008536461               
0.17400283749464415                0.05753240390203937                0.00445199107629357                
0.1741513395293557                 0.06158510213703539                0.004655396134888802               
0.1742998413303367                 0.05563785765678649                0.004498054194157078               
0.17444834289738848                0.06018983049989088                0.004758423908978157               
0.17459684423031224                0.05594254078112503                0.0046140629970191655              
0.17474534532890937                0.05480097162408313                0.004566747635340261               
0.17489384619298107                0.05091088644557727                0.004535502246102466               
0.17504234682232866                0.04929988639004558                0.004519313175741635               
0.1751908472167534                 0.06928254683987671                0.005426627881411355               
0.1753393473760566                 0.061966214075889384               0.005200089169670827               
0.17548784730003958                0.05528497192074076                0.004944838213957738               
0.17563634698850353                0.04932364324090669                0.004768296569365501               
0.17578484644124984                0.053425021364792595               0.005070878620164097               
0.17593334565807975                0.05324554222382581                0.005099997991283304               
0.17608184463879456                0.0506276420077431                 0.005088269471518763               
0.17623034338319563                0.05369609793057287                0.005240202588749764               
0.17637884189108416                0.0600033861188516                 0.005721098389238327               
0.1765273401622615                 0.06316159337405951                0.006022221635930803               
0.176675838196529                  0.05225197480712717                0.00547749528790871                
0.17682433599368788                0.058048243275030185               0.005987219142186526               
0.17697283355353952                0.05681329537693797                0.005923195498086868               
0.17712133087588516                0.05143202153716857                0.0058612228228602445              
0.17726982796052618                0.05362073269226049                0.00611064960779816                
0.17741832480726386                0.060478623628669355               0.0065598277560047205              
0.17756682141589947                0.049873795176556525               0.006234224397069566               
0.1777153177862344                 0.04643057295199389                0.0059448256942700095              
0.17786381391806994                0.06210273209638644                0.007219295965744922               
0.1780123098112074                 0.04818566910134457                0.006618810682005609               
0.17816080546544807                0.05049765054107965                0.006871859835279111               
0.17830930088059335                0.04959095300079545                0.007013219830473166               
0.17845779605644455                0.03906495727160864                0.006422239414579514               
0.17860629099280295                0.0654603394989491                 0.008747505815249034               
0.17875478568946987                0.05818709372787994                0.008398583556788367               
0.1789032801462467                 0.06273309561000481                0.0092494903323913                 
0.17905177436293476                0.06830688280239702                0.009859249293367033               
0.17920026833933536                0.04582263278773644                0.00865966362675607                
0.17934876207524983                0.07235168175418412                0.011164106870061773               
0.17949725557047952                0.07773515947713908                0.012610308042207962               
0.17964574882482584                0.04783712472927592                0.010974589076024435               
0.17979424183809004                0.057908223764964545               0.012074699347437554               
0.17994273461007346                0.05564237039245348                0.013495257081636854               
0.18009122714057746                0.07364447350553426                0.0173581688708921                 
0.18023971942940345                0.06546189634518074                0.020700869240462313               
0.18038821147635273                0.0245482644677001                 0.014172947098564778               
0.18053670328122662                0.04909663569990036                0.02834595583764246                
0.18068519484382653                nan                                nan                                
