#####################################################################################################
# NeXus source file: noemi7
# NXdata: name = img{0}_azimuthalIntegration_Px_11                 
#
#
# Exposure_msec                                     1000.0 + 0.0
# _diffrn_source.source                             Storage Ring SOLEIL, beamline SWING
# _diffrn_sofware                                   Foxtrot 3.5.10-3979
# _diffrn_detector.detector                         EIGER-4M
# _diffrn_comment.comment                           -
# _sas_detc.pixnum_ax                               [1035]
# _sas_detc.pixnum_eq                               [1083]
# _sas_detc.pixsize                                 150.0
# _sas_detc.center_ax                               285.110346632731
# _sas_detc.center_eq                               957.0166664324403
# _sas_detc.dist_spec/detc                          6137.21860334
# _sas_detc.energy                                  12.000505731836514
# _sas_detc.gain                                    1.0
# _sas_detc.detector_based_uncertainty              0.0
# _sas_detc.encoder_delta                           0.0
# _sas_detc.delta0                                  0.0
# _sas_detc.gamma_offset                            0.0
# _sas_detc.wave_length                             1.0331580057586949
# _sas_detc.bias                                    0
# _sas_detc.mask                                    E:\20251487\published-data\3120\2026-09-03_session3\\mask_bags_saxs_12kev_sept26.txt
# Normalization                                     true
# Normalization Factor                              0.02571
# Normalization Monitor                             averagemi8b
# Normalization Intensity                           1.2607933907062466e-06
# GlobalNormalization                               29.294169085979103
# AbsTimeStamps                                     nan
# TimeStamps                                        1.3949408531188965
# gapTime                                           500.0
# step_global_regrid                                nan
# xmax_global_regrid                                nan
# xmin_global_regrid                                nan
# ymax_global_regrid                                nan
# ymin_global_regrid                                nan
#####################################################################################################
q(A-1)                             I(q)21_00214{00000}_AzInt_Px_11    Sig(q)21_00214{00000}_AzInt_Px_11  
0.0                                nan                                nan                                
0.0001486390049044326              nan                                nan                                
0.00029727800960908403             nan                                nan                                
0.000445917013914173               nan                                nan                                
0.0005945560176199183              nan                                nan                                
0.0007431950205265388              nan                                nan                                
0.0008918340224342532              nan                                nan                                
0.0010404730231432808              nan                                nan                                
0.0011891120224538396              34106.15793073402                  17.060659847782098                 
0.001337751020166149               33722.697583053916                 6.925720436858766                  
0.0014863900160804278              33125.64831305336                  5.1281107161823165                 
0.0016350290099968942              32505.7662769773                   4.3739683781482315                 
0.0017836680017157683              31870.380679683254                 4.447558987304167                  
0.001932306991037268               31177.86002756731                  4.110193968857197                  
0.0020809459777616124              30504.804934894844                 3.7512647180557566                 
0.0022295849616890207              29724.657741867264                 3.606787715371142                  
0.0023782239426197124              28953.824012263747                 3.2776947788044                    
0.0025268629203539046              28162.214285851147                 3.343440800942467                  
0.0026755018946918183              27350.528013633186                 2.99623352395823                   
0.002824140865433671               26516.453754257418                 2.9361115386765957                 
0.0029727798323796835              25595.96655967368                  2.793098435538397                  
0.003121418795330073               24762.064797176783                 2.6430795623398233                 
0.0032700577540850603              23921.057118299865                 2.641841483132614                  
0.0034186967084448633              23035.275243259268                 2.378476220348284                  
0.0035673356582097003              22068.71123074129                  2.3364606053776424                 
0.003715974603179794               21191.58978378787                  2.2650705971927025                 
0.00386461354315536                20334.446355687825                 2.158403226506915                  
0.00401325247793662                19441.76593567829                  2.0964713477841133                 
0.004161891407323792               18508.127982785412                 1.9110311051925783                 
0.004310530331117095               17624.3328550112                   1.8923927431085645                 
0.00445916924911675                16752.69382233541                  1.8181464285762396                 
0.004607808161122976               15889.80400425073                  1.7311295818435657                 
0.004756447066935991               15048.353209485163                 1.680035278374336                  
0.004905085966356017               14199.975884497475                 1.5452736688042992                 
0.00505372485918327                13380.129849773897                 1.5423721780857078                 
0.005202363745217974               12581.281338627006                 1.4233252468375304                 
0.005351002624260346               11807.806097397766                 1.385430100806356                  
0.005499641496110608               11040.08610270645                  1.3148241059793015                 
0.005648280360568975               10327.332031559143                 1.2434729308207513                 
0.005796919217435672               9636.967659533146                  1.2256256668626893                 
0.0059455580665109175              8948.198405275705                  1.1098177881733804                 
0.00609419690759493                8281.90121049528                   1.0742162450519956                 
0.006242835740487932               7660.668469784736                  1.0289507984621764                 
0.00639147456499014                7078.567061231361                  0.9792242788473224                 
0.006540113380901778               6504.637943382117                  0.9259157396844745                 
0.006688752188023065               5962.328884651557                  0.8525870865780919                 
0.0068373909861542195              5463.12872621811                   0.8388949879207842                 
0.006986029775095464               4989.224776947506                  0.7744033143173209                 
0.0071346685546470195              4535.235278895415                  0.7357440369099312                 
0.007283307324609103               4102.1983542032185                 0.6937000227019463                 
0.00743194608478194                3698.424146753905                  0.6423290134461359                 
0.007580584834965747               3325.72984333278                   0.6214121389085286                 
0.007729223574960747               2984.3447696619005                 0.5633546909472037                 
0.007877862304567157               2668.851765502015                  0.5369435621074394                 
0.008026501023585205               2378.7710284959317                 0.49908842259112646                
0.008175139731815108               2113.502498499402                  0.4647700626627636                 
0.008323778429057087               1872.478781545123                  0.4455439336768797                 
0.00847241711511136                1651.0545360672481                 0.3990149047052063                 
0.008621055789778157               1447.9223392915223                 0.3747238756277036                 
0.00876969445285769                1265.150550278283                  0.34830217840514344                
0.008918333104150186               1105.9832896802623                 0.32474530260517537                
0.009066971743455865               960.5252063281962                  0.2993118921593197                 
0.009215610370574947               832.3209857391331                  0.27201319162034826                
0.009364248985307655               720.8901269609199                  0.2582447706578877                 
0.009512887587454211               622.3751218893007                  0.2331030405752534                 
0.00966152617681484                537.216690781074                   0.21601738456623332                
0.009810164753189759               463.47072764162374                 0.19988206037315692                
0.00995880331637919                401.74763425774967                 0.18113351068398967                
0.010107441866183361               350.2023980932524                  0.17530530750710022                
0.010256080402402487               307.05528974849807                 0.15576746521227341                
0.010404718924836796               271.4885037578645                  0.148901112496486                  
0.010553357433286508               243.52534967396022                 0.137610070244836                  
0.010701995927551847               221.76084131985996                 0.13146670909598387                
0.010850634407433035               205.7494626928997                  0.1279532005834407                 
0.01099927287273029                194.4195470856405                  0.12064185760388169                
0.011147911323243845               186.59263578578535                 0.11871033617134519                
0.011296549758773915               182.59649826732425                 0.11553094185386847                
0.011445188179120724               180.9997905635671                  0.11514806372296303                
0.0115938265840845                 181.85239947354367                 0.11517207281663655                
0.011742464973465466               183.9610930975624                  0.11309225585129562                
0.011891103347063838               187.52172452749872                 0.11621101024222462                
0.012039741704679847               192.06237963764863                 0.1150877866494319                 
0.012188380046113712               196.48991990217786                 0.1152484690759809                 
0.012337018371165662               201.9523592262387                  0.11718805746531104                
0.01248565667963592                206.58956532815313                 0.1169068936719915                 
0.012634294971324705               211.03258338163562                 0.1194372739563975                 
0.012782933246032245               215.2297262939487                  0.11751847784425909                
0.012931571503558769               218.34611944468432                 0.11915272196071186                
0.013080209743704493               221.24367277569215                 0.11771941449045165                
0.013228847966269644               223.00388972590883                 0.11895317285418336                
0.013377486171054451               223.96583098620886                 0.11865934650526395                
0.013526124357859137               223.84817067931832                 0.11670954164534131                
0.013674762526483924               222.7554290624846                  0.11652824083091619                
0.013823400676729044               221.1895831859991                  0.11479318743651858                
0.013972038808394713               218.22216725668991                 0.11523359976203226                
0.014120676921281166               214.9299487580605                  0.11189503683833878                
0.014269315015188622               210.79150761961756                 0.10987898179591161                
0.014417953089917307               205.73506404006653                 0.1098509721054327                 
0.014566591145267453               200.0841449349743                  0.10669448938439027                
0.014715229181039282               193.88531755284762                 0.1053805949867521                 
0.014863867197033016               187.1889059571408                  0.1017674341264171                 
0.015012505193048892               180.3298251193511                  0.09932369754791781                
0.015161143168887127               172.74879705766858                 0.09816196357837628                
0.01530978112434795                165.41460561260024                 0.09415181206990236                
0.01545841905923159                157.62017129753784                 0.09278492080943802                
0.015607056973338276               149.81127114371944                 0.08829413942768925                
0.015755694866468228               142.18704157174255                 0.08674845445735704                
0.015904332738421678               134.3966190655459                  0.0844039698707732                 
0.01605297058899886                126.93698719107975                 0.0803010333693438                 
0.016201608417999988               119.49399608940611                 0.07867596073454919                
0.0163502462252253                 112.18888745412214                 0.0747178944758449                 
0.016498884010475022               105.28712057106962                 0.07351714058131785                
0.01664752177354938                98.60457241982857                  0.06999741588063008                
0.0167961595142486                 92.06827522899627                  0.06691112626794737                
0.016944797232372917               86.158724090041                    0.06528854960415557                
0.017093434927722556               80.34552981220271                  0.06219704090178911                
0.017242072600097746               75.20456828561248                  0.06077734650195982                
0.01739071024929872                69.99562504281961                  0.057133651188015104               
0.017539347875125698               65.47279833109586                  0.05567688590307637                
0.017687985477378917               61.250780587014305                 0.053740127707173076               
0.01783662305585861                57.36841475953132                  0.05133980652101702                
0.017985260610364994               53.70312592839496                  0.050216314333679624               
0.018133898140698313               50.37048702333596                  0.047440985240131336               
0.018282535646658788               47.426961372923294                 0.04655482527458587                
0.018431173128046652               44.79043418028652                  0.044912831229516614               
0.018579810584662137               42.48716630627636                  0.04334436864374111                
0.01872844801630547                40.292960982990486                 0.042486367662664726               
0.018877085422776888               38.47084277180699                  0.041651481817251826               
0.01902572280387662                36.86185555586318                  0.041718822657208                  
0.019174360159404893               35.36074230077187                  0.040279759121721645               
0.019322997489161938               34.060102660063485                 0.03963873741404418                
0.019471634792947997               32.8545060792506                   0.040463638552793536               
0.019620272070563285               31.899906548787413                 0.03972674276462945                
0.019768909321808054               31.103715945105943                 0.039988484802683764               
0.019917546546482524               30.321908466645546                 0.03898680196046342                
0.020066183744386925               29.73769744724877                  0.03939832416894658                
0.0202148209153215                 29.124074371550826                 0.03959993231227096                
0.020363458059086476               28.578573059173255                 0.038476062621202206               
0.020512095175482088               28.17479057680263                  0.039354795651590065               
0.020660732264308566               27.78482703955533                  0.03799568962488268                
0.02080936932536615                27.455185649248218                 0.039229860850702555               
0.020958006358455062               27.109092530598502                 0.03863446668194865                
0.02110664336337555                26.77018551899637                  0.038177303579521295               
0.021255280339927837               26.52028963178809                  0.03849301359531693                
0.02140391728791216                26.23906206582907                  0.03791783852283859                
0.021552554207128764               25.89553377905924                  0.03874077328862824                
0.02170119109737787                25.732462892514864                 0.03794803702207393                
0.021849827958459727               25.55620256960783                  0.03788000117810278                
0.021998464790174553               25.294649162372863                 0.03825621452880054                
0.022147101592322593               25.030822981999165                 0.037550435663005755               
0.022295738364704085               24.756957223131877                 0.037100369369943466               
0.022444375107119267               24.65276236628366                  0.03595473936500049                
0.022593011819368364               24.45410395682605                  0.03600367616535489                
0.022741648501251623               24.228349235398802                 0.03583710685558209                
0.022890285152569273               23.92462116390982                  0.03463083804673553                
0.02303892177312156                23.787652321947746                 0.035050090528116126               
0.023187558362708714               23.513625511019775                 0.03410746140202946                
0.02333619492113097                23.27013266593091                  0.034666732068812434               
0.023484831448188578               22.98667040998984                  0.03369870998601514                
0.023633467943681763               22.703370680244472                 0.03363676423895433                
0.023782104407410774               22.45928323533111                  0.03345546336826187                
0.023930740839175842               22.207386469570704                 0.03274563901590526                
0.024079377238777205               21.933856987025994                 0.03308597728460059                
0.024228013606015102               21.62449672403003                  0.03215425681135823                
0.024376649940689773               21.285579185330068                 0.032081526648264955               
0.024525286242601464               20.948837917037995                 0.03184931638447221                
0.024673922511550404               20.573633831173748                 0.03108157854163316                
0.024822558747336843               20.27880048613471                  0.0314700460036074                 
0.024971194949761022               19.841279109819887                 0.030172636803070443               
0.025119831118623162               19.41953549844735                  0.03057815420319827                
0.025268467253723528               18.98829923021381                  0.02992187343140388                
0.025417103354862348               18.545303879823592                 0.02915103226398195                
0.02556573942183986                18.180370788446474                 0.029238037722894784               
0.02571437545445632                17.662431807138123                 0.028129563608884387               
0.025863011452511953               17.115958780784066                 0.028467431381250245               
0.026011647415807016               16.64438652303498                  0.027542816851584113               
0.02616028334414174                16.152012981449822                 0.027114283391634443               
0.026308919237316375               15.610390611055251                 0.026620332066492777               
0.026457555095131157               15.068996253638666                 0.02610262952524248                
0.026606190917386335               14.568746417052719                 0.025802776073052144               
0.026754826703882146               13.984164295860317                 0.02481893374903446                
0.026903462454418846               13.476139755615062                 0.02445881237740743                
0.027052098168796664               12.923391620350658                 0.024157011596594807               
0.027200733846815844               12.367989416847415                 0.023280738232303266               
0.027349369488276647               11.826061113523942                 0.02288278425150923                
0.0274980050929793                 11.311326799507098                 0.02227835108426436                
0.027646640660724066               10.77460252451084                  0.02167384121683947                
0.02779527619131117                10.32978623911663                  0.021344766041637778               
0.027943911684540874               9.824981535528442                  0.020578777217782257               
0.02809254714021341                9.384687672305947                  0.020112389884025875               
0.02824118255812904                8.94559650357137                   0.01961150095541541                
0.028389817938087997               8.498806619994996                  0.01907947056149365                
0.028538453279890536               8.098219605748719                  0.01860107166152507                
0.0286870885833369                 7.754342528280349                  0.018156468204377652               
0.02883572384822734                7.405608219347294                  0.01760159475440233                
0.028984359074362098               7.104109241163597                  0.017465782909319504               
0.029132994261541426               6.813470698722963                  0.016811294700481403               
0.029281629409565572               6.589119519456477                  0.01667463710313303                
0.029430264518234783               6.350491272836283                  0.01632959542477054                
0.029578899587349307               6.161750962148539                  0.015967694309583027               
0.029727534616709395               6.010323575798589                  0.01583760349248861                
0.029876169606115298               5.87160632435248                   0.015502891529561125               
0.030024804555367265               5.803619749301323                  0.015422128646964827               
0.03017343946426554                5.707633594782823                  0.015330919512602098               
0.030322074332610385               5.641151736229688                  0.015223022322000705               
0.03047070916020204                5.614152033189458                  0.015042428794335705               
0.030619343946840766               5.617692698147337                  0.015091784958868846               
0.03076797869232679                5.6029660876791505                 0.014983281700605349               
0.030916613396460405               5.6283178613708875                 0.01517833412465951                
0.031065248059041834               5.672851641888704                  0.014980048594275805               
0.031213882679871328               5.700333299651016                  0.01515745921394213                
0.031362517258749154               5.7751507842340235                 0.01511451919764472                
0.031511151795475555               5.831482421617854                  0.015188057770441353               
0.031659786289850785               5.913110487238012                  0.015356397671508091               
0.03180842074167511                5.967527912914808                  0.015223731320652047               
0.03195705515074876                6.04355019889509                   0.015426056590175898               
0.03210568951687201                6.096364263608038                  0.015466580770982431               
0.032254323839845105               6.178303730735564                  0.015499080702700173               
0.03240295811946831                6.235486116068601                  0.01560623336529172                
0.032551592355541864               6.288462176219278                  0.015470157842989728               
0.032700226547866036               6.302032891765671                  0.015698278739374707               
0.03284886069624108                6.339434416763575                  0.015584946497343407               
0.03299749480046724                6.362042338631772                  0.015612714665668225               
0.033146128860344785               6.352911525890263                  0.015566607306698965               
0.033294762875673976               6.360007622177508                  0.015489011395152685               
0.03344339684625505                6.332663572896441                  0.015664787656386764               
0.0335920307718883                 6.281624791364534                  0.015308928505671622               
0.03374066465237394                6.258016083031099                  0.015364324885170514               
0.03388929848751226                6.163345198438116                  0.015189040834676263               
0.034037932277103514               6.050412553019852                  0.015082355788810405               
0.03418656602094795                5.95245779169791                   0.015017770652134669               
0.034335199718845834               5.862357711533729                  0.015089036545649588               
0.034483833370597426               5.7776299802652185                 0.015170654996694314               
0.03463246697600298                5.633553742714213                  0.015006598272036776               
0.03478110053486277                5.4707524829617595                 0.014937601386501175               
0.034929734046977044               5.340633067892067                  0.01473251460798                   
0.03507836751214607                5.188005320122971                  0.014122577553391915               
0.0352270009301701                 5.049368524809859                  0.014043752103506526               
0.03537563430084941                4.8761389560631985                 0.013615083136684776               
0.03552426762398426                4.711382048249859                  0.013420507961850726               
0.035672900899374894               4.5656245167273575                 0.01309449546235426                
0.0358215341268216                 4.366536692370086                  0.012742889737455684               
0.03597016730612462                4.217846994541042                  0.012669806786945952               
0.036118800437084236               4.049727886079089                  0.012153346892624015               
0.036267433519500715               3.8822573449634916                 0.012008959948963633               
0.036416066553174295               3.709006924827779                  0.011612269676091025               
0.036564699537905254               3.569873771250477                  0.011435091826642593               
0.03671333247349387                3.435373170079312                  0.011217608585310554               
0.036861965359740394               3.278541012906892                  0.010854251560155582               
0.037010598196445095               3.143979049735033                  0.010651621486975252               
0.037159230983408245               3.0162193885325803                 0.010427448241192775               
0.03730786372043011                2.9010823646276203                 0.01021033268506459                
0.03745649640731094                2.7757141194557717                 0.009940307691149097               
0.037605129043851035               2.6803585629875895                 0.009692567440477588               
0.03775376162985063                2.6015503921116765                 0.0096334558936735                 
0.03790239416511001                2.514926272721076                  0.009403187020795435               
0.03805102664942944                2.4338134229598993                 0.009264630897125049               
0.038199659082609194               2.3767102605130517                 0.009108376042690639               
0.038348291464449534               2.321003193970305                  0.008973516779081642               
0.03849692379475074                2.256311009752392                  0.00891119760297292                
0.03864555607331307                2.2231220061706134                 0.008768910418951099               
0.0387941882999368                 2.1999336751170837                 0.008718644782074533               
0.03894282047442221                2.1956394111349278                 0.008623290302598875               
0.03909145259656955                2.1640678599166914                 0.008669250353696227               
0.03924008466617912                2.1510383565126596                 0.008543740631973992               
0.03938871668305117                2.1596790200962084                 0.008506101964428012               
0.03953734864698598                2.167619685442127                  0.008530102342156775               
0.03968598055778383                2.161750624872316                  0.008468731969535868               
0.03983461241524497                2.185009865680088                  0.008560047900288966               
0.0399832442191697                 2.195740586651242                  0.00850206897319149                
0.040131875969358285               2.1982208954197247                 0.008458074651612205               
0.040280507665611                  2.234340510459463                  0.00858061664637264                
0.040429139307728124               2.256512692267177                  0.008573576988529183               
0.04057777089550993                2.2627002389010076                 0.008643251516982546               
0.040726402428756685               2.273572537542343                  0.00852896266269814                
0.04087503390726868                2.327106322546403                  0.008731691353068448               
0.04102366533084617                2.3345472509366134                 0.008724734559873505               
0.041172296699289464               2.3225636487572476                 0.008632514875432628               
0.04132092801239882                2.351484003431856                  0.008743811972305544               
0.04146955926997452                2.363827789271461                  0.008708866966603897               
0.04161819047181683                2.393543905600106                  0.008804912733299914               
0.041766821617726047               2.4005634211790614                 0.008813636474039212               
0.041915452707502444               2.3951547818400947                 0.008721424807479066               
0.042064083740946306               2.3933342212595696                 0.008742543735624013               
0.0422127147178579                 2.3890598353323518                 0.008710325458566351               
0.04236134563803752                2.4008112107197346                 0.008731723703989351               
0.042509976501285435               2.386553456952712                  0.008885278762245676               
0.04265860730740194                2.3682391820821613                 0.008889972114606319               
0.042807238056187316               2.3512994747961704                 0.008986412036726774               
0.04295586874744183                2.3297830624726394                 0.008954215955070073               
0.043104499380965784               2.301292393858344                  0.008944497116824655               
0.04325312995655945                2.2815130995492927                 0.008878894493299207               
0.04340176047402311                2.229420545288014                  0.008871739072176872               
0.04355039093315706                2.1917028192180372                 0.008787291959883769               
0.043699021333761565               2.1783148479246086                 0.008737900061321231               
0.04384765167563693                2.1210149778564173                 0.008698457365595607               
0.04399628195858344                2.071447201027728                  0.00850777718786498                
0.044144912182401366               2.042887366372093                  0.00854121857634315                
0.04429354234689099                1.9934387348826217                 0.008406495587922213               
0.044442172451852634               1.9295021135150834                 0.008257733611937447               
0.04459080249708656                1.880497177379599                  0.00816912847333337                
0.044739432482393045               1.8191651114875562                 0.008030636192889434               
0.044888062407572406               1.784658830563475                  0.008055118985383518               
0.04503669227242491                1.7208173338771584                 0.007778306320194222               
0.04518532207675085                1.673225844088494                  0.00779544199641461                
0.04533395182035053                1.6343801204568191                 0.007659735706446545               
0.04548258150302422                1.5680257832691387                 0.007526417788475436               
0.04563121112457223                1.5229255521515859                 0.007493101047932058               
0.045779840684794834               1.4697471734089698                 0.007252287210604353               
0.045928470183492345               1.4256056515773319                 0.007245824698192892               
0.04607709962046502                1.3740568240764377                 0.007102135901942989               
0.046225728995513186               1.3214596862872383                 0.0069499510869688525              
0.046374358308437114               1.2950236613968136                 0.006894864338656156               
0.04652298755903712                1.260954822087327                  0.006752929813829295               
0.046671616747113474               1.2186869487165386                 0.006743170249019132               
0.046820245872466484               1.1945570741947518                 0.006579709429846111               
0.04696887493489644                1.1727679137136204                 0.006536798217638336               
0.04711750393420365                1.141174127619391                  0.006455042603726954               
0.047266132870188396               1.1280687373449778                 0.006343674582058711               
0.04741476174265097                1.1032519274425716                 0.006340109511652045               
0.047563390551391686               1.086884541569646                  0.006217065189842325               
0.04771201929621082                1.0745908799218093                 0.006210989187809889               
0.047860647976908685               1.0578972431778197                 0.006172301835708489               
0.04800927659328559                1.0579089580414072                 0.006092526603856651               
0.048157905145141816               1.0492555064831746                 0.006147043590434895               
0.04830653363227766                1.0418560194484785                 0.006036829401665422               
0.04845516205449344                1.0486289759831482                 0.006138739584793145               
0.04860379041158943                1.0444170019239498                 0.006136096627056055               
0.04875241870336596                1.0530271113149408                 0.006062903967610162               
0.04890104692962332                1.0511914949606318                 0.006126923266790143               
0.04904967509016181                1.0585448598652758                 0.006094369896708465               
0.04919830318478172                1.0675057909285346                 0.006183998770117677               
0.049346931213283374               1.0769059803461243                 0.006166042465054806               
0.049495559175467066               1.0767921077209153                 0.006146678458634321               
0.0496441870711331                 1.0819231338732171                 0.0061900021485736785              
0.049792814900081785               1.0898244089727473                 0.006167939160783043               
0.04994144266211342                1.094616266427232                  0.006245677684276831               
0.05009007035702831                1.1052465143531363                 0.006192464600365141               
0.05023869798462676                1.1064169442695722                 0.006240295824421727               
0.050387325544709094               1.1106147055403215                 0.0062780669344960245              
0.050535953037075594               1.10746730680719                   0.0062272320484030655              
0.050684580461526595               1.1175688721398347                 0.00626199563785332                
0.05083320781786236                1.1171886728184497                 0.006213223196114184               
0.05098183510588326                1.1174529454896727                 0.006277825536458836               
0.05113046232538955                1.1028889885858961                 0.0061953212202227135              
0.05127908947618157                1.106965635245401                  0.006222640724604566               
0.05142771655805962                1.0977127804851092                 0.006206126748606175               
0.05157634357082401                1.090726683695172                  0.006133003425968642               
0.05172497051427505                1.071514772968965                  0.0061506188560753365              
0.051873597388213066               1.0587217374676499                 0.006009066119837513               
0.05202222419243834                1.05623724911114                   0.006044430741782191               
0.05217085092675122                1.034725776858461                  0.00601310421937142                
0.052319477590952006               1.0162180107926186                 0.005928821609461733               
0.05246810418484102                1.0110434964345152                 0.005910716105106692               
0.05261673070821854                0.9837558787934709                 0.005809863384015144               
0.052765357160884915               0.9543808472996519                 0.005731112713991779               
0.052913983542640465               0.9449527746019503                 0.005711378904354972               
0.05306260985328549                0.9340753574635013                 0.005701520091124782               
0.05321123609262031                0.9261529814052477                 0.005640044321023116               
0.053359862260445236               0.8842132717341249                 0.0054860849984609775              
0.05350848835656059                0.8685316829318165                 0.005470041602486492               
0.05365711438076671                0.8625409809916081                 0.0054211418666600215              
0.05380574033286389                0.8321445949973836                 0.005338100229525948               
0.05395436621265246                0.8269325791383343                 0.005318691814983883               
0.054102992019932725               0.8137397493315653                 0.005270817178131518               
0.05425161775450505                0.7857152207117917                 0.005202727563329002               
0.0544002434161697                 0.7781721544119458                 0.005091097118202977               
0.054548869004727024               0.7565613008471839                 0.005084812360128658               
0.054697494519977345               0.7446967387770114                 0.005047312706183772               
0.054846119961720986               0.7326481836025293                 0.004988851859632925               
0.05499474532975826                0.7067562863950225                 0.004909687444823028               
0.055143370623889514               0.7087595317029801                 0.004849287770573964               
0.05529199584391504                0.7017283425155095                 0.004894640977558071               
0.05544062098963519                0.6912578889051373                 0.00481248552353053                
0.055589246060850264               0.6953595699372096                 0.004855417797116625               
0.05573787105736062                0.6721762196483608                 0.004757287117499959               
0.05588649597896656                0.6735988611486224                 0.004734388650180811               
0.056035120825468424               0.663913648957956                  0.004746722791220499               
0.05618374559666653                0.6615872475562482                 0.0046919901383160574              
0.056332370292361225               0.6614500603137318                 0.0047215127102398285              
0.05648099491235282                0.6495098662944726                 0.004651236760888351               
0.05662961945644166                0.650247685374369                  0.004660704955529035               
0.05677824392442804                0.6454667696180137                 0.004671045063908151               
0.056926868316112336               0.6504511960732272                 0.004620921994624269               
0.057075492631294855               0.6354167303334332                 0.004607252057957931               
0.05722411686977594                0.6363305047507556                 0.004583733394799145               
0.05737274103135591                0.6391497664113611                 0.004623031405195916               
0.057521365115835124               0.6339345289025734                 0.004588430883687584               
0.05766998912301387                0.631955212081871                  0.0045569480219121924              
0.057818613052692536               0.6286593315151761                 0.004591690891032348               
0.05796723690467142                0.6283076109308261                 0.0045220714240187055              
0.05811586067875089                0.6201204174184702                 0.004538168440990643               
0.05826448437473124                0.618393353944322                  0.00451213758937302                
0.05841310799241284                0.6113430926443039                 0.004467001732786867               
0.05856173153159601                0.6146088415248829                 0.0045245675932087445              
0.05871035499208109                0.6112648384340035                 0.004453962974732646               
0.058858978373668436               0.5943881920956048                 0.00442797163984356                
0.05900760167615837                0.6004261654197961                 0.004414301659205438               
0.059156224899351226               0.5928147052785668                 0.0043945971589441635              
0.059304848043047365               0.5888970773018994                 0.0044117401184768186              
0.05945347110704712                0.5807594436344964                 0.004335233049179373               
0.05960209409115083                0.5762506668089207                 0.004341063766982308               
0.05975071699515884                0.564271182598373                  0.004271228709542555               
0.0598993398188715                 0.5611244548089578                 0.004285765959576452               
0.060047962562089136               0.5586552749735705                 0.0042459050910850634              
0.06019658522461209                0.5488754464795677                 0.004206590561909309               
0.06034520780624073                0.5475047768276969                 0.004227363499988111               
0.06049383030677538                0.5413389557865554                 0.004288379852625761               
0.0606424527260164                 0.5376510676156369                 0.004339000941701634               
0.060791075063764154               0.5302739356428846                 0.004331401461310358               
0.06093969731981895                0.5311477225793529                 0.0043621774240870164              
0.06108831949398115                0.5186507959995798                 0.004372947919279077               
0.0612369415860511                 0.5144012891582014                 0.0043456223710281175              
0.06138556359582917                0.5041365478690129                 0.0043586559297819965              
0.061534185523115695               0.5031038336282496                 0.004339844310044128               
0.061682807367711034               0.500732943679392                  0.004382793369588729               
0.061831429129415506               0.5038428637498638                 0.004416277367778966               
0.061980050808029506               0.497731323607496                  0.004377023890831201               
0.06212867240335336                0.4895243057768824                 0.0043981867094100655              
0.06227729391518745                0.4872408439386629                 0.004352794370856603               
0.06242591534333208                0.4903719484536672                 0.004469763338211727               
0.06257453668758765                0.4912352105407206                 0.004434188193896275               
0.06272315794775449                0.48221492666551613                0.004385584660243285               
0.06287177912363298                0.48134431557895335                0.004439040623655055               
0.06302040021502343                0.4819853034473347                 0.004434029262336559               
0.06316902122172624                0.48201708207144667                0.0044744520354508596              
0.06331764214354177                0.4739808798257539                 0.004273741667518356               
0.06346626298027035                0.47225393926942183                0.004249197797990591               
0.06361488373171235                0.4704104609774529                 0.004201098248698324               
0.06376350439766815                0.46634942132556206                0.004157872059270565               
0.06391212497793805                0.4627255759562464                 0.004130490634295541               
0.06406074547232249                0.45163877910173617                0.004026715108110392               
0.06420936588062177                0.45333448730384507                0.004051345218757124               
0.0643579862026363                 0.4561959065469398                 0.004040614249952647               
0.06450660643816641                0.44611828065364206                0.003977021341027595               
0.06465522658701248                0.43992516782340124                0.003961682431121632               
0.06480384664897484                0.4306777295017765                 0.0038894614251464292              
0.06495246662385391                0.4231879608067727                 0.003869452848058594               
0.06510108651145002                0.42130901346737026                0.00382534271593822                
0.06524970631156356                0.4164052016854458                 0.0038010836585737552              
0.06539832602399485                0.41668385445237377                0.003812054191789363               
0.0655469456485443                 0.4054370761215727                 0.0037525995181333137              
0.06569556518501228                0.403794286852162                  0.003737394371431495               
0.06584418463319913                0.39606645095935517                0.0036663390861171974              
0.06599280399290525                0.3908250113838465                 0.00364019126024137                
0.06614142326393099                0.3847615172236693                 0.003626277259022727               
0.06629004244607672                0.37744612066686406                0.0035898441350842164              
0.06643866153914282                0.3707348320576232                 0.0035524625857787993              
0.06658728054292967                0.36551723922081236                0.003470743445401848               
0.06673589945723764                0.35866755134388423                0.003488957550701346               
0.06688451828186709                0.3576049751764081                 0.0034717293448393964              
0.06703313701661841                0.3490625102015025                 0.003411541098778875               
0.06718175566129193                0.341393817569                     0.003383787602029051               
0.0673303742156881                 0.3449987729093181                 0.0033932846478391732              
0.06747899267960726                0.3457872731035067                 0.003392191271806071               
0.06762761105284978                0.34038066238700904                0.0033380279788169523              
0.06777622933521604                0.3406623354510858                 0.003368604244066446               
0.06792484752650643                0.33558506258501775                0.00331920964003969                
0.0680734656265213                 0.33503137610728007                0.003332532153291199               
0.0682220836350611                 0.32662309408163176                0.003274591823718931               
0.06837070155192615                0.3314941492241361                 0.003275384438018655               
0.06851931937691683                0.33068236561449676                0.0032917164276515852              
0.06866793710983354                0.3301251655889972                 0.0032795149176142978              
0.06881655475047667                5.278416513980313                  0.013132421069685377               
0.06896517229864657                0.33131183539028547                0.003288546061557176               
0.06911378975414369                0.3244557211918633                 0.0032266984567635754              
0.06926240711676834                0.3290422098393766                 0.003271017105735835               
0.06941102438632095                0.3296042051784345                 0.0032415556082713405              
0.06955964156260189                0.3292610469435224                 0.003268995547720236               
0.06970825864541157                0.3336361650826016                 0.0032582837557526972              
0.06985687563455034                0.3313978462827883                 0.0032595107937207954              
0.07000549252981861                0.3324023043101608                 0.0032568120309652963              
0.07015410933101678                0.3366629896160975                 0.0032503938925139866              
0.07030272603794524                0.33417624261055523                0.003268549725559905               
0.07045134265040434                0.3299894154581983                 0.0032254394826382333              
0.07059995916819455                0.3325724784634012                 0.00325006635006858                
0.07074857559111615                0.33991527799432936                0.0032796546229042697              
0.07089719191896963                0.33324747674255917                0.0032147222168107336              
0.07104580815155535                0.3380331220758236                 0.0032781690798041148              
0.07119442428867372                0.33300800613454185                0.0032179568448719616              
0.07134304033012509                0.32603788865088845                0.003194301427286305               
0.0714916562757099                 0.32678471202204934                0.003205312479965263               
0.07164027212522854                0.3281921654023978                 0.0031830330668126                 
0.0717888878784814                 0.32297337546071525                0.0031954077215128607              
0.07193750353526884                0.32217678744926276                0.003150882644835162               
0.07208611909539134                0.3175331257711878                 0.003143738248435084               
0.07223473455864923                0.3112498347901836                 0.00311389991828939                
0.07238334992484297                0.3054176392499216                 0.003090233458844043               
0.07253196519377289                0.30193434272147784                0.0030853026330222985              
0.07268058036523947                0.29881146337332726                0.0030141487451765515              
0.07282919543904304                0.2968125369802635                 0.003033916213837827               
0.07297781041498405                0.2931481056236887                 0.0030123962794302074              
0.07312642529286288                0.2824743220894876                 0.002953033869037868               
0.07327504007247997                0.28123970985280683                0.0029465746806855934              
0.07342365475363567                0.2797738338578504                 0.0029152599016915165              
0.07357226933613044                0.27748170320618676                0.0029294744806444423              
0.07372088381976465                0.27162234339707264                0.0028827562433402817              
0.07386949820433873                0.2637574037244244                 0.0028318478609765502              
0.07401811248965308                0.2582522510948298                 0.0027909785841319663              
0.07416672667550812                0.25690388881221815                0.0027985571577659593              
0.07431534076170422                0.25134131694200373                0.0027767859861373167              
0.07446395474804186                0.2502313566251726                 0.0027328518923401025              
0.07461256863432139                0.24815245352739107                0.0027274441260452466              
0.07476118242034327                0.24375595247713364                0.0026890481973861984              
0.07490979610590787                0.24065278140695984                0.002681212014147628               
0.07505840969081562                0.2373684582322329                 0.0026616902743847454              
0.07520702317486694                0.23337847848741022                0.0026232238035140327              
0.07535563655786226                0.2385100525809738                 0.0026496210701996465              
0.07550424983960197                0.23089221205543253                0.002601365021113085               
0.0756528630198865                 0.23590952678357013                0.0026396943157849318              
0.07580147609851624                0.23137812458841628                0.0025963148374351596              
0.07595008907529169                0.22866626679815383                0.0025777591012179782              
0.07609870195001317                0.22616334488510675                0.0025756985268810865              
0.07624731472248115                0.22443610700943123                0.0025451571390268037              
0.07639592739249607                0.23020047294783516                0.00258310030199362                
0.07654453995985831                0.23144687906206968                0.0025802471962550976              
0.0766931524243683                 0.22869699109871683                0.0025670377812946677              
0.07684176478582651                0.23084002151583505                0.0025910924923810566              
0.07699037704403329                0.22704786882020037                0.002552388897833213               
0.07713898919878912                0.23632883727538243                0.002611727135102058               
0.0772876012498944                 0.23422055857506136                0.0025772780755345436              
0.07743621319714959                0.23305770298935657                0.002595786689567186               
0.07758482504035506                0.23216175285545695                0.0025853265996964485              
0.0777334367793113                 0.23182707773209074                0.0025662116478414394              
0.0778820484138187                 0.23261023617590723                0.002584558179732302               
0.0780306599436777                 0.23320071060946546                0.0025716669548209894              
0.07817927136868873                0.2342355053446668                 0.0025968523408438997              
0.07832788268865222                0.23709121121691273                0.0025898078026900845              
0.07847649390336861                0.22817899445042317                0.0025375160240184032              
0.07862510501263834                0.2327731381773518                 0.0025876463677031412              
0.07877371601626182                0.2271365542853368                 0.0025285827765622673              
0.0789223269140395                 0.23558139894066463                0.0025858417922058068              
0.07907093770577181                0.22828066039911216                0.0025328582979482895              
0.0792195483912592                 0.23080339098452524                0.0025478650936532035              
0.07936815897030208                0.22600876388600302                0.0025391037801200146              
0.07951676944270093                0.23156225192929208                0.0025426451169615486              
0.07966537980825614                0.22447982375245482                0.002514795357829078               
0.07981399006676818                0.2226430506764086                 0.0024942184154214606              
0.07996260021803749                0.22116803834443668                0.0024992733252437263              
0.0801112102618645                 0.22121364006777963                0.002494379557574522               
0.08025982019804966                0.21695465695127583                0.0024491599580614373              
0.0804084300263934                 0.21371160251054747                0.0024527314575163942              
0.08055703974669619                0.21249459073394575                0.002426806488799518               
0.08070564935875844                0.2154031022036474                 0.0024593818421750845              
0.08085425886238064                0.21165253282339136                0.002420032171942743               
0.0810028682573632                 0.20841527422287037                0.0024014546432935954              
0.08115147754350657                0.20909638941061917                0.0024181478079290386              
0.08130008672061122                0.20775625698497252                0.0023996025972899664              
0.08144869578847758                0.20418170478656633                0.0023779061418887503              
0.0815973047469061                 0.19828761402619033                0.0023376537680229958              
0.08174591359569723                0.1987789535879787                 0.0023414944840196767              
0.08189452233465144                0.1978846026271922                 0.0023428552147882076              
0.08204313096356916                0.1932548283677734                 0.002304083969964602               
0.08219173948225086                0.19280244529350496                0.0023078944275687382              
0.08234034789049698                0.19448421058747717                0.002303080563600332               
0.08248895618810799                0.18948496886468602                0.0022861061721245073              
0.08263756437488433                0.19138759562522706                0.002292930447215834               
0.08278617245062646                0.18547287817038982                0.0022481973886224224              
0.08293478041513484                0.19003831951893912                0.0022829999432508958              
0.08308338826820992                0.18343320421270193                0.0022313559674883503              
0.08323199600965217                0.18430654717186779                0.002248309660373976               
0.08338060363926207                0.18384071993642523                0.0022338354271516266              
0.08352921115684006                0.18282699096859056                0.002226784286346249               
0.08367781856218658                0.18031821350325256                0.0022256420076650803              
0.08382642585510211                0.17489724812190144                0.0021822978019023333              
0.08397503303538713                0.17814849026919924                0.002192026172547842               
0.08412364010284208                0.17891370225067124                0.0021872483002036286              
0.08427224705726745                0.17593072444557672                0.00218265581920533                
0.08442085389846368                0.174284732242406                  0.002174147392292495               
0.08456946062623125                0.17530102297247038                0.0021770226491537067              
0.08471806724037062                0.17560633726419422                0.0021746185308796706              
0.08486667374068227                0.17565238318199466                0.0021672270645375067              
0.08501528012696667                0.17412002205461743                0.0021722617122138543              
0.08516388639902428                0.17334699179451427                0.002150435673617366               
0.08531249255665557                0.17431874806626022                0.002159833241872392               
0.08546109859966101                0.17014194879461753                0.002137994870272957               
0.08560970452784111                0.16890955475066022                0.002112855558597244               
0.08575831034099632                0.17208089197700274                0.002153536305522011               
0.08590691603892707                0.17115738197385483                0.002129343686571783               
0.0860555216214339                 0.1684661483180576                 0.0021199517140380844              
0.08620412708831726                0.16923527800437868                0.0021281143908182813              
0.08635273243937762                0.16836902807930765                0.0021152155017268035              
0.08650133767441548                0.16556047329329676                0.002095870111714071               
0.08664994279323132                0.16713308986666095                0.002096052616841102               
0.08679854779562558                0.16629099881457085                0.002097234588641536               
0.08694715268139878                0.16963498949156758                0.002133140717350744               
0.08709575745035139                0.1648992083480754                 0.002082000967115984               
0.0872443621022839                 0.1629888159269086                 0.002072301049254578               
0.08739296663699678                0.16649654772567402                0.0020936751687635844              
0.08754157105429052                0.1654032911107507                 0.002084381932463239               
0.08769017535396562                0.16361069050731722                0.002077857847301815               
0.08783877953582254                0.16208211782445406                0.0020523301756748607              
0.0879873835996618                 0.16504483265127706                0.002085336078929011               
0.08813598754528384                0.1627937805429393                 0.0020623336749230627              
0.08828459137248919                0.16403827641374555                0.002075768781303334               
0.08843319508107834                0.1617091271772609                 0.002057028436620795               
0.08858179867085175                0.16126145290576224                0.0020432495073411517              
0.08873040214160996                0.16027242077904902                0.002050230333870766               
0.08887900549315342                0.1595450800618948                 0.002035437693349647               
0.08902760872528265                0.15834131256356518                0.0020285169998068234              
0.08917621183779811                0.16279318493719974                0.002059189007818265               
0.08932481483050034                0.15533780724085744                0.002000076024682291               
0.08947341770318981                0.158207591035089                  0.002023816702911878               
0.08962202045566703                0.15713599987334997                0.002017717174900662               
0.08977062308773248                0.15716207846771363                0.0020178856910387354              
0.08991922559918666                0.15381908693152815                0.001990279050506861               
0.0900678279898301                 0.15614820976982322                0.0020098442045823586              
0.09021643025946328                0.15593203036676945                0.0019986358948463024              
0.09036503240788671                0.15290822905434867                0.001980649955714031               
0.09051363443490087                0.1506341413743446                 0.0019629201767363737              
0.09066223634030629                0.15168187658590934                0.0019831508937690366              
0.09081083812390348                0.15329131791736889                0.0019891195938200696              
0.09095943978549291                0.1541608269683839                 0.0019783728796458756              
0.09110804132487513                0.14789767388471126                0.0019472023007964018              
0.09125664274185061                0.14997748839050812                0.0019498984484888878              
0.09140524403621988                0.1459591361121688                 0.0019380419490738574              
0.09155384520778345                0.14571377761683676                0.0019241277640918437              
0.09170244625634183                0.145974434563646                  0.0019187241439013061              
0.09185104718169552                0.14426121799960173                0.0019267397084612556              
0.09199964798364504                0.14601651715922118                0.0019232688568286466              
0.0921482486619909                 0.14253843295194119                0.0019030515352668376              
0.09229684921653362                0.14103847005220654                0.0018874040533625976              
0.09244544964707371                0.14297709428501457                0.0019031497582989775              
0.09259404995341172                0.1411942627083703                 0.0018997227122331346              
0.0927426501353481                 0.13409004031427604                0.001832214168343564               
0.09289125019268343                0.1362915427825241                 0.001852635636481067               
0.09303985012521819                0.14048867984141755                0.0018788693652990135              
0.09318844993275292                0.13369204964573606                0.001828825871380039               
0.09333704961508814                0.13588011660173352                0.0018615461303549046              
0.09348564917202434                0.13569767444446967                0.0018384586039613938              
0.09363424860336209                0.13479194233483732                0.0018370095153764452              
0.09378284790890191                0.13117780638909976                0.001809564234597746               
0.0939314470884443                 0.13369658848968458                0.0018355982351849624              
0.09408004614178979                0.13036564163866912                0.0018059370583108072              
0.0942286450687389                 0.13208818201161862                0.0018085788890418856              
0.09437724386909221                0.1339317253719228                 0.0018345090524772675              
0.09452584254265017                0.13228321040042368                0.001815850887025786               
0.09467444108921338                0.12852717691894772                0.0017808108363694304              
0.09482303950858231                0.1312025048486801                 0.0018057860572176692              
0.09497163780055753                0.13010192199708792                0.001792336764533352               
0.0951202359649396                 0.12945558669718416                0.0018009496305357233              
0.09526883400152898                0.130347041322904                  0.0017907922277236924              
0.09541743191012625                0.12682181738681877                0.0017715239885502257              
0.09556602969053193                0.13003415539277793                0.0017944709496367699              
0.09571462734254658                0.1273325582060002                 0.0017712432653280285              
0.09586322486597074                0.12981158170847606                0.0017929366025464834              
0.09601182226060492                0.13015145773120515                0.001779227822531381               
0.09616041952624964                0.12757659808298663                0.0017780818468463918              
0.09630901666270551                0.13028792216782784                0.0017884615766509929              
0.09645761366977304                0.13081570894146896                0.001794017061674001               
0.09660621054725275                0.12818862443753296                0.0017701829187474125              
0.0967548072949452                 0.12986513353972434                0.0017766422237209362              
0.09690340391265093                0.1256434172302207                 0.0017626461726261212              
0.0970520004001705                 0.130095775787518                  0.0017833055456795502              
0.09720059675730447                0.12883149792968798                0.0017683026561860827              
0.09734919298385332                0.12429293039433016                0.0017368769006737591              
0.0974977890796177                 0.1255494654253855                 0.0017518719554372908              
0.09764638504439807                0.12545285229970407                0.00175497158780372                
0.09779498087799501                0.12300138201949169                0.0017174877240943203              
0.09794357658020908                0.12842066354520554                0.0017680010399577471              
0.09809217215084083                0.12781301047056232                0.001761305279234505               
0.09824076758969084                0.12535405256948168                0.0017467661380080974              
0.09838936289655961                0.12708001476116357                0.0017500415942442544              
0.09853795807124772                0.12482471856475302                0.0017301757816205836              
0.09868655311355574                0.1280137528358177                 0.0017645742788396396              
0.09883514802328423                0.12499335837629771                0.001729525318833643               
0.09898374280023374                0.12695441117828685                0.0017585130355628148              
0.09913233744420481                0.12061927831622936                0.0016936634027781595              
0.09928093195499803                0.12556260381045736                0.00173956816599918                
0.09942952633241396                0.12140667083085134                0.0017166063175773063              
0.09957812057625312                0.12205717798821876                0.0017073021380466596              
0.09972671468631612                0.12078984795954205                0.0016972300393679489              
0.09987530866240353                0.12340244261509499                0.0017130968669568955              
0.1000239025043159                 0.12091910586506127                0.0017041004443314324              
0.10017249621185377                0.11663223862778895                0.0016771637437013765              
0.10032108978481775                0.1169293588297864                 0.0016577804957622216              
0.10046968322300841                0.11810468764633834                0.0016800250790678312              
0.10061827652622628                0.11421289731021                   0.001642373778343416               
0.10076686969427194                0.11498307747240641                0.0016582564631918164              
0.10091546272694601                0.11428873027755203                0.0016515091694391222              
0.101064055624049                  0.11356141757691147                0.0016331744082591704              
0.10121264838538155                0.11385954102463305                0.0016518739849145537              
0.1013612410107442                 0.11275431661625243                0.0016710304044793766              
0.10150983349993749                0.1116102989297338                 0.0016897080177462527              
0.10165842585276207                0.11128627301276642                0.0016929707898051666              
0.10180701806901846                0.11079350807687524                0.0017047172625016646              
0.10195561014850726                0.1107275630552361                 0.0017275893750316707              
0.10210420209102905                0.11014273701648328                0.0017149200894878505              
0.10225279389638445                0.11026961430156756                0.0017240153002132733              
0.10240138556437398                0.10754402835991816                0.0017203191454198182              
0.10254997709479825                0.11042357388496815                0.0017481365423814236              
0.10269856848745783                0.10710895402214832                0.0017437425920504112              
0.10284715974215335                0.10819146009348916                0.0017317839335223412              
0.10299575085868538                0.1094266586621597                 0.0017683997917449007              
0.10314434183685449                0.1053352568890156                 0.001733576106485051               
0.10329293267646124                0.11061535884898668                0.00178924614926244                
0.1034415233773063                 0.10668272598855531                0.001763893069342239               
0.10359011393919021                0.10453608813672079                0.0017386497139790108              
0.10373870436191358                0.1074432422033673                 0.0017862606199922086              
0.10388729464527696                0.11125896402739861                0.0018161249697626423              
0.10403588478908102                0.10737152344922428                0.0017887802209397424              
0.10418447479312629                0.10461355881325492                0.0017126765521485292              
0.10433306465721338                0.1069236277420862                 0.0017174408993943107              
0.1044816543811429                 0.10718434221881182                0.0017167633358080544              
0.1046302439647155                 0.10645540973455381                0.0016906205358253174              
0.10477883340773168                0.10579340529194692                0.0016742061826175673              
0.10492742270999211                0.10944501048073133                0.0017055042109822935              
0.10507601187129732                0.10446425816080245                0.0016617253935821662              
0.10522460089144804                0.108060129829982                  0.0016822900379848866              
0.10537318977024476                0.1077437885521641                 0.0016753362181377279              
0.10552177850748812                0.10343888121702853                0.0016359213477993761              
0.10567036710297875                0.10880312811198176                0.0016721142759556192              
0.10581895555651723                0.10869603472688674                0.0016776157084697812              
0.10596754386790419                0.104026903098813                  0.0016234398309267614              
0.10611613203694019                0.10543151739930208                0.0016374038536393547              
0.10626472006342588                0.10388469306336856                0.0016277749317092582              
0.10641330794716188                0.10430052052937017                0.0016231701012813684              
0.10656189568794881                0.1102323639489864                 0.001673648864424121               
0.10671048328558726                0.10453409641136478                0.001607836359907757               
0.10685907073987783                0.10558458542185298                0.0016319276733022725              
0.10700765805062118                0.10530306137120345                0.001621390818811896               
0.1071562452176179                 0.10109106940491189                0.001584585166761189               
0.10730483224066863                0.10451437421908166                0.0016094378996885268              
0.10745341911957391                0.10309214363987487                0.0015864085048240926              
0.1076020058541345                 0.10355123886542489                0.0016043372465337602              
0.10775059244415094                0.10267946568549102                0.0015906398180692686              
0.10789917888942382                0.10537893597759021                0.0016016219651739207              
0.10804776518975381                0.1026060229439488                 0.0015912214040187931              
0.10819635134494156                0.1027485511101458                 0.0015770187582198275              
0.10834493735478763                0.10322155691596183                0.0015942622707742003              
0.10849352321909271                0.10457487426188189                0.0015859247740321034              
0.1086421089376574                 0.10029968924980935                0.0015597745522462998              
0.10879069451028231                0.10030726947890313                0.0015659635531972986              
0.1089392799367681                 0.10084845961068854                0.001556867057509722               
0.10908786521691538                0.09966545056413514                0.001555943690893194               
0.1092364503505248                 0.09932421822494895                0.001530057985351392               
0.10938503533739702                0.09934116343045851                0.0015495597641604155              
0.10953362017733265                0.09867789761033509                0.0015416539714642374              
0.1096822048701323                 0.09895532361985897                0.001541105945881871               
0.10983078941559662                0.09734380334123795                0.0015290440910759838              
0.10997937381352627                0.09709817393770814                0.00151438857353423                
0.1101279580637219                 0.0985798823209221                 0.0015365638528417158              
0.11027654216598413                0.0966167127064672                 0.0015179977762272774              
0.11042512612011357                0.09559206905197176                0.0014943559231433                 
0.11057370992591092                0.0956862205796795                 0.0015028219474798419              
0.11072229358317678                0.09413708545050409                0.0014794042422899777              
0.11087087709171187                0.0915559547109328                 0.0014700317196492867              
0.11101946045131672                0.09490681334327593                0.0014784140603022707              
0.11116804366179206                0.09524982745822029                0.0014861032370804975              
0.11131662672293854                0.09544021309744864                0.0014870840117478953              
0.11146520963455678                0.09350158384054773                0.0014789445570828335              
0.11161379239644743                0.09274147988383973                0.0015068465792057804              
0.11176237500841117                0.09034384688174456                0.001485645273687458               
0.11191095747024861                0.09173965744014774                0.0015195267427312198              
0.11205953978176046                0.09221035617703674                0.0015353472957703497              
0.11220812194274735                0.09179821339011732                0.00152848491783795                
0.11235670395300991                0.0922624336452653                 0.0015474089465494624              
0.11250528581234887                0.09192710806605427                0.0015463589962460482              
0.1126538675205648                 0.0922026790876154                 0.0015654578920926581              
0.1128024490774584                 0.09250625742500897                0.0015692556694803645              
0.11295103048283038                0.09495869925295435                0.0015924062771018883              
0.11309961173648131                0.09131298130238952                0.0015738939522736992              
0.11324819283821194                0.09141837390829738                0.0015673512602374868              
0.11339677378782287                0.08887694543086537                0.0015509133913533                 
0.11354535458511482                0.09191062269025396                0.0015709496248208818              
0.11369393522988842                0.09149170869011695                0.0015704561677579278              
0.11384251572194438                0.09046602045030824                0.001563481553691074               
0.11399109606108329                0.09259659656155146                0.0015842951519364295              
0.11413967624710591                0.08909406533446779                0.0015528119437040167              
0.11428825627981287                0.09114162137890015                0.0015656005522742499              
0.11443683615900485                0.09024214309700163                0.0015778624046098872              
0.1145854158844825                 0.09137872383499644                0.0015776070061286347              
0.11473399545604654                0.09270956587052008                0.0015915951885756537              
0.11488257487349764                0.09252536826253738                0.0015938442201967689              
0.11503115413663645                0.09439444558303031                0.0016015169260065456              
0.11517973324526365                0.09218469075937646                0.0016025456866085076              
0.11532831219917995                0.09008698319829803                0.0015689263972432765              
0.11547689099818605                0.08975410326910134                0.001579991787393438               
0.11562546964208253                0.09138397452545288                0.0015891062848083775              
0.11577404813067017                0.08947467142966077                0.0015692481578195275              
0.11592262646374966                0.09339108370466129                0.0016222925093761567              
0.11607120464112164                0.0897870461157228                 0.0015663178761159736              
0.1162197826625868                 0.0897273722344611                 0.0015849330884562527              
0.11636836052794586                0.09301079156758688                0.0016130116928316906              
0.11651693823699948                0.09208288181876462                0.0016010177691810749              
0.11666551578954835                0.09281218846257852                0.0016185984076087254              
0.11681409318539324                0.0876243372478295                 0.0015504483038967006              
0.11696267042433472                0.08861797774979084                0.0015809522205818577              
0.11711124750617356                0.08647457131952446                0.0015617170168553767              
0.11725982443071048                0.08803348612510582                0.0015737839745373096              
0.1174084011977461                 0.08790121457892265                0.0015751995239606136              
0.11755697780708119                0.08741143832839345                0.0015669259475202973              
0.11770555425851639                0.09086376413157621                0.0016075159573395593              
0.11785413055185245                0.08831533373207903                0.0015763057383922508              
0.11800270668689006                0.08708460921345838                0.0015620714765643721              
0.11815128266342986                0.08758121607481803                0.0015788730908359496              
0.11829985848127267                0.0882194053184662                 0.0015839564223852297              
0.11844843414021912                0.08652832505258715                0.0015792575183492248              
0.11859700964006994                0.08724377648037457                0.0015654302822635299              
0.11874558498062582                0.08867536014885845                0.0015847524329950292              
0.1188941601616875                 0.08172344889085816                0.0015270743400436664              
0.11904273518305566                0.08642531708488393                0.001576327649957606               
0.11919131004453105                0.08388224907628049                0.0015523106628082554              
0.11933988474591431                0.08601257891841915                0.001559489174886084               
0.11948845928700624                0.08187160878600497                0.0015335957432067887              
0.11963703366760754                0.08489057767681485                0.0015576908337136311              
0.11978560788751887                0.08418131351143099                0.001557045451700841               
0.11993418194654097                0.08324551822251809                0.0015431721139401373              
0.12008275584447463                0.07941088953394589                0.0015110130798115327              
0.1202313295811205                 0.08145013300002386                0.0015335228614005048              
0.12037990315627929                0.08270848706551312                0.0015446718431846172              
0.12052847656975177                0.08511814832377336                0.0015650314975291207              
0.12067704982133863                0.08216446470498844                0.0015318424459452788              
0.12082562291084065                0.08241400059828884                0.0015511205706391265              
0.12097419583805849                0.082494534335137                  0.0015498936113666887              
0.12112276860279289                0.08284171533850974                0.001540724671957714               
0.12127134120484465                0.081296801228427                  0.0015366395561070177              
0.1214199136440144                 0.0807632551650481                 0.0015238350031141152              
0.12156848592010293                0.08320810244754223                0.0015619222893011047              
0.12171705803291097                0.08291569874274586                0.0015453111297303727              
0.12186562998223927                0.0834499202179149                 0.0015555376637488834              
0.12201420176788849                0.07962139146216089                0.0015311806050415555              
0.12216277338965947                0.0848410313629123                 0.0015697849492730786              
0.12231134484735287                0.08175958361766611                0.0015509378598681555              
0.12245991614076948                0.07698256114940512                0.001484005487123505               
0.12260848726971                   0.0834956399105341                 0.001567319734492686               
0.12275705823397523                0.08269676086115459                0.0015611501161935572              
0.1229056290333658                 0.08459409209236686                0.0015681714368343278              
0.12305419966768259                0.0809994631246411                 0.001540403768782353               
0.12320277013672629                0.08053491201243147                0.001530738994343653               
0.12335134044029764                0.08443607467945889                0.0015774867575523762              
0.12349991057819736                0.08036214424704206                0.00154229197647311                
0.12364848055022623                0.07996195707350649                0.0015220498405236768              
0.12379705035618503                0.08520138499515763                0.001590120579395175               
0.12394561999587449                0.08294213221716135                0.0015514725050013113              
0.12409418946909531                0.08184200606506635                0.001559815243834365               
0.12424275877564833                0.08329623008852878                0.0015580960761203614              
0.12439132791533426                0.08053397208003885                0.0015379612546905798              
0.1245398968879539                 0.08469386288499721                0.0015895318894153627              
0.12468846569330792                0.08016139619504709                0.0015330842349248204              
0.1248370343311972                 0.08065596946755978                0.0015505030310212827              
0.1249856028014224                 0.08321314402153783                0.0015559975706415411              
0.12513417110378433                0.08251195337342243                0.0015621213461759096              
0.12528273923808372                0.07984260160046888                0.001548081644591137               
0.1254313072041214                 0.07918642581837848                0.0015211291729648917              
0.1255798750016981                 0.08315520251415705                0.001570924670437548               
0.12572844263061453                0.07981123407693745                0.0015356835564392312              
0.12587701009067154                0.07914758776801671                0.001534605904382418               
0.1260255773816699                 0.08060203792372615                0.0015540675155607338              
0.1261741445034103                 0.08208026313450204                0.001552002822912114               
0.12632271145569363                0.07979326389017367                0.0015462533257669397              
0.12647127823832058                0.0767164616727876                 0.0015062726071837064              
0.12661984485109193                0.08043145724588525                0.001551066921837864               
0.1267684112938085                 0.07916438898504134                0.0015401515507111015              
0.12691697756627102                0.07713752496083703                0.00150844629740485                
0.1270655436682803                 0.08033875680658027                0.0015461200956212997              
0.1272141095996371                 0.07822447245413995                0.0015164224511180846              
0.12736267536014226                0.07775852550433955                0.0015217544512704166              
0.12751124094959648                0.07927356691020038                0.0015259031073262038              
0.12765980636780058                0.07686525084852605                0.0015051377742013431              
0.1278083716145554                 0.0761531539610608                 0.0015033481544559954              
0.12795693668966165                0.07503864505157913                0.0014839512006425597              
0.12810550159292017                0.07525014077025968                0.0014866808729289635              
0.1282540663241317                 0.0750512964448272                 0.0014790047950255193              
0.12840263088309706                0.07667266560381532                0.0015097842521678464              
0.12855119526961703                0.07821319061256303                0.0015176302252777605              
0.12869975948349244                0.07853448700695664                0.001516177595869335               
0.12884832352452402                0.07976445397321502                0.001533931807177212               
0.1289968873925127                 0.0745879384996621                 0.0014713027353863647              
0.1291454510872591                 0.07792095075195854                0.0015266883063281569              
0.12929401460856416                0.07443698939564732                0.0014760994543092537              
0.1294425779562286                 0.07257447203251888                0.0014695284044089958              
0.12959114113005324                0.07425124853679475                0.001487705254624666               
0.12973970412983893                0.07620487079733189                0.0014890695467372418              
0.12988826695538638                0.07450073109409991                0.0014915068752573801              
0.13003682960649648                0.07523976251644507                0.0014853167890937534              
0.13018539208297003                0.0747786144147822                 0.0014884448182378989              
0.13033395438460782                0.07700881424024093                0.00151376444466399                
0.13048251651121062                0.07538264287839214                0.001492506153002649               
0.13063107846257932                0.07590807691392061                0.0015029092577636266              
0.13077964023851468                0.07468870148254288                0.001480508876719935               
0.1309282018388175                 0.07319621987142517                0.001479693167183456               
0.13107676326328868                0.07437504069592074                0.0014857190195309324              
0.13122532451172894                0.0750996905640475                 0.0014877790390118264              
0.13137388558393917                0.07367338088446802                0.0014884270633241917              
0.13152244647972017                0.0746089883178615                 0.0014771885129226468              
0.13167100719887273                0.07536999299602165                0.0015067972615114159              
0.13181956774119763                0.0737785381899131                 0.001475275738150247               
0.13196812810649583                0.07467044108182995                0.001491917649201195               
0.13211668829456807                0.07796563005369184                0.001530504150780555               
0.13226524830521522                0.07546170699094362                0.0014952442896277258              
0.13241380813823803                0.07385062839424154                0.0014856544986797337              
0.13256236779343739                0.07508295815115691                0.001488909135829827               
0.1327109272706141                 0.07554349304280433                0.0015045639072551113              
0.13285948656956903                0.07875910288945184                0.0015369275648714098              
0.13300804569010294                0.07447576296487904                0.0014952078858832965              
0.13315660463201676                0.07561255831065092                0.0015000011772632906              
0.1333051633951113                 0.0742929672290938                 0.0014855622618348138              
0.1334537219791874                 0.07571740755111268                0.0015056406145053213              
0.13360228038404576                0.0714361507227048                 0.001462456056049099               
0.13375083860948744                0.07538729516391662                0.0014990763298369885              
0.13389939665531317                0.07124730838811101                0.001465671358716109               
0.13404795452132376                0.07245083355550393                0.0014721644192013338              
0.13419651220732015                0.0751792053570185                 0.00150358410714037                
0.1343450697131031                 0.07546474651848215                0.0014985439788097502              
0.13449362703847348                0.07370593163002608                0.0014887808858564185              
0.1346421841832322                 0.07194593995039737                0.001467673340166599               
0.13479074114717998                0.07398179881922763                0.0014922237484474986              
0.13493929793011783                0.072263985594936                  0.0014800240925824924              
0.13508785453184646                0.07387924642561773                0.001477584928512355               
0.13523641095216685                0.0706900876880266                 0.0014644702710620032              
0.13538496719087975                0.07231280107039265                0.0014727077737665946              
0.1355335232477861                 0.0712693789598619                 0.0014711143423673356              
0.13568207912268665                0.07318699677699617                0.0014868159767624598              
0.13583063481538238                0.07657521238603039                0.001507573021611413               
0.13597919032567404                0.07305387000135723                0.00148349933508096                
0.1361277456533626                 0.06910140068536093                0.0014371196768855133              
0.13627630079824887                0.07016045166818206                0.0014531861145198933              
0.13642485576013377                0.07277653077103023                0.0014846171177427961              
0.13657341053881802                0.07339019750749766                0.0014875712269931077              
0.13672196513410265                0.07257974985893703                0.0014905607811339632              
0.13687051954578844                0.07383014136721033                0.0014822461052220355              
0.13701907377367628                0.07223533095824418                0.0014797476050575481              
0.13716762781756708                0.07166022656499262                0.0014673509083363183              
0.13731618167726167                0.07196275397404599                0.0014769555254185818              
0.13746473535256093                0.07070450803043986                0.0014685555838799603              
0.13761328884326574                0.06832543595218471                0.0014290397142264581              
0.13776184214917697                0.07260728376523869                0.0014848767325330488              
0.13791039527009552                0.07310305088582839                0.0014820554328805347              
0.1380589482058223                 0.07167507925153958                0.001477287260144962               
0.1382075009561581                 0.07051426394655118                0.001463972721493655               
0.13835605352090388                0.07012880105775937                0.0014515967536832266              
0.1385046058998605                 0.07060160539735291                0.0014734270365393133              
0.13865315809282888                0.07103520179790061                0.0014622364885693371              
0.13880171009960984                0.07049735131355771                0.0014579765766738757              
0.13895026192000431                0.0724564158169435                 0.0014833431398400042              
0.1390988135538132                 0.06989869123255339                0.0014537011343118582              
0.13924736500083743                0.07191306824812034                0.0014910869304796167              
0.13939591626087777                0.07053667511796223                0.001451359626608125               
0.13954446733373518                0.06805263663748991                0.001440126343121763               
0.13969301821921062                0.06787393747742712                0.0014318631351110743              
0.13984156891710492                0.07102746770556805                0.0014679985428367526              
0.13999011942721898                0.06903707835095609                0.0014596522857746059              
0.14013866974935374                0.06850782222188107                0.001435368139858372               
0.14028721988331003                0.0679901516569467                 0.0014439866009469423              
0.14043576982888886                0.07032655733190915                0.001459446738669799               
0.14058431958589104                0.07179892165788047                0.0014785840645622059              
0.14073286915411753                0.06897013676540875                0.0014524052633391445              
0.14088141853336925                0.07114466983422311                0.0014679148360400845              
0.14102996772344703                0.07202815110498709                0.0014902730499907117              
0.14117851672415188                0.06878330777913916                0.001444632220898011               
0.14132706553528462                0.07066457721508793                0.0014642560282210472              
0.14147561415664625                0.07134829613227103                0.0014752597558218695              
0.14162416258803764                0.06863357852730416                0.0014469228807620408              
0.1417727108292597                 0.07055676547788607                0.001477648848841658               
0.14192125888011337                0.0710655337812252                 0.001461931963627622               
0.14206980674039957                0.07181568295187692                0.0014820752287754454              
0.1422183544099192                 0.07139034339052366                0.0014783429613637556              
0.14236690188847323                0.07011507512098633                0.0015228021215901958              
0.14251544917586248                0.06977136711441498                0.0015478019194959378              
0.142663996271888                  0.06928328574181894                0.0015645508359583842              
0.14281254317635064                0.07168396613080595                0.001616703093110453               
0.14296108988905137                0.07187288737341346                0.001637284818614615               
0.1431096364097911                 0.07165917837032859                0.001646576212382542               
0.14325818273837077                0.067755952009958                  0.0016100455806447407              
0.1434067288745913                 0.06785598384580521                0.001637105139709908               
0.14355527481825364                0.06994162515522687                0.0016786527214720296              
0.1437038205691587                 0.07012405646968263                0.001690841144698855               
0.14385236612710747                0.06763053549579022                0.0016684916764565997              
0.14400091149190083                0.06888284476402047                0.0017108800695699454              
0.14414945666333978                0.06957996435821437                0.0017314020947423669              
0.14429800164122517                0.06916396035230928                0.0017416625217424406              
0.14444654642535806                0.0700346790106568                 0.0017492278421482315              
0.14459509101553933                0.06784027099471145                0.0017394941280695242              
0.1447436354115699                 0.06727340337312447                0.0017588193550951222              
0.14489217961325077                0.06814418345961185                0.001784637563804137               
0.1450407236203829                 0.06715798515881942                0.0017753248874612442              
0.14518926743276714                0.06880197660524753                0.001799397981251212               
0.14533781105020457                0.06965498827840685                0.0018478009434396208              
0.14548635447249608                0.06569219566231353                0.0017919015428000088              
0.14563489769944266                0.070385693865503                  0.001877786593775746               
0.1457834407308452                 0.06678113121859677                0.0018277346218247353              
0.14593198356650475                0.06429138594135109                0.0018133646663301007              
0.1460805262062222                 0.06864844677268685                0.0019025024437880154              
0.1462290686497985                 0.06545010456194328                0.0018519494385954324              
0.1463776108970347                 0.06721125796416                   0.001894214509427133               
0.14652615294773166                0.06534291100529473                0.0018677027977501528              
0.14667469480169043                0.06888011336029154                0.0019420192596547856              
0.14682323645871195                0.06827687017815554                0.0019523621354322947              
0.14697177791859717                0.0692188194137052                 0.0019578038637263198              
0.1471203191811471                 0.06679544848582955                0.001950284028197441               
0.14726886024616265                0.06747316495215834                0.0019667214325940906              
0.14741740111344484                0.06768519512671922                0.0019967958753767797              
0.14756594178279467                0.06515774566708804                0.0019574747556862265              
0.14771448225401304                0.06465114704462738                0.0019755203108986603              
0.147863022526901                  0.06802293994381538                0.002055646052409147               
0.14801156260125947                0.0679073446755401                 0.0020336645359394358              
0.1481601024768895                 0.062110081203520226               0.001986061394851248               
0.14830864215359202                0.06564310859315621                0.0020267556632146463              
0.148457181631168                  0.06749597613773604                0.002085953109986855               
0.1486057209094185                 0.0680692963099625                 0.0021230230218023077              
0.14875425998814445                0.0718866289751258                 0.0021547680941227973              
0.14890279886714686                0.06800650220267099                0.002111840235932644               
0.1490513375462267                 0.06593568503518264                0.002067569162792146               
0.149199876025185                  0.06697610620896599                0.0021329537469260925              
0.1493484143038227                 0.06846981981046439                0.002150206683537756               
0.14949695238194086                0.06766494397743916                0.0021291342180067255              
0.1496454902593404                 0.0743402155744684                 0.002265249089395858               
0.1497940279358224                 0.06711969324699647                0.002128907396243809               
0.1499425654111878                 0.06479824189965172                0.0021409941762039106              
0.15009110268523762                0.07016579955106522                0.0021809981818464792              
0.15023963975777288                0.06677598695139336                0.0021756792221850696              
0.15038817662859452                0.07101404427631915                0.002267303940923905               
0.15053671329750368                0.06784764621531791                0.0021750956782676588              
0.15068524976430123                0.06442683867500447                0.0021595925389859723              
0.15083378602878825                0.0668143550057507                 0.00214971663471247                
0.1509823220907657                 0.06540953035845569                0.0021876219459045667              
0.15113085795003464                0.06521023547150515                0.0021773063887853845              
0.15127939360639608                0.06682578654144236                0.0021924829368300874              
0.15142792905965102                0.06650736929372672                0.0022059101956762653              
0.15157646430960048                0.06868815551159071                0.00219752878504231                
0.15172499935604547                0.06506135453790898                0.002200733145550862               
0.15187353419878702                0.06488329532280641                0.0021834967363553396              
0.15202206883762617                0.06616986924639238                0.002186314019384865               
0.1521706032723639                 0.06532668371392705                0.0022173321259975794              
0.15231913750280127                0.06595842684721262                0.002180518330157309               
0.15246767152873936                0.06886771530867522                0.0022841979312308545              
0.15261620534997902                0.06703995890893333                0.002198326854118653               
0.1527647389663215                 0.06495829879331508                0.002208648419419217               
0.15291327237756766                0.06525253203395429                0.0022434282637334322              
0.15306180558351865                0.06547792863214444                0.0022199096849072615              
0.15321033858397537                0.06428141604257324                0.0022393492381137803              
0.153358871378739                  0.06317218666079805                0.0021591808890348346              
0.15350740396761053                0.06136173487643833                0.0022056020134334975              
0.15365593635039093                0.06435978450316948                0.002240720084825118               
0.15380446852688134                0.06678888976385519                0.002274838612844371               
0.15395300049688274                0.06463353557706007                0.0023068698071737376              
0.1541015322601962                 0.06633785965025193                0.002259476466211781               
0.15425006381662276                0.05981721816718289                0.002224626280411394               
0.1543985951659634                 0.06158552013959551                0.002225175291849522               
0.1545471263080193                 0.06418770713406412                0.0022637258909513893              
0.15469565724259146                0.06628396158857322                0.002382527799002013               
0.15484418796948088                0.06537856493530994                0.002287306453343357               
0.15499271848848864                0.06615476560193331                0.002404435853289678               
0.15514124879941582                0.06696640540617424                0.002325839395546705               
0.15528977890206347                0.06055852575725695                0.002263178365814792               
0.15543830879623263                0.06423952179544415                0.0023425743251303185              
0.15558683848172433                0.06260222156888345                0.00231542680584845                
0.1557353679583397                 0.06101170491772732                0.0023209946396264823              
0.1558838972258798                 0.06341027967515017                0.0023216152878718687              
0.15603242628414563                0.0597540681679448                 0.002288101526640835               
0.15618095513293828                0.06424724374377849                0.002391034827566882               
0.15632948377205885                0.06444562206724823                0.0023885136659573666              
0.15647801220130841                0.06079788015130556                0.0023505818479167295              
0.15662654042048801                0.06289865032754037                0.002368900218545987               
0.1567750684293987                 0.06550116337741821                0.0024496046216707736              
0.15692359622784158                0.06228918924016395                0.002408239188356559               
0.15707212381561775                0.06449489619944719                0.0024019154503191666              
0.1572206511925283                 0.05860514402299575                0.002342332643752236               
0.15736917835837416                0.06291614475868404                0.002447154410116498               
0.15751770531295659                0.06326873620706473                0.00246086862800419                
0.15766623205607658                0.06536236966620666                0.002466943669010506               
0.15781475858753524                0.061087804088851054               0.0024147074772364534              
0.15796328490713368                0.05867658375843284                0.0023934677748583054              
0.15811181101467295                0.059282462681526704               0.002416172799969675               
0.15826033690995414                0.06145070362278966                0.0024252658189203866              
0.1584088625927784                 0.062347545436576716               0.002495899336259454               
0.15855738806294672                0.06442298129288529                0.002544554774312189               
0.15870591332026027                0.05932944200924191                0.0024241352825960867              
0.15885443836452012                0.06269896103036066                0.0025365284581741125              
0.15900296319552734                0.06038667247560709                0.002481876950432525               
0.1591514878130831                 0.06228873191888482                0.002528221638324475               
0.15930001221698845                0.05998325168150959                0.0025036525520818298              
0.15944853640704448                0.06596175345858281                0.002613499827631148               
0.15959706038305235                0.06114949158249358                0.002543483539064172               
0.15974558414481307                0.05858029793809118                0.002493343059679668               
0.1598941076921279                 0.061809372803205136               0.0025731578581157156              
0.16004263102479782                0.05586846241974332                0.0024618585974182355              
0.16019115414262397                0.061855714534336914               0.0025863173526309356              
0.16033967704540744                0.060517694035813835               0.0025828322416930768              
0.1604881997329494                 0.06055264028810305                0.002596173034013238               
0.16063672220505093                0.0635736733503395                 0.0026558283048306016              
0.16078524446151318                0.05968912043409726                0.0025902871955727877              
0.16093376650213723                0.0671000485066003                 0.002755468733622256               
0.1610822883267242                 0.061835834805083645               0.00268092344166673                
0.16123080993507524                0.06194480185490351                0.0026607570700944634              
0.16137933132699142                0.06139278563872614                0.0026896667727313514              
0.16152785250227394                0.05986022677249024                0.002637756751135901               
0.1616763734607239                 0.05920895045702955                0.002650556645217183               
0.1618248942021424                 0.06095355333905967                0.0027177846143605377              
0.16197341472633062                0.058839844721153514               0.002660829754653692               
0.16212193503308964                0.05683235129900761                0.002638375673466558               
0.1622704551222206                 0.05858223031876471                0.0026739007512125413              
0.1624189749935247                 0.06723173100561468                0.0028851897346290904              
0.16256749464680298                0.06227098488972928                0.00280739280979517                
0.16271601408185665                0.061687594508636055               0.0027839221684602847              
0.16286453329848682                0.057595340708040954               0.0027150703986270246              
0.16301305229649465                0.05764326889723075                0.00272643306289362                
0.16316157107568127                0.056784321171231396               0.0027009547209644884              
0.16331008963584778                0.05507953960374531                0.00271687332948529                
0.16345860797679546                0.05928585210036847                0.002770245941215015               
0.16360712609832537                0.06457997785651422                0.0029476592195997464              
0.1637556440002386                 0.06435116703546649                0.002977816878078895               
0.1639041616823364                 0.053909684278605825               0.0026722038402193326              
0.16405267914441987                0.0590274278665883                 0.002887125870269288               
0.16420119638629022                0.06110282881883391                0.0028900646322644824              
0.16434971340774857                0.05931009047859416                0.002894036081232207               
0.16449823020859602                0.05958907752718462                0.0029251127711927183              
0.16464674678863386                0.06185219672970869                0.002955412278485568               
0.16479526314766318                0.06180424620358391                0.0029979462965771266              
0.16494377928548515                0.05845966197222105                0.0029157029301493426              
0.16509229520190094                0.056758969192774816               0.0029040414986228175              
0.16524081089671167                0.06488603703380505                0.003125450427659898               
0.16538932636971862                0.06070449891077874                0.003016430802323627               
0.16553784162072283                0.061544257768082984               0.00305063559826088                
0.16568635664952555                0.06019025982227229                0.003043952277333197               
0.16583487145592796                0.05612157307189597                0.0029661173029615364              
0.1659833860397312                 0.058971153204096405               0.003061629725720457               
0.1661319004007365                 0.06283739924763763                0.00314580467896738                
0.16628041453874493                0.05464743059958953                0.0029680410149593097              
0.1664289284535578                 0.05717405968158934                0.00304306814592105                
0.16657744214497625                0.05574163575056333                0.003040955537947774               
0.1667259556128014                 0.05380024764549594                0.0030169680762850183              
0.16687446885683452                0.06009529001511595                0.0031498490640626074              
0.16702298187687672                0.058166774481535954               0.0031685461069717014              
0.16717149467272932                0.059635735076098983               0.0031922277110982117              
0.16732000724419338                0.057835081152882675               0.0031837164351233163              
0.16746851959107012                0.05672033560753721                0.0031857314337406404              
0.16761703171316078                0.05562222857636416                0.0031142469222581                 
0.16776554361026652                0.05328435401807339                0.0031289650063192225              
0.16791405528218858                0.05659177321420784                0.0032246155491821114              
0.1680625667287281                 0.05732684736115696                0.003245493635347537               
0.16821107794968634                0.058041394949035485               0.0033289023042760227              
0.1683595889448644                 0.05570082283790988                0.0032430272867247714              
0.16850809971406366                0.06470367524274125                0.0035246337814765377              
0.16865661025708517                0.06265581281130007                0.0035080520360898787              
0.16880512057373023                0.058276938611129224               0.003393014545811121               
0.16895363066379998                0.06163892377034365                0.003541063648248174               
0.16910214052709568                0.0631860574703548                 0.0035432981556234567              
0.16925065016341856                0.0671020045527965                 0.0037394485157405616              
0.1693991595725698                 0.059913912685820914               0.0035552366323080144              
0.16954766875435065                0.054181964020430164               0.0033602227633980483              
0.16969617770856224                0.05429286577301348                0.0034269353004066395              
0.1698446864350059                 0.05681563629083643                0.0035167995982570833              
0.1699931949334828                 0.05644639055012692                0.0035278994093829326              
0.17014170320379415                0.055821772766696316               0.003566322243739413               
0.17029021124574129                0.06098189365671948                0.0036907921035327623              
0.17043871905912528                0.06044864842676928                0.0037488660319453504              
0.17058722664374745                0.053401259481377396               0.00356008396542516                
0.17073573399940897                0.05377480545543715                0.003584987030362477               
0.17088424112591122                0.05671918814940568                0.003707849322678977               
0.17103274802305524                0.06640106182527078                0.0040261557582170595              
0.17118125469064235                0.06508724768546333                0.00404432478639785                
0.1713297611284738                 0.054430288859000205               0.0037121148897580917              
0.17147826733635088                0.05415776242538711                0.003773350106192927               
0.17162677331407472                0.06283365038129965                0.004064370969997055               
0.17177527906144666                0.05881686945266871                0.003947529808189138               
0.1719237845782679                 0.060699134976933855               0.0040738591986022536              
0.17207228986433967                0.05981064548317066                0.004060211177632853               
0.17222079491946324                0.05908666823271252                0.004136894237891891               
0.1723692997434399                 0.051266480350460004               0.003821177834359527               
0.17251780433607086                0.05842346083760634                0.004131162533865813               
0.17266630869715735                0.05450769137707766                0.0040074851717004055              
0.17281481282650069                0.04882552402828783                0.0038599965970167256              
0.17296331672390208                0.05525965680932564                0.004201313908632589               
0.17311182038916287                0.05981151626555487                0.004350647630428376               
0.1732603238220842                 0.06012810480126788                0.004362151199744562               
0.17340882702246738                0.05806967575262924                0.004389654878731842               
0.17355732999011372                0.048729348308218574               0.004060779025684881               
0.17370583272482443                0.06870534807044885                0.0048950533684120005              
0.17385433522640084                0.05849081286472806                0.004539767515394943               
0.17400283749464415                0.05036822469959969                0.004256891940798864               
0.1741513395293557                 0.058801737437924086               0.004648685516975849               
0.1742998413303367                 0.06228097099541208                0.004863326767214334               
0.17444834289738848                0.05657156435272587                0.004714297029393822               
0.17459684423031224                0.06001148287080623                0.0048836652154005235              
0.17474534532890937                0.05484504680684027                0.004668720427409203               
0.17489384619298107                0.057386743496670126               0.004920872657807498               
0.17504234682232866                0.05927234133324198                0.005063977870885698               
0.1751908472167534                 0.059924244409979524               0.005157457791864746               
0.1753393473760566                 0.0610666330549354                 0.005275353615272168               
0.17548784730003958                0.05912070557944912                0.0052255814779702285              
0.17563634698850353                0.05921190587826728                0.005338957754121965               
0.17578484644124984                0.05026368028376794                0.005026368028376794               
0.17593334565807975                0.05152413250001497                0.005126842803082209               
0.17608184463879456                0.055541602216449666               0.005446302183036252               
0.17623034338319563                0.04646278509803905                0.0049813334307082366              
0.17637884189108416                0.05696598781279836                0.005696598781279837               
0.1765273401622615                 0.06056396845286883                0.006026340099730902               
0.176675838196529                  0.050969784889774626               0.005528449385528616               
0.17682433599368788                0.05481667786149345                0.005945703512295784               
0.17697283355353952                0.05288208431170487                0.00583984927256027                
0.17712133087588516                0.05998931173157222                0.006468813846580995               
0.17726982796052618                0.06617835531337207                0.006937376639420335               
0.17741832480726386                0.05498538262313399                0.006391920895364759               
0.17756682141589947                0.06673272421465759                0.007369396574156504               
0.1777153177862344                 0.06279627138939932                0.007065132516348022               
0.17786381391806994                0.05083227405916528                0.0066746045808568025              
0.1780123098112074                 0.06551242471129565                0.007886769136586553               
0.17816080546544807                0.061524843933866674               0.0077514017381462895              
0.17830930088059335                0.06939685853601077                0.008478175647417555               
0.17845779605644455                0.0584378269053938                 0.008027052859660766               
0.17860629099280295                0.05127103390722562                0.007911292287904916               
0.17875478568946987                0.059499846472368494               0.00867894459981806                
0.1789032801462467                 0.05127125478597289                0.008545209130995482               
0.17905177436293476                0.05201442862930355                0.00879204313266573                
0.17920026833933536                0.0529805252333264                 0.009515583236068758               
0.17934876207524983                0.06656311267891106                0.010942908316305367               
0.17949725557047952                0.05768065985182042                0.011100648164161253               
0.17964574882482584                0.08939699959420404                0.015331458946391428               
0.17979424183809004                0.063103901079887                  0.012881029868732293               
0.17994273461007346                0.0854533845931781                 0.01709067691863562                
0.18009122714057746                0.0469994634782656                 0.014170871427765354               
0.18023971942940345                0.04785410306931986                0.018087150847924723               
0.18038821147635273                0.034181576461805876               0.017090788230902938               
0.18053670328122662                0.05127247618874544                0.029602177929590856               
0.18068519484382653                nan                                nan                                
