#####################################################################################################
# NeXus source file: noemi7
# NXdata: name = img{0}_azimuthalIntegration_Px_3                  
#
#
# Exposure_msec                                     1000.0 + 0.0
# _diffrn_source.source                             Storage Ring SOLEIL, beamline SWING
# _diffrn_sofware                                   Foxtrot 3.5.10-3979
# _diffrn_detector.detector                         EIGER-4M
# _diffrn_comment.comment                           -
# _sas_detc.pixnum_ax                               [1035]
# _sas_detc.pixnum_eq                               [1083]
# _sas_detc.pixsize                                 150.0
# _sas_detc.center_ax                               285.110346632731
# _sas_detc.center_eq                               957.0166664324403
# _sas_detc.dist_spec/detc                          6137.21860334
# _sas_detc.energy                                  12.000505731836514
# _sas_detc.gain                                    1.0
# _sas_detc.detector_based_uncertainty              0.0
# _sas_detc.encoder_delta                           0.0
# _sas_detc.delta0                                  0.0
# _sas_detc.gamma_offset                            0.0
# _sas_detc.wave_length                             1.0331580057586949
# _sas_detc.bias                                    0
# _sas_detc.mask                                    E:\20251487\published-data\3120\2026-09-03_session3\\mask_bags_saxs_12kev_sept26.txt
# Normalization                                     true
# Normalization Factor                              0.02571
# Normalization Monitor                             averagemi8b
# Normalization Intensity                           1.644752941487714e-06
# GlobalNormalization                               38.21535798630188
# AbsTimeStamps                                     nan
# TimeStamps                                        1.3662910461425781
# gapTime                                           500.0
# step_global_regrid                                nan
# xmax_global_regrid                                nan
# xmin_global_regrid                                nan
# ymax_global_regrid                                nan
# ymin_global_regrid                                nan
#####################################################################################################
q(A-1)                             I(q)Li34_00204{00000}_AzInt_Px_3   Sig(q)Li34_00204{00000}_AzInt_Px_3 
0.0                                nan                                nan                                
0.0001486390049044326              nan                                nan                                
0.00029727800960908403             nan                                nan                                
0.000445917013914173               nan                                nan                                
0.0005945560176199183              nan                                nan                                
0.0007431950205265388              nan                                nan                                
0.0008918340224342532              nan                                nan                                
0.0010404730231432808              nan                                nan                                
0.0011891120224538396              54266.50378809246                  18.841564953251915                 
0.001337751020166149               90632.97063168642                  9.940735908503486                  
0.0014863900160804278              131544.04879213832                 8.947102813928314                  
0.0016350290099968942              163896.46165792923                 8.599077231210506                  
0.0017836680017157683              183493.77370133394                 9.343517069722774                  
0.001932306991037268               191268.02906649475                 8.913165762288285                  
0.0020809459777616124              188289.44964371852                 8.159775406007038                  
0.0022295849616890207              175288.87527797796                 7.668509387045729                  
0.0023782239426197124              158921.6640757583                  6.723241662749169                  
0.0025268629203539046              139250.83034530157                 6.509247144704225                  
0.0026755018946918183              118703.65683027041                 5.46507940438692                   
0.002824140865433671               99009.36179180499                  4.967347982632297                  
0.0029727798323796835              81032.28149088443                  4.351120729935825                  
0.003121418795330073               65986.08012643839                  3.7775880818969694                 
0.0032700577540850603              53406.04802995778                  3.456077066525248                  
0.0034186967084448633              42958.92051999334                  2.84380894928526                   
0.0035673356582097003              34683.80045631067                  2.5645132203118615                 
0.003715974603179794               28777.293138002133                 2.310982035700691                  
0.00386461354315536                24433.57548505665                  2.071483809466621                  
0.00401325247793662                21064.261155983826                 1.9105825961058698                 
0.004161891407323792               18522.4929680403                   1.6738165364508273                 
0.004310530331117095               16606.17396848905                  1.6082788411844022                 
0.00445916924911675                15152.220496253547                 1.5138968949472495                 
0.004607808161122976               13908.486172563145                 1.4180183959145405                 
0.004756447066935991               12777.705956858335                 1.3554140528051057                 
0.004905085966356017               11727.803154815685                 1.2295368823816144                 
0.00505372485918327                10805.333234678401                 1.2135277921021848                 
0.005202363745217974               9897.729066371892                  1.1053024242282115                 
0.005351002624260346               9032.190820275915                  1.0608847114755253                 
0.005499641496110608               8211.998032564154                  0.9928358984594106                 
0.005648280360568975               7481.257097468783                  0.9266189577815399                 
0.005796919217435672               6813.942684889354                  0.9023156927132632                 
0.0059455580665109175              6169.158804580713                  0.8068048118516208                 
0.00609419690759493                5582.010925498497                  0.7721357483122081                 
0.006242835740487932               5064.44051098514                   0.7324848347038223                 
0.00639147456499014                4605.847863952755                  0.6915696370564255                 
0.006540113380901778               4204.800954389631                  0.6517848320369193                 
0.006688752188023065               3837.6290013903026                 0.598871858869308                  
0.0068373909861542195              3512.737239728099                  0.5889539529811488                 
0.006986029775095464               3222.53646423012                   0.5449055280134519                 
0.0071346685546470195              2967.948467690511                  0.5211066839218176                 
0.007283307324609103               2738.441099255773                  0.4962342188683121                 
0.00743194608478194                2535.899023112426                  0.465679141109381                  
0.007580584834965747               2348.344208369948                  0.4571816089675863                 
0.007729223574960747               2184.664475027659                  0.4220087124333741                 
0.007877862304567157               2035.0529766942866                 0.41051203963969485                
0.008026501023585205               1894.5327551377966                 0.3899634108990129                 
0.008175139731815108               1771.577410541873                  0.3725533355059565                 
0.008323778429057087               1658.8375139992756                 0.36716022922455666                
0.00847241711511136                1551.0305229772928                 0.3386025366099157                 
0.008621055789778157               1452.876728563432                  0.328643267939886                  
0.00876969445285769                1360.673593618025                  0.31625229841243624                
0.008918333104150186               1276.7318194425238                 0.30548512090436764                
0.009066971743455865               1199.32748853837                   0.29282631961233035                
0.009215610370574947               1128.559555047864                  0.2773182242960766                 
0.009364248985307655               1062.1241153858705                 0.27444559078296693                
0.009512887587454211               1000.8384247287376                 0.25880665370610345                
0.00966152617681484                943.5071826153999                  0.2506445040127003                 
0.009810164753189759               889.0003980823376                  0.24237357359299885                
0.00995880331637919                839.9664751982899                  0.22931092322712998                
0.010107441866183361               793.9313282430574                  0.23109928542893712                
0.010256080402402487               750.9511095705092                  0.21327793074568852                
0.010404718924836796               710.6567476120464                  0.2109229264848308                 
0.010553357433286508               672.551462648188                   0.20022233202205608                
0.010701995927551847               638.3128826674089                  0.19528181015749257                
0.010850634407433035               605.6554879543221                  0.19220569567501877                
0.01099927287273029                574.9943361891332                  0.18164835172989505                
0.011147911323243845               546.6622323213765                  0.17789856552784358                
0.011296549758773915               520.1788306042766                  0.1707261530188652                 
0.011445188179120724               495.50275567663437                 0.16680622971760806                
0.0115938265840845                 471.47672014216096                 0.16236387883646813                
0.011742464973465466               449.1837334495586                  0.15472251364608156                
0.011891103347063838               428.67248375717566                 0.1538352678225898                 
0.012039741704679847               408.76180484744907                 0.14699916405760302                
0.012188380046113712               389.7083520708284                  0.14210406776405793                
0.012337018371165662               372.23067361189527                 0.139295342280277                  
0.01248565667963592                356.1780000579345                  0.1343974725316812                 
0.012634294971324705               340.70608702066613                 0.13286992717326193                
0.012782933246032245               325.82503851352226                 0.12659567957188436                
0.012931571503558769               312.3552231374342                  0.12477490307151386                
0.013080209743704493               299.4151561511907                  0.11990055120032383                
0.013228847966269644               286.7672300170842                  0.11810171329327501                
0.013377486171054451               274.9557648696404                  0.11511027991925706                
0.013526124357859137               263.8445153295687                  0.11093670177770865                
0.013674762526483924               253.62134912054924                 0.10886331915114948                
0.013823400676729044               243.52723593983907                 0.1054579137458884                 
0.013972038808394713               234.36731866535249                 0.1045562138154322                 
0.014120676921281166               225.121630525165                   0.1002634385472981                 
0.014269315015188622               216.5033902988682                  0.09749717855614756                
0.014417953089917307               208.38076385641932                 0.09679438953158852                
0.014566591145267453               200.67602135388208                 0.09355241830669458                
0.014715229181039282               193.1438085758061                  0.0920873989920345                 
0.014863867197033016               186.36280189238332                 0.08890373631392973                
0.015012505193048892               179.64729026022866                 0.08679626943660956                
0.015161143168887127               173.36004053044493                 0.08609577645536055                
0.01530978112434795                167.3118799264761                  0.08290424554577633                
0.01545841905923159                161.7212194724684                  0.08228612923711061                
0.015607056973338276               155.70608190629983                 0.07881049361233847                
0.015755694866468228               150.43934802980723                 0.07812393033921715                
0.015904332738421678               145.47575260827335                 0.07688394054618232                
0.01605297058899886                140.87337623252049                 0.07406501727477967                
0.016201608417999988               136.28396269659828                 0.07356360686465026                
0.0163502462252253                 131.8417506683155                  0.07091658451889249                
0.016498884010475022               127.70509662402979                 0.07088865290929709                
0.01664752177354938                123.49643871223414                 0.06858550220932352                
0.0167961595142486                 119.59138275287789                 0.06676746785559114                
0.016944797232372917               115.83800108830287                 0.06628031206622384                
0.017093434927722556               112.28931523597444                 0.06437684757881648                
0.017242072600097746               108.89297409141865                 0.06403113196248902                
0.01739071024929872                105.61307080332709                 0.06144506274394496                
0.017539347875125698               102.5240171363953                  0.06099987120317936                
0.017687985477378917               99.50567354038598                  0.059970604704049885               
0.01783662305585861                96.48912765077355                  0.05829463922256867                
0.017985260610364994               93.92283284749224                  0.058143646967935225               
0.018133898140698313               91.10028328327951                  0.05585950904770017                
0.018282535646658788               88.50150769528827                  0.055679972400509384               
0.018431173128046652               86.19016797537134                  0.05454793149025899                
0.018579810584662137               84.10976132312183                  0.05339475820952113                
0.01872844801630547                82.44535297229753                  0.053209567402799106               
0.018877085422776888               79.6063193662767                   0.05245779175054907                
0.01902572280387662                77.48901127838243                  0.052958433818849314               
0.019174360159404893               75.50692602874535                  0.051533685059424                  
0.019322997489161938               74.32447068696005                  0.051266583332398585               
0.019471634792947997               71.5968817502907                   0.05229812769978843                
0.019620272070563285               69.739308069615                    0.05142788875746662                
0.019768909321808054               67.86571235412491                  0.05171608517051967                
0.019917546546482524               66.0317456030228                   0.0503717873017379                 
0.020066183744386925               64.23575521062493                  0.050697217400310704               
0.0202148209153215                 62.66062053560103                  0.050855432190734386               
0.020363458059086476               61.066220346587                    0.04924277271111413                
0.020512095175482088               59.5820318546001                   0.05010679144987936                
0.020660732264308566               58.20208579562243                  0.04814723847383517                
0.02080936932536615                56.73503665292518                  0.04937440454505215                
0.020958006358455062               55.42368904751469                  0.04836562142181253                
0.02110664336337555                54.10295181501549                  0.04751838447147443                
0.021255280339927837               52.81180208423097                  0.04755869192792805                
0.02140391728791216                51.58775001040828                  0.046549426905527845               
0.021552554207128764               50.37047953322708                  0.04730592294957777                
0.02170119109737787                49.23584508725801                  0.045957983214063004               
0.021849827958459727               48.14283021658731                  0.04551968601694941                
0.021998464790174553               47.08910079587853                  0.045700346051646946               
0.022147101592322593               46.02629204532137                  0.04458122891024828                
0.022295738364704085               46.83994177916684                  0.04467961266500466                
0.022444375107119267               45.15652418118578                  0.04260447606896205                
0.022593011819368364               44.02015562490116                  0.0422929892914412                 
0.022741648501251623               43.04000393602119                  0.04181949712231261                
0.022890285152569273               41.96828164492236                  0.04015805648863005                
0.02303892177312156                41.128737254618905                 0.040351312609929656               
0.023187558362708714               40.25592056543597                  0.03907294129580102                
0.02333619492113097                39.52375902050386                  0.03955616879999502                
0.023484831448188578               38.71648174733326                  0.03829083262382506                
0.023633467943681763               37.88359081065424                  0.03804225353698193                
0.023782104407410774               37.048476643195634                 0.03762061638778856                
0.023930740839175842               36.344489847889484                 0.03667715656024497                
0.024079377238777205               35.605609667096566                 0.03690772726182313                
0.024228013606015102               34.936373342134395                 0.035782938957152025               
0.024376649940689773               34.22994046126912                  0.035619431891347045               
0.024525286242601464               33.6613812579292                   0.03534742152903384                
0.024673922511550404               33.08912225840345                  0.034511339304228554               
0.024822558747336843               32.47736210754757                  0.034868899934120144               
0.024971194949761022               31.847625603283365                 0.03346868023765894                
0.025119831118623162               31.316237669717466                 0.033997600297461794               
0.025268467253723528               30.730175678530678                 0.033327281934142625               
0.025417103354862348               30.1232583384108                   0.03252816469272939                
0.02556573942183986                29.592214868098637                 0.03265932583343824                
0.02571437545445632                29.102257390597075                 0.03161350946980583                
0.025863011452511953               28.604564615502866                 0.03222084778915219                
0.026011647415807016               28.15126219348465                  0.03136136952160015                
0.02616028334414174                27.69794050669405                  0.031087096999897538               
0.026308919237316375               27.212448154328246                 0.030772445886492018               
0.026457555095131157               26.780188353289304                 0.030466357682245288               
0.026606190917386335               26.248287424749567                 0.03032336920675981                
0.026754826703882146               25.927535617233737                 0.02958810195526847                
0.026903462454418846               25.483119448224635                 0.02944764258580446                
0.027052098168796664               25.07812996321216                  0.02946280934883757                
0.027200733846815844               24.677221066822582                 0.028791676030076988               
0.027349369488276647               24.313458277815663                 0.028726571766763423               
0.0274980050929793                 24.007861181005552                 0.028416764636962105               
0.027646640660724066               23.553977658453036                 0.02805685667719764                
0.02779527619131117                23.117876176708908                 0.027957048775659257               
0.027943911684540874               22.937522633959777                 0.02752951593898546                
0.02809254714021341                22.484573812456873                 0.02725635163421109                
0.02824118255812904                22.16837114429949                  0.027029916159789183               
0.028389817938087997               21.843148057388845                 0.026780370810991924               
0.028538453279890536               21.53979807387036                  0.026560462351869516               
0.0286870885833369                 21.224041814567684                 0.026299322162593192               
0.02883572384822734                20.90022375132331                  0.02588920683420496                
0.028984359074362098               20.661632490703663                 0.026078774818816337               
0.029132994261541426               20.31586041174181                  0.02541594143148628                
0.029281629409565572               20.047258680994382                 0.025464890989979796               
0.029430264518234783               19.77639711556558                  0.025229984063773067               
0.029578899587349307               19.542416410417232                 0.02489722226174753                
0.029727534616709395               19.303342419573372                 0.024850116107519638               
0.029876169606115298               19.028595722878695                 0.02443482534338656                
0.030024804555367265               18.77116408292891                  0.02428354435999141                
0.03017343946426554                18.51419861461457                  0.024174875486164215               
0.030322074332610385               18.290529500654618                 0.023999475938699704               
0.03047070916020204                18.05766924045445                  0.02361991620258254                
0.030619343946840766               17.813341539351615                 0.023529133962289617               
0.03076797869232679                17.581389199506734                 0.02323786196905177                
0.030916613396460405               17.405663848575468                 0.023369623863039493               
0.031065248059041834               17.22103529764397                  0.022851450044922957               
0.031213882679871328               16.965638090616817                 0.022894597275848964               
0.031362517258749154               16.745405589865097                 0.02253368059316136                
0.031511151795475555               16.564506336713276                 0.022411639575706153               
0.031659786289850785               16.38882111136523                  0.02238344023552473                
0.03180842074167511                16.159490085506366                 0.021933570410696584               
0.03195705515074876                15.96086819787278                  0.02194869658060539                
0.03210568951687201                15.805223170204423                 0.021803730315982452               
0.032254323839845105               15.632873758452853                 0.021585511706066696               
0.03240295811946831                15.464058299631324                 0.021517722555786132               
0.032551592355541864               15.353391674555827                 0.021163929627468193               
0.032700226547866036               15.098667087602712                 0.021274170423851175               
0.03284886069624108                14.96443567892697                  0.020964371974315024               
0.03299749480046724                14.835977358460127                 0.020874200568487062               
0.033146128860344785               14.64544187427628                  0.020693332298272884               
0.033294762875673976               14.50733042425185                  0.02048142919670513                
0.03344339684625505                14.350534189651695                 0.020646049473499028               
0.0335920307718883                 14.196670351771914                 0.020149936126429686               
0.03374066465237394                14.119241637903013                 0.020205632777923203               
0.03388929848751226                13.960948835685562                 0.02001479734133205                
0.034037932277103514               14.000870243152889                 0.02008749716410567                
0.03418656602094795                14.105381360523547                 0.020240505162678533               
0.034335199718845834               13.745823509966167                 0.020229370128538073               
0.034483833370597426               13.608880893242558                 0.02038507445635424                
0.03463246697600298                13.451019962042887                 0.0203020676319199                 
0.03478110053486277                13.305180139915212                 0.02039573395095244                
0.034929734046977044               13.289786278894315                 0.020347503621370607               
0.03507836751214607                13.388256613296408                 0.019863117046704116               
0.0352270009301701                 13.167970060094843                 0.019856178193354893               
0.03537563430084941                12.961229157125898                 0.019434661526039183               
0.03552426762398426                12.846580186631757                 0.019402611351686378               
0.035672900899374894               12.708124477517396                 0.01912718373094605                
0.0358215341268216                 12.59896239382595                  0.018951272830813066               
0.03597016730612462                12.471811818098338                 0.019074843429885153               
0.036118800437084236               12.342678315078611                 0.018576303750212696               
0.036267433519500715               12.24416264448393                  0.018672368391565754               
0.036416066553174295               12.137742197788256                 0.01839199631835302                
0.036564699537905254               12.035479961143409                 0.018383007288811974               
0.03671333247349387                11.937772999142014                 0.018308240402533985               
0.036861965359740394               11.863781810648847                 0.01807768328980274                
0.037010598196445095               11.738043790017398                 0.018019610193011192               
0.037159230983408245               11.660107315373107                 0.017950207727883808               
0.03730786372043011                11.538806696713603                 0.017828382303548825               
0.03745649640731094                11.479094979213263                 0.017698559121682493               
0.037605129043851035               11.396541804256648                 0.017498489193508375               
0.03775376162985063                11.32800620925439                  0.01760006845879864                
0.03790239416511001                11.246747205269317                 0.017409950552203537               
0.03805102664942944                11.162252359003517                 0.017371288179803483               
0.038199659082609194               11.07295513093421                  0.017212986482772523               
0.038348291464449534               11.00916542919316                  0.017110930798365735               
0.03849692379475074                10.900790612445318                 0.01714893749827429                
0.03864555607331307                10.882994511264739                 0.01698673124073225                
0.0387941882999368                 10.814719666190943                 0.01692479624844553                
0.03894282047442221                10.716661662941222                 0.01667991694378077                
0.03909145259656955                10.629291602151094                 0.01682170040718987                
0.03924008466617912                10.552920465878834                 0.01656845210848279                
0.03938871668305117                10.467526256746485                 0.016395687609842828               
0.03953734864698598                10.40592927064703                  0.01636344568412033                
0.03968598055778383                10.361462097037148                 0.01623296074839019                
0.03983461241524497                10.28916401621185                  0.016263393301700384               
0.0399832442191697                 10.259507269864763                 0.016090479513442644               
0.040131875969358285               10.151553827602708                 0.015913794105397675               
0.040280507665611                  10.100406502189724                 0.015972940429450615               
0.040429139307728124               10.036247298550704                 0.015830712603087542               
0.04057777089550993                10.018186492156337                 0.015923180625524735               
0.040726402428756685               9.98264930309209                   0.015647189377512836               
0.04087503390726868                9.897180210334652                  0.015765858621845097               
0.04102366533084617                9.859768448369785                  0.01569841741093863                
0.041172296699289464               9.812770174791678                  0.015535347162041328               
0.04132092801239882                9.775530365846018                  0.015608874400811738               
0.04146955926997452                9.751464065659821                  0.015486749646237459               
0.04161819047181683                9.687294432129033                  0.015508765616730721               
0.041766821617726047               9.693223310697201                  0.015506160555980341               
0.041915452707502444               9.632635169518654                  0.015313160366100186               
0.042064083740946306               9.602787143212904                  0.015332268473908438               
0.0422127147178579                 9.605404439575258                  0.015291508230268808               
0.04236134563803752                9.877765789304316                  0.015506792226332819               
0.042509976501285435               9.684430648260681                  0.01567090749359908                
0.04265860730740194                9.586654632322842                  0.015660037020709974               
0.042807238056187316               9.586780193591162                  0.015886944011298396               
0.04295586874744183                9.524492102403515                  0.01585120787577818                
0.043104499380965784               9.490587240222306                  0.015903334587931393               
0.04325312995655945                9.447551520865172                  0.015818987117460503               
0.04340176047402311                9.384454634105344                  0.015936351719591915               
0.04355039093315706                9.343700868353935                  0.01588529601465717                
0.043699021333761565               9.335773596939752                  0.015837751656052022               
0.04384765167563693                9.302488777986731                  0.01594929808010723                
0.04399628195858344                9.287697213510556                  0.015772655715805734               
0.044144912182401366               9.277984401015285                  0.015936614577465227               
0.04429354234689099                9.221472465288514                  0.01583016004733525                
0.044442172451852634               9.249919309062472                  0.01582992427807346                
0.04459080249708656                9.23212901738638                   0.015847543099855668               
0.044739432482393045               9.220672060094387                  0.01582948576305643                
0.044888062407572406               9.217756976751977                  0.016027973294454233               
0.04503669227242491                9.164091429338576                  0.01571570936966949                
0.04518532207675085                9.166952442376445                  0.015975246844713565               
0.04533395182035053                9.187645987339554                  0.01590050807062841                
0.04548258150302422                9.157036071093264                  0.015924316867065587               
0.04563121112457223                9.089703325716025                  0.01602760876745125                
0.045779840684794834               9.107526943938309                  0.015806129523543166               
0.045928470183492345               9.114292665247373                  0.016040622910292797               
0.04607709962046502                9.067365845732661                  0.015973453691269065               
0.046225728995513186               9.097577314894657                  0.015965748808181433               
0.046374358308437114               9.066306649849583                  0.015972529603603867               
0.04652298755903712                9.005567129464884                  0.015800456418602775               
0.046671616747113474               9.024634733396773                  0.016065878826651423               
0.046820245872466484               9.038671289846741                  0.01584627486660669                
0.04696887493489644                9.023983499058405                  0.01587558777464904                
0.04711750393420365                9.022411367836693                  0.01589117801216397                
0.047266132870188396               9.045720530123141                  0.01572774008682463                
0.04741476174265097                9.016932755958003                  0.015869398039696676               
0.047563390551391686               9.06268780604407                   0.015717875734210688               
0.04771201929621082                9.057236647514236                  0.015787329797121004               
0.047860647976908685               9.079113094476023                  0.01583137921259468                
0.04800927659328559                9.061871650797372                  0.015611831892638883               
0.048157905145141816               9.11026253427228                   0.01585852299922434                
0.04830653363227766                9.140182636283368                  0.015655037532456416               
0.04845516205449344                9.129797649359288                  0.015858805952942177               
0.04860379041158943                9.133246149927622                  0.015886909828174763               
0.04875241870336596                9.170662806204207                  0.0156650902577789                 
0.04890104692962332                9.167010433191441                  0.015841161104622133               
0.04904967509016181                9.187648695923452                  0.015719835339620774               
0.04919830318478172                9.22185646881224                   0.015913476965316066               
0.049346931213283374               9.291215423253014                  0.01585716362892321                
0.049495559175467066               9.311414899590792                  0.015825375673049452               
0.0496441870711331                 9.333606233903119                  0.015918016831017893               
0.049792814900081785               9.358521065814505                  0.01582475711344606                
0.04994144266211342                9.38133856814175                   0.01600857408185204                
0.05009007035702831                9.454925210103612                  0.015857496726786706               
0.05023869798462676                9.456037419145835                  0.015972466501162758               
0.050387325544709094               9.537536101612881                  0.01610771567895859                
0.050535953037075594               9.578749723135978                  0.016034507718164157               
0.050684580461526595               9.656191298615799                  0.016115736903009457               
0.05083320781786236                9.707752422258183                  0.01603557970948404                
0.05098183510588326                9.730439094716775                  0.016219313384285495               
0.05113046232538955                9.838205505331645                  0.016200465720171992               
0.05127908947618157                9.86935993553363                   0.01626761094832395                
0.05142771655805962                9.954288060386776                  0.016362626183333544               
0.05157634357082401                10.055268828248655                 0.016303607342227563               
0.05172497051427505                10.13706501741354                  0.016563323175287022               
0.051873597388213066               10.21929789076465                  0.016345500493501846               
0.05202222419243834                10.327615151443727                 0.01654803058810559                
0.05217085092675122                10.406542659068528                 0.01669594315007575                
0.052319477590952006               10.522248914829353                 0.016703244980174475               
0.05246810418484102                10.630670283756789                 0.01678058629784898                
0.05261673070821854                10.754704685548207                 0.016818726977264588               
0.052765357160884915               10.84904769419706                  0.016917863917311187               
0.052913983542640465               11.04515207897429                  0.017095956207276063               
0.05306260985328549                11.124694235994747                 0.017227226711337515               
0.05321123609262031                11.245045801797422                 0.017206533820740652               
0.053359862260445236               11.436879044882751                 0.017274655982671062               
0.05350848835656059                11.556836892608102                 0.017469839475361505               
0.05365711438076671                11.71126700321907                  0.017489382274708254               
0.05380574033286389                11.904876118571469                 0.01767752221757924                
0.05395436621265246                12.124609320288101                 0.017830982668463686               
0.054102992019932725               12.278615918233234                 0.017925922746152477               
0.05425161775450505                12.432863765359455                 0.018119896603291864               
0.0544002434161697                 12.68366653851137                  0.017995651425411065               
0.054548869004727024               12.886699625380528                 0.018373646163631633               
0.054697494519977345               13.088820395660063                 0.01852645672609996                
0.054846119961720986               13.312752877149094                 0.018619089111636792               
0.05499474532975826                13.517362661656723                 0.018799080783128325               
0.055143370623889514               13.75292819043836                  0.01870241606975445                
0.05529199584391504                14.012936780520798                 0.019150165872882163               
0.05544062098963519                14.254250820695466                 0.019133446654744615               
0.055589246060850264               14.498918354900256                 0.019411599208700503               
0.05573787105736062                14.805800352230973                 0.019548136441582774               
0.05588649597896656                15.01181352389998                  0.019568225341778038               
0.056035120825468424               15.340966836535864                 0.019977266467748535               
0.05618374559666653                15.625445635076028                 0.01996417462382635                
0.056332370292361225               15.926788532538241                 0.02028468956531087                
0.05648099491235282                16.345920575699477                 0.020429224860426067               
0.05662961945644166                16.544025237889333                 0.020582798445160033               
0.05677824392442804                16.923147944967255                 0.02094060931613289                
0.056926868316112336               17.329408163624766                 0.02088260964157433                
0.057075492631294855               17.69045943359743                  0.021284028501697482               
0.05722411686977594                18.12088795077763                  0.0214160484865687                 
0.05737274103135591                18.54553827229997                  0.02180303107563387                
0.057521365115835124               18.967688143034636                 0.021974591816813105               
0.05766998912301387                19.424816162091755                 0.02211979050039003                
0.057818613052692536               19.92387255777575                  0.02263202760907326                
0.05796723690467142                20.4599531392587                   0.02259306753406708                
0.05811586067875089                21.023799727557666                 0.023135017229728                  
0.05826448437473124                21.528941865541512                 0.023309496675766064               
0.05841310799241284                22.187372970449815                 0.023561242215966588               
0.05856173153159601                22.737069220342622                 0.02409442389532046                
0.05871035499208109                23.453030930634032                 0.02415477570713218                
0.058858978373668436               24.04735787922344                  0.024658976869647704               
0.05900760167615837                24.782271866440702                 0.024829866676876894               
0.059156224899351226               25.582302244508426                 0.02527557389331469                
0.059304848043047365               26.32429802684551                  0.02582499508343198                
0.05945347110704712                27.1833121544499                   0.025967917370697823               
0.05960209409115083                28.2301415219517                   0.026602263959845752               
0.05975071699515884                29.320581382594547                 0.026956704997691316               
0.0598993398188715                 30.5856911082813                   0.02770318025280731                
0.060047962562089136               32.090066853762046                 0.028174438334213462               
0.06019658522461209                34.06220398321449                  0.02901358133991316                
0.06034520780624073                37.11668619549036                  0.03047416821008612                
0.06049383030677538                38.925374893746095                 0.03183806275271525                
0.0606424527260164                 41.6232254551087                   0.03342558214181085                
0.060791075063764154               44.98526790108935                  0.03492891374490744                
0.06093969731981895                48.958455032030514                 0.036667486608083694               
0.06108831949398115                53.63646672799975                  0.038934848319567734               
0.0612369415860511                 59.23858809203664                  0.04082958212865961                
0.06138556359582917                65.51188909279041                  0.04350209606345885                
0.061534185523115695               72.97227931656971                  0.045761043385337055               
0.061682807367711034               81.7007775392713                   0.04901540937450837                
0.061831429129415506               92.17521232960706                  0.05229828953985027                
0.061980050808029506               103.7851650677389                  0.05533764802373409                
0.06212867240335336                118.01347124132225                 0.05978936625085485                
0.06227729391518745                133.98652361457002                 0.0631972955125166                 
0.06242591534333208                152.29847097890854                 0.0689669654164712                 
0.06257453668758765                173.7728259150185                  0.07301833653031188                
0.06272315794775449                197.156325178202                   0.07763975523395385                
0.06287177912363298                222.98994725138422                 0.08365183343588393                
0.06302040021502343                249.95401397748532                 0.08840632558757397                
0.06316902122172624                276.5915809227153                  0.09384253834033661                
0.06331764214354177                307.2178887160388                  0.09526266605440874                
0.06346626298027035                325.7151218140148                  0.09770341413210205                
0.06361488373171235                341.1077784466429                  0.09904710587121911                
0.06376350439766815                350.4374341836768                  0.09979120626346975                
0.06391212497793805                352.75991869047095                 0.09985070422669641                
0.06406074547232249                350.29620277061866                 0.09818488424771528                
0.06420936588062177                343.0389495406151                  0.09757379903306937                
0.0643579862026363                 331.4847718057856                  0.0953619484318985                 
0.06450660643816641                318.1074309370111                  0.09298040736577018                
0.06465522658701248                303.06634747546053                 0.09103968337947853                
0.06480384664897484                286.9817579242221                  0.0879046871938891                 
0.06495246662385391                269.9567701168232                  0.08556608159495231                
0.06510108651145002                253.10192484275868                 0.08208982402624423                
0.06524970631156356                235.55800161321056                 0.07915346144190355                
0.06539832602399485                218.88587967968104                 0.07649556001765703                
0.0655469456485443                 202.60500293203012                 0.07344583900287474                
0.06569556518501228                185.97961117941045                 0.07022522442647808                
0.06584418463319913                169.84350288320036                 0.06647291060507088                
0.06599280399290525                154.15000000741603                 0.0632960222777994                 
0.06614142326393099                139.63425219465978                 0.06048292694467548                
0.06629004244607672                125.71477602899046                 0.05736049605464899                
0.06643866153914282                112.484434030043                   0.054177087787587216               
0.06658728054292967                100.36201030575                    0.05035294561333675                
0.06673589945723764                89.1826626011354                   0.048168318364729276               
0.06688451828186709                79.00602974688935                  0.04517995864268229                
0.06703313701661841                69.96926077041971                  0.04228869394652387                
0.06718175566129193                61.96045756720646                  0.039912065426380865               
0.0673303742156881                 54.91846910733732                  0.03748369143779905                
0.06747899267960726                48.783297009785834                 0.035276300233374185               
0.06762761105284978                43.55798283253009                  0.03306077565639053                
0.06777622933521604                38.99524184470146                  0.03155479526322816                
0.06792484752650643                35.221867492679024                 0.029772217821056438               
0.0680734656265213                 32.16319670440168                  0.02858793835874434                
0.0682220836350611                 29.480902096915763                 0.02723803282810687                
0.06837070155192615                27.294319532630293                 0.026021486901161336               
0.06851931937691683                25.425075830898532                 0.02527083844222085                
0.06866793710983354                23.890692879615322                 0.024426221626059355               
0.06881655475047667                26.6279684661861                   0.025824600606919598               
0.06896517229864657                21.602778102191593                 0.02324940710971998                
0.06911378975414369                20.625182680062277                 0.022524294182200203               
0.06926240711676834                19.82239069839274                  0.022228320519416107               
0.06941102438632095                19.05050313571024                  0.021576547575878638               
0.06955964156260189                18.364201979295967                 0.021374787603357814               
0.06970825864541157                17.72522442897175                  0.020793128627948434               
0.06985687563455034                17.08814835490658                  0.020492583410591184               
0.07000549252981861                16.53018292928947                  0.020108104637096058               
0.07015410933101678                15.932014140894827                 0.01957696087615216                
0.07030272603794524                15.424122700891056                 0.019441920915415675               
0.07045134265040434                14.84435231792655                  0.018940487175074492               
0.07059995916819455                14.370219928411007                 0.01870477149189726                
0.07074857559111615                13.917503121569853                 0.01837363387364469                
0.07089719191896963                13.434456486182146                 0.017870705302347484               
0.07104580815155535                13.026791606608027                 0.01781730769369351                
0.07119442428867372                12.600020080880684                 0.01733046129185801                
0.07134304033012509                12.232720559909213                 0.017130696183455446               
0.0714916562757099                 11.899325425876665                 0.016934497174371684               
0.07164027212522854                11.596338870132485                 0.016565674377960977               
0.0717888878784814                 11.289706399103824                 0.016540775562172632               
0.07193750353526884                11.026857227602202                 0.01613922240483545                
0.07208611909539134                10.765980756839857                 0.016026927973323273               
0.07223473455864923                10.521032047833014                 0.015850788930107235               
0.07238334992484297                10.282749482410322                 0.015698945652251602               
0.07253196519377289                10.047681220488967                 0.015582820314956962               
0.07268058036523947                9.895691385101808                  0.01518660686244358                
0.07282919543904304                9.673737275109609                  0.015164609537938505               
0.07297781041498405                9.511196758148746                  0.01502303798705274                
0.07312642529286288                9.309956067489694                  0.014843092098298568               
0.07327504007247997                9.138489664676849                  0.01470577681357272                
0.07342365475363567                8.968493347825403                  0.01445123964657159                
0.07357226933613044                8.81556769087783                   0.014456704749235286               
0.07372088381976465                8.65861116747906                   0.014250198698370528               
0.07386949820433873                8.491144057348402                  0.014067674735181236               
0.07401811248965308                8.329446317115531                  0.013877592756203627               
0.07416672667550812                8.202113609855028                  0.013844693906690936               
0.07431534076170422                8.078982442885783                  0.013783528982123242               
0.07446395474804186                7.962494515183151                  0.013497129952617508               
0.07461256863432139                7.802752151307569                  0.013390355512385752               
0.07476118242034327                7.725070915261814                  0.013253904432382632               
0.07490979610590787                7.583063363863428                  0.013177398579513763               
0.07505840969081562                7.459049987626364                  0.013063495437740512               
0.07520702317486694                7.3898757257890715                 0.012923946032645428               
0.07535563655786226                7.290904028795026                  0.012826044468049167               
0.07550424983960197                7.173684608686191                  0.012695196265543529               
0.0756528630198865                 7.0852927344085685                 0.012665764900094292               
0.07580147609851624                6.986137335519213                  0.012490688915523665               
0.07595008907529169                6.915291274984729                  0.012411324846726286               
0.07609870195001317                6.830891987723575                  0.012393508108322493               
0.07624731472248115                6.71893141325447                   0.012192421478097881               
0.07639592739249607                6.676044950538138                  0.012179218343284887               
0.07654453995985831                6.582191708712374                  0.012047378076226259               
0.0766931524243683                 6.491726392930383                  0.011974400090082056               
0.07684176478582651                6.45490786805461                   0.011996208702093298               
0.07699037704403329                6.3515850252405395                 0.011819546564719707               
0.07713898919878912                6.296824797577094                  0.011803257256870963               
0.0772876012498944                 6.192871763902549                  0.011602897149005994               
0.07743621319714959                6.135275690661634                  0.011660735315332226               
0.07758482504035506                6.067308262681941                  0.011571501973447225               
0.0777334367793113                 6.013987899515756                  0.011443616422829065               
0.0778820484138187                 5.919886600504248                  0.011415638864481019               
0.0780306599436777                 5.874726354793723                  0.011300957364501367               
0.07817927136868873                5.807091973170125                  0.011320663231109291               
0.07832788268865222                5.787967509688341                  0.011203261560703327               
0.07847649390336861                5.691726050256979                  0.011095952341798377               
0.07862510501263834                5.652448566893046                  0.011164221112088417               
0.07877371601626182                5.592275972969066                  0.010984987886190609               
0.0789223269140395                 5.545167263751037                  0.01098399693969243                
0.07907093770577181                5.512292579162187                  0.01089717912535046                
0.0792195483912592                 5.4490745600311445                 0.01083897806446612                
0.07936815897030208                5.394198200472045                  0.010860576719407461               
0.07951676944270093                5.354304243621986                  0.010704712680735973               
0.07966537980825614                5.306003810287049                  0.01070457423447687                
0.07981399006676818                5.249543928534765                  0.010603819399079702               
0.07996260021803749                5.205108956051804                  0.010615467114830326               
0.0801112102618645                 5.157760534156492                  0.010545296635994444               
0.08025982019804966                5.122729186485024                  0.010419694519308919               
0.0804084300263934                 5.056311006011206                  0.010445385337612544               
0.08055703974669619                5.014156820601909                  0.010321237939421855               
0.08070564935875844                4.9920141436479355                 0.010365959671488253               
0.08085425886238064                4.954603105789434                  0.010251453962241735               
0.0810028682573632                 4.904358925505429                  0.010199346953247814               
0.08115147754350657                4.852504281022925                  0.0101991543901059                 
0.08130008672061122                4.833126783357741                  0.010133232024094106               
0.08144869578847758                4.799385905380165                  0.010093708480478374               
0.0815973047469061                 4.763558192817267                  0.01003158962801667                
0.08174591359569723                4.730855054613402                  0.010001137218699848               
0.08189452233465144                4.694972148016926                  0.009991428504642135               
0.08204313096356916                4.648198210367367                  0.009893434235222954               
0.08219173948225086                4.635498539914273                  0.009907852211007982               
0.08234034789049698                4.592444956094245                  0.009798521766136126               
0.08248895618810799                4.563914249525844                  0.009823118376358304               
0.08263756437488433                4.529177407759361                  0.009765967620066216               
0.08278617245062646                4.505673474966745                  0.009701652547363096               
0.08293478041513484                4.449714475968402                  0.009672149666759715               
0.08308338826820992                4.445682430742821                  0.009617688934692368               
0.08323199600965217                4.383897337456671                  0.009600360877936497               
0.08338060363926207                4.374927654244406                  0.009540856897981615               
0.08352921115684006                4.322350612828675                  0.009479591311330436               
0.08367781856218658                4.2973831882248845                 0.009512817781859667               
0.08382642585510211                4.29066692212101                   0.009463603889710742               
0.08397503303538713                4.262282541693766                  0.009387445001792852               
0.08412364010284208                4.2275190214832055                 0.009308735651444095               
0.08427224705726745                4.208222220527337                  0.009346206463212324               
0.08442085389846368                4.195139903510747                  0.009339081413227665               
0.08456946062623125                4.163558132471736                  0.00928912194842872                
0.08471806724037062                4.14060077112154                   0.009245199718856989               
0.08486667374068227                4.096275426512941                  0.009163124623975763               
0.08501528012696667                4.080042990811458                  0.009206441252646703               
0.08516388639902428                4.0575428106994975                 0.009109016367851755               
0.08531249255665557                4.0353320862703566                 0.00909828293393515                
0.08546109859966101                3.9910140109475316                 0.009065968578404625               
0.08560970452784111                4.109719935851235                  0.009124738753612891               
0.08575831034099632                3.955919903715871                  0.009040266726862723               
0.08590691603892707                3.933263766109658                  0.008937089526450847               
0.0860555216214339                 3.923521509980083                  0.008957344771053474               
0.08620412708831726                3.9010134252457167                 0.008945608082060321               
0.08635273243937762                3.87679141597713                   0.008886512612720365               
0.08650133767441548                3.839083788567822                  0.00883632042610733                
0.08664994279323132                3.8253248367755237                 0.00877964074486576                
0.08679854779562558                3.816957813420665                  0.008797169232108038               
0.08694715268139878                3.8047231267501633                 0.00884494104417821                
0.08709575745035139                3.7735701362861414                 0.008720060148473898               
0.0872443621022839                 3.7433084360342868                 0.008695075890988748               
0.08739296663699678                3.736147735682673                  0.008683410495446577               
0.08754157105429052                3.7036495628193844                 0.008635585654136765               
0.08769017535396562                3.694246298096966                  0.00864459284916399                
0.08783877953582254                3.6762687011718906                 0.008557658045792891               
0.0879873835996618                 3.645694430128762                  0.00858097920564609                
0.08813598754528384                3.6413913092608055                 0.008539753409488012               
0.08828459137248919                3.630658943473151                  0.008550090867261233               
0.08843319508107834                3.615909786014654                  0.008516348953738607               
0.08858179867085175                3.574577034439224                  0.008422481679947585               
0.08873040214160996                3.555351551417577                  0.008454465520895592               
0.08887900549315342                3.557371129167912                  0.008414965088612938               
0.08902760872528265                3.5515362166139806                 0.008411264326297812               
0.08917621183779811                3.524905647975187                  0.008389256546240781               
0.08932481483050034                3.514961562131128                  0.008329900900046174               
0.08947341770318981                3.488094266999314                  0.00831999853041069                
0.08962202045566703                3.464608245428176                  0.008295090665958745               
0.08977062308773248                3.4520800614453604                 0.008280083843735589               
0.08991922559918666                3.4459437760359544                 0.008247732683783966               
0.0900678279898301                 3.432361102178956                  0.008250152965368136               
0.09021643025946328                3.4014633542676966                 0.008172793768635292               
0.09036503240788671                3.3937949539216232                 0.00816971158687964                
0.09051363443490087                3.3812966608676396                 0.008142433018862385               
0.09066223634030629                3.371265970028856                  0.008185723064973782               
0.09081083812390348                3.344148711435849                  0.008134231592956126               
0.09095943978549291                3.3362389233403826                 0.008057889964820281               
0.09110804132487513                3.3410747110298824                 0.00810298661917337                
0.09125664274185061                3.317825547058322                  0.008029663670048596               
0.09140524403621988                3.3088535186295314                 0.008079005944658858               
0.09155384520778345                3.2872206487267763                 0.008001467610709037               
0.09170244625634183                3.2806937831961998                 0.007963951624192143               
0.09185104718169552                3.280301187647867                  0.008044086593392414               
0.09199964798364504                3.250368588386685                  0.007944689685153345               
0.0921482486619909                 3.2434129361686197                 0.007947989916711345               
0.09229684921653362                3.234679852190097                  0.007913768957631014               
0.09244544964707371                3.2255621841373303                 0.007914328382328834               
0.09259404995341172                3.207533706224267                  0.007927548912981256               
0.0927426501353481                 3.189287270686942                  0.007823415967777133               
0.09289125019268343                3.185269710968598                  0.007841520671661125               
0.09303985012521819                3.170806747974289                  0.00781506208231356                
0.09318844993275292                3.159058866065796                  0.00778341256689724                
0.09333704961508814                3.160855755592636                  0.007860855479965866               
0.09348564917202434                3.1407347475026506                 0.007743813919961853               
0.09363424860336209                3.147740628166825                  0.007772317545188276               
0.09378284790890191                3.108957378185417                  0.007712991129021659               
0.0939314470884443                 3.114176524613385                  0.007756409111057523               
0.09408004614178979                3.0960831403853177                 0.007705467087427674               
0.0942286450687389                 3.0858008463716957                 0.007653516952924161               
0.09437724386909221                3.100667821647968                  0.0077281825883593214              
0.09452584254265017                3.081087274821283                  0.0076727570225183445              
0.09467444108921338                3.0648090195015243                 0.007613662824247597               
0.09482303950858231                3.047204978208939                  0.007619345947754861               
0.09497163780055753                3.046022298195415                  0.0075930440943941585              
0.0951202359649396                 3.037868158934139                  0.0076383095515673675              
0.09526883400152898                3.0264754377701992                 0.007555006017732736               
0.09541743191012625                3.017144715520229                  0.007565188398842739               
0.09556602969053193                2.990881000854213                  0.007534924486923554               
0.09571462734254658                2.997782186812288                  0.0075245432522487495              
0.09586322486597074                2.978795875726365                  0.0075196947306173595              
0.09601182226060492                2.9844517997530278                 0.007459521213495543               
0.09616041952624964                2.9794827223862193                 0.0075232986296348454              
0.09630901666270551                2.9667334134876087                 0.007472026828106236               
0.09645761366977304                2.961135439726925                  0.007473041281680391               
0.09660621054725275                2.9562282643878732                 0.007442759923701                  
0.0967548072949452                 2.95281384089509                   0.0074172574924057716              
0.09690340391265093                2.953617207010202                  0.007482453094006762               
0.0970520004001705                 2.9401798419404557                 0.007422543239670622               
0.09720059675730447                2.922951684187092                  0.007374422490163142               
0.09734919298385332                2.9120338452255203                 0.007360641411845179               
0.0974977890796177                 2.9151743866308126                 0.007390925455531348               
0.09764638504439807                2.9190389460856996                 0.007411760724724306               
0.09779498087799501                2.8860115576088536                 0.0072838216779667906              
0.09794357658020908                2.896597814282871                  0.007351581674866665               
0.09809217215084083                2.898357471592048                  0.007343358061183625               
0.09824076758969084                2.890130199759535                  0.007343378350481084               
0.09838936289655961                2.8886065971059787                 0.007305089949578038               
0.09853795807124772                2.860622934270478                  0.007251733989792539               
0.09868655311355574                2.8682062277648446                 0.007312879930396579               
0.09883514802328423                2.8718781474695416                 0.007258353004905329               
0.09898374280023374                2.8603546999016625                 0.007308079545378189               
0.09913233744420481                2.8551071150815908                 0.007214422450439033               
0.09928093195499803                2.8460072474761975                 0.007251050364093594               
0.09942952633241396                2.8761921262427097                 0.00731526399719779                
0.09957812057625312                2.8461178615866825                 0.007218164713740527               
0.09972671468631612                2.8512866306216775                 0.007219673492666719               
0.09987530866240353                2.847358317998865                  0.007204647386270407               
0.1000239025043159                 2.8409325230600295                 0.007231856688995389               
0.10017249621185377                2.8540830585850374                 0.007263920616390377               
0.10032108978481775                2.8380347525475336                 0.0071506533053894246              
0.10046968322300841                2.8288583022756546                 0.007198788597720163               
0.10061827652622628                2.835577428468652                  0.007164845163097086               
0.10076686969427194                2.8348425650591182                 0.00720893040698055                
0.10091546272694601                2.8285004760499564                 0.007193314347226952               
0.101064055624049                  2.845030244390043                  0.007157020035996678               
0.10121264838538155                2.8758908531929963                 0.007268587532513513               
0.1013612410107442                 2.8547171430247005                 0.007361578216428358               
0.10150983349993749                2.8678027451649877                 0.0074990421232527344              
0.10165842585276207                2.8645672120147783                 0.00752020708685472                
0.10180701806901846                2.8615988034211033                 0.007585272733485321               
0.10195561014850726                2.863459548802586                  0.007691832273133377               
0.10210420209102905                2.8738488543115235                 0.007669543999309688               
0.10225279389638445                2.8727851010584198                 0.007704356735588681               
0.10240138556437398                2.8665907252979115                 0.007776252323621671               
0.10254997709479825                2.8757909179714622                 0.007810785861824427               
0.10269856848745783                2.8850958059070657                 0.007923576076892345               
0.10284715974215335                2.8846738357634942                 0.007829196600976147               
0.10299575085868538                2.8795312124419197                 0.007942393627362102               
0.10314434183685449                2.901755264122869                  0.007966325537856452               
0.10329293267646124                2.9043178360618813                 0.008027051914755001               
0.1034415233773063                 2.909362140467758                  0.008064839317872054               
0.10359011393919021                2.91995390417987                   0.008045232418573288               
0.10373870436191358                2.931264438510868                  0.00816872727608268                
0.10388729464527696                2.93476906667329                   0.008166515975097164               
0.10403588478908102                2.940200999456623                  0.008195445429675053               
0.10418447479312629                3.084545421427703                  0.008142327648931108               
0.10433306465721338                3.0521849247646005                 0.008033818312297438               
0.1044816543811429                 3.0547528106555935                 0.008024249402041293               
0.1046302439647155                 3.044391958040753                  0.007915606218048822               
0.10477883340773168                3.059405752974495                  0.007882605799606687               
0.10492742270999211                3.0707462621668897                 0.007909488596802182               
0.10507601187129732                3.0836557515900886                 0.007904601212956395               
0.10522460089144804                3.1054726928910816                 0.007895935898054849               
0.10537318977024476                3.1215643246234324                 0.007895208915091137               
0.10552177850748812                3.1562530653696395                 0.007911850036337938               
0.10567036710297875                3.166459622283615                  0.007897758816661687               
0.10581895555651723                3.201088831776615                  0.007970877273654364               
0.10596754386790419                3.2342059681031263                 0.007925356836112485               
0.10611613203694019                3.278005608826169                  0.007993685391602822               
0.10626472006342588                3.3081162400217923                 0.008042305787080426               
0.10641330794716188                3.3551212534793704                 0.00806021325517335                
0.10656189568794881                3.4218262543549938                 0.00816413898787395                
0.10671048328558726                3.4841967077328224                 0.008127104045732966               
0.10685907073987783                3.5588031346702866                 0.008295150226743937               
0.10700765805062118                3.673475117930553                  0.008384504227186501               
0.1071562452176179                 3.7835825325768573                 0.008487551502011581               
0.10730483224066863                3.922321460173634                  0.008632357734415338               
0.10745341911957391                4.077865272400448                  0.0087355510655112                 
0.1076020058541345                 4.258291988841149                  0.009007564099642668               
0.10775059244415094                4.469249614951173                  0.009187957578822906               
0.10789917888942382                4.724315255929626                  0.009389104501787328               
0.10804776518975381                5.014166522101591                  0.00973901841628305                
0.10819635134494156                5.319532921134986                  0.009934760051190818               
0.10834493735478763                5.6850322356952185                 0.01035887654721663                
0.10849352321909271                6.124678693904231                  0.010626302840679405               
0.1086421089376574                 6.619956557279244                  0.011094589357607406               
0.10879069451028231                7.177945070607642                  0.011598107688704314               
0.1089392799367681                 7.788640971035765                  0.011978966849816428               
0.10908786521691538                8.46480106338891                   0.012554561907674535               
0.1092364503505248                 9.206056486249544                  0.012897001655980313               
0.10938503533739702                9.965055747370617                  0.013587989487277565               
0.10953362017733265                10.748090920868563                 0.014086861791765814               
0.1096822048701323                 11.432256039531326                 0.014502755035663647               
0.10983078941559662                12.151431650107718                 0.01495723108811374                
0.10997937381352627                12.733055568185714                 0.01518342455806576                
0.1101279580637219                 13.164666476222532                 0.015546513951635579               
0.11027654216598413                13.471114030049227                 0.015693448586194775               
0.11042512612011357                13.633989881345709                 0.015625223133808645               
0.11057370992591092                13.646321233512888                 0.015713113568005983               
0.11072229358317678                13.545087517763525                 0.015537066310789143               
0.11087087709171187                13.370548295465719                 0.015553554038190247               
0.11101946045131672                13.111383753975645                 0.015213995335302022               
0.11116804366179206                12.849685111012134                 0.015112445574155203               
0.11131662672293854                12.604115648569191                 0.014962274556660533               
0.11146520963455678                12.333790199415468                 0.01487175813947046                
0.11161379239644743                11.841772197916523                 0.0149077466207535                 
0.11176237500841117                11.417372948101955                 0.014622463829208775               
0.11191095747024861                10.955646052961262                 0.014538527192111642               
0.11205953978176046                10.567116436806774                 0.014390194067548163               
0.11220812194274735                10.1657808580635                   0.014082703669399612               
0.11235670395300991                9.782482400779546                  0.013950469179399282               
0.11250528581234887                9.378335296439099                  0.013674864447098142               
0.1126538675205648                 9.015480886906373                  0.013553007997714457               
0.1128024490774584                 8.656748258312158                  0.013290985094175221               
0.11295103048283038                8.296603987538754                  0.013031917101324815               
0.11309961173648131                7.885888022814951                  0.012805782881922557               
0.11324819283821194                7.554701229587212                  0.01247469293112636                
0.11339677378782287                7.258150979789864                  0.012270933729501773               
0.11354535458511482                6.937518009570521                  0.011949592414317098               
0.11369393522988842                6.617193148890501                  0.011693472047825613               
0.11384251572194438                6.330518324052152                  0.011450943702366646               
0.11399109606108329                6.022672164595171                  0.011186772826190142               
0.11413967624710591                5.75476639379577                   0.01092647182083828                
0.11428825627981287                5.453659143032483                  0.010603230731719083               
0.11443683615900485                5.198698397720237                  0.010485360468747556               
0.1145854158844825                 4.9142167026445716                 0.010129197980643807               
0.11473399545604654                4.719470972308002                  0.009942340427613347               
0.11488257487349764                4.515782894501068                  0.009748855061313316               
0.11503115413663645                4.289439888339667                  0.009452141878509871               
0.11517973324526365                4.092675512703475                  0.009348809286722505               
0.11532831219917995                3.93486569284438                   0.009078375264346345               
0.11547689099818605                3.777960512798343                  0.008974866691266407               
0.11562546964208253                3.644062469599244                  0.00878582313750576                
0.11577404813067017                3.5034770252174585                 0.00859731489861533                
0.11592262646374966                3.4008632985178684                 0.008571220524320015               
0.11607120464112164                3.286485311662892                  0.008296798374163611               
0.1162197826625868                 3.209506061801082                  0.008299256430908479               
0.11636836052794586                3.1441398382324706                 0.008210949819368995               
0.11651693823699948                3.0524215815138893                 0.008070502649245385               
0.11666551578954835                2.9961011143414256                 0.008051679162567858               
0.11681409318539324                2.934400278834206                  0.007855543189231996               
0.11696267042433472                2.882291648177161                  0.007894023497849434               
0.11711124750617356                2.8521571686313134                 0.007852654436813846               
0.11725982443071048                2.811641358937035                  0.007787046283186246               
0.1174084011977461                 2.771648394114302                  0.0077442404273448725              
0.11755697780708119                2.7495576322346253                 0.007694269228350238               
0.11770555425851639                2.7234065104971776                 0.0077052687734737845              
0.11785413055185245                2.696338994728686                  0.007625727315721924               
0.11800270668689006                2.673276703679692                  0.0075774622480401736              
0.11815128266342986                2.6467479726830074                 0.00759923120200198                
0.11829985848127267                2.6304648597472426                 0.007572670220609406               
0.11844843414021912                2.610660009495177                  0.007594874271223442               
0.11859700964006994                2.5873659690672217                 0.0074639214321545                 
0.11874558498062582                2.5667495115461905                 0.007464888351462156               
0.1188941601616875                 2.550529630784505                  0.0074691924393547795              
0.11904273518305566                2.543805209909908                  0.007487546883788241               
0.11919131004453105                2.5436732906564905                 0.007484208851086417               
0.11933988474591431                2.534294635098742                  0.0074114222638249445              
0.11948845928700624                2.504725937056194                  0.007426701428696587               
0.11963703366760754                2.509900758825775                  0.007415687507494609               
0.11978560788751887                2.4969841068988816                 0.007424598208072949               
0.11993418194654097                2.481024979891849                  0.007376003777482369               
0.12008275584447463                2.4876304193005003                 0.007404449041562092               
0.1202313295811205                 2.4630458481587585                 0.007383329149140788               
0.12037990315627929                2.4756085533882106                 0.007399013248795754               
0.12052847656975177                2.471230270098247                  0.007383125185245261               
0.12067704982133863                2.4616352741499803                 0.00734100573393643                
0.12082562291084065                2.462454217349914                  0.007423364187392928               
0.12097419583805849                2.4649769213931747                 0.007417667381313516               
0.12112276860279289                2.4610324669501633                 0.007352428216094359               
0.12127134120484465                2.465909606588664                  0.0074096122526428766              
0.1214199136440144                 2.4695904668847515                 0.007377600489888204               
0.12156848592010293                2.459151307330838                  0.007434313393401753               
0.12171705803291097                2.466852213624035                  0.007379734575759811               
0.12186562998223927                2.466827386143788                  0.007404718869670974               
0.12201420176788849                2.492672358558615                  0.007500941227886879               
0.12216277338965947                2.481917397185786                  0.007433656323289056               
0.12231134484735287                2.4824589180379855                 0.0074823448976172055              
0.12245991614076948                2.4954063350797417                 0.007397442386874618               
0.12260848726971                   2.517760906482148                  0.0075353698302822285              
0.12275705823397523                2.529338612252561                  0.007559194656879165               
0.1229056290333658                 2.530955523518071                  0.007509956214214562               
0.12305419966768259                2.5578605131778867                 0.0075788542819629455              
0.12320277013672629                2.556380803069837                  0.0075508084131084945              
0.12335134044029764                2.5908253158256667                 0.007650545394953001               
0.12349991057819736                2.6390838646504147                 0.0077381841867173815              
0.12364848055022623                2.657658938809015                  0.007682603425873186               
0.12379705035618503                2.695721758827153                  0.007830975927354331               
0.12394561999587449                2.7452725025737275                 0.007814853509695862               
0.12409418946909531                2.792031376319233                  0.00797658138084412                
0.12424275877564833                2.8597398133368577                 0.007993122106878865               
0.12439132791533426                2.9185725453031472                 0.008106113996460971               
0.1245398968879539                 3.0255391379634093                 0.008317949665509994               
0.12468846569330792                3.117603763159098                  0.00837077108898248                
0.1248370343311972                 3.2290674386703073                 0.008589433965522668               
0.1249856028014224                 3.3709209458415277                 0.008670793806316716               
0.12513417110378433                3.516515322566563                  0.008928617445099747               
0.12528273923808372                3.672247153551627                  0.009192086421014482               
0.1254313072041214                 3.90316964010053                   0.00935020352979106                
0.1255798750016981                 4.121002563924004                  0.009682415500521995               
0.12572844263061453                4.366204946687135                  0.009944739365613088               
0.12587701009067154                4.66324826513987                   0.010313211347365821               
0.1260255773816699                 4.9761525196309355                 0.010690926374119242               
0.1261741445034103                 5.327444146284936                  0.010947229310588927               
0.12632271145569363                5.661487755396664                  0.011403402241444349               
0.12647127823832058                6.053804687273841                  0.011715076385408207               
0.12661984485109193                6.367491023322574                  0.012082960731769848               
0.1267684112938085                 6.717968474343775                  0.012421931557079623               
0.12691697756627102                7.010348011351347                  0.012590367828386061               
0.1270655436682803                 7.258320820293903                  0.012866794875465134               
0.1272141095996371                 7.3918744882238165                 0.01290618250448883                
0.12736267536014226                7.5365630205532685                 0.01311682927223766                
0.12751124094959648                7.585045248168484                  0.013068130759934014               
0.12765980636780058                7.604660409540654                  0.013107587614553174               
0.1278083716145554                 7.586162607870371                  0.01313706416077232                
0.12795693668966165                7.469887665505911                  0.012963007999211943               
0.12810550159292017                7.35487638238116                   0.012868366172478943               
0.1282540663241317                 7.242865742753034                  0.012720884985868517               
0.12840263088309706                7.073025300567763                  0.01269605636106964                
0.12855119526961703                6.938086424683139                  0.012514613590394602               
0.12869975948349244                6.751194824482435                  0.012307839256761937               
0.12884832352452402                6.539676465346582                  0.012160491041151513               
0.1289968873925127                 6.391025033268108                  0.011924072983914444               
0.1291454510872591                 6.200366103274906                  0.011923494348820948               
0.12929401460856416                6.00799785204602                   0.011610681987055418               
0.1294425779562286                 5.8475516935816145                 0.011549008557217735               
0.12959114113005324                5.686921621823452                  0.011399223370577855               
0.12973970412983893                5.527230288557204                  0.011103221967089136               
0.12988826695538638                5.347246968616781                  0.01106322486385814                
0.13003682960649648                5.212521671447383                  0.010824078785101665               
0.13018539208297003                5.030497384790829                  0.01068860729733776                
0.13033395438460782                4.878491249634315                  0.01054878578571208                
0.13048251651121062                4.728556213778681                  0.010349428166106824               
0.13063107846257932                4.580063649345601                  0.010221064944074005               
0.13077964023851468                4.424092518223703                  0.009976249160728907               
0.1309282018388175                 4.256917448652671                  0.009879764255522025               
0.13107676326328868                4.120510406268528                  0.009682114368361397               
0.13122532451172894                3.960129470212528                  0.009459009903923342               
0.13137388558393917                3.816882229553867                  0.009379901196290888               
0.13152244647972017                3.66498864644692                   0.009064592579501311               
0.13167100719887273                3.5208949155008438                 0.009016827105528306               
0.13181956774119763                3.3886143818740404                 0.008753684261799169               
0.13196812810649583                3.242148972134606                  0.008607134751214822               
0.13211668829456807                3.120167142585975                  0.00847702513295139                
0.13226524830521522                3.007332144878654                  0.00826439686122676                
0.13241380813823803                2.8848933540883617                 0.008129750778964962               
0.13256236779343739                2.774622726954507                  0.007924486006088909               
0.1327109272706141                 2.667522888731632                  0.007827765583219981               
0.13285948656956903                2.556226878268479                  0.007666097595084773               
0.13300804569010294                2.4618549333756676                 0.007526567370408619               
0.13315660463201676                2.378004919023354                  0.007364998010847962               
0.1333051633951113                 2.300983911513482                  0.007238447405459407               
0.1334537219791874                 2.227129249224572                  0.007149370269612802               
0.13360228038404576                2.161586400942154                  0.007043389869820506               
0.13375083860948744                2.0939819087104126                 0.006917238571922328               
0.13389939665531317                2.048419687222641                  0.006880713367378988               
0.13404795452132376                2.011389920139336                  0.006791322969917415               
0.13419651220732015                1.97312429495887                   0.006744157577137747               
0.1343450697131031                 1.9265667257143504                 0.006629199480749567               
0.13449362703847348                1.8972906929979183                 0.006613298542448654               
0.1346421841832322                 1.8502617832791355                 0.0065165011350832806              
0.13479074114717998                1.8171780466886773                 0.006475031278504234               
0.13493929793011783                1.789394238704785                  0.006448110525840806               
0.13508785453184646                1.7820207955509408                 0.006353590698245919               
0.13523641095216685                1.75926725576321                   0.0063964474353546946              
0.13538496719087975                1.7273502023489553                 0.006301889887579914               
0.1355335232477861                 1.708579192899646                  0.006306437919051007               
0.13568207912268665                1.6935441892689327                 0.006261957972259505               
0.13583063481538238                1.6728561694022235                 0.006169289906968327               
0.13597919032567404                1.6500196864317558                 0.0061727960924987816              
0.1361277456533626                 1.6333414339584196                 0.006117297838544008               
0.13627630079824887                1.6304364036163166                 0.00613336215277148                
0.13642485576013377                1.6097963211439996                 0.006113302417041249               
0.13657341053881802                1.594350948041857                  0.006070470169795024               
0.13672196513410265                1.5774586204917438                 0.006084047139250119               
0.13687051954578844                1.5688020815943535                 0.0059821758077380615              
0.13701907377367628                1.555258840613351                  0.006011540502659332               
0.13716762781756708                1.549643995962775                  0.0059742376107440424              
0.13731618167726167                1.5204325017537221                 0.005943862147805629               
0.13746473535256093                1.5201641688561571                 0.0059618865611271                 
0.13761328884326574                1.5116178135963545                 0.0058849898635539855              
0.13776184214917697                1.5060105306810103                 0.005920875609910925               
0.13791039527009552                1.4836463695772182                 0.005845659591418053               
0.1380589482058223                 1.4794666265094265                 0.005876315079313969               
0.1382075009561581                 1.4735048640320654                 0.005859248382338929               
0.13835605352090388                1.4497731491776278                 0.005778557420076396               
0.1385046058998605                 1.4429958482673044                 0.00583210739994031                
0.13865315809282888                1.4443263186860968                 0.0057727811870414815              
0.13880171009960984                1.432201029397673                  0.005753574797121939               
0.13895026192000431                1.4312609980014093                 0.005772105338525428               
0.1390988135538132                 1.4078502116240132                 0.005712029718509203               
0.13924736500083743                1.4175215981750535                 0.005796095365173883               
0.13939591626087777                1.4010874573250947                 0.005663329029466706               
0.13954446733373518                1.4058910567730576                 0.005730936238353224               
0.13969301821921062                1.387535229665117                  0.005668179839428805               
0.13984156891710492                1.372418059590334                  0.005649724840716469               
0.13999011942721898                1.374944844820903                  0.005703250854379123               
0.14013866974935374                1.3516504792822974                 0.0055820927514090395              
0.14028721988331003                1.3592807513639182                 0.005652835763589734               
0.14043576982888886                1.350468709717764                  0.005599412471277394               
0.14058431958589104                1.3389733747132693                 0.005590422830809835               
0.14073286915411753                1.3371619480550234                 0.005599134512044139               
0.14088141853336925                1.3268176456813763                 0.0055501781191513696              
0.14102996772344703                1.32342294740594                   0.005592882179880273               
0.14117851672415188                1.311967840384405                  0.005523940463436808               
0.14132706553528462                1.3070160838984792                 0.005513510805438675               
0.14147561415664625                1.300481550224928                  0.0055144273022488905              
0.14162416258803764                1.2940534861424038                 0.005500786663342174               
0.1417727108292597                 1.2917689176637772                 0.005535615914451809               
0.14192125888011337                1.2921306284524416                 0.005457861199339331               
0.14206980674039957                1.2892124176849318                 0.005497870006371752               
0.1422183544099192                 1.352815035201429                  0.005634382143005024               
0.14236690188847323                1.3062815561502423                 0.005754767664903333               
0.14251544917586248                1.3001616590167264                 0.005849881487635476               
0.142663996271888                  1.2867055205786233                 0.0059031884700181635              
0.14281254317635064                1.279327258567897                  0.005979731843815898               
0.14296108988905137                1.2664590152526787                 0.006017400040251523               
0.1431096364097911                 1.2628838885708769                 0.006052004775644628               
0.14325818273837077                1.249724409088522                  0.006054010882971846               
0.1434067288745913                 1.2580263111145733                 0.006171617248405821               
0.14355527481825364                1.245508522434559                  0.0062020887544821145              
0.1437038205691587                 1.2448411866783853                 0.006237318083611825               
0.14385236612710747                1.2280965308633365                 0.006225016537428287               
0.14400091149190083                1.2272912180576154                 0.006322800355441862               
0.14414945666333978                1.233154833878819                  0.006381698294532389               
0.14429800164122517                1.2167573961738165                 0.0063958416555234465              
0.14444654642535806                1.219091172500382                  0.006389686183756672               
0.14459509101553933                1.1955970226051666                 0.006393566965803031               
0.1447436354115699                 1.1960567413315706                 0.006493024686302913               
0.14489217961325077                1.191724685646953                  0.006534242192387774               
0.1450407236203829                 1.1914932991686167                 0.006547061797114254               
0.14518926743276714                1.1802037598262156                 0.0065249455832619135              
0.14533781105020457                1.182116054455649                  0.006664702321274942               
0.14548635447249608                1.1834942198130765                 0.006659045018814913               
0.14563489769944266                1.1725214637045087                 0.006710209238834846               
0.1457834407308452                 1.1832691236143118                 0.006735962252593956               
0.14593198356650475                1.181455983196238                  0.006805956265843871               
0.1460805262062222                 1.150911599639192                  0.006820284247915496               
0.1462290686497985                 1.1533728632037274                 0.006806603356452668               
0.1463776108970347                 1.1465597097983624                 0.006849803468496843               
0.14652615294773166                1.140423384654261                  0.00683145501893231                
0.14667469480169043                1.1347886015774418                 0.006901376398979788               
0.14682323645871195                1.149980272665129                  0.007015205456963812               
0.14697177791859717                1.1341686182453241                 0.006938530896118331               
0.1471203191811471                 1.1536467335819576                 0.007096308301201873               
0.14726886024616265                1.1194689790084662                 0.0070138256706496                 
0.14741740111344484                1.1291295341292296                 0.007140528185306926               
0.14756594178279467                1.1220040849807056                 0.007111840202170245               
0.14771448225401304                1.1168511934895593                 0.007188903667894363               
0.147863022526901                  1.1090097686092886                 0.007267080167258583               
0.14801156260125947                1.116585122143228                  0.007220021404183957               
0.1481601024768895                 1.096995343213364                  0.007307782936394019               
0.14830864215359202                1.0957943436821154                 0.007250083002216947               
0.148457181631168                  1.0810415023935103                 0.0073090075411676005              
0.1486057209094185                 1.0767217599749475                 0.007392689129286812               
0.14875425998814445                1.0776923080250675                 0.0073045841145807045              
0.14890279886714686                1.0591533805703417                 0.007296874807941352               
0.1490513375462267                 1.0777108319623372                 0.007318507709863342               
0.149199876025185                  1.0652968295090481                 0.007447807332128343               
0.1493484143038227                 1.0636412551477765                 0.007419930335316485               
0.14949695238194086                1.0592038770447354                 0.007375349123805389               
0.1496454902593404                 1.0523599517039737                 0.007462044565870762               
0.1497940279358224                 1.071255947382785                  0.0074464630389106355              
0.1499425654111878                 1.0479799555026825                 0.0075384487817420345              
0.15009110268523762                1.0410047038665082                 0.00735513309879354                
0.15023963975777288                1.053635691244783                  0.00756661381697441                
0.15038817662859452                1.0440534038249045                 0.007611506143947111               
0.15053671329750368                1.0261209675415155                 0.007405968824307553               
0.15068524976430123                1.0378977264751243                 0.007589048244840922               
0.15083378602878825                1.024231356180786                  0.007369143038807639               
0.1509823220907657                 1.0035850815927125                 0.007502404577074276               
0.15113085795003464                1.0172985240761958                 0.0075293501748652895              
0.15127939360639608                1.0191088728276363                 0.00749628517702299                
0.15142792905965102                1.0194627114117107                 0.007561539788428878               
0.15157646430960048                1.0126991255223263                 0.007387635995522926               
0.15172499935604547                1.0211431364742456                 0.007633448347767627               
0.15187353419878702                0.995971321498058                  0.007489988315469807               
0.15202206883762617                0.9939682393789846                 0.007418913047199231               
0.1521706032723639                 0.9984144039778091                 0.007589488167250755               
0.15231913750280127                0.9826468697719153                 0.007368769314765111               
0.15246767152873936                0.9966384435758601                 0.007607927050197404               
0.15261620534997902                0.9785061417515573                 0.0073532409865896785              
0.1527647389663215                 0.9839084060018078                 0.007525896283667118               
0.15291327237756766                0.9820642227267092                 0.007620001791760341               
0.15306180558351865                0.9680215048849676                 0.007473120212594424               
0.15321033858397537                0.9684018494120782                 0.007609892865849729               
0.153358871378739                  0.9726286546642103                 0.007417733541169974               
0.15350740396761053                0.9609188804398457                 0.007641758765441601               
0.15365593635039093                0.9768390740426071                 0.0076429928599832135              
0.15380446852688134                0.969245408962297                  0.007587295196394812               
0.15395300049688274                0.961112833780699                  0.007788484184885501               
0.1541015322601962                 0.949426693856889                  0.00748392522407454                
0.15425006381662276                0.9518181621377365                 0.007769491162368705               
0.1543985951659634                 0.9418316727662189                 0.007618740712193141               
0.1545471263080193                 0.9670548845339235                 0.0076929886932754505              
0.15469565724259146                0.9520037274608256                 0.007905415454686236               
0.15484418796948088                0.9317820773506187                 0.007560237968151398               
0.15499271848848864                0.9360481004609521                 0.007918689912048414               
0.15514124879941582                0.9394202493478693                 0.0076269836090055694              
0.15528977890206347                0.9305033676293023                 0.007767150787282811               
0.15543830879623263                0.9289400044700279                 0.007799337038999188               
0.15558683848172433                0.9380315727506445                 0.007847232825582468               
0.1557353679583397                 0.9111459555109817                 0.007852955900505238               
0.1558838972258798                 0.9249751889735489                 0.007763312856094085               
0.15603242628414563                0.917170047677583                  0.007848526145119378               
0.15618095513293828                0.9297290710893109                 0.0079635824882766                 
0.15632948377205885                0.9245064117861309                 0.007920591402262972               
0.15647801220130841                0.9066710383360748                 0.00794744730655969                
0.15662654042048801                0.9273061113541652                 0.00796359731715939                
0.1567750684293987                 0.9023095474059574                 0.007960143338080934               
0.15692359622784158                0.9012182806806215                 0.008020102196106799               
0.15707212381561775                0.9073851086089657                 0.0078879198926683                 
0.1572206511925283                 0.9033611104867407                 0.008051615425369144               
0.15736917835837416                0.9092674451815531                 0.008145125282621667               
0.15751770531295659                0.8959467182008045                 0.008107866092675555               
0.15766623205607658                0.8966589509912745                 0.007999827240795492               
0.15781475858753524                0.8960083290648141                 0.008096828102839083               
0.15796328490713368                0.9082578667371705                 0.008244634061717424               
0.15811181101467295                0.8808594885954646                 0.008154358801058128               
0.15826033690995414                0.9023386758177466                 0.008136775395057212               
0.1584088625927784                 0.8831713956514113                 0.008224537943100033               
0.15855738806294672                0.8829752969829985                 0.008247784350717713               
0.15870591332026027                0.8776968248772331                 0.008163297240323508               
0.15885443836452012                0.869681868531476                  0.008271064371024501               
0.15900296319552734                0.8663680031551806                 0.008230619490192527               
0.1591514878130831                 0.8738542785908724                 0.008290897262947622               
0.15930001221698845                0.8685018889947346                 0.008340960526456937               
0.15944853640704448                0.8683076628307532                 0.008302040019329535               
0.15959706038305235                0.8656363044856968                 0.008378607826278885               
0.15974558414481307                0.8644215031368112                 0.008385725769220975               
0.1598941076921279                 0.880353451589842                  0.008502358702711531               
0.16004263102479782                0.8630943105179001                 0.008471893698304775               
0.16019115414262397                0.8502514995228223                 0.008395319501548506               
0.16033967704540744                0.8477818036514136                 0.008463864163108849               
0.1604881997329494                 0.8446343913536435                 0.00848932379834345                
0.16063672220505093                0.8420637976870174                 0.008462632200488188               
0.16078524446151318                0.839789261537824                  0.008506621579156742               
0.16093376650213723                0.8523782287801708                 0.008598483664509162               
0.1610822883267242                 0.8370832121629986                 0.00863615125336561                
0.16123080993507524                0.8442881470777523                 0.00860042202641692                
0.16137933132699142                0.8536908588912244                 0.008781359347365347               
0.16152785250227394                0.8388700802808281                 0.008645389069349101               
0.1616763734607239                 0.8560753408517692                 0.008824112333831416               
0.1618248942021424                 0.848932132725262                  0.008880218127258248               
0.16197341472633062                0.8349307494148828                 0.008775627556476946               
0.16212193503308964                0.8524303649067714                 0.008946226790514617               
0.1622704551222206                 0.8402192217459878                 0.008866051803295215               
0.1624189749935247                 0.8419577415719974                 0.008939310139158654               
0.16256749464680298                0.8505794582992532                 0.009084256470651588               
0.16271601408185665                0.8377779502485183                 0.00898243866566384                
0.16286453329848682                0.8183445809388118                 0.008960394901765123               
0.16301305229649465                0.8191843913987964                 0.008998766840362542               
0.16316157107568127                0.8368857008780183                 0.009078368017797453               
0.16331008963584778                0.8246031591124819                 0.009203825218723946               
0.16345860797679546                0.808202014527532                  0.008955181333607114               
0.16360712609832537                0.8194990733971802                 0.009193358298838772               
0.1637556440002386                 0.8247505299140583                 0.00933367556559147                
0.1639041616823364                 0.8305560279731763                 0.009183162781962538               
0.16405267914441987                0.8280990077761872                 0.009467853879435434               
0.16420119638629022                0.8311506540349473                 0.009332293700446146               
0.16434971340774857                0.8200918839105968                 0.00942198765548714                
0.16449823020859602                0.811312614547213                  0.009449852351900642               
0.16464674678863386                0.8278890701717443                 0.009466691169487984               
0.16479526314766318                0.8132010520779309                 0.009521059598998625               
0.16494377928548515                0.8340483016435357                 0.009642337985830755               
0.16509229520190094                0.8092421041973028                 0.00960055698013075                
0.16524081089671167                0.8403649030553507                 0.009847875942164602               
0.16538932636971862                0.838059524262962                  0.009812778291418094               
0.16553784162072283                0.8409570150464303                 0.009873135316925769               
0.16568635664952555                0.8555210877834216                 0.010047585619352775               
0.16583487145592796                0.8373329909725316                 0.010030997721779542               
0.1659833860397312                 0.8586441873532348                 0.010228479958077944               
0.1661319004007365                 0.8548366866893536                 0.01015864666633883                
0.16628041453874493                0.8743818315255428                 0.010394586385751945               
0.1664289284535578                 0.8637530230725851                 0.010355678970673923               
0.16657744214497625                0.8755634583210506                 0.010552021214603967               
0.1667259556128014                 0.9098922938299653                 0.010862885369880913               
0.16687446885683452                0.9043682673786185                 0.010698276284289746               
0.16702298187687672                0.9270869117589773                 0.011075271750579908               
0.16717149467272932                0.923581268488606                  0.010998912798756425               
0.16732000724419338                0.9488768855204344                 0.011290554314000476               
0.16746851959107012                0.965458802567204                  0.01150742793926219                
0.16761703171316078                0.9791920266683349                 0.011440220924595583               
0.16776554361026652                0.9770496947918962                 0.011730885778302034               
0.16791405528218858                0.9702910424580092                 0.011690253523590472               
0.1680625667287281                 1.0042370645961431                 0.011893001713140493               
0.16821107794968634                0.9798466024382287                 0.011975200689855732               
0.1683595889448644                 0.9937717472434175                 0.011993190887974355               
0.16850809971406366                1.016998583519961                  0.012234361936547566               
0.16865661025708517                0.9800048128276073                 0.012147057093424824               
0.16880512057373023                0.9682568924406075                 0.01210888852795125                
0.16895363066379998                0.9881875491054941                 0.01241359362330853                
0.16910214052709568                0.9760226427753682                 0.012192664998960436               
0.16925065016341856                0.9798659037007236                 0.012511078815436233               
0.1693991595725698                 0.9824238024498879                 0.012604503262283078               
0.16954766875435065                0.9714034705083133                 0.012456962269403847               
0.16969617770856224                0.946115295169708                  0.012525012841496277               
0.1698446864350059                 0.943800102106734                  0.01254946811859078                
0.1699931949334828                 0.9064571097667558                 0.012377797153042557               
0.17014170320379415                0.9225272189515582                 0.01269345916848376                
0.17029021124574129                0.8969061564712351                 0.012392652104257891               
0.17043871905912528                0.898763582801306                  0.012656131621174791               
0.17058722664374745                0.8863791124482863                 0.012698893282337033               
0.17073573399940897                0.864365686679779                  0.012583995368986495               
0.17088424112591122                0.8578616921545704                 0.012625172990503336               
0.17103274802305524                0.8465877270340886                 0.012586664904332587               
0.17118125469064235                0.8572340352628397                 0.012850481486305883               
0.1713297611284738                 0.8185628043474594                 0.0126037191920883                 
0.17147826733635088                0.8091374338335071                 0.01276966543708221                
0.17162677331407472                0.8172002682951759                 0.012833144111762689               
0.17177527906144666                0.8042431462435705                 0.012780262543340273               
0.1719237845782679                 0.8150996796065513                 0.013070486439342823               
0.17207228986433967                0.8083640162725997                 0.013068763239481003               
0.17222079491946324                0.7695399033578294                 0.013071242302101486               
0.1723692997434399                 0.7992892609257909                 0.013210039416696863               
0.17251780433607086                0.7606696395600397                 0.013051135819254323               
0.17266630869715735                0.7938795977501437                 0.013390351462788158               
0.17281481282650069                0.7848067084868583                 0.013549287074760436               
0.17296331672390208                0.751943394254902                  0.013568918696630225               
0.17311182038916287                0.74692319920958                   0.013460807211861122               
0.1732603238220842                 0.7474099316338202                 0.013465206415259329               
0.17340882702246738                0.7524069071600558                 0.01383418849978755                
0.17355732999011372                0.7504466039309644                 0.013952292737804132               
0.17370583272482443                0.7397359561798116                 0.014062811300689752               
0.17385433522640084                0.7235949616607444                 0.013980064574327147               
0.17400283749464415                0.7233860849956733                 0.014124432423798825               
0.1741513395293557                 0.7118994698830439                 0.014161721472099625               
0.1742998413303367                 0.7184555994405115                 0.014461966667419621               
0.17444834289738848                0.7182362677874448                 0.01470696773449565                
0.17459684423031224                0.68607097886594                   0.014457222193537619               
0.17474534532890937                0.7229351064278311                 0.014840565358306239               
0.17489384619298107                0.7177500415468383                 0.015236828355133136               
0.17504234682232866                0.675894553808042                  0.01497189791303814                
0.1751908472167534                 0.6812023273464225                 0.015224536737524037               
0.1753393473760566                 0.6724703844438286                 0.015327022532650609               
0.17548784730003958                0.7095297467841064                 0.015849725649972633               
0.17563634698850353                0.6812066471494436                 0.015854882534212147               
0.17578484644124984                0.6839051803775433                 0.016232922480316544               
0.17593334565807975                0.6968515430674419                 0.016507694241721237               
0.17608184463879456                0.6869423203020009                 0.016769661426264623               
0.17623034338319563                0.7282914076060799                 0.017267012846893214               
0.17637884189108416                0.682523897912334                  0.017263878599560106               
0.1765273401622615                 0.6798363413367553                 0.017677477352431744               
0.176675838196529                  0.6798377881028095                 0.017677514972036054               
0.17682433599368788                0.6530401081768344                 0.0179675328117866                 
0.17697283355353952                0.682208380278678                  0.01836443226872275                
0.17712133087588516                0.6935194664207267                 0.019257001656598254               
0.17726982796052618                0.7035211918988025                 0.0198037532550748                 
0.17741832480726386                0.7079945460179418                 0.020081416688364065               
0.17756682141589947                0.6874638219512414                 0.020708996319883745               
0.1777153177862344                 0.6873202158294752                 0.02046466161650137                
0.17786381391806994                0.6509963808991956                 0.02091301676764716                
0.1780123098112074                 0.673223965048518                  0.02213546761673472                
0.17816080546544807                0.6947062390678858                 0.022804849534349424               
0.17830930088059335                0.6820267743169014                 0.023270453241085325               
0.17845779605644455                0.6465809053379293                 0.023377181968626367               
0.17860629099280295                0.7167947343283602                 0.025898846490862566               
0.17875478568946987                0.7239358209196399                 0.026505173575882463               
0.1789032801462467                 0.6463033454547772                 0.026562903871207463               
0.17905177436293476                0.7085808716889366                 0.02841150450046298                
0.17920026833933536                0.6524198410666926                 0.02923563214268002                
0.17934876207524983                0.6950334183923637                 0.030959249095030124               
0.17949725557047952                0.7254599368720482                 0.03446764177580973                
0.17964574882482584                0.7376806013250807                 0.0385591827273254                 
0.17979424183809004                0.7719461261509266                 0.03944460443465398                
0.17994273461007346                0.7415133038118882                 0.044078390646826136               
0.18009122714057746                0.7238286025722558                 0.04868998084667257                
0.18023971942940345                1.0638010883194493                 0.07466419917188255                
0.18038821147635273                0.9956780588721051                 0.08076015484947596                
0.18053670328122662                1.3363076691293347                 0.13231417552492972                
0.18068519484382653                nan                                nan                                
