#####################################################################################################
# NeXus source file: noemi7
# NXdata: name = img{0}_azimuthalIntegration_Px_12                 
#
#
# Exposure_msec                                     1000.0 + 0.0
# _diffrn_source.source                             Storage Ring SOLEIL, beamline SWING
# _diffrn_sofware                                   Foxtrot 3.5.10-3979
# _diffrn_detector.detector                         EIGER-4M
# _diffrn_comment.comment                           -
# _sas_detc.pixnum_ax                               [1035]
# _sas_detc.pixnum_eq                               [1083]
# _sas_detc.pixsize                                 150.0
# _sas_detc.center_ax                               285.110346632731
# _sas_detc.center_eq                               957.0166664324403
# _sas_detc.dist_spec/detc                          6137.21860334
# _sas_detc.energy                                  12.000505731836514
# _sas_detc.gain                                    1.0
# _sas_detc.detector_based_uncertainty              0.0
# _sas_detc.encoder_delta                           0.0
# _sas_detc.delta0                                  0.0
# _sas_detc.gamma_offset                            0.0
# _sas_detc.wave_length                             1.0331580057586949
# _sas_detc.bias                                    0
# _sas_detc.mask                                    E:\20251487\published-data\3120\2026-09-03_session3\\mask_bags_saxs_12kev_sept26.txt
# Normalization                                     true
# Normalization Factor                              0.02571
# Normalization Monitor                             averagemi8b
# Normalization Intensity                           1.0624649776206205e-06
# GlobalNormalization                               24.68606587865678
# AbsTimeStamps                                     nan
# TimeStamps                                        1.4051198959350586
# gapTime                                           500.0
# step_global_regrid                                nan
# xmax_global_regrid                                nan
# xmin_global_regrid                                nan
# ymax_global_regrid                                nan
# ymin_global_regrid                                nan
#####################################################################################################
q(A-1)                             I(q)22_00215{00000}_AzInt_Px_12    Sig(q)22_00215{00000}_AzInt_Px_12  
0.0                                nan                                nan                                
0.0001486390049044326              nan                                nan                                
0.00029727800960908403             nan                                nan                                
0.000445917013914173               nan                                nan                                
0.0005945560176199183              nan                                nan                                
0.0007431950205265388              nan                                nan                                
0.0008918340224342532              nan                                nan                                
0.0010404730231432808              nan                                nan                                
0.0011891120224538396              18131.910036577276                 13.550828621779843                 
0.001337751020166149               17217.641101863403                 5.390825555328561                  
0.0014863900160804278              16218.197867520881                 3.9087792771687044                 
0.0016350290099968942              15322.410044126695                 3.2713244915864084                 
0.0017836680017157683              14551.025480819768                 3.2737050026699537                 
0.001932306991037268               13857.230144641491                 2.9849841629402385                 
0.0020809459777616124              13258.500615413046                 2.694048705330029                  
0.0022295849616890207              12679.755039687283                 2.5661511440567835                 
0.0023782239426197124              12161.216015965221                 2.31402845849478                   
0.0025268629203539046              11699.528000798975                 2.347518694015715                  
0.0026755018946918183              11277.943717921267                 2.095908954044222                  
0.002824140865433671               10882.583090045986                 2.0490165902203277                 
0.0029727798323796835              10487.397792117905                 1.9475965445027468                 
0.003121418795330073               10167.574806413359                 1.8449735611097486                 
0.0032700577540850603              9863.242438117331                  1.8479536561453558                 
0.0034186967084448633              9569.183750187234                  1.6699528451142664                 
0.0035673356582097003              9271.592656369623                  1.6497259219207538                 
0.003715974603179794               9016.533568699457                  1.6094757050422919                 
0.00386461354315536                8784.348693433176                  1.5453819623161356                 
0.00401325247793662                8555.869327207503                  1.5150180179514896                 
0.004161891407323792               8317.49576045157                   1.395556594400711                  
0.004310530331117095               8107.257055611127                  1.3981589678651936                 
0.00445916924911675                7912.87310102521                   1.3611885342391905                 
0.004607808161122976               7720.032928330182                  1.3144514023964102                 
0.004756447066935991               7542.98420150387                   1.295717016915605                  
0.004905085966356017               7366.438229196095                  1.2124254019327627                 
0.00505372485918327                7199.746372780678                  1.232486774317095                  
0.005202363745217974               7042.985577021483                  1.16007152180916                   
0.005351002624260346               6891.952474249105                  1.1530172373870058                 
0.005499641496110608               6737.382388399725                  1.1189010366892618                 
0.005648280360568975               6603.299175390682                  1.083147003992217                  
0.005796919217435672               6472.007743646779                  1.094137267490129                  
0.0059455580665109175              6337.020246447524                  1.0173984611781446                 
0.00609419690759493                6202.645702410135                  1.0126977159693207                 
0.006242835740487932               6080.53109161272                   0.9986117723577432                 
0.00639147456499014                5965.416335414382                  0.979252135083123                  
0.006540113380901778               5844.346631137189                  0.9560762631887602                 
0.006688752188023065               5729.365425945892                  0.9104344821572657                 
0.0068373909861542195              5620.963924180691                  0.9269513299934069                 
0.006986029775095464               5512.044142439493                  0.8866896954977093                 
0.0071346685546470195              5404.885493984975                  0.8749530284535708                 
0.007283307324609103               5298.751954942668                  0.858845067493064                  
0.00743194608478194                5199.747543837914                  0.8296691859010066                 
0.007580584834965747               5099.755719332429                  0.8382539062375723                 
0.007729223574960747               5000.003692862103                  0.7943414597570002                 
0.007877862304567157               4904.221220768699                  0.7928957491555959                 
0.008026501023585205               4811.222803790865                  0.7732030528970557                 
0.008175139731815108               4721.853865433703                  0.7567591564679127                 
0.008323778429057087               4634.297233696793                  0.7635520984299063                 
0.00847241711511136                4545.27173569314                   0.7211954622590261                 
0.008621055789778157               4462.318815472629                  0.7166113440928606                 
0.00876969445285769                4378.128203994676                  0.7058200221099471                 
0.008918333104150186               4300.1177664538745                 0.6975469115242571                 
0.009066971743455865               4220.866806248925                  0.6834945616512057                 
0.009215610370574947               4143.899299404312                  0.6611709908851978                 
0.009364248985307655               4068.0303853712617                 0.6682727331863818                 
0.009512887587454211               3995.5254492728354                 0.6433886971268787                 
0.00966152617681484                3925.2650482758477                 0.6360819893043426                 
0.009810164753189759               3855.3375371276297                 0.627998369525083                  
0.00995880331637919                3786.158445419384                  0.6057399021266235                 
0.010107441866183361               3722.958687105686                  0.6226503917981747                 
0.010256080402402487               3652.2355242078693                 0.5852110249776987                 
0.010404718924836796               3587.1079260193483                 0.5896021961194007                 
0.010553357433286508               3522.41802185125                   0.5701159956852409                 
0.010701995927551847               3458.931385309771                  0.5655994586391999                 
0.010850634407433035               3397.733886632525                  0.5664233259025672                 
0.01099927287273029                3335.5529693964636                 0.5443479894676267                 
0.011147911323243845               3275.0551946354203                 0.541770367154721                  
0.011296549758773915               3215.3267675054176                 0.5281159690256563                 
0.011445188179120724               3156.124615757534                  0.5237925591840201                 
0.0115938265840845                 3097.515269317696                  0.5177964199481936                 
0.011742464973465466               3039.7547754831908                 0.5007878702747457                 
0.011891103347063838               2982.8295725152016                 0.5048941662200751                 
0.012039741704679847               2925.9094860474797                 0.4893315056979282                 
0.012188380046113712               2868.5023717782547                 0.4796862658033725                 
0.012337018371165662               2812.592789927763                  0.476405722580327                  
0.01248565667963592                2758.6492857209428                 0.4653704743188081                 
0.012634294971324705               2703.937315591161                  0.465723427032169                  
0.012782933246032245               2649.3439350183203                 0.44914736059426447                
0.012931571503558769               2595.8026246650434                 0.4475398508649011                 
0.013080209743704493               2542.4373112132                    0.43471281244087007                
0.013228847966269644               2489.881495677928                  0.4329859462630455                 
0.013377486171054451               2438.223348046224                  0.42649354479320895                
0.013526124357859137               2388.360601297554                  0.4152830332670705                 
0.013674762526483924               2337.234799045412                  0.4111808343862791                 
0.013823400676729044               2286.585294643165                  0.40206117094375043                
0.013972038808394713               2237.733502096849                  0.4019745232232842                 
0.014120676921281166               2190.5630758603575                 0.38913911570846227                
0.014269315015188622               2142.482750124371                  0.3816026557288953                 
0.014417953089917307               2096.07484630557                   0.38195991651945443                
0.014566591145267453               2049.59729078313                   0.3719928314691477                 
0.014715229181039282               2004.5722124777826                 0.3691166946943207                 
0.014863867197033016               1960.289623888929                  0.35875134871702735                
0.015012505193048892               1917.2813187131474                 0.3527984500874258                 
0.015161143168887127               1873.296731852175                  0.3521305128042811                 
0.01530978112434795                1832.1498867428907                 0.3413397816024082                 
0.01545841905923159                1790.7487020291935                 0.34068536404584476                
0.015607056973338276               1749.8858417927486                 0.32872228137346876                
0.015755694866468228               1710.1631519438965                 0.32772921627520124                
0.015904332738421678               1670.702130365374                  0.32417749748717806                
0.01605297058899886                1633.3554130036234                 0.3137848990233132                 
0.016201608417999988               1595.7096138779302                 0.31319195186582144                
0.0163502462252253                 1558.7197207550018                 0.30338797953303503                
0.016498884010475022               1522.6906644823478                 0.30455902636234844                
0.01664752177354938                1488.0176119512223                 0.2962116710089775                 
0.0167961595142486                 1453.384131948071                  0.28959975742348726                
0.016944797232372917               1419.4688200330536                 0.2886788523798393                 
0.017093434927722556               1386.3279792429892                 0.2814404444864576                 
0.017242072600097746               1353.9930939836831                 0.2809263643137725                 
0.01739071024929872                1322.2199959225914                 0.2705035951561578                 
0.017539347875125698               1291.090177465616                  0.26933166976917383                
0.017687985477378917               1260.0659118951935                 0.26552423232158257                
0.01783662305585861                1229.7560369278963                 0.25893570185833314                
0.017985260610364994               1201.00613615506                   0.25869159268366465                
0.018133898140698313               1172.4805919508237                 0.2493349196439898                 
0.018282535646658788               1143.2363458571065                 0.24899160950670765                
0.018431173128046652               1115.9038772874726                 0.2442057246405934                 
0.018579810584662137               1089.4841428225834                 0.23909963052190866                
0.01872844801630547                1062.2923092261447                 0.2376411690620993                 
0.018877085422776888               1036.8245406071665                 0.2355493394483754                 
0.01902572280387662                1011.2800345584358                 0.2380366414441469                 
0.019174360159404893               986.6653037712573                  0.2317798921886172                 
0.019322997489161938               961.9129344654109                  0.22947182460887924                
0.019471634792947997               937.9065028446917                  0.23551137335657552                
0.019620272070563285               914.9110930368736                  0.2317620638988655                 
0.019768909321808054               892.3329914806196                  0.23332266879601987                
0.019917546546482524               869.4869332527435                  0.2274235978765371                 
0.020066183744386925               848.0781027813383                  0.22919580007344872                
0.0202148209153215                 826.2689672698667                  0.2297702247498757                 
0.020363458059086476               805.0500818079687                  0.22245719255746937                
0.020512095175482088               784.8762230302344                  0.226272903630344                  
0.020660732264308566               764.945473151021                   0.21717527103245463                
0.02080936932536615                744.3686242580508                  0.2225170301691079                 
0.020958006358455062               725.3620403178336                  0.21770053378215332                
0.02110664336337555                707.1190897760662                  0.21374230674310007                
0.021255280339927837               688.1475842873378                  0.21359851385721845                
0.02140391728791216                669.9410691895208                  0.20871437923847447                
0.021552554207128764               652.3147281235214                  0.21181128442862102                
0.02170119109737787                635.2453821947317                  0.20539224719331323                
0.021849827958459727               618.2540810234159                  0.2029597732213701                 
0.021998464790174553               601.7086206791618                  0.20325696249174244                
0.022147101592322593               585.6113775076684                  0.1978549038234826                 
0.022295738364704085               570.483398719817                   0.19400626552246594                
0.022444375107119267               555.4072226643018                  0.18590615210558376                
0.022593011819368364               540.3631044666089                  0.18436499415485452                
0.022741648501251623               526.0489196572233                  0.18190672112913886                
0.022890285152569273               511.6037052048926                  0.17445039505307944                
0.02303892177312156                497.6487826566318                  0.17463829233620706                
0.023187558362708714               483.7988147951675                  0.16853365830658376                
0.02333619492113097                470.8492485184005                  0.16987093032118922                
0.023484831448188578               457.47829974787356                 0.1637665277341751                 
0.023633467943681763               444.65069649539686                 0.16215979247174508                
0.023782104407410774               432.6559571877744                  0.15995768030940163                
0.023930740839175842               420.1263333506419                  0.15515270322371696                
0.024079377238777205               408.1449359561606                  0.15547419608369267                
0.024228013606015102               396.7750820385478                  0.1500383629408238                 
0.024376649940689773               385.2642388682089                  0.14868127962706193                
0.024525286242601464               374.3406715119482                  0.1466622368543125                 
0.024673922511550404               362.98859834334803                 0.1422193555345779                 
0.024822558747336843               352.9405114798679                  0.14301831338610535                
0.024971194949761022               342.54654131875645                 0.13656923460281406                
0.025119831118623162               332.50268800529625                 0.13783327585105867                
0.025268467253723528               322.7953593911227                  0.13439219260292265                
0.025417103354862348               313.2703305175377                  0.1305152452940942                 
0.02556573942183986                304.1038378053039                  0.1302634135171461                 
0.02571437545445632                294.9554533165007                  0.12522199279383578                
0.025863011452511953               286.18750200459436                 0.12680537089088798                
0.026011647415807016               277.53822303501545                 0.12251817238761151                
0.02616028334414174                269.4249447308378                  0.12063361843099042                
0.026308919237316375               261.3416125122848                  0.11865212397035524                
0.026457555095131157               253.26892063659434                 0.1165729258608322                 
0.026606190917386335               245.80148542642658                 0.11545486640937819                
0.026754826703882146               238.31390371975402                 0.11161028096568966                
0.026903462454418846               230.81544933618727                 0.11026805136005803                
0.027052098168796664               223.73271700591772                 0.10949249542185718                
0.027200733846815844               216.93154320718878                 0.10621190497448162                
0.027349369488276647               210.20083265699427                 0.10509224572401199                
0.0274980050929793                 203.92102452185793                 0.10304381307417161                
0.027646640660724066               197.58781788066563                 0.10110671287144683                
0.02779527619131117                191.29359168307738                 0.1000600216580393                 
0.027943911684540874               185.45707590335488                 0.09739575943900923                
0.02809254714021341                179.64533760116888                 0.09585756502330484                
0.02824118255812904                174.17266240544123                 0.0942672474845805                 
0.028389817938087997               168.8424540336288                  0.09263877926017537                
0.028538453279890536               163.4680724458133                  0.09103833619841924                
0.0286870885833369                 158.20979514829074                 0.08933882109081077                
0.02883572384822734                153.11547253400727                 0.08718581692230416                
0.028984359074362098               148.4710097663093                  0.0869798638559046                 
0.029132994261541426               143.76386336991266                 0.08412139823860137                
0.029281629409565572               139.3619236938639                  0.08353710387864084                
0.029430264518234783               135.09995556228927                 0.0820472475805429                 
0.029578899587349307               130.73578060989627                 0.08012204422771912                
0.029727534616709395               126.85590055754255                 0.07926117853664483                
0.029876169606115298               122.6107655302202                  0.07717261129445965                
0.030024804555367265               118.69808572127342                 0.0759768623410818                 
0.03017343946426554                115.0401587420007                  0.07497725686253205                
0.030322074332610385               111.46976741888774                 0.07371573346209347                
0.03047070916020204                108.09319117151756                 0.07190178947071313                
0.030619343946840766               104.56395708614394                 0.07092792820701553                
0.03076797869232679                101.39688705700735                 0.0694344354995347                 
0.030916613396460405               98.22691949681092                  0.06907401697137207                
0.031065248059041834               95.2508586235672                   0.06686696460065092                
0.031213882679871328               92.38228955030705                  0.06647147169862844                
0.031362517258749154               89.40942040292128                  0.06478417948239834                
0.031511151795475555               86.48998911244368                  0.06371773455939378                
0.031659786289850785               83.8694903108653                   0.0630010815645699                 
0.03180842074167511                81.43749871240244                  0.061263350442353794               
0.03195705515074876                78.91170520835377                  0.060721741354394405               
0.03210568951687201                76.55078089405909                  0.05970329804006321                
0.032254323839845105               74.19907306270717                  0.058510687665325                  
0.03240295811946831                72.01220853404051                  0.05777376278280685                
0.032551592355541864               69.83455012200014                  0.05615938437425485                
0.032700226547866036               67.84533355959718                  0.056109493012664956               
0.03284886069624108                65.98216535430406                  0.0547719232740433                 
0.03299749480046724                64.00072482696044                  0.05394326654117426                
0.033146128860344785               62.226869640309914                 0.053071479323452915               
0.033294762875673976               60.439701783040256                 0.052014052032370764               
0.03344339684625505                58.67946506466309                  0.05194443504307259                
0.0335920307718883                 57.17555257576695                  0.050312817035846495               
0.03374066465237394                55.556619603589                    0.049868660275573864               
0.03388929848751226                54.0567794118947                   0.049001777894241885               
0.034037932277103514               52.57484348662433                  0.04843176893861308                
0.03418656602094795                51.189574954292894                 0.04797474966327808                
0.034335199718845834               49.96249787850992                  0.04798572652030248                
0.034483833370597426               48.63620926806857                  0.04794838447006931                
0.03463246697600298                47.52539974109069                  0.04748085984467456                
0.03478110053486277                46.41215967257291                  0.04739558323734659                
0.034929734046977044               45.178434297866836                 0.0466778397075656                 
0.03507836751214607                44.178108787235175                 0.04489334566120894                
0.0352270009301701                 43.235831910270306                 0.04476629791665711                
0.03537563430084941                42.26379771206078                  0.04366476936881448                
0.03552426762398426                41.32305757398195                  0.04329678678812637                
0.035672900899374894               40.466385025235326                 0.04246689697156401                
0.0358215341268216                 39.62414259265848                  0.041816141565004884               
0.03597016730612462                38.90130507351778                  0.04191517823148797                
0.036118800437084236               38.141591573896704                 0.040630019305560136               
0.036267433519500715               37.419367873369914                 0.04061403229125193                
0.036416066553174295               36.73118480789815                  0.0398080046835906                 
0.036564699537905254               36.039251586520635                 0.03957908578097386                
0.03671333247349387                35.436341916596305                 0.03924663390932926                
0.036861965359740394               34.892690542266735                 0.03857371361364258                
0.037010598196445095               34.32509323317268                  0.03833949748645889                
0.037159230983408245               33.77603742050705                  0.038011549883021106               
0.03730786372043011                33.33920564413276                  0.03770527716999395                
0.03745649640731094                32.84063955781487                  0.03724628085268247                
0.037605129043851035               32.377568663737925                 0.03669688074275286                
0.03775376162985063                31.878831801396565                 0.03673515201419904                
0.03790239416511001                31.493685024463023                 0.036248399447515685               
0.03805102664942944                31.085208572408717                 0.0360683291045574                 
0.038199659082609194               30.805279516639054                 0.03572153056177207                
0.038348291464449534               30.457305992437956                 0.035410756390244276               
0.03849692379475074                30.09161610073592                  0.03545063341070072                
0.03864555607331307                29.831054320832436                 0.03499153031288198                
0.0387941882999368                 29.48838952169831                  0.03477237603490307                
0.03894282047442221                29.221658243147704                 0.03426964272904676                
0.03909145259656955                28.99208460370936                  0.03456610772984979                
0.03924008466617912                28.689106177241886                 0.033989684820203446               
0.03938871668305117                28.461942800816665                 0.03363821179041213                
0.03953734864698598                28.18344202715071                  0.03350613737591925                
0.03968598055778383                28.046712022449483                 0.033229302027241954               
0.03983461241524497                27.812910314965873                 0.03326881726911547                
0.0399832442191697                 27.554995347734675                 0.0328094484969391                 
0.040131875969358285               27.374728843815824                 0.03251437507024008                
0.040280507665611                  27.178734949505905                 0.0326004120297362                 
0.040429139307728124               27.018221773527692                 0.03231738358078603                
0.04057777089550993                26.845885711835276                 0.032431509150960346               
0.040726402428756685               26.72313918295497                  0.0318529890857999                 
0.04087503390726868                26.606560283397222                 0.032162461485762385               
0.04102366533084617                26.330428745001043                 0.03191864924651638                
0.041172296699289464               26.2140034697782                   0.03159256222974409                
0.04132092801239882                26.07049263078674                  0.031715317585356895               
0.04146955926997452                25.939015847043663                 0.03142643639489707                
0.04161819047181683                25.87133830127047                  0.03153395579412176                
0.041766821617726047               25.6729938355029                   0.03139796131421764                
0.041915452707502444               25.578137827486238                 0.031047008502865674               
0.042064083740946306               25.362756136400495                 0.03100266384936924                
0.0422127147178579                 25.255879781581225                 0.030850824134199293               
0.04236134563803752                25.070330546839617                 0.03073729604188235                
0.042509976501285435               25.048448238913448                 0.031357435504032145               
0.04265860730740194                24.87939400815844                  0.0313886159819571                 
0.042807238056187316               24.808317442510315                 0.0317976964801385                 
0.04295586874744183                24.66595726025785                  0.03173828532048831                
0.043104499380965784               24.587570311015906                 0.031848756831994895               
0.04325312995655945                24.463442138632747                 0.031671661307715364               
0.04340176047402311                24.297765804147478                 0.031905134645154834               
0.04355039093315706                24.23420800923657                  0.03183048740649804                
0.043699021333761565               24.06472802796072                  0.03163747947377512                
0.04384765167563693                23.948382284027755                 0.03184000393267531                
0.04399628195858344                23.840546959007835                 0.03144140401010263                
0.044144912182401366               23.713351688881215                 0.0316999623145391                 
0.04429354234689099                23.60758738020331                  0.03151403376785815                
0.044442172451852634               23.4577479714034                   0.03136505457847889                
0.04459080249708656                23.32507055741948                  0.03134119246555733                
0.044739432482393045               23.15244415976695                  0.03120879248275796                
0.044888062407572406               23.004297225521526                 0.031503839962550295               
0.04503669227242491                22.856119411545137                 0.03088044531896175                
0.04518532207675085                22.793752741856302                 0.031342672812395146               
0.04533395182035053                22.55874171649123                  0.03099983165464716                
0.04548258150302422                22.43181797026576                  0.031010488569799516               
0.04563121112457223                22.321293965636816                 0.0312497528024115                 
0.045779840684794834               22.219414649271744                 0.03071741287940589                
0.045928470183492345               22.075143788557646                 0.031060220838408217               
0.04607709962046502                21.909461014655687                 0.03089350109976443                
0.046225728995513186               21.71527287596875                  0.03069036718746652                
0.046374358308437114               21.569966930735365                 0.030653231394153387               
0.04652298755903712                21.415138292422675                 0.030315697462061166               
0.046671616747113474               21.197343310222085                 0.03063538987311634                
0.046820245872466484               21.096363325862104                 0.03012116124676333                
0.04696887493489644                20.889779764093188                 0.030053193126465275               
0.04711750393420365                20.73841331313314                  0.029976130276007457               
0.047266132870188396               20.559870944681997                 0.029501762124106046               
0.04741476174265097                20.385421205708724                 0.02968820271987992                
0.047563390551391686               20.125589333529124                 0.029142893467058836               
0.04771201929621082                20.020676886337892                 0.02920405962828385                
0.047860647976908685               19.796654525055516                 0.02908613163010337                
0.04800927659328559                19.644592109311112                 0.02859956614974654                
0.048157905145141816               19.44244953871848                  0.028824766951195208               
0.04830653363227766                19.24344524484871                  0.028262535106039696               
0.04845516205449344                19.079231425885126                 0.028524193333846322               
0.04860379041158943                18.88890793167738                  0.02842649396756639                
0.04875241870336596                18.680445189360842                 0.02781756901460177                
0.04890104692962332                18.473877867404344                 0.02797983868729046                
0.04904967509016181                18.265785679963006                 0.027577697611368194               
0.04919830318478172                18.118170912150685                 0.027752754948230304               
0.049346931213283374               17.8487905820825                   0.027345550090454265               
0.049495559175467066               17.699139971304938                 0.027146590726066424               
0.0496441870711331                 17.514275847518256                 0.027130221478874898               
0.049792814900081785               17.262700684579876                 0.02674119656408222                
0.04994144266211342                17.05795263528616                  0.026858188752835965               
0.05009007035702831                16.82915904029803                  0.026322662359688987               
0.05023869798462676                16.67867234331472                  0.02639314584837688                
0.050387325544709094               16.42720415446796                  0.026302117241113535               
0.050535953037075594               16.248905263109567                 0.02598401723411326                
0.050684580461526595               15.986274981614729                 0.025799655210759036               
0.05083320781786236                15.8258340174639                   0.025474264072462373               
0.05098183510588326                15.574133272664765                 0.025530611297372087               
0.05113046232538955                15.37391103095102                  0.02519734373406775                
0.05127908947618157                15.166474260417376                 0.025090806657065076               
0.05142771655805962                14.914831626465983                 0.024920118797230252               
0.05157634357082401                14.736561626335064                 0.024557150441649706               
0.05172497051427505                14.545493829679838                 0.02468588032266362                
0.051873597388213066               14.297402044969823                 0.024055217209786303               
0.05202222419243834                14.106039345458878                 0.024062561770880796               
0.05217085092675122                13.872873396826487                 0.02398468166111515                
0.052319477590952006               13.743778138863252                 0.023751588333730284               
0.05246810418484102                13.480359045341904                 0.023510970712489462               
0.05261673070821854                13.261629559225641                 0.023237282957640614               
0.052765357160884915               13.044656090904034                 0.023081235879276834               
0.052913983542640465               12.875072057296313                 0.022965473555614208               
0.05306260985328549                12.63560947306049                  0.022843489662390314               
0.05321123609262031                12.448761334707275                 0.02252521125877895                
0.053359862260445236               12.27037802379002                  0.022262689997404737               
0.05350848835656059                12.089423488489672                 0.022231319604669432               
0.05365711438076671                11.815845994580494                 0.021857373039369122               
0.05380574033286389                11.682174069975757                 0.021787821689015923               
0.05395436621265246                11.446271788240018                 0.021555914498385773               
0.054102992019932725               11.278875060690103                 0.021376309576059207               
0.05425161775450505                11.114930719843912                 0.021316531096926397               
0.0544002434161697                 10.906522908664952                 0.020762581334954504               
0.054548869004727024               10.730864911840333                 0.020860988508184658               
0.054697494519977345               10.522047149415396                 0.020667372079072113               
0.054846119961720986               10.371205746561                    0.020447119945089805               
0.05499474532975826                10.190255905456514                 0.020308423005515032               
0.055143370623889514               10.002823272920123                 0.019845152884436577               
0.05529199584391504                9.828179284990256                  0.019954346904917663               
0.05544062098963519                9.598017312056593                  0.019534612485898096               
0.055589246060850264               9.499088613311761                  0.019549133281110694               
0.05573787105736062                9.314615013290014                  0.019291451093654325               
0.05588649597896656                9.155055817935638                  0.01901333862479861                
0.056035120825468424               9.010705204757935                  0.019049435563072044               
0.05618374559666653                8.825626465189705                  0.018668135709289647               
0.056332370292361225               8.66125511070081                   0.018611770918388507               
0.05648099491235282                8.501797502105253                  0.01833139852446288                
0.05662961945644166                8.38389050924885                   0.018230545023360994               
0.05677824392442804                8.218280720828655                  0.018156504808299993               
0.056926868316112336               8.11846159959171                   0.017783727684475704               
0.057075492631294855               7.9507405690730515                 0.01775338173857088                
0.05722411686977594                7.847856043701453                  0.0175354995388849                 
0.05737274103135591                7.72739813454652                   0.01751083359542798                
0.057521365115835124               7.5696768531853085                 0.017272106639869004               
0.05766998912301387                7.380281587140712                  0.0169641475480328                 
0.057818613052692536               7.288531925566663                  0.017031372246238966               
0.05796723690467142                7.197006414560554                  0.016672159341285995               
0.05811586067875089                7.068905798215537                  0.01669103789926623                
0.05826448437473124                6.952004803005324                  0.01648047062127794                
0.05841310799241284                6.827471008600777                  0.016261784391614895               
0.05856173153159601                6.73249135436482                   0.016312864588621356               
0.05871035499208109                6.652517195660179                  0.016006248244234245               
0.058858978373668436               6.508878914099001                  0.015962006758393685               
0.05900760167615837                6.470211822204959                  0.015785418593247585               
0.059156224899351226               6.328021833731855                  0.015640773294432215               
0.059304848043047365               6.218636401921707                  0.015617174203227217               
0.05945347110704712                6.122526697790109                  0.015333606096363604               
0.05960209409115083                6.047839771632431                  0.015319875410013659               
0.05975071699515884                5.951648529937748                  0.015110964304940822               
0.0598993398188715                 5.858143767484633                  0.015084937524933648               
0.060047962562089136               5.786159819146768                  0.014885320600375616               
0.06019658522461209                5.703190626070494                  0.01477123935342912                
0.06034520780624073                5.591643581777781                  0.014716686135307898               
0.06049383030677538                5.536847081143469                  0.014940134981863511               
0.0606424527260164                 5.495583473704904                  0.015111620644791301               
0.060791075063764154               5.383718115796954                  0.015034330904069151               
0.06093969731981895                5.318957709530525                  0.01503742875620006                
0.06108831949398115                5.2534937893785365                 0.015160919522174857               
0.0612369415860511                 5.1950485157644115                 0.015043899167036948               
0.06138556359582917                5.101475489769294                  0.015103967698047923               
0.061534185523115695               5.051302241645714                  0.014979994849473249               
0.061682807367711034               5.023260003733253                  0.015121866252066352               
0.061831429129415506               4.934878794696002                  0.0150560719433949                 
0.061980050808029506               4.862758512924323                  0.014903471183938873               
0.06212867240335336                4.839107028564322                  0.0150637741517984                 
0.06227729391518745                4.745060476029404                  0.01479727803147196                
0.06242591534333208                4.72590582441339                   0.015115722187542455               
0.06257453668758765                4.693958786363876                  0.014931507726166544               
0.06272315794775449                4.683711861088409                  0.01488904729233282                
0.06287177912363298                4.6006101015383445                 0.014949737267804528               
0.06302040021502343                4.557016989199571                  0.014852057806429175               
0.06316902122172624                4.5291305211668                    0.014941035948178152               
0.06331764214354177                4.470672518465549                  0.01429811991562411                
0.06346626298027035                4.450921091656769                  0.014210480099479663               
0.06361488373171235                4.3936428431592045                 0.01398625294004029                
0.06376350439766815                4.3590747121106315                 0.013847685993721643               
0.06391212497793805                4.3178209126466305                 0.013744750232195157               
0.06406074547232249                4.285092003773814                  0.013511389613551953               
0.06420936588062177                4.24402629253073                   0.01350341312942312                
0.0643579862026363                 4.230258615786322                  0.013403549069734854               
0.06450660643816641                4.188665206498388                  0.013275026184281313               
0.06465522658701248                4.174964529070177                  0.013294784451294808               
0.06480384664897484                4.139967256697549                  0.01313640001107351                
0.06495246662385391                4.136455279989031                  0.013178370817899734               
0.06510108651145002                4.110586374489409                  0.013016268964344413               
0.06524970631156356                4.094924498948868                  0.012984850527376916               
0.06539832602399485                4.0697388964419                    0.012977876981022133               
0.0655469456485443                 4.035252468831569                  0.012896459361818722               
0.06569556518501228                4.042874900536816                  0.01288245529189378                
0.06584418463319913                4.013320136416868                  0.012713500738478233               
0.06599280399290525                4.009136729461584                  0.012700567065632499               
0.06614142326393099                3.9620790022214742                 0.012676267864901515               
0.06629004244607672                3.9406982447544805                 0.012635701273476584               
0.06643866153914282                3.951454924630464                  0.012634003215348714               
0.06658728054292967                3.939943201482097                  0.01241304158850838                
0.06673589945723764                3.918090533302931                  0.012561789893164865               
0.06688451828186709                3.894738639990577                  0.012480957202585088               
0.06703313701661841                3.880006769576937                  0.012390245046705772               
0.06718175566129193                3.8934856063233036                 0.012448275912427713               
0.0673303742156881                 3.9000043651767187                 0.012428213744389962               
0.06747899267960726                3.8723738442869036                 0.012365996497920381               
0.06762761105284978                3.8469410460860765                 0.01222446745295286                
0.06777622933521604                3.873272544313236                  0.012373472874852874               
0.06792484752650643                3.8383315757688368                 0.012228389597972327               
0.0680734656265213                 3.8195853447153323                 0.012257569576438802               
0.0682220836350611                 3.8326110484446554                 0.012219283826797316               
0.06837070155192615                3.810880786721264                  0.012097668484357529               
0.06851931937691683                3.777745705025598                  0.012119868489103633               
0.06866793710983354                3.787010407883699                  0.012099939371325166               
0.06881655475047667                10.059869592069859                 0.019749395015165268               
0.06896517229864657                3.7714041676239725                 0.012086530228622517               
0.06911378975414369                3.7772526108845415                 0.011993151733958918               
0.06926240711676834                3.754149134157679                  0.012035868090235402               
0.06941102438632095                3.7335421481147426                 0.01188453745481636                
0.06955964156260189                3.7444378075709603                 0.012008869149202477               
0.06970825864541157                3.750793597727286                  0.011900866298726743               
0.06985687563455034                3.7390637531544466                 0.011926792620999405               
0.07000549252981861                3.709174546967213                  0.01185124472922866                
0.07015410933101678                3.7217706082775015                 0.011772745523169321               
0.07030272603794524                3.7102086678131165                 0.011863999743344424               
0.07045134265040434                3.7088058305366665                 0.011779330075326052               
0.07059995916819455                3.6622729691686624                 0.011748680123843282               
0.07074857559111615                3.650051348356167                  0.011707304269940499               
0.07089719191896963                3.6489903306281546                 0.011588067684297784               
0.07104580815155535                3.6384169017578145                 0.011715817602429176               
0.07119442428867372                3.6373057839551795                 0.011585304018869588               
0.07134304033012509                3.6206121054617757                 0.011595714373212976               
0.0714916562757099                 3.5937456492820807                 0.01157918059366463                
0.07164027212522854                3.6256224190940203                 0.011524788991884041               
0.0717888878784814                 3.600248944060234                  0.011621811713532984               
0.07193750353526884                3.5733744173970035                 0.011431126133242066               
0.07208611909539134                3.5624867889873246                 0.011470785036010948               
0.07223473455864923                3.5286980992714536                 0.011421469575734707               
0.07238334992484297                3.5227039099088766                 0.011432651189813419               
0.07253196519377289                3.5248577728836676                 0.011483571061876675               
0.07268058036523947                3.5283298277043067                 0.011282758476084178               
0.07282919543904304                3.516512673254017                  0.011375832951465813               
0.07297781041498405                3.472817900115397                  0.01129468731641782                
0.07312642529286288                3.479886418043335                  0.011290836672373376               
0.07327504007247997                3.4246816411958525                 0.011200924892940828               
0.07342365475363567                3.436240706608005                  0.011129615769090294               
0.07357226933613044                3.413165408705876                  0.011192210284167043               
0.07372088381976465                3.4074731162909733                 0.011122592974661881               
0.07386949820433873                3.3815459363857916                 0.01104561454599628                
0.07401811248965308                3.3744573775175075                 0.010990085466446597               
0.07416672667550812                3.3494408013464607                 0.011007777575411161               
0.07431534076170422                3.3150660476663556                 0.010985534912633769               
0.07446395474804186                3.307406556518964                  0.010823149865802578               
0.07461256863432139                3.2982722948609333                 0.010831895942278172               
0.07476118242034327                3.2808206950998318                 0.01074674315665673                
0.07490979610590787                3.2636231347202544                 0.010755989402851324               
0.07505840969081562                3.2404080418743386                 0.010712985425416429               
0.07520702317486694                3.2082329471795683                 0.010595038517532417               
0.07535563655786226                3.1808735917586244                 0.010540671531680547               
0.07550424983960197                3.160442662708571                  0.010484199153484005               
0.0756528630198865                 3.14081767419849                   0.010492208463632718               
0.07580147609851624                3.1275704590720963                 0.010398349448965435               
0.07595008907529169                3.078242260603809                  0.010302848800878945               
0.07609870195001317                3.0733610051842515                 0.010343210391493307               
0.07624731472248115                3.0333190660316465                 0.01019276320977582                
0.07639592739249607                3.0028236123339336                 0.010162901718316913               
0.07654453995985831                2.994361118889014                  0.010110028688959733               
0.0766931524243683                 2.9531207502969727                 0.010048640009737712               
0.07684176478582651                2.9558403199534613                 0.010100258698875318               
0.07699037704403329                2.9252598394481812                 0.009980102612418041               
0.07713898919878912                2.9013340805919396                 0.00996857227683831                
0.0772876012498944                 2.875534505792858                  0.00983722749560503                
0.07743621319714959                2.848888757123097                  0.009886433879094119               
0.07758482504035506                2.8240352297919236                 0.009822449005174235               
0.0777334367793113                 2.794840309809114                  0.009706296213997991               
0.0778820484138187                 2.77411323508447                   0.009722963244962579               
0.0780306599436777                 2.7525784620738336                 0.00962463555258888                
0.07817927136868873                2.731665874986954                  0.00966049392740471                
0.07832788268865222                2.7037462651391895                 0.009527027608513474               
0.07847649390336861                2.672700543399891                  0.009460427538491143               
0.07862510501263834                2.675916099589127                  0.00955739180334738                
0.07877371601626182                2.616290305028452                  0.009348485848583752               
0.0789223269140395                 2.5989365699708418                 0.009356080336996555               
0.07907093770577181                2.5610648011000663                 0.009241687249117562               
0.0792195483912592                 2.5461548723992355                 0.009218545312110015               
0.07936815897030208                2.504360598425574                  0.009207270307397089               
0.07951676944270093                2.48620785328035                   0.009075806622405381               
0.07966537980825614                2.4864425379178647                 0.009117333843031926               
0.07981399006676818                2.4575759667438506                 0.009027095461889614               
0.07996260021803749                2.4336314166579722                 0.009031182589247112               
0.0801112102618645                 2.388164581156005                  0.008927983197907096               
0.08025982019804966                2.361764734247863                  0.008802694482837858               
0.0804084300263934                 2.333751708729335                  0.008829333584208865               
0.08055703974669619                2.3214098854553806                 0.00873779342001086                
0.08070564935875844                2.2941769285531954                 0.0087433545473165                 
0.08085425886238064                2.289117637021621                  0.008669780664385968               
0.0810028682573632                 2.247878017090826                  0.008591334662621998               
0.08115147754350657                2.222167900723763                  0.008587419157918134               
0.08130008672061122                2.203151503418797                  0.008512342686411607               
0.08144869578847758                2.158283975209054                  0.008421806117714219               
0.0815973047469061                 2.1397238824042613                 0.00836519196347163                
0.08174591359569723                2.1261694814083327                 0.008342025810098037               
0.08189452233465144                2.09879552447773                   0.008311686687503685               
0.08204313096356916                2.0649747631812083                 0.008204557256361756               
0.08219173948225086                2.0379221586915697                 0.008173689119618905               
0.08234034789049698                2.0266708030304375                 0.008098847318655898               
0.08248895618810799                2.00085645376905                   0.0080924799154233                 
0.08263756437488433                1.98182425397123                   0.008037689176648549               
0.08278617245062646                1.9557906637197215                 0.007952800128444569               
0.08293478041513484                1.9372132725227453                 0.00794033230464993                
0.08308338826820992                1.9092726642406028                 0.007842030191199062               
0.08323199600965217                1.8926613538811592                 0.007848503429212906               
0.08338060363926207                1.8643758371825632                 0.007749286209406544               
0.08352921115684006                1.8452920113244027                 0.007706464695299534               
0.08367781856218658                1.838827650356533                  0.007742312110610505               
0.08382642585510211                1.8010498594053364                 0.007628691369065148               
0.08397503303538713                1.7814835916273797                 0.007551100068153432               
0.08412364010284208                1.7521464800651279                 0.0074563475321958155              
0.08427224705726745                1.7468095670098773                 0.0074920702895590946              
0.08442085389846368                1.7200086276949138                 0.0074402799034341245              
0.08456946062623125                1.705547763992122                  0.007397199224799369               
0.08471806724037062                1.68300582678123                   0.007333654607234952               
0.08486667374068227                1.6639748886707733                 0.007266335170773113               
0.08501528012696667                1.644459348669801                  0.007272169819617294               
0.08516388639902428                1.6241796308002723                 0.0071705089331889375              
0.08531249255665557                1.6097110878870364                 0.007149683054097396               
0.08546109859966101                1.5852482154744008                 0.007109093792998772               
0.08560970452784111                1.5811550935443088                 0.00704197673070095                
0.08575831034099632                1.5624321807480606                 0.0070688881724221735              
0.08590691603892707                1.5388162450481362                 0.006955141633244168               
0.0860555216214339                 1.529282256563922                  0.006957899009079108               
0.08620412708831726                1.5193429673299463                 0.006946116757320767               
0.08635273243937762                1.4995268875325067                 0.00687646595261665                
0.08650133767441548                1.4721047698319374                 0.006808007803869543               
0.08664994279323132                1.4794071590505713                 0.006793279251283332               
0.08679854779562558                1.4499384049923028                 0.006746089017462787               
0.08694715268139878                1.4352046960390528                 0.0067590142336363184              
0.08709575745035139                1.4215779292142419                 0.006659193395942651               
0.0872443621022839                 1.4067668993568254                 0.006632078608957701               
0.08739296663699678                1.392843172000715                  0.006596634864417893               
0.08754157105429052                1.388290064683561                  0.006578244096814267               
0.08769017535396562                1.382484663773637                  0.006579680499012713               
0.08783877953582254                1.3795765661597703                 0.006522547249981815               
0.0879873835996618                 1.3485560769238742                 0.006493431248933507               
0.08813598754528384                1.3522444015844661                 0.006474888215495847               
0.08828459137248919                1.3360246990320275                 0.006453246745007398               
0.08843319508107834                1.3266843143662628                 0.006418321630181794               
0.08858179867085175                1.3202230693576025                 0.0063686066724656315              
0.08873040214160996                1.3082071942933335                 0.006380815293241316               
0.08887900549315342                1.2983264145053552                 0.006325177265036383               
0.08902760872528265                1.2866721203617657                 0.006299123553082586               
0.08917621183779811                1.2686924159500748                 0.0062621133333195305              
0.08932481483050034                1.27206650620298                   0.006234871078011617               
0.08947341770318981                1.264932626645763                  0.006233843059435476               
0.08962202045566703                1.2635878562590181                 0.006232895074434647               
0.08977062308773248                1.2537508189279114                 0.006208589468744696               
0.08991922559918666                1.2483883490517176                 0.006176584123005145               
0.0900678279898301                 1.2259443810149229                 0.006134708382215135               
0.09021643025946328                1.223048697962108                  0.006097510277620168               
0.09036503240788671                1.227232074152654                  0.006112520070172497               
0.09051363443490087                1.2136003055766005                 0.006069367289188506               
0.09066223634030629                1.2000044870174769                 0.006076381021576776               
0.09081083812390348                1.1990660668610187                 0.006060219059572344               
0.09095943978549291                1.2053344099857308                 0.006026144785326756               
0.09110804132487513                1.2044743218057483                 0.006053322682237201               
0.09125664274185061                1.1844745076140601                 0.0059693420451056405              
0.09140524403621988                1.1943881622596533                 0.006039276677378488               
0.09155384520778345                1.1815733228202336                 0.005968683994774208               
0.09170244625634183                1.1822155412505584                 0.005948221355895217               
0.09185104718169552                1.1653209341298485                 0.005965346499718029               
0.09199964798364504                1.1709164985706344                 0.0059328944144672316              
0.0921482486619909                 1.1711162386114535                 0.0059422266252934786              
0.09229684921653362                1.1708117507727285                 0.005923853037431844               
0.09244544964707371                1.1616013792861646                 0.005909257845749988               
0.09259404995341172                1.1505919209450652                 0.005907544480403763               
0.0927426501353481                 1.1465223877536121                 0.005836250127246796               
0.09289125019268343                1.1423801195445877                 0.005842860645518367               
0.09303985012521819                1.1394123138496486                 0.005828825100798172               
0.09318844993275292                1.1353848572066574                 0.005805715699910409               
0.09333704961508814                1.14039404362102                   0.0058747307608796664              
0.09348564917202434                1.1421823407569396                 0.0058103196284403245              
0.09363424860336209                1.1221687274151615                 0.005773952025677549               
0.09378284790890191                1.1395650744436523                 0.005810025483940551               
0.0939314470884443                 1.125766874323297                  0.005802382458930899               
0.09408004614178979                1.1267238416106555                 0.005783549126520571               
0.0942286450687389                 1.1201643602554343                 0.005737345468979275               
0.09437724386909221                1.1266914055782107                 0.005796225433983876               
0.09452584254265017                1.1264312431502943                 0.005772245759745108               
0.09467444108921338                1.1306148973889154                 0.0057536349983059835              
0.09482303950858231                1.1118881838976749                 0.005726515490959877               
0.09497163780055753                1.1142059108945068                 0.0057138013344521866              
0.0951202359649396                 1.1073662294600328                 0.005737879923728832               
0.09526883400152898                1.1007353480882929                 0.005668925096834131               
0.09541743191012625                1.1069121403146707                 0.005701265643203102               
0.09556602969053193                1.1008691023654846                 0.005687746121546632               
0.09571462734254658                1.0987312551731823                 0.0056678568027929005              
0.09586322486597074                1.1078362089922036                 0.005705722431686037               
0.09601182226060492                1.1038414436013648                 0.005644494326006267               
0.09616041952624964                1.0992910561789766                 0.005685743151761108               
0.09630901666270551                1.095748281361599                  0.005649988767711473               
0.09645761366977304                1.0927166394087613                 0.005648264784589774               
0.09660621054725275                1.0864614237249364                 0.005613906919983866               
0.0967548072949452                 1.0899675901297143                 0.005606930056710257               
0.09690340391265093                1.0875193141778048                 0.005649088934334344               
0.0970520004001705                 1.0759353281698707                 0.005586655564940757               
0.09720059675730447                1.0826328849260083                 0.005584069675507686               
0.09734919298385332                1.0870984470330425                 0.005595577479008927               
0.0974977890796177                 1.0810155291539727                 0.005599839027211701               
0.09764638504439807                1.0668887591729361                 0.005575117690362739               
0.09779498087799501                1.059582123831687                  0.0054912423033206545              
0.09794357658020908                1.0694352384447072                 0.005557851729471287               
0.09809217215084083                1.0733086646077203                 0.005559990794877758               
0.09824076758969084                1.0600504003008915                 0.005533418047731064               
0.09838936289655961                1.0569854221686672                 0.005498052614856096               
0.09853795807124772                1.0550635213591457                 0.005479537265389208               
0.09868655311355574                1.0640616672659537                 0.0055419126838517985              
0.09883514802328423                1.0537567067888063                 0.005470389900482367               
0.09898374280023374                1.0358678055206687                 0.005471904538479974               
0.09913233744420481                1.047860396863828                  0.005437948671472076               
0.09928093195499803                1.0427220428680606                 0.0054608496851386735              
0.09942952633241396                1.0324496077430276                 0.005453163427465226               
0.09957812057625312                1.0284842520728303                 0.0053987372967033145              
0.09972671468631612                1.0291715252640652                 0.005396771415002417               
0.09987530866240353                1.023878997764229                  0.005375378008743043               
0.1000239025043159                 1.0198822793120053                 0.0053912242796132735              
0.10017249621185377                1.0270669974640194                 0.005421634010336651               
0.10032108978481775                1.0224181498224367                 0.005340035780263599               
0.10046968322300841                1.010607797779116                  0.00535350447167983                
0.10061827652622628                1.022409535640021                  0.005352929505968696               
0.10076686969427194                1.005074555430342                  0.005340704189887972               
0.10091546272694601                0.9942462481109287                 0.005306289200384824               
0.101064055624049                  0.9904769867060077                 0.005254168642868621               
0.10121264838538155                0.9902445606004248                 0.005306743322666816               
0.1013612410107442                 0.9904225080081365                 0.005395015096640369               
0.10150983349993749                0.9769253725458514                 0.005445714561225141               
0.10165842585276207                0.9716991034432276                 0.0054495321247284975              
0.10180701806901846                0.9796827097600318                 0.005522078472186607               
0.10195561014850726                0.9635984195838303                 0.005551691732576259               
0.10210420209102905                0.9715422486179315                 0.005548319366001725               
0.10225279389638445                0.9631210063235291                 0.0055503231053455                 
0.10240138556437398                0.9573390152875513                 0.005591307815968427               
0.10254997709479825                0.9447081887433163                 0.005570035226490397               
0.10269856848745783                0.9377915254893155                 0.0056206596565882335              
0.10284715974215335                0.9308166126176596                 0.005533423730914757               
0.10299575085868538                0.9334232654756847                 0.005626299499593192               
0.10314434183685449                0.9315939672580773                 0.005616089459461586               
0.10329293267646124                0.9230360914368676                 0.005630362622422606               
0.1034415233773063                 0.9119275224200769                 0.005617848373456076               
0.10359011393919021                0.9007068390402574                 0.005559495098230848               
0.10373870436191358                0.9039846877133294                 0.005644174841149203               
0.10388729464527696                0.8943251870854544                 0.005609066705567567               
0.10403588478908102                0.889920247818249                  0.005609867719881424               
0.10418447479312629                0.8929143672921914                 0.005450682927632362               
0.10433306465721338                0.888572899959157                  0.005393319399053679               
0.1044816543811429                 0.8841786500828793                 0.005371300109430789               
0.1046302439647155                 0.8764848927378305                 0.005284442049914437               
0.10477883340773168                0.870397083621139                  0.005231220266917321               
0.10492742270999211                0.8525761306401968                 0.0051854451816465506              
0.10507601187129732                0.8520043926071589                 0.005169647860575449               
0.10522460089144804                0.8402489906856779                 0.005110186856042107               
0.10537318977024476                0.8451611451503196                 0.005111404697693817               
0.10552177850748812                0.8394304520225669                 0.005076653504392231               
0.10567036710297875                0.8255438940914686                 0.005017414712199617               
0.10581895555651723                0.8293150416372224                 0.005047892003044502               
0.10596754386790419                0.8208548981809802                 0.004967766900324795               
0.10611613203694019                0.8091254616475503                 0.004941322093515429               
0.10626472006342588                0.8024332985359256                 0.004928192877790786               
0.10641330794716188                0.7912414187646821                 0.004870123260725628               
0.10656189568794881                0.7901022817164907                 0.004881081900674294               
0.10671048328558726                0.7851926205958454                 0.004800269446945083               
0.10685907073987783                0.7784323088034633                 0.004826982498529262               
0.10700765805062118                0.7693115001594222                 0.004774006141378675               
0.1071562452176179                 0.768785570366111                  0.004760213729521447               
0.10730483224066863                0.7581132644754788                 0.004721912223670957               
0.10745341911957391                0.7608423158896046                 0.004694768953880204               
0.1076020058541345                 0.7422116235207802                 0.0046789299429139085              
0.10775059244415094                0.7435060777418567                 0.004662694500804172               
0.10789917888942382                0.741401932314701                  0.0046278003930409015              
0.10804776518975381                0.7311122001633498                 0.00462701439323517                
0.10819635134494156                0.7219771952301417                 0.004553815133898851               
0.10834493735478763                0.7191596926391061                 0.0045840767988093644              
0.10849352321909271                0.7073567731892197                 0.0044931696448878376              
0.1086421089376574                 0.7067947458499164                 0.004510486041608308               
0.10879069451028231                0.6999443560403371                 0.004506214429150287               
0.1089392799367681                 0.697620995481776                  0.004460579829764481               
0.10908786521691538                0.6937650550371609                 0.004471903458418177               
0.1092364503505248                 0.6815410010147048                 0.00436607263191024                
0.10938503533739702                0.6797174438248791                 0.004415425565957363               
0.10953362017733265                0.6838667270116168                 0.004421069571821108               
0.1096822048701323                 0.6658571382827272                 0.004354798798801479               
0.10983078941559662                0.6666682865326186                 0.004358985272815748               
0.10997937381352627                0.6593598800096185                 0.004298903556754717               
0.1101279580637219                 0.6477472990441572                 0.0042906582079494235              
0.11027654216598413                0.6399114431094585                 0.004255686182484237               
0.11042512612011357                0.6435528606677202                 0.00422376630349033                
0.11057370992591092                0.6391334763071514                 0.004231002298758504               
0.11072229358317678                0.6276864624087325                 0.0041614292641803515              
0.11087087709171187                0.6292760481312692                 0.0041982535031364066              
0.11101946045131672                0.6279389197449081                 0.004142578428946216               
0.11116804366179206                0.6175925118252402                 0.0041222330634191374              
0.11131662672293854                0.618411666825802                  0.0041235692418415985              
0.11146520963455678                0.6125168654973656                 0.004123500822236675               
0.11161379239644743                0.6014003785823449                 0.004180021585126686               
0.11176237500841117                0.6023139324809971                 0.004178707195140002               
0.11191095747024861                0.5981127957915522                 0.004226549773112742               
0.11205953978176046                0.5989905843025594                 0.004262765346728845               
0.11220812194274735                0.5861356952713254                 0.004207341641063261               
0.11235670395300991                0.5797617859312092                 0.004225538798407491               
0.11250528581234887                0.5734011444620407                 0.004207096311081281               
0.1126538675205648                 0.5770018632279571                 0.004266019911644737               
0.1128024490774584                 0.5786918484927835                 0.004275594242376519               
0.11295103048283038                0.5735943613816096                 0.004263375540174995               
0.11309961173648131                0.5576616976412964                 0.0042370078029042                 
0.11324819283821194                0.569585032146037                  0.004261804519843295               
0.11339677378782287                0.5573331366710457                 0.004230727647444563               
0.11354535458511482                0.5518371344615453                 0.004193238028371437               
0.11369393522988842                0.553567780127759                  0.004208089835460947               
0.11384251572194438                0.5543693509068247                 0.004216132728932092               
0.11399109606108329                0.5466730084656403                 0.004193407301304999               
0.11413967624710591                0.5456468203448481                 0.0041861514769417135              
0.11428825627981287                0.54409331819717                   0.004167004190025575               
0.11443683615900485                0.5285623273551378                 0.0041598453134511415              
0.1145854158844825                 0.5244693348459823                 0.004117190693856169               
0.11473399545604654                0.5324710933720357                 0.004155114654323548               
0.11488257487349764                0.5244512994777949                 0.004133640406559827               
0.11503115413663645                0.521704332721744                  0.004101428877461507               
0.11517973324526365                0.5170116341242377                 0.004134241347563818               
0.11532831219917995                0.5153863701985347                 0.004087922587097432               
0.11547689099818605                0.5157089555310446                 0.004125671644248356               
0.11562546964208253                0.5116503277250143                 0.004096087283005767               
0.11577404813067017                0.5102101293727519                 0.004082072932795561               
0.11592262646374966                0.5102462502044628                 0.004130770021178502               
0.11607120464112164                0.5081268403553014                 0.004059044200853483               
0.1162197826625868                 0.5016527102407928                 0.004082391859052298               
0.11636836052794586                0.5030350819599908                 0.004086341258476121               
0.11651693823699948                0.4985939995691247                 0.004058306790847012               
0.11666551578954835                0.5006757294382389                 0.004095241541288554               
0.11681409318539324                0.49721415792715595                0.004023289748077915               
0.11696267042433472                0.48928581026094925                0.004046725890373067               
0.11711124750617356                0.49681707461146685                0.004077754169143226               
0.11725982443071048                0.49839452616380375                0.004079176064520449               
0.1174084011977461                 0.4931424420837492                 0.004064330111404723               
0.11755697780708119                0.4892766035622584                 0.0040383709927116415              
0.11770555425851639                0.4842175542915588                 0.0040424517581759715              
0.11785413055185245                0.4834067019450281                 0.0040173843472161175              
0.11800270668689006                0.4815243355829439                 0.004001326304063349               
0.11815128266342986                0.4814143818928806                 0.004032421464193928               
0.11829985848127267                0.48300537122759685                0.0040374001659787394              
0.11844843414021912                0.4827552690425355                 0.00406351592447203                
0.11859700964006994                0.4776485852645491                 0.003990114887848377               
0.11874558498062582                0.4848699010276282                 0.00403679978109191                
0.1188941601616875                 0.4762584669179954                 0.004015807082969424               
0.11904273518305566                0.48300601341805116                0.004059447430620585               
0.11919131004453105                0.4770780309060057                 0.004032765477578961               
0.11933988474591431                0.4760507347002067                 0.003996618090428698               
0.11948845928700624                0.47384092233449016                0.004019066247534614               
0.11963703366760754                0.4768554723240227                 0.004021698928591754               
0.11978560788751887                0.4737080297229983                 0.0040235876333786676              
0.11993418194654097                0.4678869461624505                 0.003985373701400114               
0.12008275584447463                0.4697048011212082                 0.0040031820730490626              
0.1202313295811205                 0.4750484286687194                 0.004034390652807493               
0.12037990315627929                0.4669453493821855                 0.003998148025357788               
0.12052847656975177                0.46552684791460797                0.003987025518858616               
0.12067704982133863                0.4576186718375273                 0.003938116888964113               
0.12082562291084065                0.46629899406038916                0.004019221571429904               
0.12097419583805849                0.4714306126842829                 0.00403610857613012                
0.12112276860279289                0.4652430323154784                 0.003977453257903331               
0.12127134120484465                0.4499973964655196                 0.0039382649508445215              
0.1214199136440144                 0.46681087190685056                0.003990857023800774               
0.12156848592010293                0.4668076311507727                 0.004030048170152857               
0.12171705803291097                0.46623239446369813                0.003991750818455393               
0.12186562998223927                0.46375637063739217                0.003994635549097284               
0.12201420176788849                0.46494319450910737                0.0040306597233612206              
0.12216277338965947                0.45989339125079903                0.003981350620450162               
0.12231134484735287                0.4565142479074313                 0.00399224219545955                
0.12245991614076948                0.46117695869803216                0.0039567424249183575              
0.12260848726971                   0.45075503632800645                0.003966985812523683               
0.12275705823397523                0.45961225019300983                0.0040092290096886704              
0.1229056290333658                 0.4533543716213865                 0.003954641108043478               
0.12305419966768259                0.4490326955851632                 0.003950909982314797               
0.12320277013672629                0.45974941952360737                0.003984137298266328               
0.12335134044029764                0.4523405960628427                 0.00397739879359969                
0.12349991057819736                0.4516316860875892                 0.003982884324683653               
0.12364848055022623                0.451372692823223                  0.00393930364040871                
0.12379705035618503                0.4525988845058539                 0.0039923455225265025              
0.12394561999587449                0.4575134124289501                 0.003969383416665238               
0.12409418946909531                0.45479915781436636                0.004005525522977373               
0.12424275877564833                0.4461858540226747                 0.0039282951390885                 
0.12439132791533426                0.44549187011204117                0.0039404005978891385              
0.1245398968879539                 0.4558944131100603                 0.004017353604271002               
0.12468846569330792                0.44754667256616254                0.003946091922643026               
0.1248370343311972                 0.44580652250943587                0.003970929905633179               
0.1249856028014224                 0.4506426203086621                 0.003944516080963953               
0.12513417110378433                0.44570313276047807                0.003954975761221646               
0.12528273923808372                0.4418187075503465                 0.003967009331909838               
0.1254313072041214                 0.4439728531887578                 0.003923589676407337               
0.1255798750016981                 0.4375694493187985                 0.003925534455682312               
0.12572844263061453                0.4415332939780846                 0.003934740538792735               
0.12587701009067154                0.44047970290888705                0.003943715923408429               
0.1260255773816699                 0.4460604400929764                 0.003982523761815722               
0.1261741445034103                 0.4460574524192149                 0.0039412427678704115              
0.12632271145569363                0.4355724999243088                 0.003935431959698098               
0.12647127823832058                0.4393218864969555                 0.003926588282318834               
0.12661984485109193                0.4300192068800673                 0.00390684466918648                
0.1267684112938085                 0.4417614287305479                 0.00396330114289794                
0.12691697756627102                0.43353016197255884                0.003895572690088956               
0.1270655436682803                 0.44055569357096297                0.0039440801391971095              
0.1272141095996371                 0.4255506909901967                 0.0038529128382704535              
0.12736267536014226                0.42846600767577175                0.00389128830714773                
0.12751124094959648                0.42926402725705437                0.003868028413101268               
0.12765980636780058                0.4178056152314443                 0.003822636632213759               
0.1278083716145554                 0.4248306783025572                 0.003868015511379251               
0.12795693668966165                0.4237780389684709                 0.0038415899043250288              
0.12810550159292017                0.42159870653105086                0.0038333491777262168              
0.1282540663241317                 0.4175663239818006                 0.0038002998626567638              
0.12840263088309706                0.4144598431099917                 0.0038238468450607008              
0.12855119526961703                0.41709985852478204                0.003817777705291418               
0.12869975948349244                0.41616169822251453                0.0038020302944642586              
0.12884832352452402                0.4149861169563814                 0.003811384722384695               
0.1289968873925127                 0.40973422563422646                0.003756501026578633               
0.1291454510872591                 0.4082006162278576                 0.0038064903735913623              
0.12929401460856416                0.4057089446746086                 0.0037539904315296016              
0.1294425779562286                 0.4086107706448772                 0.003798442859221417               
0.12959114113005324                0.4073083147564075                 0.0037956949729098886              
0.12973970412983893                0.39901026280867075                0.0037117635240568477              
0.12988826695538638                0.4106437789356046                 0.0038145408174492432              
0.13003682960649648                0.39249051325850026                0.0036955119775765074              
0.13018539208297003                0.3972791811142364                 0.0037372881624850884              
0.13033395438460782                0.39374883374994946                0.0037287423258714892              
0.13048251651121062                0.3895166911598336                 0.0036957972399898264              
0.13063107846257932                0.3888771900255273                 0.0037056094932343946              
0.13077964023851468                0.3929352680166732                 0.003699207702673961               
0.1309282018388175                 0.3850291620723565                 0.0036969093713264                 
0.13107676326328868                0.39237346009200874                0.0037173849570148933              
0.13122532451172894                0.3831252372827544                 0.003660617845284775               
0.13137388558393917                0.38214020716055547                0.0036927361285009805              
0.13152244647972017                0.38385315962747546                0.0036499553882184893              
0.13167100719887273                0.3743790806105718                 0.003658272241232037               
0.13181956774119763                0.38027295038697456                0.0036485520350040797              
0.13196812810649583                0.3803644613613383                 0.00366804884093935                
0.13211668829456807                0.3754252703566336                 0.0036585527112977224              
0.13226524830521522                0.3758063009647071                 0.003634925539676824               
0.13241380813823803                0.367036400336355                  0.003607945290793833               
0.13256236779343739                0.3745082524817595                 0.0036223703760984256              
0.1327109272706141                 0.3687857667465302                 0.0036212944080989654              
0.13285948656956903                0.36654761442596895                0.0036118763014087573              
0.13300804569010294                0.36170511986810405                0.0035895175135094645              
0.13315660463201676                0.3580605898123545                 0.0035558017981447538              
0.1333051633951113                 0.3680840524753061                 0.003602094956510401               
0.1334537219791874                 0.3484985227370242                 0.0035187513127945716              
0.13360228038404576                0.3552494991430908                 0.0035526726295034457              
0.13375083860948744                0.35621163681030327                0.0035497140352125614              
0.13389939665531317                0.3550040138500678                 0.003563966819287177               
0.13404795452132376                0.3522068276637238                 0.003535885224807773               
0.13419651220732015                0.345039314898529                  0.003508955032185084               
0.1343450697131031                 0.3480718690521689                 0.00350587596477059                
0.13449362703847348                0.3420071882654133                 0.003493508719694869               
0.1346421841832322                 0.3393365698299387                 0.0034722120741209534              
0.13479074114717998                0.3426310782379851                 0.003498239431133345               
0.13493929793011783                0.33815749105620235                0.0034876427005933355              
0.13508785453184646                0.337354743161538                  0.0034395314482546864              
0.13523641095216685                0.33590273767519435                0.003477544703958073               
0.13538496719087975                0.33555742131040955                0.0034558673275499213              
0.1355335232477861                 0.33072516247048706                0.0034521782482949312              
0.13568207912268665                0.3289353465678834                 0.003433682842088937               
0.13583063481538238                0.3319549608473334                 0.0034193100585520296              
0.13597919032567404                0.3233473872523644                 0.003399891599789391               
0.1361277456533626                 0.31902850510929714                0.0033637902315341583              
0.13627630079824887                0.3172059120681046                 0.0033659707529095396              
0.13642485576013377                0.3195343037469071                 0.003388770702387136               
0.13657341053881802                0.3190192154998154                 0.0033785613756866883              
0.13672196513410265                0.3205010765893338                 0.0034120968755878642              
0.13687051954578844                0.3159112775974662                 0.0033400324251540107              
0.13701907377367628                0.3150357687141695                 0.003366335487099696               
0.13716762781756708                0.3166510729521761                 0.003360083182199999               
0.13731618167726167                0.3168353763302945                 0.0033759422893943924              
0.13746473535256093                0.30987566409230083                0.003349077688548691               
0.13761328884326574                0.3098475817891004                 0.0033150630926444694              
0.13776184214917697                0.302301365394492                  0.0033005400844608283              
0.13791039527009552                0.3037108654409078                 0.003290724400482745               
0.1380589482058223                 0.3043030187943706                 0.003315878754913114               
0.1382075009561581                 0.294853341384698                  0.003261085407303429               
0.13835605352090388                0.30057471043388473                0.0032736982789196355              
0.1385046058998605                 0.29826797553762285                0.003299053130450851               
0.13865315809282888                0.29839077116261675                0.003264661452905242               
0.13880171009960984                0.29229843480075335                0.0032340150882851485              
0.13895026192000431                0.29268380558147283                0.0032476349064816767              
0.1390988135538132                 0.28851910980161993                0.0032173073354922264              
0.13924736500083743                0.29611114664722415                0.003296029441861432               
0.13939591626087777                0.2882849356159434                 0.0031962678778584795              
0.13954446733373518                0.28736514732171453                0.0032237385589412434              
0.13969301821921062                0.28676045378279036                0.0032060793395850295              
0.13984156891710492                0.29109466244489096                0.0032373841052057506              
0.13999011942721898                0.28166217678966154                0.0032117159290122855              
0.14013866974935374                0.2821808136894106                 0.0031733765785233814              
0.14028721988331003                0.291393222038901                  0.00325645087756568                
0.14043576982888886                0.2852972185414584                 0.0032021523473702487              
0.14058431958589104                0.28053622454055077                0.0031838029777721453              
0.14073286915411753                0.2763482468600236                 0.003167016146419981               
0.14088141853336925                0.2790449572127158                 0.00316687859887316                
0.14102996772344703                0.2771669010292745                 0.0031845644852241117              
0.14117851672415188                0.27691319385636676                0.0031575645896052182              
0.14132706553528462                0.27770577303305183                0.0031620828330969413              
0.14147561415664625                0.271158037338299                  0.0031329436474608952              
0.14162416258803764                0.27503167568973375                0.003155244876917127               
0.1417727108292597                 0.2739136807109117                 0.0031715635663242176              
0.14192125888011337                0.27426378988167255                0.0031285747582966445              
0.14206980674039957                0.27736875426588753                0.0031728827188918013              
0.1422183544099192                 0.26937133618612374                0.0031282093003285215              
0.14236690188847323                0.27147048495696796                0.003264102070264946               
0.14251544917586248                0.27193745687356186                0.003328709769269201               
0.142663996271888                  0.2701691237471841                 0.0033655647344447634              
0.14281254317635064                0.2713775157278365                 0.0034266586005841457              
0.14296108988905137                0.26657875854104573                0.0034349396372213015              
0.1431096364097911                 0.2762087782007839                 0.003521513141272704               
0.14325818273837077                0.26563683005988953                0.0034727477607490427              
0.1434067288745913                 0.2605499334689624                 0.0034945610305600356              
0.14355527481825364                0.2619011025504073                 0.003538557953581909               
0.1437038205691587                 0.2641560287713205                 0.0035749025329635913              
0.14385236612710747                0.260499051749933                  0.0035671416462218644              
0.14400091149190083                0.26438524724793333                0.0036512980811419533              
0.14414945666333978                0.2621736208677547                 0.0036611285982456024              
0.14429800164122517                0.2617854140587733                 0.003691147946615235               
0.14444654642535806                0.2574116351159036                 0.0036531587648688337              
0.14459509101553933                0.26183612840941206                0.0037227049396919574              
0.1447436354115699                 0.26955992223338165                0.0038352338334949497              
0.14489217961325077                0.26050803827028746                0.0038011135937475755              
0.1450407236203829                 0.25345108822008977                0.0037569960849723884              
0.14518926743276714                0.25722120981605023                0.003790048868466645               
0.14533781105020457                0.2612344815630668                 0.003898153830471789               
0.14548635447249608                0.2612415135202771                 0.00389262887884871                
0.14563489769944266                0.2514651118350452                 0.0038664068899717163              
0.1457834407308452                 0.2578051777021289                 0.003911980854896674               
0.14593198356650475                0.25855706532013173                0.003961426570796426               
0.1460805262062222                 0.2584039113943353                 0.004020907268269457               
0.1462290686497985                 0.2528393009816576                 0.003965161619677762               
0.1463776108970347                 0.25472974879325966                0.0040170998866963575              
0.14652615294773166                0.252132849958658                  0.003996574350586715               
0.14667469480169043                0.2504764473504023                 0.0040341747204403425              
0.14682323645871195                0.25618318466432244                0.004119680483791465               
0.14697177791859717                0.2497706158628968                 0.004051281397922                  
0.1471203191811471                 0.2516447247751626                 0.004123661372067819               
0.14726886024616265                0.2456469679365271                 0.0040878755303722794              
0.14741740111344484                0.24753059380253398                0.0041597374513985775              
0.14756594178279467                0.24549995972300667                0.0041390770182275155              
0.14771448225401304                0.24563121089320267                0.0041946893811153985              
0.147863022526901                  0.2512292289299567                 0.004303485781037065               
0.14801156260125947                0.24832722593589968                0.0042364078048237564              
0.1481601024768895                 0.24884539682939386                0.004330530254417715               
0.14830864215359202                0.25062057878717114                0.004313997012709233               
0.148457181631168                  0.2511489599129986                 0.004383246983319288               
0.1486057209094185                 0.2541919142200347                 0.004469146478780152               
0.14875425998814445                0.2550736354804529                 0.004421543614152806               
0.14890279886714686                0.24832919824541608                0.0043960678243480265              
0.1490513375462267                 0.251503359515609                  0.004398821411425668               
0.149199876025185                  0.25028445993040055                0.0044916207864309915              
0.1493484143038227                 0.24166951332199174                0.004400542288941977               
0.14949695238194086                0.24915559569090961                0.004450626497135484               
0.1496454902593404                 0.24826948854309444                0.004509520664333997               
0.1497940279358224                 0.24183107942745313                0.00440202491875843                
0.1499425654111878                 0.24805874073204867                0.004563266071923794               
0.15009110268523762                0.24182622990375827                0.004410714192785665               
0.15023963975777288                0.2440318104801435                 0.004530775856386228               
0.15038817662859452                0.24748438240878698                0.004610798770540239               
0.15053671329750368                0.24286187927151534                0.004482861263953437               
0.15068524976430123                0.23606023970781695                0.00450312994702984                
0.15083378602878825                0.24163495510443622                0.004453391306999854               
0.1509823220907657                 0.24223506811786868                0.00458600912023958                
0.15113085795003464                0.2505239425972116                 0.004648907785708117               
0.15127939360639608                0.23013228695892493                0.004432182242319679               
0.15142792905965102                0.23989216926415258                0.00456378975589735                
0.15157646430960048                0.23593696913404788                0.004436661485378596               
0.15172499935604547                0.24372084150994355                0.0046399875870931                 
0.15187353419878702                0.24014051163623096                0.004575973109001309               
0.15202206883762617                0.24027976631250925                0.004538430111501864               
0.1521706032723639                 0.23461742280080947                0.004577519715520803               
0.15231913750280127                0.24345202477738162                0.004563477809167034               
0.15246767152873936                0.23267266519692342                0.004573653175875848               
0.15261620534997902                0.23558304295511487                0.004489128727818786               
0.1527647389663215                 0.23303412812571508                0.004557048828292972               
0.15291327237756766                0.23559433772160643                0.0046436617439874735              
0.15306180558351865                0.2331910359437693                 0.004563608873010158               
0.15321033858397537                0.2300455924831289                 0.0046147770097223866              
0.153358871378739                  0.23943076649408737                0.004579106039706568               
0.15350740396761053                0.23716948755865952                0.0047235921521494775              
0.15365593635039093                0.23421270732690788                0.004656399068161599               
0.15380446852688134                0.22976957178313215                0.004596310789765202               
0.15395300049688274                0.23742356976159537                0.004816379438586194               
0.1541015322601962                 0.23260145906347596                0.0046089071834205875              
0.15425006381662276                0.2313089841062047                 0.004765460324959438               
0.1543985951659634                 0.23422359414381608                0.004727209967285705               
0.1545471263080193                 0.23570863346451987                0.004725527577757605               
0.15469565724259146                0.22428443217819896                0.004774170920961482               
0.15484418796948088                0.2325580688833191                 0.004699341647970726               
0.15499271848848864                0.22980756014668252                0.004881793826654469               
0.15514124879941582                0.22593907166573865                0.004653841078748117               
0.15528977890206347                0.22943929429882837                0.004798767237820076               
0.15543830879623263                0.22970670101039983                0.004825515465703595               
0.15558683848172433                0.2286568344673093                 0.004820509329871941               
0.1557353679583397                 0.2283082705993512                 0.0048909478169357245              
0.1558838972258798                 0.21968885075313452                0.00470737806420063                
0.15603242628414563                0.22790452793723476                0.0048677994667875                 
0.15618095513293828                0.22998763059535504                0.004928054944939461               
0.15632948377205885                0.21871172519772572                0.004793267910491856               
0.15647801220130841                0.22043091884013005                0.0048756448708259055              
0.15662654042048801                0.22677802897904614                0.0048999454268012785              
0.1567750684293987                 0.21633428301504556                0.004849520621163744               
0.15692359622784158                0.21257927833754517                0.004846390386765302               
0.15707212381561775                0.21930558956376303                0.0048248580683200966              
0.1572206511925283                 0.21363381150304508                0.004871697871852467               
0.15736917835837416                0.22522422325979533                0.005043738023652973               
0.15751770531295659                0.21296992229235587                0.004918329678591413               
0.15766623205607658                0.2163379273193534                 0.004889070736281963               
0.15781475858753524                0.21747286151624004                0.004963116329068409               
0.15796328490713368                0.2115536009936679                 0.004950739049644148               
0.15811181101467295                0.22062820702295538                0.005077618184443733               
0.15826033690995414                0.2154708193772302                 0.004947146800642094               
0.1584088625927784                 0.21555492493410708                0.005055463864605337               
0.15855738806294672                0.20990595390710853                0.005003436857758441               
0.15870591332026027                0.21744251880574278                0.005055435874735224               
0.15885443836452012                0.2145627557695164                 0.0051115355598352575              
0.15900296319552734                0.22127119640879495                0.005175314996923845               
0.1591514878130831                 0.2115192594292707                 0.005075163150796279               
0.15930001221698845                0.20944840748239416                0.005096385105815665               
0.15944853640704448                0.21209129865622275                0.005105078865547019               
0.15959706038305235                0.21103866254428444                0.005147284452299621               
0.15974558414481307                0.209301730082562                  0.005134017072134031               
0.1598941076921279                 0.20135527019301602                0.005059241521142929               
0.16004263102479782                0.19580239716372802                0.005020574286249436               
0.16019115414262397                0.20724574669423956                0.005157026498397316               
0.16033967704540744                0.2019698873342145                 0.005139998298282218               
0.1604881997329494                 0.20790656981144795                0.005240417028200637               
0.16063672220505093                0.197620810777127                  0.005100847394180064               
0.16078524446151318                0.20395644989044792                0.005215953382395365               
0.16093376650213723                0.19819094050000638                0.005158704125021148               
0.1610822883267242                 0.1942050644291807                 0.005175582357023601               
0.16123080993507524                0.18607541371359734                0.005023563977445269               
0.16137933132699142                0.1918505408795689                 0.005179477755720105               
0.16152785250227394                0.1911717251783823                 0.005135018874036315               
0.1616763734607239                 0.20092782847570045                0.005318976898421621               
0.1618248942021424                 0.1890976346107399                 0.00521462665148283                
0.16197341472633062                0.19319227458431407                0.005252195188058714               
0.16212193503308964                0.19258516160273165                0.005290721281180125               
0.1622704551222206                 0.19769087164808863                0.0053508193705496965              
0.1624189749935247                 0.1848350821980867                 0.005211276114064752               
0.16256749464680298                0.19645255261930603                0.005431925491887741               
0.16271601408185665                0.19277209556516428                0.005360988875531903               
0.16286453329848682                0.1790679836473505                 0.005215080791026751               
0.16301305229649465                0.18822421299067021                0.005366892967704355               
0.16316157107568127                0.17699772695969854                0.005194593637308063               
0.16331008963584778                0.18367910904435042                0.005404664900194966               
0.16345860797679546                0.18571252269879435                0.005341067160954336               
0.16360712609832537                0.18679782556197247                0.005461084363274784               
0.1637556440002386                 0.18755656276889013                0.005537969456380988               
0.1639041616823364                 0.1884607272177709                 0.005442660827537594               
0.16405267914441987                0.1769582423210048                 0.005445513472093635               
0.16420119638629022                0.19092357457640977                0.005565078892818261               
0.16434971340774857                0.19539216585294808                0.005722131995763013               
0.16449823020859602                0.19322393423278347                0.00573791873669537                
0.16464674678863386                0.18466811361854804                0.005562898240189318               
0.16479526314766318                0.1841293854355658                 0.005636907314148679               
0.16494377928548515                0.17739961041438343                0.005532941831122977               
0.16509229520190094                0.18619343117926684                0.005729706763603433               
0.16524081089671167                0.18936911325117123                0.005816426077468499               
0.16538932636971862                0.17502103756264464                0.005579466892306302               
0.16553784162072283                0.17818522017021202                0.005654537046619118               
0.16568635664952555                0.17774262969580276                0.005698167103223477               
0.16583487145592796                0.17337721469367112                0.005679159493112857               
0.1659833860397312                 0.17164707365469437                0.005690045085108861               
0.1661319004007365                 0.18296048310561733                0.005847442399298716               
0.16628041453874493                0.17847648045014602                0.0058430576494157465              
0.1664289284535578                 0.17720849886392356                0.005836051103554767               
0.16657744214497625                0.18052571245983232                0.005961484235051335               
0.1667259556128014                 0.16864199887960002                0.005818701764273194               
0.16687446885683452                0.17142588692418861                0.005795252708183504               
0.16702298187687672                0.1693869275520168                 0.005890160592747719               
0.16717149467272932                0.18046810447747905                0.006049304606120776               
0.16732000724419338                0.1805204614273894                 0.00612726371165115                
0.16746851959107012                0.1809041062243082                 0.006197672557316822               
0.16761703171316078                0.1781517751704554                 0.0060713962556315825              
0.16776554361026652                0.16527235410478355                0.006002962222962312               
0.16791405528218858                0.17028755888161226                0.006093367934985718               
0.1680625667287281                 0.1713780950591828                 0.0061128542104412886              
0.16821107794968634                0.1617676848484643                 0.006054003451340313               
0.1683595889448644                 0.16961520229707036                0.006164769385172446               
0.16850809971406366                0.16176579557728876                0.00607096212746987                
0.16865661025708517                0.17364259132472076                0.006361772316685628               
0.16880512057373023                0.176990911324986                  0.006441358777683978               
0.16895363066379998                0.16825752532348473                0.0063732082274510085              
0.16910214052709568                0.16057227126385723                0.006153142804394219               
0.16925065016341856                0.16964186505749                   0.006476956505086384               
0.1693991595725698                 0.16898276627178446                0.006504149706361491               
0.16954766875435065                0.16296566400383722                0.00634824096461235                
0.16969617770856224                0.15734712762360015                0.00635519062768289                
0.1698446864350059                 0.1769486441669251                 0.006760860165604019               
0.1699931949334828                 0.16117817109880012                0.00649405357855125                
0.17014170320379415                0.16844374448192698                0.006748556121071376               
0.17029021124574129                0.16964752714565656                0.006705907314943981               
0.17043871905912528                0.1649847227377157                 0.0067467270321905845              
0.17058722664374745                0.1732101740471419                 0.0069845083389815455              
0.17073573399940897                0.17782514477383157                0.007101652222996153               
0.17088424112591122                0.16884241296114133                0.006968872188657276               
0.17103274802305524                0.17555291481934693                0.007131349686589763               
0.17118125469064235                0.15775426713311536                0.006858881179700669               
0.1713297611284738                 0.1637298944316376                 0.00701341811345364                
0.17147826733635088                0.17345929796227166                0.007356312814082919               
0.17162677331407472                0.1703398785638073                 0.007289873832441607               
0.17177527906144666                0.15594085379158187                0.007001951035887552               
0.1719237845782679                 0.171313958539269                  0.007455483083751889               
0.17207228986433967                0.16811682322362548                0.0074153151868703365              
0.17222079491946324                0.15054375526763417                0.007193258870199354               
0.1723692997434399                 0.16392003429014135                0.007443225334820216               
0.17251780433607086                0.16015059627873274                0.0074508800561630464              
0.17266630869715735                0.16153154082676896                0.007515127411032225               
0.17281481282650069                0.17200847299918215                0.007892290013012416               
0.17296331672390208                0.1713285800099613                 0.008058618528294972               
0.17311182038916287                0.16410950871817717                0.007850422433461906               
0.1732603238220842                 0.1573501777082529                 0.007687059209835071               
0.17340882702246738                0.1618387347851044                 0.007982916076978156               
0.17355732999011372                0.18552369573109148                0.008631343476627541               
0.17370583272482443                0.14898965657454896                0.007852444376364252               
0.17385433522640084                0.16641479766634631                0.008341620066419347               
0.17400283749464415                0.16180693015934153                0.00831146371882318                
0.1741513395293557                 0.15482027312256474                0.008217006920508075               
0.1742998413303367                 0.17485278448591468                0.00887680520953543                
0.17444834289738848                0.1636334597885348                 0.008734107938892345               
0.17459684423031224                0.16317845245136398                0.008772527951518842               
0.17474534532890937                0.14855873039036357                0.008370336204432156               
0.17489384619298107                0.16223590766146734                0.009013105981192631               
0.17504234682232866                0.17917864289475616                0.00959121285846028                
0.1751908472167534                 0.16118310771921138                0.009214224974239115               
0.1753393473760566                 0.1698079916845525                 0.009582819359603577               
0.17548784730003958                0.17045876133390503                0.00966582957974097                
0.17563634698850353                0.1542399916977049                 0.009386746969138058               
0.17578484644124984                0.14851931301331603                0.009412029032777406               
0.17593334565807975                0.1676866096218613                 0.010075311901627184               
0.17608184463879456                0.15273248129221834                0.009838363989102338               
0.17623034338319563                0.17047769577066268                0.010394208559623315               
0.17637884189108416                0.15953535237749392                0.01038486689448396                
0.1765273401622615                 0.15939337608662038                0.010649917911381073               
0.176675838196529                  0.16793266432671122                0.010931485343401392               
0.17682433599368788                0.14923053562490807                0.010686620622186815               
0.17697283355353952                0.1683630144728723                 0.011351032120150734               
0.17712133087588516                0.15810226638849367                0.011439878499789162               
0.17726982796052618                0.16310440185351446                0.01186409948689247                
0.17741832480726386                0.1375527984868824                 0.01101303783621383                
0.17756682141589947                0.16996792405597036                0.012811814329301707               
0.1777153177862344                 0.1679020772051473                 0.012584792751348755               
0.17786381391806994                0.14664253457893942                0.012349529220571727               
0.1780123098112074                 0.1363293153025101                 0.01239357411841001                
0.17816080546544807                0.14601915024017056                0.013008419812061621               
0.17830930088059335                0.14872352800150856                0.01352032072740987                
0.17845779605644455                0.15570209274456978                0.014273187440309427               
0.17860629099280295                0.1492070383223844                 0.014701806336722707               
0.17875478568946987                0.14872448787133935                0.014947373436575607               
0.1789032801462467                 0.15379497228240266                0.01612209374077104                
0.17905177436293476                0.14813728275705165                0.016163102654268235               
0.17920026833933536                0.17441439152772634                0.018807587525025024               
0.17934876207524983                0.14730255830545017                0.017733144143317878               
0.17949725557047952                0.17492216618117132                0.021058154199331                  
0.17964574882482584                0.13728592136055778                0.02069663137050945                
0.17979424183809004                0.15600706667424763                0.022062730951676466               
0.17994273461007346                0.13791054585138451                0.023651463489743535               
0.18009122714057746                0.14196704633370263                0.02682924992609723                
0.18023971942940345                0.1216863038960554                 0.031419268563397156               
0.18038821147635273                0.13182711565354668                0.03656226346041416                
0.18053670328122662                0.1419679717320448                 0.05365884961989118                
0.18068519484382653                nan                                nan                                
