#####################################################################################################
# NeXus source file: noemi7
# NXdata: name = img{0}_azimuthalIntegration_Px_19                 
#
#
# Exposure_msec                                     1000.0 + 0.0
# _diffrn_source.source                             Storage Ring SOLEIL, beamline SWING
# _diffrn_sofware                                   Foxtrot 3.5.10-3979
# _diffrn_detector.detector                         EIGER-4M
# _diffrn_comment.comment                           -
# _sas_detc.pixnum_ax                               [1035]
# _sas_detc.pixnum_eq                               [1083]
# _sas_detc.pixsize                                 150.0
# _sas_detc.center_ax                               285.110346632731
# _sas_detc.center_eq                               957.0166664324403
# _sas_detc.dist_spec/detc                          6137.21860334
# _sas_detc.energy                                  12.000505731836514
# _sas_detc.gain                                    1.0
# _sas_detc.detector_based_uncertainty              0.0
# _sas_detc.encoder_delta                           0.0
# _sas_detc.delta0                                  0.0
# _sas_detc.gamma_offset                            0.0
# _sas_detc.wave_length                             1.0331580057586949
# _sas_detc.bias                                    0
# _sas_detc.mask                                    E:\20251487\published-data\3120\2026-09-03_session3\\mask_bags_saxs_12kev_sept26.txt
# Normalization                                     true
# Normalization Factor                              0.02571
# Normalization Monitor                             averagemi8b
# Normalization Intensity                           1.3076722456866678e-06
# GlobalNormalization                               30.38338569710386
# AbsTimeStamps                                     nan
# TimeStamps                                        1.3933780193328857
# gapTime                                           500.0
# step_global_regrid                                nan
# xmax_global_regrid                                nan
# xmin_global_regrid                                nan
# ymax_global_regrid                                nan
# ymin_global_regrid                                nan
#####################################################################################################
q(A-1)                             I(q)29_00223{00000}_AzInt_Px_19    Sig(q)29_00223{00000}_AzInt_Px_19  
0.0                                nan                                nan                                
0.0001486390049044326              nan                                nan                                
0.00029727800960908403             nan                                nan                                
0.000445917013914173               nan                                nan                                
0.0005945560176199183              nan                                nan                                
0.0007431950205265388              nan                                nan                                
0.0008918340224342532              nan                                nan                                
0.0010404730231432808              nan                                nan                                
0.0011891120224538396              18644.985392162365                 12.386053659014534                 
0.001337751020166149               17866.749166091395                 4.94993027742313                   
0.0014863900160804278              16989.519244739346                 3.6061040460607803                 
0.0016350290099968942              16132.690573975227                 3.025668510836686                  
0.0017836680017157683              15355.866804594245                 3.031361762348544                  
0.001932306991037268               14616.782915296308                 2.7633606772685986                 
0.0020809459777616124              13939.507712191475                 2.4899453382554464                 
0.0022295849616890207              13258.86458537839                  2.365308685953298                  
0.0023782239426197124              12611.32247314602                  2.1240677652822995                 
0.0025268629203539046              12011.765567367307                 2.1440562301078763                 
0.0026755018946918183              11439.027342548998                 1.9026541778006287                 
0.002824140865433671               10883.422738679976                 1.847013571692967                  
0.0029727798323796835              10331.964679691197                 1.7424665091237048                 
0.003121418795330073               9847.983908912978                  1.6366770115039009                 
0.0032700577540850603              9382.303890001318                  1.6245901946256067                 
0.0034186967084448633              8927.046309488172                  1.453879835867402                  
0.0035673356582097003              8464.321389102659                  1.4208183520529987                 
0.003715974603179794               8062.978446409898                  1.3718929721805277                 
0.00386461354315536                7693.339411407624                  1.3036060291149998                 
0.00401325247793662                7322.6310707413695                 1.2633601149734353                 
0.004161891407323792               6955.259166061553                  1.1503120685545314                 
0.004310530331117095               6620.973713359432                  1.138907285798978                  
0.00445916924911675                6305.2834732396395                 1.095245174386157                  
0.004607808161122976               6011.013506462915                  1.0454822601920102                 
0.004756447066935991               5732.155146175759                  1.018135053570626                  
0.004905085966356017               5467.237534973507                  0.9414951369068264                 
0.00505372485918327                5218.453625141538                  0.9458068202113431                 
0.005202363745217974               4982.11509920907                   0.8794701481962656                 
0.005351002624260346               4758.954929908964                  0.8636311877193575                 
0.005499641496110608               4539.747023975987                  0.8278845207213409                 
0.005648280360568975               4336.779469258674                  0.7912221619212585                 
0.005796919217435672               4144.964728604909                  0.7892608753144433                 
0.0059455580665109175              3952.224670094546                  0.7242311491961799                 
0.00609419690759493                3766.0124591494578                 0.711279149199704                  
0.006242835740487932               3597.284914702442                  0.6923428340092862                 
0.00639147456499014                3441.613149934909                  0.6704448084853579                 
0.006540113380901778               3286.8719039455523                 0.6462845901226555                 
0.006688752188023065               3140.921530420763                  0.6076196892395952                 
0.0068373909861542195              3008.20412305466                   0.61124179505264                   
0.006986029775095464               2878.0904046025125                 0.5775311216608071                 
0.0071346685546470195              2755.275423853241                  0.5630952418733712                 
0.007283307324609103               2638.2962244296755                 0.5462578201034303                 
0.00743194608478194                2529.604310015394                  0.5216124948940379                 
0.007580584834965747               2424.493395037166                  0.5209778512305823                 
0.007729223574960747               2324.134896797726                  0.48815820389036896                
0.007877862304567157               2227.588267922236                  0.48167752517723816                
0.008026501023585205               2137.353970197862                  0.46452801426097934                
0.008175139731815108               2051.591561362453                  0.44962942386201377                
0.008323778429057087               1970.7365801598191                 0.4488165674251442                 
0.00847241711511136                1893.5266129869142                 0.41958178331611157                
0.008621055789778157               1818.3293431712011                 0.41233244857272805                
0.00876969445285769                1747.9401518503407                 0.40199520631409585                
0.008918333104150186               1681.7477313516947                 0.39320726105817844                
0.009066971743455865               1619.015044540933                  0.3815641293460093                 
0.009215610370574947               1557.8966916402492                 0.3654150076350488                 
0.009364248985307655               1501.293485848073                  0.3659336149085408                 
0.009512887587454211               1446.3977439167343                 0.3489299134820071                 
0.00966152617681484                1394.1464938709728                 0.3416966090562975                 
0.009810164753189759               1344.676462846614                  0.33430592421109695                
0.00995880331637919                1296.4907353327292                 0.31950625000938676                
0.010107441866183361               1251.8821179369427                 0.3254540899485414                 
0.010256080402402487               1206.7579595472025                 0.30321526085486294                
0.010404718924836796               1164.5994259518357                 0.30281892612602307                
0.010553357433286508               1123.0484816791375                 0.29016824956822707                
0.010701995927551847               1084.3938684890177                 0.28545614513280415                
0.010850634407433035               1047.2407853617042                 0.28345073095126366                
0.01099927287273029                1011.7547436590028                 0.27023287730994183                
0.011147911323243845               976.4205270370215                  0.2666442630712351                 
0.011296549758773915               942.8874106577846                  0.2577831455361579                 
0.011445188179120724               910.1760000555098                  0.2535436871373997                 
0.0115938265840845                 879.1970552451654                  0.2486584867056999                 
0.011742464973465466               850.4010475600858                  0.2387559911056693                 
0.011891103347063838               821.0368519168296                  0.2387675572950566                 
0.012039741704679847               793.4687471550155                  0.22969180814664195                
0.012188380046113712               766.2306331475943                  0.22346900289829671                
0.012337018371165662               740.894586018514                   0.2203989946220017                 
0.01248565667963592                716.502230025529                   0.213780068520868                  
0.012634294971324705               692.4230304899562                  0.21243368639699148                
0.012782933246032245               669.6796415589976                  0.2035453042663597                 
0.012931571503558769               648.0417078469624                  0.2015604023402771                 
0.013080209743704493               626.3488308061459                  0.19448822278550182                
0.013228847966269644               606.1274817377001                  0.19256364927553438                
0.013377486171054451               586.4135399983865                  0.1885322161459243                 
0.013526124357859137               567.4554841522134                  0.1824601367642467                 
0.013674762526483924               548.9095330949517                  0.17961389742583725                
0.013823400676729044               531.4385273405474                  0.17471605158318373                
0.013972038808394713               514.8105961617267                  0.17379046445592095                
0.014120676921281166               497.82937040162335                 0.1672149572599361                 
0.014269315015188622               482.00066828245735                 0.16314899397111643                
0.014417953089917307               466.4020629306374                  0.16240615571681005                
0.014566591145267453               451.6365695568581                  0.1573992686625776                 
0.014715229181039282               437.2258586361849                  0.15538661767052062                
0.014863867197033016               422.98526849589933                 0.1502117485127608                 
0.015012505193048892               409.5641479435069                  0.14697808107868499                
0.015161143168887127               396.2896752655106                  0.1459871427560387                 
0.01530978112434795                383.8434662557449                  0.1408287553308726                 
0.01545841905923159                371.2910945393004                  0.1398302965931181                 
0.015607056973338276               359.472363565287                   0.13429656226698572                
0.015755694866468228               347.61927544682806                 0.13318526235638453                
0.015904332738421678               336.5295688812745                  0.13114532846967641                
0.01605297058899886                325.73182190002797                 0.12630764674275138                
0.016201608417999988               315.285880509774                   0.12548556837601338                
0.0163502462252253                 305.14595631474117                 0.12099739566712955                
0.016498884010475022               295.3897164425415                  0.12091249345414495                
0.01664752177354938                286.2198858823941                  0.11709972925253882                
0.0167961595142486                 276.80447724108996                 0.11392063584116498                
0.016944797232372917               267.794686305637                   0.1130214507390278                 
0.017093434927722556               259.25028899431385                 0.10970362964843268                
0.017242072600097746               251.10589914545582                 0.10904872452951768                
0.01739071024929872                242.64007679047947                 0.10445044798159896                
0.017539347875125698               235.05287434196643                 0.10358569318941042                
0.017687985477378917               227.4894097042537                  0.10169415236707832                
0.01783662305585861                219.7182606067615                  0.09865597380667744                
0.017985260610364994               212.74928343877195                 0.09814125627526667                
0.018133898140698313               205.7659460184565                  0.09415098847961606                
0.018282535646658788               198.83868551713311                 0.09359981732327995                
0.018431173128046652               192.12151394971144                 0.0913352255756478                 
0.018579810584662137               185.57459975857276                 0.08894787415258625                
0.01872844801630547                179.44700224693202                 0.08803910599635223                
0.018877085422776888               173.41299898364502                 0.08683162719188264                
0.01902572280387662                167.5132040285765                  0.08732537888052246                
0.019174360159404893               161.5559765394983                  0.0845396024333187                 
0.019322997489161938               156.0688984302053                  0.08331583046120114                
0.019471634792947997               150.74201914942805                 0.08510540329256021                
0.019620272070563285               145.4450786052292                  0.08329333991029804                
0.019768909321808054               140.30450863620115                 0.08339444683845292                
0.019917546546482524               135.34413333911743                 0.08087821769021622                
0.020066183744386925               130.44567436255258                 0.08102358023570341                
0.0202148209153215                 125.85219357499298                 0.08082975851403394                
0.020363458059086476               121.55377977252999                 0.07791608007686732                
0.020512095175482088               116.99750979759581                 0.07874593265695383                
0.020660732264308566               112.59597872411805                 0.07510423578203641                
0.02080936932536615                108.54093752551027                 0.07659031720315966                
0.020958006358455062               104.54769819938274                 0.07449843986804498                
0.02110664336337555                100.67717113485732                 0.07269718120008538                
0.021255280339927837               96.9985926812166                   0.0722849703082683                 
0.02140391728791216                93.33228861500821                  0.07021952472240953                
0.021552554207128764               89.80285894979221                  0.07083916634246587                
0.02170119109737787                86.47697544431453                  0.06830797211439962                
0.021849827958459727               83.1151162066552                   0.0670771095136687                 
0.021998464790174553               79.87500403648214                  0.06675220548047099                
0.022147101592322593               76.79310517404092                  0.06458193284647425                
0.022295738364704085               73.91993144650895                  0.06294813777104442                
0.022444375107119267               70.92801628528268                  0.059883167705404354               
0.022593011819368364               67.9647519121326                   0.058936636390675146               
0.022741648501251623               65.40110167911425                  0.05781440623667744                
0.022890285152569273               62.69291939765433                  0.05504555084806079                
0.02303892177312156                60.1262692513534                   0.054716459767987384               
0.023187558362708714               57.50503043789576                  0.05237391333164047                
0.02333619492113097                55.15069526687857                  0.05240364293558088                
0.023484831448188578               52.931274966192326                 0.05021158466041368                
0.023633467943681763               50.520783002675586                 0.049269322042276006               
0.023782104407410774               48.42692356768193                  0.04823752893815948                
0.023930740839175842               46.337769703013734                 0.046445625562745604               
0.024079377238777205               44.331980122889604                 0.046186764198313725               
0.024228013606015102               42.39517971099242                  0.044207526975975076               
0.024376649940689773               40.50763581156418                  0.043456350158563146               
0.024525286242601464               38.697624549808566                 0.04250448991757797                
0.024673922511550404               36.92577420706488                  0.0408869653029308                 
0.024822558747336843               35.35192747495374                  0.040799543511091385               
0.024971194949761022               33.70127020391595                  0.03861215806299917                
0.025119831118623162               32.19406407439245                  0.03865914619924196                
0.025268467253723528               30.691091988948592                 0.03735290876902373                
0.025417103354862348               29.248912911413672                 0.03594713928460389                
0.02556573942183986                27.916986459884306                 0.0355757144412973                 
0.02571437545445632                26.5470269707497                   0.03386243620338991                
0.025863011452511953               25.31632359080735                  0.03399542650716934                
0.026011647415807016               24.133906439551637                 0.03256572708150782                
0.02616028334414174                22.89082079573887                  0.031694798473380005               
0.026308919237316375               21.86166540520153                  0.03093290541618678                
0.026457555095131157               20.68542807150725                  0.03002941432134644                
0.026606190917386335               19.67012527124021                  0.02943956664929057                
0.026754826703882146               18.712934699574557                 0.02819085972366877                
0.026903462454418846               17.757642276992286                 0.027568794275401095               
0.027052098168796664               16.897789750640545                 0.02712329296781297                
0.027200733846815844               16.04951186719886                  0.02604057789624018                
0.027349369488276647               15.210024724714385                 0.025481575415613227               
0.0274980050929793                 14.430091610927995                 0.02470775700439611                
0.027646640660724066               13.720912065076716                 0.024015921620802107               
0.02779527619131117                12.976014299417345                 0.023490318104068954               
0.027943911684540874               12.32624720724006                  0.02263297477998174                
0.02809254714021341                11.710614116778348                 0.02206053860114159                
0.02824118255812904                11.110808086161821                 0.021461076990549825               
0.028389817938087997               10.527006169586851                 0.02085029926692227                
0.028538453279890536               10.01370792206551                  0.020310151341965874               
0.0286870885833369                 9.499921222707695                  0.019732921743459884               
0.02883572384822734                9.038719744631242                  0.019094030878767494               
0.028984359074362098               8.604672923235043                  0.018874390420861815               
0.029132994261541426               8.174794354470054                  0.01808122672123233                
0.029281629409565572               7.795867521899352                  0.01780932388373537                
0.029430264518234783               7.402951157661448                  0.017311978889699577               
0.029578899587349307               7.078920477798669                  0.016805295926029324               
0.029727534616709395               6.748356259983298                  0.016478286466815175               
0.029876169606115298               6.45606065601324                   0.015962119330472296               
0.030024804555367265               6.187186222108342                  0.015635578309908763               
0.03017343946426554                5.92375478961628                   0.01533596843105531                
0.030322074332610385               5.65046602548936                   0.014960001463682916               
0.03047070916020204                5.4607258102980545                 0.014567115834204546               
0.030619343946840766               5.246300126807939                  0.014320582831020192               
0.03076797869232679                5.047854555939029                  0.013964451209089275               
0.030916613396460405               4.873955684110728                  0.013869094179714535               
0.031065248059041834               4.759526409844233                  0.013473079994186295               
0.031213882679871328               4.6061370995960145                 0.013378801871602085               
0.031362517258749154               4.490115438046038                  0.013086211483961566               
0.031511151795475555               4.400146985007946                  0.012954446317642499               
0.031659786289850785               4.262101924836364                  0.012801644934145272               
0.03180842074167511                4.171737310470543                  0.012498412855911413               
0.03195705515074876                4.1220434110716555                 0.012509433494248184               
0.03210568951687201                4.034549890974192                  0.012354606383539317               
0.032254323839845105               3.974997706361315                  0.012207093246552976               
0.03240295811946831                3.945665582990208                  0.012189772038145471               
0.032551592355541864               3.9253688203619825                 0.012001492586235512               
0.032700226547866036               3.8919759174625472                 0.01211348997345092                
0.03284886069624108                3.868651877933465                  0.01195452689233756                
0.03299749480046724                3.8464520432878064                 0.01192018003897042                
0.033146128860344785               3.8702675531236217                 0.011930278152638777               
0.033294762875673976               3.8730016760543897                 0.011868374240498442               
0.03344339684625505                3.8644504213261035                 0.012015661429864185               
0.0335920307718883                 3.8804619002087817                 0.01181470873011654                
0.03374066465237394                3.8931913497644675                 0.011899275725541137               
0.03388929848751226                3.9287424964944435                 0.011907522047982623               
0.034037932277103514               3.968018361440166                  0.011993226409622935               
0.03418656602094795                3.980217390550341                  0.012058220199122014               
0.034335199718845834               4.004273375003934                  0.012245026273857238               
0.034483833370597426               4.052300989790124                  0.012475352508855403               
0.03463246697600298                4.083264885774765                  0.012544903396632383               
0.03478110053486277                4.122353863006901                  0.012732171386967339               
0.034929734046977044               4.1598256566806295                 0.01276705070971826                
0.03507836751214607                4.2255671884185695                 0.012514940130081822               
0.0352270009301701                 4.285158651835432                  0.012703417807442169               
0.03537563430084941                4.31552434170874                   0.012576840547515941               
0.03552426762398426                4.36316796607469                   0.012681431124135615               
0.035672900899374894               4.405390951344043                  0.012630001728663019               
0.0358215341268216                 4.471272133918123                  0.012661566153124347               
0.03597016730612462                4.537277328185981                  0.012903120481919064               
0.036118800437084236               4.551761175663054                  0.012651593080734195               
0.036267433519500715               4.626651310827193                  0.01287268464022027                
0.036416066553174295               4.677819195133636                  0.012805086467158548               
0.036564699537905254               4.735981133707276                  0.01293274507159426                
0.03671333247349387                4.812513024867289                  0.013036823623694833               
0.036861965359740394               4.84287192497087                   0.012953393916424505               
0.037010598196445095               4.870414409889268                  0.013017613406176727               
0.037159230983408245               4.921266589476961                  0.013078487862524486               
0.03730786372043011                4.966290781439354                  0.01311742060603853                
0.03745649640731094                4.994850194676055                  0.013093212087077822               
0.037605129043851035               5.0422549919710145                 0.01305350965538548                
0.03775376162985063                5.072154352365033                  0.013207929169196877               
0.03790239416511001                5.094379832366439                  0.013141066554015847               
0.03805102664942944                5.138018787531096                  0.013217667823436577               
0.038199659082609194               5.181267515163501                  0.013205150291834826               
0.038348291464449534               5.23353566019976                   0.013231068340157175               
0.03849692379475074                5.246298221812256                  0.01334245013860735                
0.03864555607331307                5.251915096427735                  0.01323412832638278                
0.0387941882999368                 5.276584898860945                  0.013258462473810757               
0.03894282047442221                5.300352127957637                  0.01315580319650292                
0.03909145259656955                5.354291253735825                  0.013389661925390591               
0.03924008466617912                5.324865399676155                  0.013199297092385697               
0.03938871668305117                5.363302799398671                  0.013162083655069464               
0.03953734864698598                5.371716593208882                  0.013185352747800576               
0.03968598055778383                5.403181540179677                  0.013146582759603731               
0.03983461241524497                5.383710735789403                  0.01319358626832518                
0.0399832442191697                 5.405591016019327                  0.013098700427430209               
0.040131875969358285               5.3652186509822375                 0.012974841746667258               
0.040280507665611                  5.354642646745437                  0.013043122543665412               
0.040429139307728124               5.381147480043604                  0.013000292318678297               
0.04057777089550993                5.37133970939097                   0.013076076671276242               
0.040726402428756685               5.347798338753768                  0.012844045205452308               
0.04087503390726868                5.33607643001506                   0.012982962186885593               
0.04102366533084617                5.326692311626371                  0.012940534140931574               
0.041172296699289464               5.306458968010661                  0.012812339468993593               
0.04132092801239882                5.2864003658191                    0.012873075900307285               
0.04146955926997452                5.2501622471329785                 0.012744200941569589               
0.04161819047181683                5.24235975942551                   0.012794999583428245               
0.041766821617726047               5.1822957157101                    0.012715462045640289               
0.041915452707502444               5.189742004188258                  0.012605673134511284               
0.042064083740946306               5.114093021429799                  0.012548533040424685               
0.0422127147178579                 5.069477012271669                  0.012458763926324766               
0.04236134563803752                5.056068599145664                  0.012442279908113953               
0.042509976501285435               5.023640845798019                  0.012658063628581455               
0.04265860730740194                4.997569226883699                  0.012680592184709709               
0.042807238056187316               4.954825927435233                  0.01280911319389066                
0.04295586874744183                4.915279378075312                  0.012770750932876577               
0.043104499380965784               4.842557309529062                  0.012740307802007208               
0.04325312995655945                4.791730026205433                  0.012634733654695434               
0.04340176047402311                4.76610618237818                   0.012736999334758779               
0.04355039093315706                4.704639736468188                  0.012641538098585077               
0.043699021333761565               4.666094862231923                  0.012557293291104601               
0.04384765167563693                4.579249564874467                  0.012549893389006613               
0.04399628195858344                4.519807510846251                  0.012339900329479622               
0.044144912182401366               4.500792076116692                  0.012448430768263125               
0.04429354234689099                4.420807475330707                  0.012292404771646948               
0.044442172451852634               4.396449568693273                  0.012239446997048075               
0.04459080249708656                4.329706701396741                  0.01217141668721398                
0.044739432482393045               4.258151694661655                  0.012064156591137975               
0.044888062407572406               4.204444645311393                  0.012140069847875187               
0.04503669227242491                4.129174844109138                  0.011831009450127734               
0.04518532207675085                4.074512502339428                  0.011944660170879813               
0.04533395182035053                4.024616829314755                  0.011802446143669995               
0.04548258150302422                3.9340449418328185                 0.011705875194613205               
0.04563121112457223                3.8868020492858695                 0.011754143072839252               
0.045779840684794834               3.807711761366819                  0.011461942344369343               
0.045928470183492345               3.760218773688202                  0.011554926407818406               
0.04607709962046502                3.688276819881972                  0.011425386357007395               
0.046225728995513186               3.6260701673349236                 0.011304344892622047               
0.046374358308437114               3.5709881538388633                 0.01124225902019141                
0.04652298755903712                3.4955405423751698                 0.01104007828380775                
0.046671616747113474               3.438982081854288                  0.011122579273492639               
0.046820245872466484               3.3495692980758203                 0.010818579849618523               
0.04696887493489644                3.300243743073046                  0.010767244082086996               
0.04711750393420365                3.225526200938564                  0.010656042652485102               
0.047266132870188396               3.171154906106087                  0.010443699129696777               
0.04741476174265097                3.098047758120902                  0.010432201688800507               
0.047563390551391686               3.0100076733194157                 0.010158978126624193               
0.04771201929621082                2.974844308436327                  0.010147144088206285               
0.047860647976908685               2.9016928661032195                 0.010037455723176169               
0.04800927659328559                2.8242637036881253                 0.009774587032759952               
0.048157905145141816               2.784511738200714                  0.009832697975428887               
0.04830653363227766                2.7100595419672793                 0.009560199946256662               
0.04845516205449344                2.6424158381088025                 0.009568445195985922               
0.04860379041158943                2.6049771782578306                 0.009515457930465184               
0.04875241870336596                2.529744888728575                  0.009227239329263814               
0.04890104692962332                2.458261192093043                  0.009200004573743824               
0.04904967509016181                2.4005967678140743                 0.009011691032239911               
0.04919830318478172                2.3375509342984246                 0.008985398127486253               
0.049346931213283374               2.294348987140639                  0.008837305419388295               
0.049495559175467066               2.226109061595209                  0.008678012885249806               
0.0496441870711331                 2.187993035842526                  0.008643468876585347               
0.049792814900081785               2.1111024955475215                 0.008429250961321735               
0.04994144266211342                2.075429353644637                  0.008444522659628162               
0.05009007035702831                1.9974771470924062                 0.008174239796950006               
0.05023869798462676                1.966889300458435                  0.008169740021435019               
0.050387325544709094               1.9113586527829574                 0.00808700727801526                
0.050535953037075594               1.8668680608798986                 0.007938874080551349               
0.050684580461526595               1.7964168513337213                 0.007795638308959336               
0.05083320781786236                1.7721761516401533                 0.007683863578170952               
0.05098183510588326                1.7202451890694774                 0.007648254036472251               
0.05113046232538955                1.6774183364384414                 0.007502243057415627               
0.05127908947618157                1.6269928209159479                 0.007407522587878531               
0.05142771655805962                1.5918544517978008                 0.00733838457187379                
0.05157634357082401                1.5431083453561751                 0.00716285165626708                
0.05172497051427505                1.5036313782554072                 0.0071542305667202395              
0.051873597388213066               1.4581829579737102                 0.0069245983107615264              
0.05202222419243834                1.4119341098365243                 0.006862058083705611               
0.05217085092675122                1.3775681056167832                 0.0068126353729109305              
0.052319477590952006               1.3459697291414692                 0.0066998502264190496              
0.05246810418484102                1.3191546889692858                 0.0066294202701719564              
0.05261673070821854                1.275436849107618                  0.006495674268340669               
0.052765357160884915               1.248037483361278                  0.006435235065038756               
0.052913983542640465               1.2117185392973355                 0.0063505202580075                 
0.05306260985328549                1.1726790708944133                 0.006272805149715819               
0.05321123609262031                1.1494284316050174                 0.0061695661992376164              
0.053359862260445236               1.117520958438993                  0.0060559790549362105              
0.05350848835656059                1.1004290489037063                 0.006045765922713694               
0.05365711438076671                1.070773980197303                  0.005930923421855378               
0.05380574033286389                1.0329932208329808                 0.005839942484687645               
0.05395436621265246                1.0140163066588397                 0.005783153946902714               
0.054102992019932725               0.9849643783831918                 0.005694006493233481               
0.05425161775450505                0.968068481665503                  0.005670535201344868               
0.0544002434161697                 0.9501197535173861                 0.005523765343868331               
0.054548869004727024               0.9307945580893352                 0.005537991644912569               
0.054697494519977345               0.9030658794217833                 0.005457612687966854               
0.054846119961720986               0.8894725470263658                 0.005397487587583027               
0.05499474532975826                0.8657996232102261                 0.005335808201262315               
0.055143370623889514               0.8554844962891331                 0.005231269343089647               
0.05529199584391504                0.8429993919322935                 0.0052677174489667005              
0.05544062098963519                0.8355834929590065                 0.005195374044169554               
0.055589246060850264               0.8121668775913925                 0.005152488526180197               
0.05573787105736062                0.7970492615080331                 0.005086662015851608               
0.05588649597896656                0.7868934266581765                 0.005024509849335669               
0.056035120825468424               0.7767868663000621                 0.005041520259109404               
0.05618374559666653                0.7631211454948177                 0.004948035198859923               
0.056332370292361225               0.7544255436371108                 0.0049512326526473536              
0.05648099491235282                0.7440201592633721                 0.004888103923836953               
0.05662961945644166                0.7329026026973872                 0.004858563061961177               
0.05677824392442804                0.7331371730009358                 0.004888124308439693               
0.056926868316112336               0.7293342268891024                 0.004804598320160941               
0.057075492631294855               0.7148995657886075                 0.004798524043427082               
0.05722411686977594                0.7193690668048468                 0.004785489484051578               
0.05737274103135591                0.7069281679201143                 0.004774035876741911               
0.057521365115835124               0.6983044936852005                 0.004728647250469806               
0.05766998912301387                0.7018737794035349                 0.004715556390171852               
0.057818613052692536               0.6969519176593979                 0.00474721474739631                
0.05796723690467142                0.6969725018478948                 0.00467661467206403                
0.05811586067875089                0.6912618966672778                 0.004704748515768903               
0.05826448437473124                0.690119641764355                  0.004680417884639875               
0.05841310799241284                0.6903187775706011                 0.004660912696052053               
0.05856173153159601                0.6935113661396463                 0.004719293406857458               
0.05871035499208109                0.6948309305398911                 0.004662769802359928               
0.058858978373668436               0.6984838876851538                 0.0047132497031859835              
0.05900760167615837                0.6949257874824758                 0.004663091376487449               
0.059156224899351226               0.6993376176901047                 0.004686790490135731               
0.059304848043047365               0.6890033358288946                 0.0046856882767554765              
0.05945347110704712                0.6990978491409008                 0.004670418523892385               
0.05960209409115083                0.6991178068981748                 0.004695027446963122               
0.05975071699515884                0.7018969055199137                 0.004677545964200687               
0.0598993398188715                 0.7025664268359227                 0.004708852184571209               
0.060047962562089136               0.6985176230935984                 0.004661863171716691               
0.06019658522461209                0.706997114341444                  0.004687860403084738               
0.06034520780624073                0.7085148430273341                 0.004721963459998873               
0.06049383030677538                0.70577975585306                   0.004808013891015936               
0.0606424527260164                 0.7183809348251261                 0.004924809044657275               
0.060791075063764154               0.7110214099953143                 0.004924840231761118               
0.06093969731981895                0.7202167763886652                 0.0049876938626206456              
0.06108831949398115                0.708654939375715                  0.005019109822584699               
0.0612369415860511                 0.7267385407001683                 0.0050718052007448075              
0.06138556359582917                0.7235729444695965                 0.005127340557098884               
0.061534185523115695               0.729316499106008                  0.005130691053777481               
0.061682807367711034               0.7400218158241944                 0.0052316982069243595              
0.061831429129415506               0.7242668638091969                 0.005199129111999503               
0.061980050808029506               0.7369962096250496                 0.005229817890328958               
0.06212867240335336                0.7348611331122192                 0.005291291399101749               
0.06227729391518745                0.736903605015536                  0.005256227536047532               
0.06242591534333208                0.7364109475047323                 0.005378415457676849               
0.06257453668758765                0.7551061656836346                 0.005398161754454673               
0.06272315794775449                0.7457306073933385                 0.005355138003109273               
0.06287177912363298                0.7524960392659155                 0.0054498658681809715              
0.06302040021502343                0.7586484216693636                 0.005462286115362954               
0.06316902122172624                0.7501471280474632                 0.005480931525229503               
0.06331764214354177                0.7510597255994399                 0.005282476837088896               
0.06346626298027035                0.7594018059210824                 0.005290874675249152               
0.06361488373171235                0.7573701349547494                 0.005234207666900732               
0.06376350439766815                0.7660171957933689                 0.005232475079518277               
0.06391212497793805                0.7587177780731078                 0.005193409024413525               
0.06406074547232249                0.7680221723632248                 0.005156021022761733               
0.06420936588062177                0.7681152668499268                 0.005178161352115686               
0.0643579862026363                 0.7690242388219043                 0.005151268912089315               
0.06450660643816641                0.7735282920978118                 0.005142135560157869               
0.06465522658701248                0.7558827102898389                 0.005099058208855581               
0.06480384664897484                0.7712439775610228                 0.0051107149950128175              
0.06495246662385391                0.7712787983685397                 0.005129335567294412               
0.06510108651145002                0.7692453305393321                 0.005075454254235621               
0.06524970631156356                0.7556848802367723                 0.005027964818797487               
0.06539832602399485                0.76462225874058                   0.005070510732896271               
0.0655469456485443                 0.7664341768060319                 0.005066177802786044               
0.06569556518501228                0.7670640955191291                 0.005057980821583163               
0.06584418463319913                0.7624594962956213                 0.004994931053561645               
0.06599280399290525                0.7470252622664003                 0.004941663636033283               
0.06614142326393099                0.7521513068939657                 0.004978405960925691               
0.06629004244607672                0.749358802781853                  0.004966672512936389               
0.06643866153914282                0.7497436607200187                 0.004960514536277795               
0.06658728054292967                0.7440376050642176                 0.0048622639550177805              
0.06673589945723764                0.7416190242869756                 0.004926206140167126               
0.06688451828186709                0.7483560351488061                 0.00493140561699339                
0.06703313701661841                0.7370064912863825                 0.004867513547558484               
0.06718175566129193                0.7349482762192312                 0.004875017345421806               
0.0673303742156881                 0.7272700559314678                 0.00483762142457433                
0.06747899267960726                0.7254970552013423                 0.00482465391340398                
0.06762761105284978                0.7262657699267658                 0.004787709921555469               
0.06777622933521604                0.7218382710769349                 0.004814823731643497               
0.06792484752650643                0.7166820844111798                 0.004762874685767379               
0.0680734656265213                 0.6966664253179647                 0.004718636869878488               
0.0682220836350611                 0.7036422968924502                 0.004719350209052646               
0.06837070155192615                0.6839968067484583                 0.004619807644723244               
0.06851931937691683                0.6907933608422602                 0.004671576693362104               
0.06866793710983354                0.6967963801286736                 0.004678382713461465               
0.06881655475047667                5.810132977776102                  0.013528776293660534               
0.06896517229864657                0.6703091363731821                 0.004592990341311638               
0.06911378975414369                0.6659930227770153                 0.004539290858399658               
0.06926240711676834                0.6617371926841278                 0.004554831228990554               
0.06941102438632095                0.6557090219043187                 0.00448936785403142                
0.06955964156260189                0.6541279665753875                 0.0045242648337048144              
0.06970825864541157                0.6428296737091999                 0.004440918566573482               
0.06985687563455034                0.629576587042733                  0.004411379044054684               
0.07000549252981861                0.6290964222786563                 0.0043993832512282515              
0.07015410933101678                0.6151490653007541                 0.004314207189874234               
0.07030272603794524                0.6111959266886451                 0.004340402898596386               
0.07045134265040434                0.5967430207365576                 0.004258974851863247               
0.07059995916819455                0.5999288803885545                 0.0042861904758272765              
0.07074857559111615                0.5846169327629285                 0.0042232906617750655              
0.07089719191896963                0.582383969507098                  0.004172892833515172               
0.07104580815155535                0.5725044028859                    0.004189031686677158               
0.07119442428867372                0.5563633856632006                 0.004084177960615771               
0.07134304033012509                0.5526013557304119                 0.004083385113172317               
0.0714916562757099                 0.5506900779495024                 0.004085692181877474               
0.07164027212522854                0.5404346698667352                 0.004010709024693816               
0.0717888878784814                 0.5419237510029382                 0.004064288425008608               
0.07193750353526884                0.5252880094389317                 0.003950539032327795               
0.07208611909539134                0.5195424830216551                 0.003948525082139244               
0.07223473455864923                0.5147906693053939                 0.0039322210816729875              
0.07238334992484297                0.5057638526460408                 0.003904726631450996               
0.07253196519377289                0.49592399448553787                0.003882590453613786               
0.07268058036523947                0.4833315026781046                 0.0037640996576175597              
0.07282919543904304                0.47830892740055897                0.003781718642187861               
0.07297781041498405                0.4719504463909387                 0.003753092477685227               
0.07312642529286288                0.4625151521103728                 0.003710346178526668               
0.07327504007247997                0.4585866038406627                 0.0036945565871361217              
0.07342365475363567                0.4536740087550809                 0.003645173380624898               
0.07357226933613044                0.439499234265797                  0.003620129556987977               
0.07372088381976465                0.4375171537303087                 0.0035924871772465097              
0.07386949820433873                0.4343506480935512                 0.0035682915656177947              
0.07401811248965308                0.4232202494935377                 0.0035082470945152692              
0.07416672667550812                0.41773214924339136                0.0035040500522009943              
0.07431534076170422                0.40533424650265404                0.003462498736966334               
0.07446395474804186                0.3966242228821606                 0.003378371121864986               
0.07461256863432139                0.3970650673032265                 0.0033876608462276147              
0.07476118242034327                0.3947276199837525                 0.003360022906065258               
0.07490979610590787                0.3862581069694978                 0.003335393103562893               
0.07505840969081562                0.37711522742456954                0.003294242428052231               
0.07520702317486694                0.3701683141567467                 0.003243971810443795               
0.07535563655786226                0.36240715531262835                0.0032070173915752643              
0.07550424983960197                0.36331051641295015                0.0032041153844341924              
0.0756528630198865                 0.3510461450111738                 0.003161808118366333               
0.07580147609851624                0.3422934627619679                 0.00310075903639796                
0.07595008907529169                0.3395146522374844                 0.0030842036552657546              
0.07609870195001317                0.3407154034789894                 0.0031042187154163405              
0.07624731472248115                0.33541049599135486                0.003055125608703403               
0.07639592739249607                0.3259354673363679                 0.003018050371215567               
0.07654453995985831                0.32260471570276994                0.002991186655743277               
0.0766931524243683                 0.31725990626872663                0.002968808191438404               
0.07684176478582651                0.3041651011953816                 0.0029204821966922418              
0.07699037704403329                0.30234424557232753                0.0028920879385670117              
0.07713898919878912                0.2992357978282591                 0.0028856836873327116              
0.0772876012498944                 0.298801827826349                  0.0028583335482061565              
0.07743621319714959                0.29347116364892795                0.002860174273427828               
0.07758482504035506                0.2917623231030687                 0.0028458184474017675              
0.0777334367793113                 0.284071921085485                  0.002789311736656502               
0.0778820484138187                 0.2820004841479203                 0.002794276235781259               
0.0780306599436777                 0.27733904894260303                0.0027537709183530117              
0.07817927136868873                0.2731378595275295                 0.0027534953822088704              
0.07832788268865222                0.2732135948766858                 0.0027298165899742885              
0.07847649390336861                0.274141699624623                  0.002731058617168911               
0.07862510501263834                0.26899794616307643                0.0027314011281564733              
0.07877371601626182                0.2660278062219185                 0.0026870124828075096              
0.0789223269140395                 0.262903102949879                  0.002682265827206933               
0.07907093770577181                0.2597377708188563                 0.0026528726146835676              
0.0792195483912592                 0.25645376472209486                0.0026371351312251966              
0.07936815897030208                0.2538805276610075                 0.0026424392815076205              
0.07951676944270093                0.25588602067303723                0.002624506517406204               
0.07966537980825614                0.2545145385281973                 0.002629316095370162               
0.07981399006676818                0.2494416209419743                 0.0025923096585522875              
0.07996260021803749                0.24918317467552004                0.002604860300506899               
0.0801112102618645                 0.2491876095415451                 0.002599514942343962               
0.08025982019804966                0.24721648825266637                0.0025671065045897324              
0.0804084300263934                 0.24695088319466024                0.0025888909133420525              
0.08055703974669619                0.24175308422406877                0.002541673308866218               
0.08070564935875844                0.23927591483363342                0.0025452004230360654              
0.08085425886238064                0.2432292390487061                 0.0025473569423011405              
0.0810028682573632                 0.24165543454707364                0.0025391035237153784              
0.08115147754350657                0.24239511430568064                0.002556489516368904               
0.08130008672061122                0.23878811748198675                0.0025260452832233937              
0.08144869578847758                0.23974280399375178                0.002530064509974747               
0.0815973047469061                 0.23852891413389976                0.0025175344289540204              
0.08174591359569723                0.237285821252657                  0.002511980951063051               
0.08189452233465144                0.23743189353203814                0.002519889435041833               
0.08204313096356916                0.2402516813903533                 0.0025225445925837163              
0.08219173948225086                0.2417457478300125                 0.0025375324237224012              
0.08234034789049698                0.23960321452952968                0.0025100697204288843              
0.08248895618810799                0.24079723709814058                0.0025305054220908433              
0.08263756437488433                0.23964346206688303                0.0025193545434463427              
0.08278617245062646                0.24277583421271523                0.0025256284991594094              
0.08293478041513484                0.23968206300109712                0.0025175353979141725              
0.08308338826820992                0.23827843132107465                0.0024971507285068244              
0.08323199600965217                0.24021141017071793                0.002520316426462867               
0.08338060363926207                0.2414978338039181                 0.002513966271098724               
0.08352921115684006                0.24243068171002516                0.0025178177574591174              
0.08367781856218658                0.24033377922231128                0.002522989413862856               
0.08382642585510211                0.24331904126165899                0.0025274529750858423              
0.08397503303538713                0.24116897250517644                0.002504308844442876               
0.08412364010284208                0.24661981436756217                0.0025215220962055466              
0.08427224705726745                0.2425173446080845                 0.002516276275602827               
0.08442085389846368                0.2455962455714743                 0.0025342104738155964              
0.08456946062623125                0.24348927332579215                0.0025193189160022905              
0.08471806724037062                0.24468439862719263                0.0025205112510006647              
0.08486667374068227                0.2490444846556466                 0.0025338935444399616              
0.08501528012696667                0.2465781294972                    0.0025382685938078998              
0.08516388639902428                0.2516249335477108                 0.0025440031600589756              
0.08531249255665557                0.25122712663519486                0.002545973894306764               
0.08546109859966101                0.2530704840698483                 0.0025603197948955146              
0.08560970452784111                0.2480400205765371                 0.002514062602078069               
0.08575831034099632                0.25758577180686243                0.0025871363457763375              
0.08590691603892707                0.25321523130479934                0.0025431113043650386              
0.0860555216214339                 0.2559475844495538                 0.002565769699700357               
0.08620412708831726                0.2521317356291568                 0.002550561408575042               
0.08635273243937762                0.25236451231662904                0.0025427880912167068              
0.08650133767441548                0.25117958978714594                0.002534840963697187               
0.08664994279323132                0.25418186810758403                0.0025381410409253463              
0.08679854779562558                0.25817990415554165                0.0025659392322492512              
0.08694715268139878                0.2586497240886976                 0.0025863679257234875              
0.08709575745035139                0.2580350712565102                 0.002557310837387773               
0.0872443621022839                 0.25517777561568183                0.0025460555613869107              
0.08739296663699678                0.2578750642669826                 0.0025584908554261016              
0.08754157105429052                0.26642269090389276                0.0025975465579229006              
0.08769017535396562                0.2562599413328996                 0.002553423575342969               
0.08783877953582254                0.25879903540973453                0.0025464403925034734              
0.0879873835996618                 0.25378192545039874                0.002539089116607223               
0.08813598754528384                0.25804452242756637                0.002549528433226509               
0.08828459137248919                0.2621947466809431                 0.00257686032531849                
0.08843319508107834                0.2571538906152815                 0.0025470770766341812              
0.08858179867085175                0.263585291879666                  0.0025650108928103356              
0.08873040214160996                0.2617422544168739                 0.0025726617198014376              
0.08887900549315342                0.25359681663655287                0.002519767743368548               
0.08902760872528265                0.2569972258079953                 0.0025375713219919047              
0.08917621183779811                0.2557523367533479                 0.0025343139557900012              
0.08932481483050034                0.26063098892873726                0.0025438614458214836              
0.08947341770318981                0.25562446558436674                0.002525987716610601               
0.08962202045566703                0.2544447985004049                 0.0025211096879937025              
0.08977062308773248                0.2551195304322065                 0.0025244515553553984              
0.08991922559918666                0.2549710576090928                 0.002516093689299985               
0.0900678279898301                 0.254060101582311                  0.0025172980041516134              
0.09021643025946328                0.2561519601335296                 0.0025152859586706584              
0.09036503240788671                0.25114469109658255                0.0024924520325259646              
0.09051363443490087                0.2540177728244211                 0.0025029114873798826              
0.09066223634030629                0.24919015114926307                0.0024958981484015487              
0.09081083812390348                0.25425683899811297                0.002515422531430631               
0.09095943978549291                0.2480175806848346                 0.002463966938956181               
0.09110804132487513                0.24764536179687982                0.0024741043342314992              
0.09125664274185061                0.24615888963927485                0.0024528965154494375              
0.09140524403621988                0.24584982738872774                0.0024697613702262954              
0.09155384520778345                0.2435977810787916                 0.0024428273301020215              
0.09170244625634183                0.23909986759438673                0.0024112171061196077              
0.09185104718169552                0.2449078300392186                 0.0024650293488027272              
0.09199964798364504                0.23847936196722208                0.0024134422747836668              
0.0921482486619909                 0.2405367262878939                 0.002427435874008956               
0.09229684921653362                0.24318050586020565                0.0024335091116076267              
0.09244544964707371                0.24126454263487437                0.0024274986090926398              
0.09259404995341172                0.23377147527584022                0.002400213960450103               
0.0927426501353481                 0.23416256938868202                0.0023774381232677627              
0.09289125019268343                0.22821163716169704                0.002353948525478953               
0.09303985012521819                0.22828955817806798                0.002351751620903065               
0.09318844993275292                0.22868532476979891                0.0023486117137291275              
0.09333704961508814                0.22715100877569896                0.0023633371993612277              
0.09348564917202434                0.22619610386312908                0.0023306803876591924              
0.09363424860336209                0.2234226730475722                 0.002322285285871668               
0.09378284790890191                0.21956865214210552                0.002298801640914376               
0.0939314470884443                 0.2170344469305902                 0.002296435816694124               
0.09408004614178979                0.21747082078976082                0.002290308801703815               
0.0942286450687389                 0.21077460942023826                0.0022432988357649554              
0.09437724386909221                0.2099761983181459                 0.0022554628082804484              
0.09452584254265017                0.21083795019991725                0.002250995986214961               
0.09467444108921338                0.20485153258814176                0.002207559525233916               
0.09482303950858231                0.2090504653205438                 0.002238171236224153               
0.09497163780055753                0.20311938731897927                0.0021990036716152813              
0.0951202359649396                 0.2013896534029405                 0.0022056279355573845              
0.09526883400152898                0.19752533440887546                0.002164604332680117               
0.09541743191012625                0.20258344902844677                0.00219849023206075                
0.09556602969053193                0.20074888560999912                0.002189307634909524               
0.09571462734254658                0.19436651681410358                0.0021487788184147197              
0.09586322486597074                0.1910079437369697                 0.002135533732191597               
0.09601182226060492                0.18969415022755132                0.002109145402622701               
0.09616041952624964                0.1905018775255293                 0.0021334790286473724              
0.09630901666270551                0.18659139610583325                0.0021015796328068418              
0.09645761366977304                0.18341299449260898                0.0020858553072409386              
0.09660621054725275                0.18164237864572824                0.002069066746761273               
0.0967548072949452                 0.18285802148060915                0.0020700613318688638              
0.09690340391265093                0.1770239471374708                 0.002054394251047752               
0.0970520004001705                 0.17523236206080006                0.0020322345413667318              
0.09720059675730447                0.17595282509284813                0.0020291595756230674              
0.09734919298385332                0.17274707779488718                0.0020105907913056335              
0.0974977890796177                 0.16816238085409646                0.0019908193752311686              
0.09764638504439807                0.1682725093728471                 0.001995762757562958               
0.09779498087799501                0.1673789680319753                 0.001967259257085928               
0.09794357658020908                0.16174110606435582                0.0019482638591439233              
0.09809217215084083                0.16558730996617693                0.001968489664091824               
0.09824076758969084                0.16321997287181073                0.0019571528031279172              
0.09838936289655961                0.1621419783204804                 0.0019410198870742272              
0.09853795807124772                0.1563276555709018                 0.0019012111249153585              
0.09868655311355574                0.15337198027010632                0.0018965187942646556              
0.09883514802328423                0.15373818220865085                0.0018834185132986184              
0.09898374280023374                0.15161840633250293                0.0018869924676388206              
0.09913233744420481                0.15364630340792612                0.001876948285933186               
0.09928093195499803                0.14606359440230487                0.001842276428419037               
0.09942952633241396                0.14644664909218122                0.0018512354555219263              
0.09957812057625312                0.14558802103800036                0.0018308975850840103              
0.09972671468631612                0.14529288838346907                0.0018277642554699284              
0.09987530866240353                0.144659057133284                  0.0018212323938336754              
0.1000239025043159                 0.1425176087054744                 0.0018165798731686461              
0.10017249621185377                0.140982401727869                  0.0018105941826474768              
0.10032108978481775                0.13893344881334735                0.0017743576304342695              
0.10046968322300841                0.13649742588410577                0.0017734417832108386              
0.10061827652622628                0.13669172276765298                0.0017642415475436208              
0.10076686969427194                0.13629359460250695                0.0017727396810972118              
0.10091546272694601                0.1364452060102618                 0.0017718662450700623              
0.101064055624049                  0.13272449003611542                0.001733665092223904               
0.10121264838538155                0.13470942127811225                0.0017642644899732106              
0.1013612410107442                 0.12864950842723707                0.0017526465309332358              
0.10150983349993749                0.13229786776249355                0.0018063772714606938              
0.10165842585276207                0.12937193453115778                0.0017923433574526504              
0.10180701806901846                0.1284692337297622                 0.0018024668144373934              
0.10195561014850726                0.12658680941628725                0.0018137582002320312              
0.10210420209102905                0.12614586198586236                0.0018020837426551768              
0.10225279389638445                0.12497587046274365                0.0018021825564333138              
0.10240138556437398                0.12655961393932233                0.0018324661116683888              
0.10254997709479825                0.12586349781609266                0.001832596525111361               
0.10269856848745783                0.12617837082223857                0.0018583797005339601              
0.10284715974215335                0.12336877373244626                0.001815818129454708               
0.10299575085868538                0.12214635748383654                0.001834558879309499               
0.10314434183685449                0.12169485061248257                0.0018296357720121769              
0.10329293267646124                0.11859290217541142                0.0018191320778868341              
0.1034415233773063                 0.11972947483320855                0.0018348402100688919              
0.10359011393919021                0.11824185443312415                0.0018156707450983555              
0.10373870436191358                0.12191614363572267                0.0018683506539303165              
0.10388729464527696                0.1209614888236662                 0.0018594062828181553              
0.10403588478908102                0.11900904353942747                0.0018491618185636285              
0.10418447479312629                0.11757017166576528                0.0017827992736961305              
0.10433306465721338                0.12067122272923979                0.0017915103589749909              
0.1044816543811429                 0.11797623721962332                0.0017685385668920136              
0.1046302439647155                 0.12024174761604223                0.0017642593209358846              
0.10477883340773168                0.12026541595582134                0.001752760310916696               
0.10492742270999211                0.11833373451580145                0.001741332101884945               
0.10507601187129732                0.11567938966591441                0.0017170221480651104              
0.10522460089144804                0.11716536751876803                0.001720046820847297               
0.10537318977024476                0.11749434026327654                0.0017178563250601266              
0.10552177850748812                0.11444832772028661                0.0016896538673238008              
0.10567036710297875                0.12123018304473107                0.0017330981274487134              
0.10581895555651723                0.1170318006514152                 0.001709267699146285               
0.10596754386790419                0.11666378433919272                0.0016881222766263286              
0.10611613203694019                0.11832417745302505                0.0017032556384707432              
0.10626472006342588                0.12022705397746715                0.0017194604335287907              
0.10641330794716188                0.11965569519291151                0.0017071040483982198              
0.10656189568794881                0.12100508379213469                0.0017218055511147806              
0.10671048328558726                0.12062447006208855                0.001695911084215873               
0.10685907073987783                0.1193578167613658                 0.0017037214422131455              
0.10700765805062118                0.11784762868871737                0.0016842251318762303              
0.1071562452176179                 0.12012154975420347                0.0016960637135100209              
0.10730483224066863                0.1203381033275628                 0.0016957440484268419              
0.10745341911957391                0.11961459295270437                0.0016779029451776649              
0.1076020058541345                 0.12040116285031549                0.0016986576762890756              
0.10775059244415094                0.11962021859839059                0.0016857953605116758              
0.10789917888942382                0.12169143188834669                0.0016899957829505864              
0.10804776518975381                0.1218633074122715                 0.001702758958217138               
0.10819635134494156                0.1195082274430972                 0.0016700151732511575              
0.10834493735478763                0.11846626444843127                0.0016770438618898835              
0.10849352321909271                0.12496575473763127                0.0017023032358434267              
0.1086421089376574                 0.12018429175322744                0.0016765186912208931              
0.10879069451028231                0.12230932780398752                0.0016979220331493246              
0.1089392799367681                 0.1246697482322228                 0.0016996908818174626              
0.10908786521691538                0.12351743379572244                0.001700819386476816               
0.1092364503505248                 0.1209202121099845                 0.001657686004591457               
0.10938503533739702                0.12297576459542282                0.0016928792600449018              
0.10953362017733265                0.12347118083683399                0.0016932936177063136              
0.1096822048701323                 0.12118627035338224                0.0016746040330743552              
0.10983078941559662                0.12731555267472536                0.0017170347785820917              
0.10997937381352627                0.12784419451853785                0.0017062584182438141              
0.1101279580637219                 0.12663547760319924                0.001710041576468638               
0.11027654216598413                0.12815161216483853                0.0017166412829058896              
0.11042512612011357                0.1241031636961924                 0.001671887510403056               
0.11057370992591092                0.13096522758376702                0.001726367843638658               
0.11072229358317678                0.12860055369441334                0.001697854279069966               
0.11087087709171187                0.13039665633498615                0.001722618647820603               
0.11101946045131672                0.12618782366152703                0.0016738965805943745              
0.11116804366179206                0.12943667366422523                0.0017010538483646308              
0.11131662672293854                0.12894691255213667                0.0016972576968928086              
0.11146520963455678                0.13095041165027121                0.0017185744554828425              
0.11161379239644743                0.12850711836844228                0.0017416790457735205              
0.11176237500841117                0.12469832688134469                0.0017138336196001742              
0.11191095747024861                0.12844183238283358                0.0017654505018192058              
0.11205953978176046                0.12982008609824344                0.001788793605225372               
0.11220812194274735                0.13024588708155177                0.0017877161391798649              
0.11235670395300991                0.12804002053614677                0.0017899381587788627              
0.11250528581234887                0.1289597380296634                 0.0017984075042324372              
0.1126538675205648                 0.12761848964156774                0.0018084184495946519              
0.1128024490774584                 0.12845925557782656                0.0018157805510887492              
0.11295103048283038                0.12435554428711068                0.0017893347130453882              
0.11309961173648131                0.12871133446049143                0.0018348058262266861              
0.11324819283821194                0.1262526816357567                 0.001808599496961771               
0.11339677378782287                0.12689229683707612                0.0018196301479989302              
0.11354535458511482                0.12651620770475747                0.0018097767144281132              
0.11369393522988842                0.12524830120442038                0.0018042361530558049              
0.11384251572194438                0.12765597127315356                0.0018236567324736227              
0.11399109606108329                0.1282704840167183                 0.0018309414494340726              
0.11413967624710591                0.1261886397746338                 0.0018145841491769483              
0.11428825627981287                0.12443454055146971                0.0017962450056979895              
0.11443683615900485                0.12661373675973972                0.0018351744322255194              
0.1145854158844825                 0.12565492734538147                0.0018165131759286762              
0.11473399545604654                0.12763785184955498                0.0018337182009820336              
0.11488257487349764                0.12446824425941233                0.0018151697738078925              
0.11503115413663645                0.1243076510254378                 0.0018045950074399352              
0.11517973324526365                0.12473814011189606                0.001830430141914859               
0.11532831219917995                0.12373959035251356                0.00180550374605213                
0.11547689099818605                0.12378447077240043                0.0018219366163187056              
0.11562546964208253                0.1221308765202889                 0.0018038614171083682              
0.11577404813067017                0.11999377542738339                0.0017844050307789922              
0.11592262646374966                0.12262055052308349                0.0018252846218982384              
0.11607120464112164                0.12263398120532353                0.001797425856381137               
0.1162197826625868                 0.12265358744155534                0.0018195378485914228              
0.11636836052794586                0.12220269119669869                0.0018154476874396553              
0.11651693823699948                0.12074646135388359                0.0018001820022015026              
0.11666551578954835                0.11893225642739774                0.0017991150646274414              
0.11681409318539324                0.12064099872470385                0.001786343144936348               
0.11696267042433472                0.11907912012439885                0.0017994846417601924              
0.11711124750617356                0.12024859832076597                0.0018083007132375577              
0.11725982443071048                0.12119941365433236                0.001813192594197122               
0.1174084011977461                 0.11702798855871478                0.001784660094410442               
0.11755697780708119                0.11653195741718506                0.0017764760975035123              
0.11770555425851639                0.11705528683744046                0.0017915459688988683              
0.11785413055185245                0.11734817262584828                0.0017841570216770473              
0.11800270668689006                0.11821776046132487                0.0017870803152429098              
0.11815128266342986                0.11015541735285234                0.0017386700622878495              
0.11829985848127267                0.11305263375987744                0.0017606539972952796              
0.11844843414021912                0.1105218681985002                 0.0017525500189848114              
0.11859700964006994                0.10756903239442232                0.0017068000313443426              
0.11874558498062582                0.11143753717294538                0.0017444085554491897              
0.1188941601616875                 0.11015716713648627                0.0017408675274517033              
0.11904273518305566                0.108386147515405                  0.0017333465534865398              
0.11919131004453105                0.10898756981229446                0.0017374191358941638              
0.11933988474591431                0.1086638457521855                 0.0017211408961380664              
0.11948845928700624                0.11023425052343144                0.0017473303390269628              
0.11963703366760754                0.10441734880902655                0.0016963300653953805              
0.11978560788751887                0.10629279543856081                0.0017179790533438553              
0.11993418194654097                0.1082837243755248                 0.0017281762686856186              
0.12008275584447463                0.1029817391633846                 0.0016895879865311103              
0.1202313295811205                 0.10492038277390045                0.0017090186324233644              
0.12037990315627929                0.1005207103887305                 0.0016720970282228399              
0.12052847656975177                0.10329089751618654                0.0016928385211975228              
0.12067704982133863                0.10430356581747027                0.0016947052338163841              
0.12082562291084065                0.10034475334040964                0.001680602102996666               
0.12097419583805849                0.10017248874756186                0.0016770115006752267              
0.12112276860279289                0.10233330169296402                0.001681440475362624               
0.12127134120484465                0.10000124956864694                0.0016734413718455833              
0.1214199136440144                 0.09774384089733451                0.0016460697991611906              
0.12156848592010293                0.09964542538889891                0.001678331728335034               
0.12171705803291097                0.09793672496264834                0.0016490842624218625              
0.12186562998223927                0.09507947726588724                0.0016303598415454037              
0.12201420176788849                0.09899654556502425                0.0016764633621379095              
0.12216277338965947                0.09552149677144574                0.0016355365702439945              
0.12231134484735287                0.09542257427428767                0.001645216797832546               
0.12245991614076948                0.09634346478818667                0.0016301327322351476              
0.12260848726971                   0.09502573351017095                0.0016417946159429054              
0.12275705823397523                0.09274617329559126                0.0016233827416953363              
0.1229056290333658                 0.09170760610291825                0.0016032406264990967              
0.12305419966768259                0.09385606956462111                0.0016281604183600073              
0.12320277013672629                0.09450703344262493                0.00162822202616723                
0.12335134044029764                0.09283196870900283                0.0016241382461680515              
0.12349991057819736                0.08978120247856448                0.0016006856761958924              
0.12364848055022623                0.09027982368255283                0.0015880165570431957              
0.12379705035618503                0.08872790871786745                0.001593343314212266               
0.12394561999587449                0.08660014951652822                0.0015566404627601438              
0.12409418946909531                0.08779344048316272                0.001586311856435236               
0.12424275877564833                0.08812196907891895                0.0015736065906949812              
0.12439132791533426                0.08905890198236258                0.0015880603824027268              
0.1245398968879539                 0.09002764789897165                0.0016091766976190443              
0.12468846569330792                0.08217823541950005                0.0015241731111467005              
0.1248370343311972                 0.08267869298981374                0.0015414295188536135              
0.1249856028014224                 0.08410126800787293                0.001535984133495392               
0.12513417110378433                0.08465797581182381                0.001553684314999488               
0.12528273923808372                0.08381014996045878                0.001557389846542655               
0.1254313072041214                 0.08347532503899534                0.0015335300589059153              
0.1255798750016981                 0.08269212540819985                0.001538208593236426               
0.12572844263061453                0.08398697480646238                0.001546849989650625               
0.12587701009067154                0.08365436046101235                0.0015491548233520806              
0.1260255773816699                 0.08259483979454173                0.001544706014231945               
0.1261741445034103                 0.08451358285427124                0.0015463539291973496              
0.12632271145569363                0.07855056050553852                0.0015064151840644055              
0.12647127823832058                0.07978317581735271                0.0015082990746082563              
0.12661984485109193                0.08314282842990366                0.001548468850812637               
0.1267684112938085                 0.08210434516022487                0.001540118383610365               
0.12691697756627102                0.07880895153890838                0.0014971223259941924              
0.1270655436682803                 0.08015539559501662                0.0015164202000024672              
0.1272141095996371                 0.08225081192830234                0.0015268328303004587              
0.12736267536014226                0.0789047031837335                 0.0015052010974315935              
0.12751124094959648                0.07866884495888818                0.0014925766839151082              
0.12765980636780058                0.08158318788731653                0.0015225938639337629              
0.1278083716145554                 0.07948926867953304                0.0015081425069166452              
0.12795693668966165                0.08177058701659319                0.001521066474008395               
0.12810550159292017                0.07747994460932794                0.0014812598627332871              
0.1282540663241317                 0.08048204373489781                0.0015038775955964678              
0.12840263088309706                0.07868221658555416                0.0015017768719003777              
0.12855119526961703                0.07972491277384945                0.0015045114630501807              
0.12869975948349244                0.07834372509506533                0.0014869435681926918              
0.12884832352452402                0.0785261188832436                 0.0014944484187728935              
0.1289968873925127                 0.07927332464886619                0.001489374058721646               
0.1291454510872591                 0.0786748454627052                 0.001506307767242679               
0.12929401460856416                0.07766688485926203                0.0014805111129030598              
0.1294425779562286                 0.07860816616658213                0.0015017318211985656              
0.12959114113005324                0.07702112263085507                0.0014877927820875448              
0.12973970412983893                0.08118780064996857                0.0015091816405067068              
0.12988826695538638                0.08138808132430393                0.0015307275761888384              
0.13003682960649648                0.07763120264062827                0.0014814467574159973              
0.13018539208297003                0.07875349683239544                0.0014998625572783225              
0.13033395438460782                0.07665802664826422                0.0014829940495161957              
0.13048251651121062                0.08091410937576515                0.001518326206863446               
0.13063107846257932                0.08073217272301185                0.0015218946633169088              
0.13077964023851468                0.08038654686892133                0.0015081611748613373              
0.1309282018388175                 0.07838792227098816                0.0015035726839855142              
0.13107676326328868                0.07705973662607965                0.0014849414962427169              
0.13122532451172894                0.07971069701033535                0.0015050473864983524              
0.13137388558393917                0.0773816715451716                 0.0014978344666862935              
0.13152244647972017                0.07844817331070121                0.00148731950203887                
0.13167100719887273                0.08138124278345386                0.001537411949392224               
0.13181956774119763                0.07861391236800581                0.0014953070845361016              
0.13196812810649583                0.0811041380632758                 0.0015267379764334914              
0.13211668829456807                0.07960265925398201                0.0015185154399296678              
0.13226524830521522                0.08141183753688021                0.0015249834386367191              
0.13241380813823803                0.08235475724182441                0.0015404853733710906              
0.13256236779343739                0.08033356518535542                0.0015122323925702752              
0.1327109272706141                 0.08369851042878586                0.0015550468626082269              
0.13285948656956903                0.08059127466800835                0.0015265799021227993              
0.13300804569010294                0.08028597220319406                0.0015243561327796455              
0.13315660463201676                0.08211148642674594                0.0015348611706408658              
0.1333051633951113                 0.08351539689436836                0.0015465814239697846              
0.1334537219791874                 0.08212477535190832                0.0015396891849174096              
0.13360228038404576                0.08215377392506876                0.0015399622352256076              
0.13375083860948744                0.08165176614561803                0.0015318984128087705              
0.13389939665531317                0.0813096747804173                 0.0015374322641057542              
0.13404795452132376                0.0805248044473685                 0.0015239543988496695              
0.13419651220732015                0.08353067631926275                0.0015562320980686529              
0.1343450697131031                 0.08199778294411153                0.0015338079973127616              
0.13449362703847348                0.07999371132240855                0.0015229301904668713              
0.1346421841832322                 0.0820392366799877                 0.0015388970747119562              
0.13479074114717998                0.08273423254647773                0.0015494823515349323              
0.13493929793011783                0.08250334463902234                0.0015528021220556293              
0.13508785453184646                0.08678753721812581                0.0015725063758734639              
0.13523641095216685                0.08456598431636547                0.0015727933434527216              
0.13538496719087975                0.08287798381314254                0.001548107392006368               
0.1355335232477861                 0.08578325521220458                0.0015847790163455672              
0.13568207912268665                0.08279467182532683                0.0015527944109965813              
0.13583063481538238                0.08341652240993473                0.0015450153580442176              
0.13597919032567404                0.08565471498411374                0.0015772984917408848              
0.1361277456533626                 0.08319377321585703                0.001548343909170017               
0.13627630079824887                0.08421559628731924                0.0015633053853242663              
0.13642485576013377                0.08503034989171791                0.0015757172188172561              
0.13657341053881802                0.08328889994905385                0.00155605453260963                
0.13672196513410265                0.08417409418116621                0.0015761723003350752              
0.13687051954578844                0.0811393189464524                 0.0015257790783734608              
0.13701907377367628                0.08057631611507454                0.0015345782016717875              
0.13716762781756708                0.08064993871571227                0.0015285140188784983              
0.13731618167726167                0.08531122395447535                0.0015790254335631229              
0.13746473535256093                0.08399180094299805                0.001571657074988503               
0.13761328884326574                0.0830798770132174                 0.0015472964308974862              
0.13776184214917697                0.08209631062404643                0.0015503674289642198              
0.13791039527009552                0.0820121655822491                 0.0015413751221609287              
0.1380589482058223                 0.08560403978683921                0.0015852599960525782              
0.1382075009561581                 0.07935653000057868                0.0015249596035200649              
0.13835605352090388                0.08690841597383324                0.0015867233288636925              
0.1385046058998605                 0.08253857011352163                0.0015643082130715224              
0.13865315809282888                0.08450803498835263                0.0015660380796872202              
0.13880171009960984                0.08361076409525921                0.0015590776704204688              
0.13895026192000431                0.08215596319641476                0.001550940933532059               
0.1390988135538132                 0.08214236836020707                0.0015473790978067698              
0.13924736500083743                0.08116910680535518                0.0015554890073522906              
0.13939591626087777                0.08237548152319223                0.0015400649514187802              
0.13954446733373518                0.0811568018827054                 0.0015442339190523825              
0.13969301821921062                0.07907056148953928                0.0015175042142436211              
0.13984156891710492                0.08310768185666807                0.0015592133757571943              
0.13999011942721898                0.0808446109293837                 0.001550980208935835               
0.14013866974935374                0.0786939423600407                 0.0015105544380959969              
0.14028721988331003                0.08095781490513287                0.0015471843218774273              
0.14043576982888886                0.08407053764139744                0.0015668340190045584              
0.14058431958589104                0.0816725778959539                 0.0015484518346314468              
0.14073286915411753                0.07991510033723703                0.0015351266233710275              
0.14088141853336925                0.08065439594828643                0.001534674248549542               
0.14102996772344703                0.07842404466725619                0.001526904381712066               
0.14117851672415188                0.0796277923262221                 0.0015262322096607737              
0.14132706553528462                0.07819450817405486                0.0015124351879497917              
0.14147561415664625                0.07811356741457141                0.0015156971603404168              
0.14162416258803764                0.07911365016147404                0.0015253702874079788              
0.1417727108292597                 0.08011117904393907                0.0015460408988798885              
0.14192125888011337                0.0788115321216409                 0.0015116980199002328              
0.14206980674039957                0.08021122030025628                0.0015379799420755008              
0.1422183544099192                 0.07898453235851396                0.0015268592224438574              
0.14236690188847323                0.07812439089398088                0.001578351045062927               
0.14251544917586248                0.07799626971988953                0.0016068901529320166              
0.142663996271888                  0.07821098997045921                0.0016322318243106172              
0.14281254317635064                0.07716459022969283                0.0016470272779642331              
0.14296108988905137                0.07864609759390082                0.0016817165043167487              
0.1431096364097911                 0.0738689446578728                 0.0016415321035082846              
0.14325818273837077                0.07576599780022546                0.001671760761051856               
0.1434067288745913                 0.07661926576102149                0.0017081421036324257              
0.14355527481825364                0.07566934387453803                0.001714452637192443               
0.1437038205691587                 0.07610075300999232                0.0017295625684089163              
0.14385236612710747                0.07477065384301144                0.0017226249343959574              
0.14400091149190083                0.07620544810292126                0.001766971517707876               
0.14414945666333978                0.0771795784525566                 0.0017905215292396783              
0.14429800164122517                0.07192791818716716                0.0017439953950967428              
0.14444654642535806                0.07451650380098442                0.0017716933449363841              
0.14459509101553933                0.07233181597775665                0.0017636661232210069              
0.1447436354115699                 0.07297496934967974                0.0017987011230340823              
0.14489217961325077                0.07101866403882322                0.0017889343029485506              
0.1450407236203829                 0.07357386699783107                0.0018245816897490136              
0.14518926743276714                0.07137190396582624                0.001799545869764183               
0.14533781105020457                0.07320733217080624                0.0018600682154214538              
0.14548635447249608                0.071819849920639                  0.001839721186407318               
0.14563489769944266                0.07447962184991717                0.001896685290547474               
0.1457834407308452                 0.07451539477944326                0.0018957530561564166              
0.14593198356650475                0.07096158731412464                0.0018706516637456718              
0.1460805262062222                 0.07035595112453426                0.0018911796825001421              
0.1462290686497985                 0.07229904443365875                0.0019112290611339878              
0.1463776108970347                 0.06855916758479114                0.001878509620239657               
0.14652615294773166                0.0680445792237174                 0.0018714481763199055              
0.14667469480169043                0.07105641449211796                0.0019367820848860524              
0.14682323645871195                0.07072737343079114                0.001951146357890047               
0.14697177791859717                0.06385433283259505                0.0018463957073915932              
0.1471203191811471                 0.0717578574235796                 0.001984868178190108               
0.14726886024616265                0.06931020332755931                0.0019572594772614684              
0.14741740111344484                0.06400922807972757                0.001906692383898579               
0.14756594178279467                0.07115657449233373                0.0020085986658326975              
0.14771448225401304                0.06762976977675365                0.001983968831314855               
0.147863022526901                  0.06612342940642202                0.0019900813645121877              
0.14801156260125947                0.065707808887352                  0.0019642734295778337              
0.1481601024768895                 0.06919053727401663                0.0020582943467676025              
0.14830864215359202                0.06395353186551304                0.001964317116463458               
0.148457181631168                  0.06594647737014857                0.002024575187874888               
0.1486057209094185                 0.06709742901687624                0.0020696862838790824              
0.14875425998814445                0.0699322864151915                 0.002086833738436215               
0.14890279886714686                0.06588467652787179                0.0020410355001427337              
0.1490513375462267                 0.0715731404867564                 0.0021151799946403163              
0.149199876025185                  0.07020738269436251                0.0021442992333701866              
0.1493484143038227                 0.06555951283765538                0.002065955593883713               
0.14949695238194086                0.06323682574556631                0.002021057715770407               
0.1496454902593404                 0.07021106968951295                0.0021616200495949874              
0.1497940279358224                 0.06432288875152153                0.00204638370115896                
0.1499425654111878                 0.06820445867246264                0.002156814359838061               
0.15009110268523762                0.06549344985342226                0.0020690167503131973              
0.15023963975777288                0.07080667248549828                0.002199856275681884               
0.15038817662859452                0.06365244565285731                0.0021077430968383425              
0.15053671329750368                0.06212107088789737                0.0020436331941704015              
0.15068524976430123                0.06602569307270105                0.0021466804467639147              
0.15083378602878825                0.06915386017687042                0.002147469722179584               
0.1509823220907657                 0.06560417491862573                0.0021512456423462183              
0.15113085795003464                0.06434443975107466                0.0021236829641245744              
0.15127939360639608                0.06630270921858376                0.0021443828660666947              
0.15142792905965102                0.06588670361342593                0.002155878799298045               
0.15157646430960048                0.06480226714413122                0.002095855101305616               
0.15172499935604547                0.06344668713980062                0.002133943015406979               
0.15187353419878702                0.0629823663175509                 0.0021123607686249616              
0.15202206883762617                0.06463351815582412                0.0021216991780538446              
0.1521706032723639                 0.06400066537958411                0.0021550144995407155              
0.15231913750280127                0.06838948140007535                0.0021801770379583176              
0.15246767152873936                0.06508404152842248                0.0021803974301988524              
0.15261620534997902                0.06282959186340487                0.0020896811411831246              
0.1527647389663215                 0.0666118322459295                 0.0021961270740040867              
0.15291327237756766                0.06514425606559995                0.0022010204405776665              
0.15306180558351865                0.06392880777653433                0.0021538162587424834              
0.15321033858397537                0.06671551771981878                0.0022400878507453405              
0.153358871378739                  0.06489212570969496                0.002148793005530585               
0.15350740396761053                0.06038495927400518                0.0021484004372176626              
0.15365593635039093                0.0640833556095611                 0.0021954595875767046              
0.15380446852688134                0.06275108821947933                0.0021651182395758216              
0.15395300049688274                0.06811151833476611                0.0023252888959715626              
0.1541015322601962                 0.06440490318854072                0.0021860448562961436              
0.15425006381662276                0.06198033950263281                0.002223532293921717               
0.1543985951659634                 0.06371866657955938                0.002222443710660043               
0.1545471263080193                 0.06550438762999385                0.0022454614883948175              
0.15469565724259146                0.06250408372069613                0.002271749563430838               
0.15484418796948088                0.06758688805523329                0.0022835493274311436              
0.15499271848848864                0.06412020903332132                0.002324355761555668               
0.15514124879941582                0.06464360483142687                0.0022438122802315                 
0.15528977890206347                0.06034468279829741                0.0022183146579460465              
0.15543830879623263                0.06366620596744373                0.00228991426716285                
0.15558683848172433                0.06514699511311019                0.002319294441756696               
0.1557353679583397                 0.06197428290335136                0.002296919742633548               
0.1558838972258798                 0.06556255131026432                0.002317986231168944               
0.15603242628414563                0.06487678809812757                0.0023410394420382663              
0.15618095513293828                0.06426050559220736                0.0023480277719493178              
0.15632948377205885                0.06674424289954628                0.0023867692532646423              
0.15647801220130841                0.06597848098136463                0.0024043895097272503              
0.15662654042048801                0.0630523389291219                 0.002328891276188472               
0.1567750684293987                 0.06359463594542279                0.0023700321496386164              
0.15692359622784158                0.06607077360963651                0.0024354010264180403              
0.15707212381561775                0.06209656787674637                0.002314202449030578               
0.1572206511925283                 0.06201020379463613                0.0023658368395683923              
0.15736917835837416                0.06460681325225573                0.0024349608915715127              
0.15751770531295659                0.06349231401650339                0.002420621778656391               
0.15766623205607658                0.06346804306419133                0.002386961426594103               
0.15781475858753524                0.0621188389735422                 0.0023909552268747735              
0.15796328490713368                0.06523318756070466                0.0024780038862391956              
0.15811181101467295                0.0724434793273194                 0.0026226300409414273              
0.15826033690995414                0.06506178379889371                0.002450368538237251               
0.1584088625927784                 0.06550714932446834                0.0025120845025531947              
0.15855738806294672                0.061822773589895644               0.0024475870448744936              
0.15870591332026027                0.061117901282860966               0.0024158971732895947              
0.15885443836452012                0.0696525162767328                 0.0026251279794777846              
0.15900296319552734                0.06736820580199229                0.0025740068322040207              
0.1591514878130831                 0.06104512392793237                0.002457584151732558               
0.15930001221698845                0.06538947141861018                0.0025667612744003946              
0.15944853640704448                0.0617999929964549                 0.0024839514400734107              
0.15959706038305235                0.06395545163652477                0.0025541347139906106              
0.15974558414481307                0.06814464679145517                0.0026405514275127484              
0.1598941076921279                 0.06382811456301239                0.0025675433111837205              
0.16004263102479782                0.06401119419008647                0.0025874991653691178              
0.16019115414262397                0.06495563954963686                0.0026023927467834274              
0.16033967704540744                0.06578784993755983                0.0026442369435399327              
0.1604881997329494                 0.06095755479989488                0.0025577221817710324              
0.16063672220505093                0.06535952866087819                0.002644163503457187               
0.16078524446151318                0.061125831427243336               0.0025738618181620587              
0.16093376650213723                0.06414908764840377                0.002645463787291058               
0.1610822883267242                 0.06656716451521993                0.002731283843481651               
0.16123080993507524                0.06347066991642465                0.0026446112465176937              
0.16137933132699142                0.06214582529119157                0.002657163613028859               
0.16152785250227394                0.06757615200956286                0.002751913647581838               
0.1616763734607239                 0.06703929684041172                0.0027693678265009805              
0.1618248942021424                 0.06203982748745111                0.0026922991926764807              
0.16197341472633062                0.062183113848115146               0.0026859014328858856              
0.16212193503308964                0.06353381536986462                0.002739137280216837               
0.1622704551222206                 0.06636648030480727                0.0027945329441558366              
0.1624189749935247                 0.060882104592211654               0.0026959049044935814              
0.16256749464680298                0.062113132392371054               0.0027531161896329915              
0.16271601408185665                0.061050875584715114               0.002719422138101978               
0.16286453329848682                0.06244107509131481                0.0027758443712566426              
0.16301305229649465                0.061793455842000085               0.002771815313215853               
0.16316157107568127                0.06564883988584186                0.002851603381600678               
0.16331008963584778                0.061891215242355815               0.002827881804340979               
0.16345860797679546                0.06327593406134573                0.002810182889503305               
0.16360712609832537                0.06667527116459095                0.002940920137408404               
0.1637556440002386                 0.06257566465504509                0.002883334428170328               
0.1639041616823364                 0.06985616224959347                0.0029868338155575077              
0.16405267914441987                0.061676652822228166               0.0028978219358827325              
0.16420119638629022                0.06088927268277285                0.002832825340698354               
0.16434971340774857                0.06616991589733567                0.00300152833835832                
0.16449823020859602                0.06700526737361442                0.003045693971527928               
0.16464674678863386                0.06086022567236229                0.0028785898971851534              
0.16479526314766318                0.06253299935071874                0.0029610233383590805              
0.16494377928548515                0.05902790366306763                0.002876843996414542               
0.16509229520190094                0.060024724699145895               0.002932399693071229               
0.16524081089671167                0.062269630594668376               0.0030064060952099867              
0.16538932636971862                0.05737218356977854                0.002879427353317612               
0.16553784162072283                0.06269120274946516                0.003023238253915958               
0.16568635664952555                0.061446170131439964               0.0030199145074687067              
0.16583487145592796                0.06317832506463386                0.003090152888698616               
0.1659833860397312                 0.062220967786325264               0.0030879747824124294              
0.1661319004007365                 0.05997737013557875                0.0030177890005093923              
0.16628041453874493                0.06418966629212418                0.003158566988456509               
0.1664289284535578                 0.06043385629410673                0.0030720255615124537              
0.16657744214497625                0.055342853484853786               0.002975250235673096               
0.1667259556128014                 0.06133240812229849                0.0031629774410777025              
0.16687446885683452                0.0644672421939574                 0.003203403019280698               
0.16702298187687672                0.05774568968570917                0.003099951044178941               
0.16717149467272932                0.0576625987544019                 0.0030821955509998536              
0.16732000724419338                0.06235177091487313                0.003245903541397437               
0.16746851959107012                0.059862385815136816               0.003213581246057933               
0.16761703171316078                0.05917596966924133                0.0031540897811300314              
0.16776554361026652                0.06838077664711205                0.0034804898912455923              
0.16791405528218858                0.05775175719091321                0.0031985740010189645              
0.1680625667287281                 0.06040916892536516                0.003271339906032615               
0.16821107794968634                0.06074677340122751                0.0033439998181546645              
0.1683595889448644                 0.06098589744412714                0.0033320155197832436              
0.16850809971406366                0.061643643429950254               0.003378050851232121               
0.16865661025708517                0.0583265674846829                 0.0033234646267332186              
0.16880512057373023                0.05733056559070589                0.003304478864804701               
0.16895363066379998                0.06217512945323905                0.0034921031791242873              
0.16910214052709568                0.0657102735950758                 0.0035480212758078515              
0.16925065016341856                0.055052266363668514               0.003325829039818991               
0.1693991595725698                 0.058172856863726086               0.0034398331373619822              
0.16954766875435065                0.05866907814032636                0.003433348105241612               
0.16969617770856224                0.05818596815196379                0.003483502794551254               
0.1698446864350059                 0.05792705728639436                0.003486799104085403               
0.1699931949334828                 0.06143828312700823                0.003614016654529896               
0.17014170320379415                0.06150927225853013                0.0036758820971366786              
0.17029021124574129                0.05061172489750295                0.0033015448976299023              
0.17043871905912528                0.05559169871654383                0.0035300763985786966              
0.17058722664374745                0.06201307830344547                0.0037670262335874447              
0.17073573399940897                0.051155734118125795               0.003433348071229878               
0.17088424112591122                0.05398475635567197                0.0035519361946204533              
0.17103274802305524                0.05719491396662843                0.003669055441656712               
0.17118125469064235                0.05500054810571488                0.003650514592853864               
0.1713297611284738                 0.05736078137243007                0.003741804798151709               
0.17147826733635088                0.05196277916344156                0.0036292379220131763              
0.17162677331407472                0.05982068894955106                0.0038939951742323286              
0.17177527906144666                0.050322264285218465               0.00358531287903376                
0.1719237845782679                 0.05351439041018918                0.0037559738827306057              
0.17207228986433967                0.057135000127786266               0.0038965746672795015              
0.17222079491946324                0.04803223534230034                0.0036624236097900042              
0.1723692997434399                 0.056293710530235484               0.003931723289559939               
0.17251780433607086                0.06083535580994517                0.004139321668195158               
0.17266630869715735                0.05908733629369695                0.004096969629567475               
0.17281481282650069                0.06472836371580656                0.00436398539146675                
0.17296331672390208                0.05358661767934312                0.00406239100247207                
0.17311182038916287                0.05522638296334715                0.0041049447175060165              
0.1732603238220842                 0.05980327984091563                0.0042716628457796875              
0.17340882702246738                0.054708206808495204               0.004183641137904464               
0.17355732999011372                0.05481285332028323                0.004228903444150238               
0.17370583272482443                0.05615466055613397                0.004345378095340478               
0.17385433522640084                0.056393970675856255               0.0043770209986733356              
0.17400283749464415                0.05792820834916464                0.004482619343966156               
0.1741513395293557                 0.06023710819269704                0.0046199753013209735              
0.1742998413303367                 0.053823740852926044               0.004439307324318503               
0.17444834289738848                0.05530107443393614                0.004576749484756342               
0.17459684423031224                0.05479468891007161                0.004582162079187152               
0.17474534532890937                0.059392969637040174               0.0047705581213389895              
0.17489384619298107                0.050040633719401754               0.004512011992429977               
0.17504234682232866                0.05130759338501162                0.004626249898312859               
0.1751908472167534                 0.05649210356549379                0.00491700648434384                
0.1753393473760566                 0.048332235128953675               0.0046082978050078945              
0.17548784730003958                0.06100918497497714                0.005212366437443007               
0.17563634698850353                0.0570892131638371                 0.005147560997688817               
0.17578484644124984                0.04846177327948821                0.00484617732794882                
0.17593334565807975                0.05459555819166353                0.005181981059018827               
0.17608184463879456                0.05200576096105662                0.005174766626142213               
0.17623034338319563                0.04994623288655927                0.0050712716024238595              
0.17637884189108416                0.053276094932306936               0.005409367868281247               
0.1765273401622615                 0.050876899868361525               0.00542349574894367                
0.176675838196529                  0.0572366341574621                 0.00575249817464065                
0.17682433599368788                0.05471689888031319                0.005832841019020134               
0.17697283355353952                0.060934858192142664               0.006155350205472104               
0.17712133087588516                0.05514857532179865                0.006090141333639846               
0.17726982796052618                0.05328846212342026                0.006112605822439047               
0.17741832480726386                0.05946188071772089                0.006526789334575871               
0.17756682141589947                0.06590969550012046                0.007191337349066482               
0.1777153177862344                 0.05824590210090955                0.00668126318771653                
0.17786381391806994                0.06083997950191262                0.007170060345508827               
0.1780123098112074                 0.04485549773289466                0.00640792824755638                
0.17816080546544807                0.06779341086153308                0.007989530089992631               
0.17830930088059335                0.05592397755639941                0.007473155847202927               
0.17845779605644455                0.047838297918177564               0.007131312404862113               
0.17860629099280295                0.051786967253081906               0.00780717906404067                
0.17875478568946987                0.05858740223058051                0.008456363112236635               
0.1789032801462467                 0.057672098349331284               0.00889899797464505                
0.17905177436293476                0.04871690864257918                0.008354880904719189               
0.17920026833933536                0.05932012856564549                0.009886688094274248               
0.17934876207524983                0.07805296936050919                0.011635449689053792               
0.17949725557047952                0.08856863033511603                0.013506589502422155               
0.17964574882482584                0.053236358116300744               0.011617125751986899               
0.17979424183809004                0.06337675405647063                0.012675350811294124               
0.17994273461007346                0.08238995884781773                0.016477991769563546               
0.18009122714057746                0.061792603177405536               0.01595478153499301                
0.18023971942940345                0.0790947037819978                 0.02283267426000507                
0.18038821147635273                0.057673346819857314               0.02179847613744576                
0.18053670328122662                0.08239067462194836                0.03684622983334866                
0.18068519484382653                nan                                nan                                
