#####################################################################################################
# NeXus source file: noemi7
# NXdata: name = img{0}_azimuthalIntegration_Px_13                 
#
#
# Exposure_msec                                     1000.0 + 0.0
# _diffrn_source.source                             Storage Ring SOLEIL, beamline SWING
# _diffrn_sofware                                   Foxtrot 3.5.10-3979
# _diffrn_detector.detector                         EIGER-4M
# _diffrn_comment.comment                           -
# _sas_detc.pixnum_ax                               [1035]
# _sas_detc.pixnum_eq                               [1083]
# _sas_detc.pixsize                                 150.0
# _sas_detc.center_ax                               285.110346632731
# _sas_detc.center_eq                               957.0166664324403
# _sas_detc.dist_spec/detc                          6137.21860334
# _sas_detc.energy                                  12.000505731836514
# _sas_detc.gain                                    1.0
# _sas_detc.detector_based_uncertainty              0.0
# _sas_detc.encoder_delta                           0.0
# _sas_detc.delta0                                  0.0
# _sas_detc.gamma_offset                            0.0
# _sas_detc.wave_length                             1.0331580057586949
# _sas_detc.bias                                    0
# _sas_detc.mask                                    E:\20251487\published-data\3120\2026-09-03_session3\\mask_bags_saxs_12kev_sept26.txt
# Normalization                                     true
# Normalization Factor                              0.02571
# Normalization Monitor                             averagemi8b
# Normalization Intensity                           1.3391964619953173e-06
# GlobalNormalization                               31.115841728088654
# AbsTimeStamps                                     nan
# TimeStamps                                        1.4073081016540527
# gapTime                                           500.0
# step_global_regrid                                nan
# xmax_global_regrid                                nan
# xmin_global_regrid                                nan
# ymax_global_regrid                                nan
# ymin_global_regrid                                nan
#####################################################################################################
q(A-1)                             I(q)23_00217{00000}_AzInt_Px_13    Sig(q)23_00217{00000}_AzInt_Px_13  
0.0                                nan                                nan                                
0.0001486390049044326              nan                                nan                                
0.00029727800960908403             nan                                nan                                
0.000445917013914173               nan                                nan                                
0.0005945560176199183              nan                                nan                                
0.0007431950205265388              nan                                nan                                
0.0008918340224342532              nan                                nan                                
0.0010404730231432808              nan                                nan                                
0.0011891120224538396              2440.7022319641083                 4.428295963198643                  
0.001337751020166149               2283.1311279847423                 1.7485137248605123                 
0.0014863900160804278              2137.7103568098955                 1.2640069021879572                 
0.0016350290099968942              1989.8547901772456                 1.0500402394027648                 
0.0017836680017157683              1871.4602859870956                 1.0457267417325935                 
0.001932306991037268               1766.6877553517297                 0.9493336623960728                 
0.0020809459777616124              1678.956486753422                  0.8539120098942371                 
0.0022295849616890207              1596.0094254512492                 0.8109231364537453                 
0.0023782239426197124              1521.6770053941839                 0.729082372595161                  
0.0025268629203539046              1457.6613732300602                 0.7380544047604035                 
0.0026755018946918183              1398.5537166464985                 0.6574037731428807                 
0.002824140865433671               1343.8398719667823                 0.6413401146508907                 
0.0029727798323796835              1290.919604948336                  0.6086251405006959                 
0.003121418795330073               1247.9085871093432                 0.5757156169606463                 
0.0032700577540850603              1205.5749008791802                 0.575457805606471                  
0.0034186967084448633              1165.534683173998                  0.5191161337703321                 
0.0035673356582097003              1125.1299643811024                 0.511883507882668                  
0.003715974603179794               1090.4088961794475                 0.49853365436734787                
0.00386461354315536                1060.343150533754                  0.4782328868287783                 
0.00401325247793662                1030.3308078898895                 0.46828390820911153                
0.004161891407323792               998.0715648645371                  0.4305931983625423                 
0.004310530331117095               971.1740417074474                  0.43102581206911594                
0.00445916924911675                945.4483933053249                  0.4190880339135743                 
0.004607808161122976               920.968844723061                   0.4043827227243898                 
0.004756447066935991               896.2435271920634                  0.3978201203510026                 
0.004905085966356017               874.7036347804659                  0.37212759969336195                
0.00505372485918327                852.3299868582014                  0.377713682972993                  
0.005202363745217974               831.6007606127662                  0.35505772819018716                
0.005351002624260346               812.5051528732322                  0.35262483007720435                
0.005499641496110608               791.9284738765648                  0.3416836689711383                 
0.005648280360568975               774.4010603166075                  0.3303885972600571                 
0.005796919217435672               757.2137311786704                  0.3333471159362038                 
0.0059455580665109175              740.008930335358                   0.30967216786774454                
0.00609419690759493                722.3672978419509                  0.3078261754021206                 
0.006242835740487932               706.4760674436756                  0.3031864702053647                 
0.00639147456499014                691.613839454726                   0.2969895374987438                 
0.006540113380901778               676.3520810805982                  0.28969842434030163                
0.006688752188023065               661.5796853858783                  0.2755634935684586                 
0.0068373909861542195              648.4419027031005                  0.2804285546444385                 
0.006986029775095464               635.0131505461593                  0.2680660669966887                 
0.0071346685546470195              620.7938247342969                  0.26411942853881826                
0.007283307324609103               607.9838977133882                  0.25912495186224654                
0.00743194608478194                595.8343694724308                  0.2501564883888016                 
0.007580584834965747               583.6017604140023                  0.25257732571014424                
0.007729223574960747               572.2953407806318                  0.2393686873116367                 
0.007877862304567157               560.2681398639106                  0.23870647066914288                
0.008026501023585205               549.4361206353258                  0.23273387150034186                
0.008175139731815108               537.9699137286968                  0.22751790098268945                
0.008323778429057087               527.1572161044961                  0.22937811284781273                
0.00847241711511136                516.3351285924651                  0.2165080561213228                 
0.008621055789778157               506.8057254182781                  0.21510935704006198                
0.00876969445285769                496.4840813581592                  0.2117081444040216                 
0.008918333104150186               486.70635473762405                 0.20902677431373912                
0.009066971743455865               477.2038249193846                  0.20470165901060935                
0.009215610370574947               467.54053524815674                 0.19781261934648484                
0.009364248985307655               458.3778374532052                  0.1998060425125649                 
0.009512887587454211               449.67514570833345                 0.1922520960396003                 
0.00966152617681484                440.7266658120211                  0.18984468110260372                
0.009810164753189759               432.0731629139255                  0.18725832042992727                
0.00995880331637919                423.5407112605759                  0.18045525620136882                
0.010107441866183361               415.6149946848104                  0.18530234956691968                
0.010256080402402487               406.8429237537614                  0.1739729226410832                 
0.010404718924836796               398.86464090666107                 0.17511961940316112                
0.010553357433286508               391.1256247662649                  0.16921391702141644                
0.010701995927551847               383.2205154297572                  0.16768628831904173                
0.010850634407433035               375.4931489901785                  0.16771913839449096                
0.01099927287273029                367.72312239563684                 0.1609860842118734                 
0.011147911323243845               360.42510171378217                 0.16008425345560678                
0.011296549758773915               352.7033191041239                  0.1557961351886477                 
0.011445188179120724               345.62239729679334                 0.1543897121544232                 
0.0115938265840845                 338.71215690273635                 0.152511598346858                  
0.011742464973465466               331.3917821246712                  0.14727890909745614                
0.011891103347063838               324.5837004020551                  0.14834900954984068                
0.012039741704679847               317.4805401057595                  0.14357091078914386                
0.012188380046113712               311.1772958072718                  0.14072420166228117                
0.012337018371165662               304.165808458055                   0.13954487837297064                
0.01248565667963592                297.7250504375392                  0.1361737614721549                 
0.012634294971324705               291.04436224303157                 0.13609574126628574                
0.012782933246032245               284.7071524345705                  0.1311456937603411                 
0.012931571503558769               278.57546945512956                 0.13058776218867946                
0.013080209743704493               272.06431347191176                 0.1266625620542702                 
0.013228847966269644               266.1690377730175                  0.1260951532447455                 
0.013377486171054451               259.93870353544463                 0.12403560194791183                
0.013526124357859137               254.1621890091555                  0.12066598846732646                
0.013674762526483924               248.18299696826918                 0.11934462626927939                
0.013823400676729044               242.65892488308688                 0.11666262107232557                
0.013972038808394713               236.70312450876224                 0.11644785874474377                
0.014120676921281166               231.39136413902884                 0.11265117976805969                
0.014269315015188622               225.82044610160358                 0.1103492833254974                 
0.014417953089917307               220.50373182525536                 0.1103462385089165                 
0.014566591145267453               215.20327223451145                 0.10736430123971637                
0.014715229181039282               210.37565361662683                 0.10650886075992569                
0.014863867197033016               205.33898957533557                 0.10341994373237588                
0.015012505193048892               200.3148132121193                  0.10157233732938115                
0.015161143168887127               195.42268471285414                 0.10130316730306976                
0.01530978112434795                191.014927513886                   0.0981691939690814                 
0.01545841905923159                186.26088343304443                 0.09786606987583008                
0.015607056973338276               181.60396047082196                 0.09432397757302956                
0.015755694866468228               177.39266984598316                 0.09401548419638188                
0.015904332738421678               172.90365522380594                 0.09289035108729249                
0.01605297058899886                168.517878508407                   0.08977384940247868                
0.016201608417999988               164.53518776114578                 0.08957735262175794                
0.0163502462252253                 160.49834260725186                 0.08671311658021723                
0.016498884010475022               156.4787023383305                  0.0869617790213953                 
0.01664752177354938                152.63794188456856                 0.08450152487164657                
0.0167961595142486                 148.8296221756413                  0.08254444297509807                
0.016944797232372917               145.09885043735662                 0.08220896722305905                
0.017093434927722556               141.2875353207739                  0.08002774936929088                
0.017242072600097746               137.80211104646338                 0.07982655263671469                
0.01739071024929872                134.42051000066465                 0.07682262017889394                
0.017539347875125698               130.99395121880306                 0.07641346986737338                
0.017687985477378917               127.75316057955526                 0.07530581655236022                
0.01783662305585861                124.48749386557957                 0.07338046848027512                
0.017985260610364994               121.375124406749                   0.07325035106490853                
0.018133898140698313               118.1882472139305                  0.07051030378906548                
0.018282535646658788               115.11680189492816                 0.0703754563091885                 
0.018431173128046652               112.07139541362322                 0.06893265432176095                
0.018579810584662137               109.21759244411408                 0.06742949584776359                
0.01872844801630547                106.43353071328184                 0.06699988559053159                
0.018877085422776888               103.58943534611254                 0.06631658508943948                
0.01902572280387662                100.9676947067493                  0.06699377998354408                
0.019174360159404893               98.2630936686418                   0.0651510185620553                 
0.019322997489161938               95.65790248770632                  0.06445506911305622                
0.019471634792947997               93.16556157024635                  0.06611423535794737                
0.019620272070563285               90.72201623824948                  0.06500464857549136                
0.019768909321808054               88.1860524628052                   0.06533239459133655                
0.019917546546482524               85.86143796396698                  0.06365583798302982                
0.020066183744386925               83.48632627297215                  0.06405183414923686                
0.0202148209153215                 81.22905254815647                  0.06416879542961298                
0.020363458059086476               78.97719614609095                  0.06206132213489802                
0.020512095175482088               76.81815007250984                  0.0630520266772561                 
0.020660732264308566               74.78009042275173                  0.06048160265250282                
0.02080936932536615                72.52384931901429                  0.06186497102875569                
0.020958006358455062               70.67643989893268                  0.06052775684191919                
0.02110664336337555                68.72314003247298                  0.059351387113122926               
0.021255280339927837               66.84015547165153                  0.059294078297106444               
0.02140391728791216                64.87569652538376                  0.057850917515088404               
0.021552554207128764               63.08540528579635                  0.05867054403998625                
0.02170119109737787                61.19291809336664                  0.05678047679187134                
0.021849827958459727               59.538381557595756                 0.056099649837418636               
0.021998464790174553               57.77659827792643                  0.05610007777356586                
0.022147101592322593               56.08176788149058                  0.054536602447796734               
0.022295738364704085               54.591578321704134                 0.05345548087375993                
0.022444375107119267               52.90985617389056                  0.051108302399096084               
0.022593011819368364               51.40904154071146                  0.050651293243244674               
0.022741648501251623               49.9072227213779                   0.049905975087595936               
0.022890285152569273               48.52139087341041                  0.04785275017007111                
0.02303892177312156                47.08625194240566                  0.04784760773815373                
0.023187558362708714               45.638124119948635                 0.04610556043470377                
0.02333619492113097                44.3157878958491                   0.046418652274325824               
0.023484831448188578               42.96970663003309                  0.04470501562855442                
0.023633467943681763               41.69820176780445                  0.04423107753787484                
0.023782104407410774               40.38329482664173                  0.043528108280329186               
0.023930740839175842               39.176277585300696                 0.042200358836119445               
0.024079377238777205               37.976180701528044                 0.042241751875593966               
0.024228013606015102               36.78372803658136                  0.0406905123537937                 
0.024376649940689773               35.73104630136323                  0.04033062689270786                
0.024525286242601464               34.602497626525306                 0.03971674839263829                
0.024673922511550404               33.400133043965035                 0.03842567256530005                
0.024822558747336843               32.41045879523386                  0.03860278616431316                
0.024971194949761022               31.407409856212997                 0.036833611910314354               
0.025119831118623162               30.389155167530028                 0.0371151291436837                 
0.025268467253723528               29.39461942272932                  0.036122640088278556               
0.025417103354862348               28.480078270339963                 0.035051561138455437               
0.02556573942183986                27.551868670044108                 0.034923856802174774               
0.02571437545445632                26.64806882229061                  0.03352512697941551                
0.025863011452511953               25.8437301045024                   0.033941034881924965               
0.026011647415807016               24.939620659328707                 0.032712911200278444               
0.02616028334414174                24.178151894608384                 0.03218816132403803                
0.026308919237316375               23.37483280853666                  0.0316068092310294                 
0.026457555095131157               22.612534824486893                 0.031025339067265765               
0.026606190917386335               21.831601574631748                 0.030647704735590194               
0.026754826703882146               21.198986572325104                 0.029649831245662735               
0.026903462454418846               20.532461234703586                 0.02929361256854826                
0.027052098168796664               19.759656818605016                 0.028983075567493632               
0.027200733846815844               19.120809643265105                 0.028086663380504664               
0.027349369488276647               18.47705901091557                  0.027752687434031083               
0.0274980050929793                 17.875910384438516                 0.027174412791471512               
0.027646640660724066               17.256408614081863                 0.026614007898522994               
0.02779527619131117                16.681831721820775                 0.026318880654271678               
0.027943911684540874               16.171389299700717                 0.025616935533961407               
0.02809254714021341                15.6025101314604                   0.025162328001208167               
0.02824118255812904                15.057895239433934                 0.024688126364075278               
0.028389817938087997               14.519578965636967                 0.024197147514089978               
0.028538453279890536               14.05899629127793                  0.023780455244537476               
0.0286870885833369                 13.57392283354823                  0.023308342228025684               
0.02883572384822734                13.117066584421746                 0.02272949716903743                
0.028984359074362098               12.678679382202777                 0.022639668694569973               
0.029132994261541426               12.240887840260921                 0.021863678850476506               
0.029281629409565572               11.833620139656349                 0.021682099125460323               
0.029430264518234783               11.382143076153357                 0.021212096713535515               
0.029578899587349307               11.064580366496086                 0.02076143786163176                
0.029727534616709395               10.608346324288421                 0.02041569640639862                
0.029876169606115298               10.286603775318257                 0.019909945195341283               
0.030024804555367265               9.943380890988566                  0.019586719308429406               
0.03017343946426554                9.625929545457463                  0.019317962348161848               
0.030322074332610385               9.315640570432215                  0.0189811783686147                 
0.03047070916020204                8.994758701687626                  0.018474404716688566               
0.030619343946840766               8.733920967603071                  0.018258540663626584               
0.03076797869232679                8.403496600470017                  0.017804417815058166               
0.030916613396460405               8.145711339709845                  0.017717364649503152               
0.031065248059041834               7.8342255135398755                 0.017080884607917304               
0.031213882679871328               7.561828232182239                  0.016939067654734085               
0.031362517258749154               7.3680819046183865                 0.0165649340140391                 
0.031511151795475555               7.136741577874763                  0.016302813324124303               
0.031659786289850785               6.906602947991238                  0.016103245468932898               
0.03180842074167511                6.690858869622977                  0.015641004136054435               
0.03195705515074876                6.5104512701960955                 0.015535105779826391               
0.03210568951687201                6.271636171585065                  0.015221207374423616               
0.032254323839845105               6.101274088362039                  0.014944500192982666               
0.03240295811946831                5.881572573287968                  0.014706505296879653               
0.032551592355541864               5.755272863235193                  0.014360028201756676               
0.032700226547866036               5.574615053553259                  0.014325802519033688               
0.03284886069624108                5.391227168741784                  0.013945166056558692               
0.03299749480046724                5.239045150621755                  0.01374693980456232                
0.033146128860344785               5.080539283189295                  0.013507105379431025               
0.033294762875673976               4.943752339736632                  0.01325021879074658                
0.03344339684625505                4.839811200063248                  0.013287562772035818               
0.0335920307718883                 4.710096582465353                  0.012862444691213209               
0.03374066465237394                4.582660022443437                  0.012757153438709734               
0.03388929848751226                4.456919495544128                  0.012532546172618427               
0.034037932277103514               4.379712142706721                  0.012450858170418693               
0.03418656602094795                4.257109593775424                  0.012322945727304784               
0.034335199718845834               4.161828497719498                  0.012335798248968662               
0.034483833370597426               4.0714434416470215                 0.01235672802472031                
0.03463246697600298                4.001936465545444                  0.012272299502739496               
0.03478110053486277                3.8937618228254536                 0.012227617346816527               
0.034929734046977044               3.827477329343431                  0.012101428488668848               
0.03507836751214607                3.7649629226446533                 0.01167330757880372                
0.0352270009301701                 3.6750552353023966                 0.011625091264194231               
0.03537563430084941                3.632920265465749                  0.011402760670626599               
0.03552426762398426                3.556736107986237                  0.011314110857124457               
0.035672900899374894               3.5055885010436008                 0.011133172972291548               
0.0358215341268216                 3.4426179003365855                 0.010978514875586638               
0.03597016730612462                3.3879211325059386                 0.011017702524501679               
0.036118800437084236               3.3487408107849843                 0.010723178993632121               
0.036267433519500715               3.298322044779032                  0.010740131037320837               
0.036416066553174295               3.2708903627715133                 0.010580863206356969               
0.036564699537905254               3.2268340910116895                 0.010548758743013245               
0.03671333247349387                3.1768327218205656                 0.010466712887070921               
0.036861965359740394               3.1402219050406517                 0.010307172791584617               
0.037010598196445095               3.1182697795444754                 0.010292776947543216               
0.037159230983408245               3.07452367926898                   0.010214928130042935               
0.03730786372043011                3.039510181433936                  0.010140549277894593               
0.03745649640731094                3.0125950824992422                 0.010048070116430134               
0.037605129043851035               3.004148641802875                  0.009956413099992845               
0.03775376162985063                2.9765779730410475                 0.009998260293432565               
0.03790239416511001                2.9278039826520383                 0.00984426415318913                
0.03805102664942944                2.9207095641872414                 0.009847556522332549               
0.038199659082609194               2.903104632007431                  0.00976751284983601                
0.038348291464449534               2.876781209371183                  0.009693442577088507               
0.03849692379475074                2.8600536838778607                 0.009734720807797527               
0.03864555607331307                2.8485670388009114                 0.009631125057010284               
0.0387941882999368                 2.8228489346671957                 0.009582698492524555               
0.03894282047442221                2.8122772610110394                 0.009469376422868662               
0.03909145259656955                2.7944765367830615                 0.009558641117332393               
0.03924008466617912                2.7851878272695023                 0.00943302613550483                
0.03938871668305117                2.771861469237072                  0.009350214103094594               
0.03953734864698598                2.751715609190895                  0.009325331674779386               
0.03968598055778383                2.7553901241398884                 0.009276987152810504               
0.03983461241524497                2.7262203777668366                 0.009277474915127716               
0.0399832442191697                 2.718484506974687                  0.009179041963486484               
0.040131875969358285               2.7176895368437792                 0.009125056965432315               
0.040280507665611                  2.732558738598894                  0.009207217190861252               
0.040429139307728124               2.6998298146783415                 0.009099366786189252               
0.04057777089550993                2.6838551550786107                 0.00913362110719573                
0.040726402428756685               2.679017089042374                  0.008983164713191452               
0.04087503390726868                2.658286364406681                  0.009055052231375961               
0.04102366533084617                2.649644948312053                  0.009018712550345217               
0.041172296699289464               2.6316886848799235                 0.008916010984633975               
0.04132092801239882                2.6180485344583158                 0.008951966687477619               
0.04146955926997452                2.6174940328831653                 0.008891937567884442               
0.04161819047181683                2.608389916532929                  0.00891847148840836                
0.041766821617726047               2.5982112532303905                 0.008896836027620132               
0.041915452707502444               2.5801005193065083                 0.00878291696756052                
0.042064083740946306               2.5713424026636154                 0.00879257151123478                
0.0422127147178579                 2.5745122201447903                 0.008773404699863069               
0.04236134563803752                2.553614857058082                  0.008737727433190082               
0.042509976501285435               2.554937903292036                  0.008920217916124702               
0.04265860730740194                2.5153038249924395                 0.00888960897843251                
0.042807238056187316               2.537697980457414                  0.009058413390497079               
0.04295586874744183                2.5112908379395105                 0.009020241056239484               
0.043104499380965784               2.500470150149662                  0.009046501920186061               
0.04325312995655945                2.4872057184553835                 0.008995039626245357               
0.04340176047402311                2.4815267102272203                 0.009081802494262773               
0.04355039093315706                2.4782636237062627                 0.009066460823676186               
0.043699021333761565               2.4405630252073287                 0.008974113875402433               
0.04384765167563693                2.433238936297498                  0.009039877914461616               
0.04399628195858344                2.4181691466361377                 0.00891912655954656                
0.044144912182401366               2.4104710542939554                 0.009002194667022368               
0.04429354234689099                2.382070347242948                  0.008916422713367097               
0.044442172451852634               2.3830916452475748                 0.00890447720759879                
0.04459080249708656                2.3662737163268592                 0.008891431523889019               
0.044739432482393045               2.332778610598313                  0.008823694636524392               
0.044888062407572406               2.3180592539061218                 0.008907512469850408               
0.04503669227242491                2.3093908507803764                 0.008743115019901696               
0.04518532207675085                2.2941914549898432                 0.008856825874090887               
0.04533395182035053                2.2805666377037026                 0.00877927085181034                
0.04548258150302422                2.2605602365903144                 0.008768384375503991               
0.04563121112457223                2.241587135998088                  0.00882063559388323                
0.045779840684794834               2.2274113077067166                 0.008662708554031215               
0.045928470183492345               2.2020727171944334                 0.00873783343568823                
0.04607709962046502                2.1935189570007143                 0.00870677141747577                
0.046225728995513186               2.151159444438309                  0.008603811851458056               
0.046374358308437114               2.1461051208046733                 0.008612161875932714               
0.04652298755903712                2.1264334138273746                 0.008508797373932769               
0.046671616747113474               2.1089991419825864                 0.008607084392922503               
0.046820245872466484               2.0839334829364295                 0.008432279706572869               
0.04696887493489644                2.082466126262864                  0.008451773102280406               
0.04711750393420365                2.039346428784158                  0.008372756730255835               
0.047266132870188396               2.01822576037242                   0.008232994064578376               
0.04741476174265097                2.0151007060734454                 0.008313953759411742               
0.047563390551391686               1.9903264249457524                 0.008163110678906968               
0.04771201929621082                1.9592453210548744                 0.008137357985762313               
0.047860647976908685               1.9436124451108507                 0.008117645163994677               
0.04800927659328559                1.911545663071857                  0.007946308844699783               
0.048157905145141816               1.8879104205812496                 0.008000482345898246               
0.04830653363227766                1.870007555118251                  0.007847413659249382               
0.04845516205449344                1.8475679528252364                 0.007906209326575764               
0.04860379041158943                1.8096395227266917                 0.00783702216248605                
0.04875241870336596                1.798848188028615                  0.007688789738445452               
0.04890104692962332                1.7780476482250809                 0.007731665110186043               
0.04904967509016181                1.7557368433471707                 0.007615592592381472               
0.04919830318478172                1.7388922230545552                 0.007658089231490371               
0.049346931213283374               1.6963677306373768                 0.007508919238214136               
0.049495559175467066               1.686205388895127                  0.007463277929021063               
0.0496441870711331                 1.6525369199156967                 0.007422804063800134               
0.049792814900081785               1.6303937024495616                 0.007319945973184257               
0.04994144266211342                1.6106845122749147                 0.0073511227686016995              
0.05009007035702831                1.5699558970513188                 0.00716106304078735                
0.05023869798462676                1.5585529086299343                 0.00718631680825584                
0.050387325544709094               1.5398078626140757                 0.007172611586583406               
0.050535953037075594               1.5200362204123983                 0.007078746756013774               
0.050684580461526595               1.4894016353226507                 0.0070142516120035615              
0.05083320781786236                1.4616826799986922                 0.00689572698528814                
0.05098183510588326                1.4290287011699037                 0.006888345322824322               
0.05113046232538955                1.4118288758956152                 0.00680125054676368                
0.05127908947618157                1.3846487923426058                 0.00675269739352844                
0.05142771655805962                1.3692310102147904                 0.006725343313614456               
0.05157634357082401                1.3486417470412613                 0.006617033799146657               
0.05172497051427505                1.3181986335891536                 0.006619268188720138               
0.051873597388213066               1.2967368508826569                 0.0064527049770839815              
0.05202222419243834                1.285041191933122                  0.00646893825398546                
0.05217085092675122                1.2676654289549252                 0.006457854196510207               
0.052319477590952006               1.2226810594373527                 0.006310028876306954               
0.05246810418484102                1.2253806645440182                 0.006313795441492391               
0.05261673070821854                1.187817093994362                  0.006194365829864288               
0.052765357160884915               1.1689886818354323                 0.006154362320044028               
0.052913983542640465               1.1523209539161834                 0.006119591962101596               
0.05306260985328549                1.1301013947683447                 0.00608496692865518                
0.05321123609262031                1.111668179845315                  0.00599554345018011                
0.053359862260445236               1.093233775298363                  0.00591889114498133                
0.05350848835656059                1.0723847160556035                 0.005897567490030904               
0.05365711438076671                1.0603881717296524                 0.00583221003470068                
0.05380574033286389                1.0452353348265997                 0.005804892508854776               
0.05395436621265246                1.0124011860413262                 0.0057101289110337095              
0.054102992019932725               0.9967489245537604                 0.005660149343756805               
0.05425161775450505                0.9748924657567644                 0.005623111225876965               
0.0544002434161697                 0.9543457499159099                 0.005470489963886351               
0.054548869004727024               0.939738867946806                  0.0054986525699710015              
0.054697494519977345               0.9271222644553428                 0.005464353748364819               
0.054846119961720986               0.9154522413882854                 0.005410912745738373               
0.05499474532975826                0.8946433308907431                 0.005359740768048856               
0.055143370623889514               0.8718929129490991                 0.005218670654440868               
0.05529199584391504                0.8676720895073369                 0.005280973178758156               
0.05544062098963519                0.8448387748130798                 0.005162215374354704               
0.055589246060850264               0.8270420288321779                 0.005137898175649419               
0.05573787105736062                0.813250164512824                  0.005077263305085377               
0.05588649597896656                0.7972855371378715                 0.004997697810775284               
0.056035120825468424               0.7858510843588368                 0.005010810912790344               
0.05618374559666653                0.7575632577089167                 0.004871613154923905               
0.056332370292361225               0.7613522760030182                 0.004915019817160759               
0.05648099491235282                0.7421225558088538                 0.004824065561909793               
0.05662961945644166                0.7337656730671606                 0.0048038641123400085              
0.05677824392442804                0.7204620267759498                 0.0047883123864961305              
0.056926868316112336               0.7035122864815081                 0.004662908972108523               
0.057075492631294855               0.6959324589803655                 0.0046783855711122245              
0.05722411686977594                0.67930787951357                   0.004595270903213678               
0.05737274103135591                0.6729412086866466                 0.004602713084379526               
0.057521365115835124               0.6522257117608823                 0.0045158630549926165              
0.05766998912301387                0.6534570968847897                 0.004496134344458248               
0.057818613052692536               0.6413310100545354                 0.004499931427301099               
0.05796723690467142                0.6355544658161838                 0.004412934280103186               
0.05811586067875089                0.6183342109192529                 0.004396975532176523               
0.05826448437473124                0.6111704491943522                 0.004352421192714261               
0.05841310799241284                0.6063117141599187                 0.004316397285550904               
0.05856173153159601                0.5838321595589446                 0.004278795208679208               
0.05871035499208109                0.5844306492415394                 0.004225695529336503               
0.058858978373668436               0.5823224747627631                 0.004252568668611464               
0.05900760167615837                0.5719655625618247                 0.004180391528435873               
0.059156224899351226               0.5662360945903492                 0.004167332726420955               
0.059304848043047365               0.5458633521872877                 0.004121278905866031               
0.05945347110704712                0.5501407882312466                 0.004094030241363075               
0.05960209409115083                0.5379883253568591                 0.00406983390653704                
0.05975071699515884                0.5329100994186151                 0.004027501231235194               
0.0598993398188715                 0.5225414472672362                 0.004012906490505542               
0.060047962562089136               0.5194474317547476                 0.003972546111537733               
0.06019658522461209                0.5110961505316121                 0.003938623442587183               
0.06034520780624073                0.5017459733797975                 0.003926606670374439               
0.06049383030677538                0.5029619308794776                 0.004010753571873443               
0.0606424527260164                 0.500108443842924                  0.004060424100542745               
0.060791075063764154               0.49526539955442944                0.004061599598316915               
0.06093969731981895                0.4821421695513267                 0.004032580427962476               
0.06108831949398115                0.48693270911140857                0.0041112233389395845              
0.0612369415860511                 0.46679725688557366                0.004016658623845273               
0.06138556359582917                0.4642979051454417                 0.004058603943222488               
0.061534185523115695               0.47259235696426916                0.004081205829381758               
0.061682807367711034               0.45617679782298487                0.0040589558247344                 
0.061831429129415506               0.4597317064382419                 0.004093179868411099               
0.061980050808029506               0.4623225632012025                 0.0040931135262394025              
0.06212867240335336                0.4646598330967906                 0.004157707308545637               
0.06227729391518745                0.4490505227769637                 0.004054559949490181               
0.06242591534333208                0.44371217928199475                0.004125458376426471               
0.06257453668758765                0.44551883988501                   0.004097342129453668               
0.06272315794775449                0.4398272389962511                 0.004063947141332663               
0.06287177912363298                0.43231344427566104                0.004081881396728771               
0.06302040021502343                0.42719279977715896                0.004050358215070939               
0.06316902122172624                0.4323686774594253                 0.004111833964530758               
0.06331764214354177                0.4379238432482791                 0.003985905211077871               
0.06346626298027035                0.4338434979462589                 0.003951714083447289               
0.06361488373171235                0.4286708020207141                 0.00389122299408218                
0.06376350439766815                0.42274857127297516                0.003841105979638242               
0.06391212497793805                0.42383329743149023                0.003835634718615399               
0.06406074547232249                0.42104031145768706                0.003772393136685813               
0.06420936588062177                0.4247489068640944                 0.003805010169504986               
0.0643579862026363                 0.4244676847314197                 0.003781758837268528               
0.06450660643816641                0.4216358891018091                 0.0037514702941868023              
0.06465522658701248                0.4221636801413827                 0.0037655680806548434              
0.06480384664897484                0.413069720659763                  0.0036959386768750757              
0.06495246662385391                0.41123655894917394                0.003701080916803384               
0.06510108651145002                0.4103118784352013                 0.003662914950475062               
0.06524970631156356                0.4104832081169302                 0.0036618189529799144              
0.06539832602399485                0.4181944240999927                 0.0037054816211630295              
0.0655469456485443                 0.40701020218886286                0.003648152216774372               
0.06569556518501228                0.41177673128199116                0.0036620102725714657              
0.06584418463319913                0.40965544445198937                0.003617910183348758               
0.06599280399290525                0.41004696704356114                0.0036178424070440647              
0.06614142326393099                0.4132344281068703                 0.003646391166764522               
0.06629004244607672                0.4070678011482126                 0.0036172731133633615              
0.06643866153914282                0.4056262420353621                 0.0036054597690148814              
0.06658728054292967                0.4066370568149553                 0.003551991121317965               
0.06673589945723764                0.4060148735212992                 0.0036018069221751296              
0.06688451828186709                0.4044470878835439                 0.0035824056044883794              
0.06703313701661841                0.4014839445167742                 0.0035500372505698863              
0.06718175566129193                0.4061871679616856                 0.0035812792267474374              
0.0673303742156881                 0.4010915231082297                 0.003550038589124873               
0.06747899267960726                0.4042111858742091                 0.003558605199322314               
0.06762761105284978                0.3990716963335036                 0.0035069761441133794              
0.06777622933521604                0.39177997454986496                0.0035051682058052478              
0.06792484752650643                0.3942274292507964                 0.0034906524217647424              
0.0680734656265213                 0.3961827396674905                 0.0035162455720885956              
0.0682220836350611                 0.4013059461311081                 0.00352185394450452                
0.06837070155192615                0.39879967235916997                0.003485792723467254               
0.06851931937691683                0.3970196215679565                 0.003499634567557913               
0.06866793710983354                0.3954830597218876                 0.003482844241666542               
0.06881655475047667                5.473209509658845                  0.012975192874632994               
0.06896517229864657                0.3933204953176133                 0.0034766306762725554              
0.06911378975414369                0.3934038877023634                 0.003447464493127171               
0.06926240711676834                0.3926493502326231                 0.003467043297679207               
0.06941102438632095                0.3889424348693104                 0.0034166428532419273              
0.06955964156260189                0.38453967374139536                0.003427792652669814               
0.06970825864541157                0.38657046563012426                0.0034030356067010423              
0.06985687563455034                0.38552070525672                   0.0034111534122787867              
0.07000549252981861                0.3856121419260637                 0.003403579083342479               
0.07015410933101678                0.3863235230949052                 0.0033784204481407737              
0.07030272603794524                0.38305425911228647                0.00339544948307528                
0.07045134265040434                0.37739294787077315                0.0033468449890103067              
0.07059995916819455                0.3838498001296519                 0.0033878919287329452              
0.07074857559111615                0.3795374148931398                 0.0033625587516389207              
0.07089719191896963                0.37627484986218096                0.0033144572926103733              
0.07104580815155535                0.3729246709810722                 0.003340889365380536               
0.07119442428867372                0.36931133844029895                0.0032881302605628714              
0.07134304033012509                0.3750695028797917                 0.003324279650046311               
0.0714916562757099                 0.37099524112322596                0.003313778635399413               
0.07164027212522854                0.36719316958417897                0.0032668121165567074              
0.0717888878784814                 0.3625801827722927                 0.003285071042358157               
0.07193750353526884                0.36389095605721833                0.003249155906309031               
0.07208611909539134                0.36625083006942943                0.003275978053146886               
0.07223473455864923                0.36506020250322446                0.0032721420245880066              
0.07238334992484297                0.3573606932249304                 0.003243377044212221               
0.07253196519377289                0.355433352891847                  0.0032480328827374358              
0.07268058036523947                0.3554539889636016                 0.003189756745761039               
0.07282919543904304                0.34655747760353156                0.003180899255616667               
0.07297781041498405                0.35382718915314954                0.003211174990873218               
0.07312642529286288                0.3440903806916267                 0.0031623870396487856              
0.07327504007247997                0.346212368604211                  0.00317212459197453                
0.07342365475363567                0.34447197778484684                0.003138704979450691               
0.07357226933613044                0.345908439042028                  0.0031736054786391113              
0.07372088381976465                0.3418436515194099                 0.003137897477620582               
0.07386949820433873                0.33510462689343457                0.0030971170221006004              
0.07401811248965308                0.33263944103843984                0.0030734144750241828              
0.07416672667550812                0.32908588266893246                0.0030732881636937595              
0.07431534076170422                0.3267081422294843                 0.003071781071252158               
0.07446395474804186                0.32282883617621083                0.003011835207273209               
0.07461256863432139                0.320210494204943                  0.0030061743941153544              
0.07476118242034327                0.31924624509145355                0.002985957936687473               
0.07490979610590787                0.3227746655702076                 0.003012903687871832               
0.07505840969081562                0.31763167553891875                0.002987498742336449               
0.07520702317486694                0.31273699730730925                0.0029464182007066992              
0.07535563655786226                0.30784736896657067                0.0029207740595907027              
0.07550424983960197                0.30994789922863913                0.0029244272207113757              
0.0756528630198865                 0.3042693002151527                 0.0029087726659177715              
0.07580147609851624                0.29520613880030566                0.0028455008144132182              
0.07595008907529169                0.3021402501279467                 0.0028750498908695424              
0.07609870195001317                0.3009085759143058                 0.002882710420819057               
0.07624731472248115                0.2971629129120411                 0.0028416157814996745              
0.07639592739249607                0.2861720582011554                 0.0027944837790559855              
0.07654453995985831                0.2893917198073217                 0.0027994873914652316              
0.0766931524243683                 0.28350553902890346                0.0027732091505055165              
0.07684176478582651                0.28810623260771034                0.002808688038762653               
0.07699037704403329                0.2857455376332408                 0.002778290638662305               
0.07713898919878912                0.2773010560702093                 0.0027450168775038208              
0.0772876012498944                 0.2772438083666275                 0.002720692855609371               
0.07743621319714959                0.2758658387130048                 0.0027402238837882626              
0.07758482504035506                0.26982429410689357                0.0027043345546091334              
0.0777334367793113                 0.26970954458658164                0.0026857053508605845              
0.0778820484138187                 0.2590865820665319                 0.0026466357690415844              
0.0780306599436777                 0.2588760159307991                 0.0026290298241038595              
0.07817927136868873                0.25857693954858935                0.00264737585484277                
0.07832788268865222                0.25951144754774685                0.002628983633933159               
0.07847649390336861                0.25376742269313685                0.002596502302421879               
0.07862510501263834                0.24947701959331564                0.0025992830958499326              
0.07877371601626182                0.24810503890086302                0.0025641962828978114              
0.0789223269140395                 0.247495502257422                  0.0025716681286055035              
0.07907093770577181                0.2422997334791228                 0.002531935376510397               
0.0792195483912592                 0.23807747095285972                0.002510812612927113               
0.07936815897030208                0.2365980509663824                 0.0025207118817090553              
0.07951676944270093                0.2272314088806292                 0.0024439136800232814              
0.07966537980825614                0.23324593240277253                0.002487258067234353               
0.07981399006676818                0.2313637382152034                 0.002467046701432901               
0.07996260021803749                0.22300336441797095                0.00243505118033128                
0.0801112102618645                 0.22536859431642725                0.0024428854376424337              
0.08025982019804966                0.22187501276242308                0.002403182068718731               
0.0804084300263934                 0.21686231165115513                0.0023973299288103183              
0.08055703974669619                0.21795384124522435                0.002384752357424787               
0.08070564935875844                0.2151380791033781                 0.0023848355879503734              
0.08085425886238064                0.2146833449894399                 0.002364876122517191               
0.0810028682573632                 0.21176587963078194                0.0023487534161529965              
0.08115147754350657                0.2115722532397514                 0.002360145335692914               
0.08130008672061122                0.20856142119877857                0.0023328084034534664              
0.08144869578847758                0.20463812643460838                0.0023098266427846966              
0.0815973047469061                 0.19978144227697595                0.0022767208327822063              
0.08174591359569723                0.19996898010897923                0.0022787100613445637              
0.08189452233465144                0.19964388757069174                0.0022833225891995892              
0.08204313096356916                0.19487186360362516                0.002244954328460731               
0.08219173948225086                0.19665192755532812                0.0022615624704454417              
0.08234034789049698                0.18974833798648771                0.00220727152852274                
0.08248895618810799                0.19189430952167252                0.0022322348136871724              
0.08263756437488433                0.19063121565154809                0.0022203979197042653              
0.08278617245062646                0.18977706054116977                0.0022065608387522783              
0.08293478041513484                0.18322463156214588                0.0021750891081502933              
0.08308338826820992                0.1847300806784396                 0.0021726937123202773              
0.08323199600965217                0.18425783398788484                0.0021812153278209464              
0.08338060363926207                0.1809484474045743                 0.0021503421304070233              
0.08352921115684006                0.18100917583783954                0.002149849720575822               
0.08367781856218658                0.17389951011158297                0.002120725733068085               
0.08382642585510211                0.1734509480202456                 0.0021086800107393455              
0.08397503303538713                0.17338138464171413                0.0020982426511820104              
0.08412364010284208                0.17417889601628717                0.0020939864557785568              
0.08427224705726745                0.17396723968815464                0.002105949552503548               
0.08442085389846368                0.16844756469727923                0.0020739175875229237              
0.08456946062623125                0.16829604860582031                0.0020697004634776884              
0.08471806724037062                0.16286626877183877                0.0020320218838475565              
0.08486667374068227                0.16345560511505136                0.0020285098285117943              
0.08501528012696667                0.16435992415682407                0.0020477907264880293              
0.08516388639902428                0.16430348394252692                0.0020313815448326465              
0.08531249255665557                0.16398731145065634                0.0020326055634777456              
0.08546109859966101                0.1602315981196634                 0.002013144063175134               
0.08560970452784111                0.1619817245291698                 0.002007592312754511               
0.08575831034099632                0.16299598599441095                0.0020336403174063666              
0.08590691603892707                0.15896722138604918                0.0019911388842454264              
0.0860555216214339                 0.15830193702696813                0.0019939422485077078              
0.08620412708831726                0.15358316969543337                0.0019670760345259523              
0.08635273243937762                0.15515952037216843                0.001970210129051088               
0.08650133767441548                0.15891517283254444                0.0019923632949244456              
0.08664994279323132                0.15338861313752464                0.00194835161049148                
0.08679854779562558                0.15082817820421796                0.0019379996691391646              
0.08694715268139878                0.14932450513951584                0.0019419012651137142              
0.08709575745035139                0.1505678048252555                 0.00193035647211866                
0.0872443621022839                 0.1519087189354394                 0.0019411768808275626              
0.08739296663699678                0.150378932243047                  0.0019306342185069236              
0.08754157105429052                0.14644632799881124                0.0019030240862380934              
0.08769017535396562                0.14754786970636394                0.0019145921807361855              
0.08783877953582254                0.14640320145872115                0.0018925823312541383              
0.0879873835996618                 0.14848634777891564                0.0019191908706140965              
0.08813598754528384                0.14799931295481217                0.0019079618802958817              
0.08828459137248919                0.14877166122782484                0.001918078152894926               
0.08843319508107834                0.14485150578710376                0.0018890104097187344              
0.08858179867085175                0.144898445602926                  0.0018792640122160715              
0.08873040214160996                0.1465189120068235                 0.0019020411745110666              
0.08887900549315342                0.1448016704949499                 0.0018814934284259951              
0.08902760872528265                0.14337066801886572                0.0018728866792576053              
0.08917621183779811                0.14333107174866608                0.0018747704109734712              
0.08932481483050034                0.13940659264594313                0.0018384397010675125              
0.08947341770318981                0.14280327327172196                0.001865633851184852               
0.08962202045566703                0.14283860049491573                0.0018665733134046922              
0.08977062308773248                0.14357051086210354                0.0018713504107199968              
0.08991922559918666                0.1438197358895955                 0.0018673164181306457              
0.0900678279898301                 0.1411613442297483                 0.001854178739102741               
0.09021643025946328                0.14041188295368887                0.0018402115949777875              
0.09036503240788671                0.1428693200693766                 0.0018576402111815978              
0.09051363443490087                0.1408520309725075                 0.001841714480934457               
0.09066223634030629                0.1400677012173932                 0.0018490886342549776              
0.09081083812390348                0.13758583631371132                0.0018284740263261536              
0.09095943978549291                0.1414306273999014                 0.0018386229777764653              
0.09110804132487513                0.1383942745199089                 0.0018276342117556656              
0.09125664274185061                0.1380943692007533                 0.0018154602983475694              
0.09140524403621988                0.13775315285115317                0.0018268299370189905              
0.09155384520778345                0.14000558141937924                0.001830021059023616               
0.09170244625634183                0.14034885334612424                0.001825485506114836               
0.09185104718169552                0.13741443406744322                0.0018245855978915027              
0.09199964798364504                0.14207093656501368                0.0018407357343528088              
0.0921482486619909                 0.13799688647197889                0.0018168497704057157              
0.09229684921653362                0.13877367583376596                0.0018165587596556173              
0.09244544964707371                0.13973416040795547                0.0018255378455361954              
0.09259404995341172                0.13884774261883595                0.001827893619237444               
0.0927426501353481                 0.13727041590659958                0.0017987311940674945              
0.09289125019268343                0.13533019711352923                0.001791235682897849               
0.09303985012521819                0.13959732107390513                0.0018172483230750806              
0.09318844993275292                0.1350270265401711                 0.0017833218599414792              
0.09333704961508814                0.13858545350520077                0.0018241245407405835              
0.09348564917202434                0.13696895502923537                0.0017921672604522324              
0.09363424860336209                0.13585714464050946                0.0017894538258287434              
0.09378284790890191                0.13823317849751152                0.0018023942121170333              
0.0939314470884443                 0.13557349861476045                0.0017935136469297399              
0.09408004614178979                0.1340151725751819                 0.0017766334586683085              
0.0942286450687389                 0.13720092800212144                0.0017884788771682565              
0.09437724386909221                0.1337318554739439                 0.0017786699897219514              
0.09452584254265017                0.13413666025040863                0.0017741951142862798              
0.09467444108921338                0.13352328258962684                0.0017611592208647225              
0.09482303950858231                0.13348908106622878                0.001767331096566666               
0.09497163780055753                0.13224859836053188                0.0017533681405318882              
0.0951202359649396                 0.13183055352306627                0.0017633926276270544              
0.09526883400152898                0.13770214742482734                0.001785931443112212               
0.09541743191012625                0.13416734058974844                0.0017679634085039535              
0.09556602969053193                0.13375188241343602                0.0017658649155503645              
0.09571462734254658                0.13091927594950514                0.0017426496854335094              
0.09586322486597074                0.1320968998740578                 0.0017549079458479958              
0.09601182226060492                0.1359733849759337                 0.0017645493644892298              
0.09616041952624964                0.1309331968060533                 0.0017477968019930532              
0.09630901666270551                0.13368509372708343                0.0017577975010720328              
0.09645761366977304                0.1323296284552472                 0.0017507534107297424              
0.09660621054725275                0.1306487709848931                 0.0017339871772057431              
0.0967548072949452                 0.1335891274180041                 0.0017483930352188756              
0.09690340391265093                0.13039344144965315                0.0017423000993887256              
0.0970520004001705                 0.1293144292519673                 0.001725112695610858               
0.09720059675730447                0.131183229804304                  0.0017313487025692768              
0.09734919298385332                0.12873840504946693                0.0017151405033298856              
0.0974977890796177                 0.1303044801816554                 0.0017317070122162272              
0.09764638504439807                0.13070490303019258                0.0017381032618685617              
0.09779498087799501                0.12833082656412678                0.0017021740169547222              
0.09794357658020908                0.12782278121040375                0.0017114688847134183              
0.09809217215084083                0.12780229684827968                0.0017088984242397195              
0.09824076758969084                0.1258981751122538                 0.0016985373746456164              
0.09838936289655961                0.12653764862932607                0.001694413635656831               
0.09853795807124772                0.1262092830875498                 0.0016880503482067973              
0.09868655311355574                0.12647303277782895                0.0017018074137985088              
0.09883514802328423                0.12695811387276387                0.0016912721661639083              
0.09898374280023374                0.12495678035409213                0.0016927835213050683              
0.09913233744420481                0.12390141489348575                0.0016655462172429382              
0.09928093195499803                0.12202337082346348                0.00166392067851232                
0.09942952633241396                0.12081136838153916                0.0016615107221280702              
0.09957812057625312                0.12428682915293794                0.0016716335968794949              
0.09972671468631612                0.12301325648296933                0.001661886138031462               
0.09987530866240353                0.12569329868619475                0.0016775517246428878              
0.1000239025043159                 0.12154982628484945                0.0016577716656519515              
0.10017249621185377                0.12211042630301087                0.0016651077741614503              
0.10032108978481775                0.11917810139713082                0.0016239149796825661              
0.10046968322300841                0.11717501022002486                0.0016236765271081006              
0.10061827652622628                0.12168973205918833                0.0016449064773778966              
0.10076686969427194                0.11721232029106343                0.001624505482129989               
0.10091546272694601                0.11788790916011749                0.0016274727781543186              
0.101064055624049                  0.11600113623946937                0.0016015780204875184              
0.10121264838538155                0.11569964998178305                0.0016156899994487987              
0.1013612410107442                 0.11832355341142806                0.0016609370784893991              
0.10150983349993749                0.11593772509496723                0.0016709818455776667              
0.10165842585276207                0.1129422528161917                 0.0016548426451365164              
0.10180701806901846                0.11341917392896995                0.0016735483237377592              
0.10195561014850726                0.11264452348207982                0.0016907037255965564              
0.10210420209102905                0.11430270176570467                0.0016950949061674413              
0.10225279389638445                0.11475102254902096                0.0017064410315801967              
0.10240138556437398                0.11316548916039788                0.001712271744695143               
0.10254997709479825                0.11258299553716862                0.0017126975116807705              
0.10269856848745783                0.11321254533307865                0.0017394685416968515              
0.10284715974215335                0.10775537524997256                0.001676936054301454               
0.10299575085868538                0.10953136614646439                0.0017166744891998387              
0.10314434183685449                0.11122871683254248                0.0017284798133494952              
0.10329293267646124                0.10847172773748628                0.0017191765112997007              
0.1034415233773063                 0.10908589483340551                0.0017306502760385705              
0.10359011393919021                0.10974136833438064                0.0017284784604147192              
0.10373870436191358                0.10643710402479203                0.0017250496970707566              
0.10388729464527696                0.10471741363763479                0.001709572378775383               
0.10403588478908102                0.10307744266453812                0.0017005682218462388              
0.10418447479312629                0.10487716102370839                0.0016638786155901782              
0.10433306465721338                0.10424780399227665                0.0016454255289145782              
0.1044816543811429                 0.10417106747579792                0.0016421700550865229              
0.1046302439647155                 0.10396397685996447                0.0016210765712412194              
0.10477883340773168                0.10216893455581354                0.0015963896024345865              
0.10492742270999211                0.10173646175066596                0.001595485796271919               
0.10507601187129732                0.10150890059975134                0.0015893782716080891              
0.10522460089144804                0.09690104083824601                0.0015457247709622386              
0.10537318977024476                0.10231884811154629                0.0015841032770761367              
0.10552177850748812                0.1009880421893919                 0.0015683944756873873              
0.10567036710297875                0.09754627318510538                0.0015362094057676029              
0.10581895555651723                0.09835907507395386                0.0015484338851737658              
0.10596754386790419                0.09874763337447559                0.0015347107154008363              
0.10611613203694019                0.1011743172207353                 0.0015563437854426746              
0.10626472006342588                0.09871525184985921                0.001539609277625403               
0.10641330794716188                0.09795644492455016                0.0015262902121375912              
0.10656189568794881                0.09590809389977689                0.0015147369921944141              
0.10671048328558726                0.09655158049151054                0.0014993132175381825              
0.10685907073987783                0.09368022664146075                0.001491504022564844               
0.10700765805062118                0.09549505304907772                0.0014981574668350003              
0.1071562452176179                 0.09503240301064078                0.001490715823631389               
0.10730483224066863                0.0935423142057792                 0.0014773727419818568              
0.10745341911957391                0.09390797621265543                0.0014691065672081652              
0.1076020058541345                 0.09266822609337588                0.001472594779863102               
0.10775059244415094                0.09307234454281157                0.0014694005294425948              
0.10789917888942382                0.09093634968576939                0.0014436159948783055              
0.10804776518975381                0.08974550544560696                0.001443944011010943               
0.10819635134494156                0.09279090520551789                0.0014541242823437818              
0.10834493735478763                0.08931980589235239                0.00143895849060051                
0.10849352321909271                0.09326726419837364                0.0014532266107500553              
0.1086421089376574                 0.09049983265453021                0.0014375923067049443              
0.10879069451028231                0.08921015419388927                0.0014329215224854564              
0.1089392799367681                 0.08725100638623652                0.001405082848095887               
0.10908786521691538                0.09081187334174859                0.0014410952649945362              
0.1092364503505248                 0.08463323529743406                0.001370410251416305               
0.10938503533739702                0.08631174419369532                0.0014014527871161625              
0.10953362017733265                0.0873680340375552                 0.0014075150872688866              
0.1096822048701323                 0.08631550618987292                0.0013965520939078593              
0.10983078941559662                0.08651199015633644                0.0013986331577978167              
0.10997937381352627                0.0877890521308249                 0.0013971781586462585              
0.1101279580637219                 0.0825716379144229                 0.0013644943115834825              
0.11027654216598413                0.08902927476572949                0.001413875730541876               
0.11042512612011357                0.08566300972118887                0.0013725861046799907              
0.11057370992591092                0.08484010767734007                0.001373040188227138               
0.11072229358317678                0.084182512105637                  0.001357429369848705               
0.11087087709171187                0.08548474736845937                0.0013782485346640848              
0.11101946045131672                0.08323625255682446                0.001343394182312464               
0.11116804366179206                0.08701030425568887                0.0013781676141060946              
0.11131662672293854                0.0832211630408363                 0.0013473688721186371              
0.11146520963455678                0.08260978913931205                0.0013488323753394844              
0.11161379239644743                0.08111159627715539                0.0013673299131510385              
0.11176237500841117                0.08560668329136646                0.0014031997119185486              
0.11191095747024861                0.08466272209262063                0.0014163667398349536              
0.11205953978176046                0.0825519445047414                 0.0014095492261178872              
0.11220812194274735                0.0791160845123612                 0.0013768170999230596              
0.11235670395300991                0.08292715555716924                0.001423445520735427               
0.11250528581234887                0.08358204083811104                0.0014306876460430445              
0.1126538675205648                 0.08037378249864176                0.001418164595447844               
0.1128024490774584                 0.08285501138950851                0.0014410112014221796              
0.11295103048283038                0.08193264879960986                0.0014352078963816397              
0.11309961173648131                0.0783562054452571                 0.0014146392987012734              
0.11324819283821194                0.08060177102681368                0.0014279785989473924              
0.11339677378782287                0.07957150753294973                0.0014238741119680198              
0.11354535458511482                0.08043750936717435                0.0014259638875323173              
0.11369393522988842                0.07953687487146922                0.0014207544559482897              
0.11384251572194438                0.07964944149770316                0.0014234466709612261              
0.11399109606108329                0.08288821992701714                0.0014544031373878374              
0.11413967624710591                0.07939369759703714                0.0014222872088316834              
0.11428825627981287                0.08059005464745088                0.001428443709779025               
0.11443683615900485                0.0790629718418404                 0.0014330152450906341              
0.1145854158844825                 0.07846457391331016                0.0014184463284633464              
0.11473399545604654                0.0788443898816319                 0.0014241494202595817              
0.11488257487349764                0.077854822551506                  0.0014185937281383427              
0.11503115413663645                0.07861018464534562                0.0014180695652502885              
0.11517973324526365                0.08107009300814534                0.0014581801056214102              
0.11532831219917995                0.07959083043909514                0.001430878906155378               
0.11547689099818605                0.07968139511835898                0.0014444614414158361              
0.11562546964208253                0.07804709319656465                0.001424938449715548               
0.11577404813067017                0.07814732383764564                0.001422978838282409               
0.11592262646374966                0.07903565272290584                0.0014480641197739698              
0.11607120464112164                0.07840806167817373                0.0014202121916577924              
0.1162197826625868                 0.07622454385378309                0.0014174106441690669              
0.11636836052794586                0.07800570660490617                0.0014332892649870713              
0.11651693823699948                0.07780781675299643                0.0014279668668454144              
0.11666551578954835                0.07876822044656188                0.0014468114404568757              
0.11681409318539324                0.07874933388985497                0.0014261597546617781              
0.11696267042433472                0.07849097331154097                0.0014436685635249623              
0.11711124750617356                0.07957976281337216                0.0014536480462798791              
0.11725982443071048                0.07739665278451466                0.0014317990605207077              
0.1174084011977461                 0.07770576963558783                0.0014370258552673725              
0.11755697780708119                0.07761334728385794                0.001432624457770883               
0.11770555425851639                0.07943959804480806                0.0014584054038741885              
0.11785413055185245                0.08144971125445366                0.0014688146278114217              
0.11800270668689006                0.0767104321890229                 0.0014225162246636971              
0.11815128266342986                0.07789832813081121                0.001444792973883831               
0.11829985848127267                0.07802099958274795                0.001445329065310723               
0.11844843414021912                0.0765237682323323                 0.0014410259230169973              
0.11859700964006994                0.07597457183368021                0.0014174261743499547              
0.11874558498062582                0.07620469830645439                0.0014254455608258573              
0.1188941601616875                 0.07685836841335021                0.0014369188164721992              
0.11904273518305566                0.07554599960516496                0.001429985236729357               
0.11919131004453105                0.07594233540889017                0.0014331293717132047              
0.11933988474591431                0.07762290812766678                0.001437461261623459               
0.11948845928700624                0.0767268608972823                 0.0014405149256507294              
0.11963703366760754                0.07612645691705099                0.001431262008751919               
0.11978560788751887                0.07646023369823644                0.0014398294985236168              
0.11993418194654097                0.07796794192020486                0.0014490780783392825              
0.12008275584447463                0.07911973649554709                0.0014634248470526924              
0.1202313295811205                 0.07600208540101003                0.001437331440052397               
0.12037990315627929                0.07593800457053626                0.0014361195602485915              
0.12052847656975177                0.0782927360994903                 0.001456372766593392               
0.12067704982133863                0.07436969053113998                0.0014140666715504796              
0.12082562291084065                0.07695693807668036                0.001454349427227811               
0.12097419583805849                0.0796387377173412                 0.001477581005081893               
0.12112276860279289                0.07753314223399421                0.0014462521026036871              
0.12127134120484465                0.07735762664951608                0.0014544093682346097              
0.1214199136440144                 0.07617032330898704                0.0014358985350833773              
0.12156848592010293                0.07645970643697943                0.0014527562138092536              
0.12171705803291097                0.07535000354148534                0.0014293513746373595              
0.12186562998223927                0.07441502258818426                0.0014252717992324986              
0.12201420176788849                0.07617973092755662                0.0014532190093560922              
0.12216277338965947                0.0726003205107526                 0.001408984693855614               
0.12231134484735287                0.07569886818295272                0.0014480033623410257              
0.12245991614076948                0.07441477500616206                0.001415691845641572               
0.12260848726971                   0.0757544879942881                 0.0014485373637115055              
0.12275705823397523                0.0751084359461615                 0.0014435924115596013              
0.1229056290333658                 0.07403105600881439                0.0014234109736540421              
0.12305419966768259                0.07504386209173622                0.0014386359404722567              
0.12320277013672629                0.07483390839507806                0.0014317199627931845              
0.12335134044029764                0.07541408943199931                0.0014465310671917292              
0.12349991057819736                0.07150525578688252                0.0014115934630373947              
0.12364848055022623                0.07312582471253848                0.001412285076866481               
0.12379705035618503                0.07448575724781041                0.001442590821876475               
0.12394561999587449                0.07447979162965128                0.001426512321442337               
0.12409418946909531                0.07355209472562062                0.0014347702575608502              
0.12424275877564833                0.07614225582855766                0.0014454206186861563              
0.12439132791533426                0.07526610126218385                0.001442631331172867               
0.1245398968879539                 0.0723489175592939                 0.0014254733702153577              
0.12468846569330792                0.07400536531512626                0.0014292717169818695              
0.1248370343311972                 0.07405386735794889                0.0014415444843787698              
0.1249856028014224                 0.07067165050801315                0.0013913467606401014              
0.12513417110378433                0.07489702642205656                0.001444070631126683               
0.12528273923808372                0.07225757814111396                0.0014289533048514598              
0.1254313072041214                 0.07477054267284718                0.0014341870823035535              
0.1255798750016981                 0.07096670502270935                0.0014081138920500524              
0.12572844263061453                0.07230117439525727                0.0014182154488045658              
0.12587701009067154                0.07577447676051818                0.0014569320979424204              
0.1260255773816699                 0.07201851922106263                0.0014253410076780402              
0.1261741445034103                 0.07299258044344113                0.0014200783635380948              
0.12632271145569363                0.07049542771470879                0.0014101906206277558              
0.12647127823832058                0.07381216607674004                0.0014335838056084651              
0.12661984485109193                0.07172386925552493                0.0014211804928717026              
0.1267684112938085                 0.07210369658217462                0.001426189076528328               
0.12691697756627102                0.07028874387190523                0.0013971393015761915              
0.1270655436682803                 0.07070503207619767                0.0014073614420482892              
0.1272141095996371                 0.06938278568449766                0.0013857170659025307              
0.12736267536014226                0.07242111071337487                0.0014249609997935375              
0.12751124094959648                0.06871499803557903                0.001378441506898094               
0.12765980636780058                0.0702841313614817                 0.001396495970404677               
0.1278083716145554                 0.07049334574625336                0.0014034259359543702              
0.12795693668966165                0.06973378465784096                0.0013880290674329846              
0.12810550159292017                0.0685218568965606                 0.0013765071529460624              
0.1282540663241317                 0.06912080111916322                0.0013771925962419616              
0.12840263088309706                0.07207191864244056                0.0014202914314374324              
0.12855119526961703                0.0686439399364833                 0.001379516446444593               
0.12869975948349244                0.06837008708140581                0.001372627675004198               
0.12884832352452402                0.0682905905376703                 0.0013771511334641836              
0.1289968873925127                 0.06931952500606152                0.0013762437019884612              
0.1291454510872591                 0.07099356598439485                0.0014139451688702253              
0.12929401460856416                0.06815005115606282                0.0013704213879901055              
0.1294425779562286                 0.06922205058702538                0.0013925413107313414              
0.12959114113005324                0.06547031073789243                0.0013554610200921925              
0.12973970412983893                0.06705918583320322                0.0013553534625402959              
0.12988826695538638                0.06842427252367789                0.001386915180651472               
0.13003682960649648                0.06859884243954883                0.00137611139412208                
0.13018539208297003                0.06780670679308509                0.0013752453109206143              
0.13033395438460782                0.06672945097640211                0.0013672460365414519              
0.13048251651121062                0.06668506290229584                0.001362054696845105               
0.13063107846257932                0.06544101082999847                0.0013539841479749512              
0.13077964023851468                0.06633747127382006                0.0013538259443636746              
0.1309282018388175                 0.06477123083000187                0.0013505735244273376              
0.13107676326328868                0.06627663718627629                0.0013608276417150925              
0.13122532451172894                0.06296117871766892                0.0013217691220298758              
0.13137388558393917                0.06590632899873478                0.0013659526153162451              
0.13152244647972017                0.06528476973658548                0.0013407447333980234              
0.13167100719887273                0.06426443672108988                0.0013500217099818486              
0.13181956774119763                0.06593206819979834                0.0013531824041237697              
0.13196812810649583                0.06510713750825481                0.001351713369069113               
0.13211668829456807                0.0651700322075328                 0.0013577090043236                 
0.13226524830521522                0.06702720054368946                0.0013673326857887537              
0.13241380813823803                0.06454676686867941                0.0013476520822475833              
0.13256236779343739                0.06443295903840558                0.0013382934754460325              
0.1327109272706141                 0.06443472010311546                0.00134825455607295                
0.13285948656956903                0.0657337857679023                 0.0013623765418041666              
0.13300804569010294                0.062287287300507005               0.0013267638260504799              
0.13315660463201676                0.06407004989493734                0.0013397444909634057              
0.1333051633951113                 0.061525666000442146               0.001311731606555029               
0.1334537219791874                 0.06187013468117015                0.001320577213043976               
0.13360228038404576                0.06139105704333746                0.0013154555375622448              
0.13375083860948744                0.06289133575590632                0.0013285254872131675              
0.13389939665531317                0.06173957447596379                0.001323835433824647               
0.13404795452132376                0.06344977254521426                0.0013367477867493327              
0.13419651220732015                0.06319046376335899                0.0013375328205245877              
0.1343450697131031                 0.06132538172436824                0.0013107424940192877              
0.13449362703847348                0.06191666299605083                0.001323985261040492               
0.1346421841832322                 0.06395678821084638                0.0013426703489840732              
0.13479074114717998                0.06242479653561293                0.0013299946283859513              
0.13493929793011783                0.06303924537082357                0.0013412605398047568              
0.13508785453184646                0.06362799570675173                0.0013305008636476765              
0.13523641095216685                0.06320968753746027                0.001343670976799069               
0.13538496719087975                0.06237539662328023                0.0013271360983676647              
0.1355335232477861                 0.06180807312432905                0.0013292827218983434              
0.13568207912268665                0.06398271437606569                0.0013488740553891114              
0.13583063481538238                0.06387697781099316                0.0013359993514063001              
0.13597919032567404                0.05967285959044693                0.0013009301607418994              
0.1361277456533626                 0.06471820853945996                0.0013494679332429066              
0.13627630079824887                0.0606406023080705                 0.001310860929963028               
0.13642485576013377                0.062357111773289765               0.0013334035284517196              
0.13657341053881802                0.05924334365816096                0.0012968159318099651              
0.13672196513410265                0.059598328240257445               0.0013105657395032515              
0.13687051954578844                0.05902977142388831                0.00128599367845763                
0.13701907377367628                0.06349730164746896                0.0013461401026488287              
0.13716762781756708                0.06050624594040205                0.001308262268277864               
0.13731618167726167                0.060329770574710964               0.0013121370007728578              
0.13746473535256093                0.059500834177947146               0.0013071582819495454              
0.13761328884326574                0.06075170317405177                0.0013074712162275662              
0.13776184214917697                0.05949388428679805                0.0013041762416039879              
0.13791039527009552                0.06076133405398893                0.0013110225507218147              
0.1380589482058223                 0.06079978199241701                0.0013201755577263302              
0.1382075009561581                 0.06031970776429514                0.001313783870083377               
0.13835605352090388                0.06025246180424826                0.001305524403742183               
0.1385046058998605                 0.060157234944660354               0.0013196692421421174              
0.13865315809282888                0.05948037314580296                0.0012982773042845548              
0.13880171009960984                0.061146784312311235               0.0013175004526657734              
0.13895026192000431                0.06003787782332586                0.0013101339032852443              
0.1390988135538132                 0.05906074837113958                0.001296551867879089               
0.13924736500083743                0.05897082174727152                0.0013101392542483584              
0.13939591626087777                0.059069157127667964               0.0012886878907103743              
0.13954446733373518                0.060137745337921975               0.0013135648015047711              
0.13969301821921062                0.06125552985210381                0.0013198435406877095              
0.13984156891710492                0.060842093798100474               0.001318300295948914               
0.13999011942721898                0.05915532211413353                0.0013110067770095164              
0.14013866974935374                0.06228862632982451                0.0013279979754325523              
0.14028721988331003                0.05884155302231679                0.0013034129657226805              
0.14043576982888886                0.05976515514189524                0.001305426462361254               
0.14058431958589104                0.05830753742364653                0.001292853231832962               
0.14073286915411753                0.05635143719570713                0.0012738244601391158              
0.14088141853336925                0.05908112178589                   0.0012979377300548682              
0.14102996772344703                0.06188939811342136                0.001340363703904167               
0.14117851672415188                0.06061450275146552                0.0013158423411743704              
0.14132706553528462                0.05881502056650938                0.0012961643725769114              
0.14147561415664625                0.06033635453902005                0.0013163338236905837              
0.14162416258803764                0.059905687907703495               0.0013116286896849233              
0.1417727108292597                 0.059404681573725186               0.0013155642385515077              
0.14192125888011337                0.05974167381407981                0.0013005772670392534              
0.14206980674039957                0.06021086485152471                0.0013167333908781801              
0.1422183544099192                 0.05891032877654892                0.0013030197571619352              
0.14236690188847323                0.060405558331379436               0.001371437555156505               
0.14251544917586248                0.06119328577572554                0.0014064635009551712              
0.142663996271888                  0.05887403188207929                0.0013993847780691254              
0.14281254317635064                0.05931736913825065                0.001426954126649559               
0.14296108988905137                0.05853540231941958                0.001433675315347174               
0.1431096364097911                 0.058523331836141584               0.0014438107185058132              
0.14325818273837077                0.05925082790262213                0.0014608696679426888              
0.1434067288745913                 0.061540726738394634               0.0015127376690228951              
0.14355527481825364                0.05939876103832439                0.0015010028178054837              
0.1437038205691587                 0.05895619271537351                0.0015042978055193306              
0.14385236612710747                0.05805193580051642                0.0014998948005360533              
0.14400091149190083                0.06092949705849153                0.0015612686584635825              
0.14414945666333978                0.05974671781774553                0.0015567277921552335              
0.14429800164122517                0.05900380497110798                0.0015608598321832957              
0.14444654642535806                0.05803717492137139                0.0015450507786062913              
0.14459509101553933                0.06021533981669099                0.0015901297608602518              
0.1447436354115699                 0.05883261604233359                0.0015959101311522016              
0.14489217961325077                0.057774423990729344               0.001594421937775326               
0.1450407236203829                 0.05774750726965129                0.0015973329425478125              
0.14518926743276714                0.05874848842661745                0.0016133364089163632              
0.14533781105020457                0.059900778706109825               0.001662628122106031               
0.14548635447249608                0.05807289734018032                0.0016347216586727218              
0.14563489769944266                0.059473402967722                  0.0016748088438418337              
0.1457834407308452                 0.06310691270041645                0.001723949481238985               
0.14593198356650475                0.05985332329838956                0.0016976677745591993              
0.1460805262062222                 0.05812677880726036                0.0016986261627389926              
0.1462290686497985                 0.05752360387930431                0.0016846000597438907              
0.1463776108970347                 0.056642164393427646               0.001687243959917153               
0.14652615294773166                0.05774796962117346                0.001703635593205565               
0.14667469480169043                0.06067213883862305                0.001768483750537736               
0.14682323645871195                0.0590762730573243                 0.0017620974940670724              
0.14697177791859717                0.0551568521520245                 0.001695729747200015               
0.1471203191811471                 0.059668298353062824               0.001788529346205229               
0.14726886024616265                0.06104032739147383                0.0018150372890919518              
0.14741740111344484                0.059064005323499605               0.0018098729561033197              
0.14756594178279467                0.05791053864811759                0.0017905718898310336              
0.14771448225401304                0.058138259715869306               0.0018177083858372824              
0.147863022526901                  0.06064844435254484                0.0018833467518844943              
0.14801156260125947                0.06106482538134346                0.0018711832260873281              
0.1481601024768895                 0.05805533058103103                0.0018630842198820836              
0.14830864215359202                0.05667458561004959                0.0018272619776028211              
0.148457181631168                  0.060267070232087744               0.0019125176655673398              
0.1486057209094185                 0.05548144749342877                0.001859742345319141               
0.14875425998814445                0.060746054094506216               0.0019219200984738134              
0.14890279886714686                0.05630748766743006                0.001864527234013801               
0.1490513375462267                 0.060061240570237893               0.0019146824172639352              
0.149199876025185                  0.05915403083238358                0.0019449725527747482              
0.1493484143038227                 0.05937556241989471                0.001942827751233322               
0.14949695238194086                0.05695472159965282                0.0018953344572570712              
0.1496454902593404                 0.05536653409278593                0.0018968262031329019              
0.1497940279358224                 0.0577230216670925                 0.0019156057548219785              
0.1499425654111878                 0.05927306511817339                0.0019868376568614563              
0.15009110268523762                0.059420245231216265               0.0019474198809268897              
0.15023963975777288                0.05912930371466176                0.0019864878082670383              
0.15038817662859452                0.06119996955312589                0.0020422694354286113              
0.15053671329750368                0.05816413817087388                0.001954062437676743               
0.15068524976430123                0.058065215212868816               0.0019892814948781774              
0.15083378602878825                0.057302682928176765               0.0019316730474475772              
0.1509823220907657                 0.05854934865498265                0.0020082260910689958              
0.15113085795003464                0.05639624223899127                0.0019646561924946317              
0.15127939360639608                0.05722485544539284                0.001968594873515345               
0.15142792905965102                0.05779196714865862                0.001995200279679446               
0.15157646430960048                0.0582464676865086                 0.001963488025160689               
0.15172499935604547                0.056136303876906636               0.0019834787700304616              
0.15187353419878702                0.05894017490881614                0.0020192571201390393              
0.15202206883762617                0.05807942441198457                0.001987436988831456               
0.1521706032723639                 0.05739255193028788                0.0020165687203244774              
0.15231913750280127                0.05795710656175707                0.001983251358164525               
0.15246767152873936                0.05656198076586836                0.0020085748299763957              
0.15261620534997902                0.05829664812707856                0.0019890559658921124              
0.1527647389663215                 0.0566305371997804                 0.0020009416458462844              
0.15291327237756766                0.05801942427789719                0.0020525796808177604              
0.15306180558351865                0.06036912825586343                0.002068212255152393               
0.15321033858397537                0.051998535399601864               0.0019542246297537614              
0.153358871378739                  0.055444014296660904               0.001962696830583465               
0.15350740396761053                0.056201935943519826               0.0020481124026958016              
0.15365593635039093                0.05831506517747326                0.00206952422362179                
0.15380446852688134                0.05645956780061245                0.002029397256602532               
0.15395300049688274                0.05852411275912199                0.0021299105395019193              
0.1541015322601962                 0.05426697797966554                0.001982872220219017               
0.15425006381662276                0.054134278085772716               0.002053430211004119               
0.1543985951659634                 0.05290864631024226                0.0020011887934673124              
0.1545471263080193                 0.053965957638232406               0.0020139916516700137              
0.15469565724259146                0.0549859206685753                 0.0021055197224715797              
0.15484418796948088                0.05808544692455296                0.002091896273410693               
0.15499271848848864                0.05808574805296403                0.0021860859660804903              
0.15514124879941582                0.05612527076399286                0.0020659997672772333              
0.15528977890206347                0.05717238982642582                0.002133654638139331               
0.15543830879623263                0.05533151062632289                0.002109494066214391               
0.15558683848172433                0.052970901984551885               0.002066591712095248               
0.1557353679583397                 0.05652540161133001                0.002167650200821343               
0.1558838972258798                 0.0532159864204809                 0.0020636274401127194              
0.15603242628414563                0.05477101801498657                0.0021255277212901425              
0.15618095513293828                0.052778553448685595               0.0021027479013717818              
0.15632948377205885                0.05017162439067485                0.002044842752809908               
0.15647801220130841                0.05578398624400422                0.0021846695083800388              
0.15662654042048801                0.0535046185331728                 0.0021199301713790697              
0.1567750684293987                 0.05114430665546291                0.0021002449480800964              
0.15692359622784158                0.055048543702140865               0.0021966760368860674              
0.15707212381561775                0.05170804103109747                0.0020867667068264523              
0.1572206511925283                 0.052794399805783605               0.0021571206968834817              
0.15736917835837416                0.05466257783243376                0.002213223083763379               
0.15751770531295659                0.053256768527432816               0.002190690730830452               
0.15766623205607658                0.05531203871443596                0.0022019374938940166              
0.15781475858753524                0.05733170385410559                0.002269783891365635               
0.15796328490713368                0.05358688762734767                0.0022193421233997193              
0.15811181101467295                0.05469925196035706                0.002251932565531074               
0.15826033690995414                0.05632114553611017                0.0022528458214444067              
0.1584088625927784                 0.05173650539394849                0.002206052002345144               
0.15855738806294672                0.055731112720279606               0.002296360494258991               
0.15870591332026027                0.05315179396922124                0.002226283663672329               
0.15885443836452012                0.056516418234874854               0.0023366663118984683              
0.15900296319552734                0.05377829753040787                0.002272547848494015               
0.1591514878130831                 0.04994717984307489                0.0021966744578222944              
0.15930001221698845                0.052339476583185364               0.0022692040972477124              
0.15944853640704448                0.04689186070387181                0.00213808480967681                
0.15959706038305235                0.04960140576061324                0.00222269213978252                
0.15974558414481307                0.053751972304375555               0.0023174120799604                 
0.1598941076921279                 0.049013354065674884               0.0022232908896902                 
0.16004263102479782                0.05014649835999461                0.002263079790467469               
0.16019115414262397                0.05131141201130737                0.0022855919497370165              
0.16033967704540744                0.05230463713742466                0.0023298337131878056              
0.1604881997329494                 0.05155833901087368                0.0023244294349997045              
0.16063672220505093                0.05379346797324973                0.0023704234174178255              
0.16078524446151318                0.052067340003085466               0.0023473769719343524              
0.16093376650213723                0.05283837435195129                0.0023725130460215023              
0.1610822883267242                 0.05077456446115371                0.0023571499796016145              
0.16123080993507524                0.051647160455447844               0.0023573595677114645              
0.16137933132699142                0.051364165596129926               0.002387095213448876               
0.16152785250227394                0.05537086088183355                0.002461535011780269               
0.1616763734607239                 0.05574257065737192                0.002495380173722436               
0.1618248942021424                 0.0531638703350514                 0.0024627687361269053              
0.16197341472633062                0.0542622505630845                 0.0024793055109527838              
0.16212193503308964                0.05189073087386675                0.002446152512109155               
0.1622704551222206                 0.048143572913737685               0.0023519674458016386              
0.1624189749935247                 0.05175556617299958                0.0024562104728900053              
0.16256749464680298                0.04682877665132503                0.0023621993044282774              
0.16271601408185665                0.05369969590173132                0.002520251604432402               
0.16286453329848682                0.05277747134839853                0.0025218051273441316              
0.16301305229649465                0.052083240900513486               0.00251460256639134                
0.16316157107568127                0.054669390752529023               0.0025714318371360657              
0.16331008963584778                0.04554653169850287                0.0023971858788685717              
0.16345860797679546                0.05057469998566188                0.0024826143811306827              
0.16360712609832537                0.0521859388017519                 0.0025710166704928086              
0.1637556440002386                 0.05228104060419294                0.0026043041328768194              
0.1639041616823364                 0.05137705725947087                0.002531165937184                  
0.16405267914441987                0.0522480104922503                 0.0026355634904048422              
0.16420119638629022                0.04697278264679773                0.002458667814796439               
0.16434971340774857                0.05251411150691389                0.002642271705459118               
0.16449823020859602                0.04758399041154216                0.0025362352106998213              
0.16464674678863386                0.0495894715282014                 0.002567645506863766               
0.16479526314766318                0.0525726947455271                 0.002682839094367494               
0.16494377928548515                0.050656082563028566               0.0026334843328637498              
0.16509229520190094                0.049799016391610496               0.0026393425900754553              
0.16524081089671167                0.049606850453650306               0.002651597691921299               
0.16538932636971862                0.05065938744162145                0.0026737002079735618              
0.16553784162072283                0.04954182527881761                0.002655720594008215               
0.16568635664952555                0.052753402307568246               0.002765029586225742               
0.16583487145592796                0.05032697397630162                0.0027253584389142493              
0.1659833860397312                 0.05162789716448084                0.0027795525474676565              
0.1661319004007365                 0.04774202195003219                0.0026605588657047196              
0.16628041453874493                0.04856458227528072                0.002714842681660227               
0.1664289284535578                 0.05016719898087893                0.002765807210306035               
0.16657744214497625                0.05482102840142849                0.002926130022538997               
0.1667259556128014                 0.051128354693020364               0.0028537064785061927              
0.16687446885683452                0.05502270586388567                0.0029244238220398813              
0.16702298187687672                0.0500490026374568                 0.002851806595897258               
0.16717149467272932                0.04391808825159373                0.002658043619204279               
0.16732000724419338                0.04768424189279439                0.002804955405458493               
0.16746851959107012                0.05053594771550595                0.0029176943017300214              
0.16761703171316078                0.05335077020833587                0.0029593682703331014              
0.16776554361026652                0.05414341877389021                0.003060366970689471               
0.16791405528218858                0.04964598280536015                0.002930509706239305               
0.1680625667287281                 0.052413809208365476               0.003011094663908725               
0.16821107794968634                0.052666142338047346               0.0030767888876697845              
0.1683595889448644                 0.04799577284259559                0.002920929716753717               
0.16850809971406366                0.05368526836781608                0.0031151352256073316              
0.16865661025708517                0.05251563915016773                0.003116229865587305               
0.16880512057373023                0.05263332168942986                0.003128726217777081               
0.16895363066379998                0.048837365635467096               0.0030583144673536618              
0.16910214052709568                0.05387487259628156                0.0031746073123659992              
0.16925065016341856                0.05100968018219964                0.0031634860714397687              
0.1693991595725698                 0.05322844345072235                0.0032514446801628818              
0.16954766875435065                0.05120608032372621                0.003169576800811873               
0.16969617770856224                0.0476523729401013                 0.0031151330703920173              
0.1698446864350059                 0.0569733548697065                 0.0034170347515352652              
0.1699931949334828                 0.05501000889027592                0.0033792379838288736              
0.17014170320379415                0.04847810215637832                0.0032247153875127176              
0.17029021124574129                0.05236453321845072                0.003318467456792681               
0.17043871905912528                0.05559639012708072                0.0034884277729962604              
0.17058722664374745                0.05072177805749241                0.0033665226502557657              
0.17073573399940897                0.05040155995776679                0.0033675958771590677              
0.17088424112591122                0.048149993633912015               0.00331478226354602                
0.17103274802305524                0.05400992978903526                0.003523219342503308               
0.17118125469064235                0.04968383009930999                0.0034285100007750845              
0.1713297611284738                 0.048145220364467604               0.003387485883893825               
0.17147826733635088                0.04677943012036609                0.0034027028491027743              
0.17162677331407472                0.05494738071951617                0.0036878267288053615              
0.17177527906144666                0.05312857463049468                0.0036403099506044385              
0.1719237845782679                 0.05457139034497618                0.0037479784766249855              
0.17207228986433967                0.0503408003185618                 0.0036142588300057876              
0.17222079491946324                0.043902054098324046               0.003459966569016114               
0.1723692997434399                 0.0514827641200724                 0.003715448465418726               
0.17251780433607086                0.054728052081774684               0.003879568750748741               
0.17266630869715735                0.04937483898758418                0.0037008006460262683              
0.17281481282650069                0.05257480256046384                0.003886441236893181               
0.17296331672390208                0.056535281604001675               0.004123259185249389               
0.17311182038916287                0.04558417184192073                0.003685261869814618               
0.1732603238220842                 0.04975537637225784                0.003850186618033318               
0.17340882702246738                0.0527955948166892                 0.004061199601283785               
0.17355732999011372                0.0541597514715751                 0.004153863318337296               
0.17370583272482443                0.04728097680375611                0.003940081400313009               
0.17385433522640084                0.05971063698530912                0.004450568109298811               
0.17400283749464415                0.04775813413548552                0.004021960440875163               
0.1741513395293557                 0.04843929813453557                0.004093867891446583               
0.1742998413303367                 0.03897065048484873                0.003732711338655453               
0.17444834289738848                0.048451432530390345               0.004233221315284062               
0.17459684423031224                0.041157570075770866               0.00392422033315014                
0.17474534532890937                0.05238247217269583                0.004427126922995201               
0.17489384619298107                0.045287375579510826               0.004241551341154113               
0.17504234682232866                0.06069003867302633                0.004971921693847819               
0.1751908472167534                 0.045968582672196084               0.004382932385858214               
0.1753393473760566                 0.04333314211929915                0.004311808797735756               
0.17548784730003958                0.054789812500422176               0.0048810644443372355              
0.17563634698850353                0.0407892827223533                 0.004299567917572996               
0.17578484644124984                0.051579890094631396               0.004940457452145605               
0.17593334565807975                0.0504287547206611                 0.004921342541059685               
0.17608184463879456                0.046759261475521556               0.0048487095431385165              
0.17623034338319563                0.04977609368413799                0.005002685644844391               
0.17637884189108416                0.051485685072316684               0.0052547357285335295              
0.1765273401622615                 0.049114738219605596               0.005265652649051608               
0.176675838196529                  0.05193753485269739                0.005414862323689548               
0.17682433599368788                0.06010749249619031                0.006041030293908059               
0.17697283355353952                0.058893325260206866               0.005979711195491794               
0.17712133087588516                0.05779067010991452                0.00616050613305227                
0.17726982796052618                0.050664752722433294               0.005889657871522359               
0.17741832480726386                0.04826855000236868                0.00581085056924826                
0.17756682141589947                0.041373131349268066               0.005630170048158516               
0.1777153177862344                 0.04789458015827217                0.0059868225197840215              
0.17786381391806994                0.04868141433598617                0.006337780317408307               
0.1780123098112074                 0.051844442251094386               0.006807508775593088               
0.17816080546544807                0.03401819964201047                0.005592557571097989               
0.17830930088059335                0.04485619906274697                0.006613685735484876               
0.17845779605644455                0.04878829894488314                0.007116504810792117               
0.17860629099280295                0.05171719106998248                0.007709543655855061               
0.17875478568946987                0.04290620645550914                0.007151034409251523               
0.1789032801462467                 0.06570027021364856                0.009385752887664078               
0.17905177436293476                0.060162222796061184               0.009174652964430968               
0.17920026833933536                0.06757771240200543                0.010427467406404243               
0.17934876207524983                0.037260974550367455               0.00794406646624651                
0.17949725557047952                0.030168752007701496               0.007789538273445965               
0.17964574882482584                0.054458583003067                  0.011610608907965355               
0.17979424183809004                0.049507909946462425               0.011070305206422796               
0.17994273461007346                0.05792438018435638                0.013652907341462026               
0.18009122714057746                0.04022535127441496                0.01272037297075081                
0.18023971942940345                0.05792463158976475                0.01930821052992158                
0.18038821147635273                0.03218042080454343                0.016090210402271717               
0.18053670328122662                0.04827073617533176                0.027869122524809196               
0.18068519484382653                nan                                nan                                
