#####################################################################################################
# NeXus source file: noemi7
# NXdata: name = img{0}_azimuthalIntegration_Px_16                 
#
#
# Exposure_msec                                     1000.0 + 0.0
# _diffrn_source.source                             Storage Ring SOLEIL, beamline SWING
# _diffrn_sofware                                   Foxtrot 3.5.10-3979
# _diffrn_detector.detector                         EIGER-4M
# _diffrn_comment.comment                           -
# _sas_detc.pixnum_ax                               [1035]
# _sas_detc.pixnum_eq                               [1083]
# _sas_detc.pixsize                                 150.0
# _sas_detc.center_ax                               285.110346632731
# _sas_detc.center_eq                               957.0166664324403
# _sas_detc.dist_spec/detc                          6137.21860334
# _sas_detc.energy                                  12.000505731836514
# _sas_detc.gain                                    1.0
# _sas_detc.detector_based_uncertainty              0.0
# _sas_detc.encoder_delta                           0.0
# _sas_detc.delta0                                  0.0
# _sas_detc.gamma_offset                            0.0
# _sas_detc.wave_length                             1.0331580057586949
# _sas_detc.bias                                    0
# _sas_detc.mask                                    E:\20251487\published-data\3120\2026-09-03_session3\\mask_bags_saxs_12kev_sept26.txt
# Normalization                                     true
# Normalization Factor                              0.02571
# Normalization Monitor                             averagemi8b
# Normalization Intensity                           1.3630762520344088e-06
# GlobalNormalization                               31.670681729867987
# AbsTimeStamps                                     nan
# TimeStamps                                        1.3940119743347168
# gapTime                                           500.0
# step_global_regrid                                nan
# xmax_global_regrid                                nan
# xmin_global_regrid                                nan
# ymax_global_regrid                                nan
# ymin_global_regrid                                nan
#####################################################################################################
q(A-1)                             I(q)26_00220{00000}_AzInt_Px_16    Sig(q)26_00220{00000}_AzInt_Px_16  
0.0                                nan                                nan                                
0.0001486390049044326              nan                                nan                                
0.00029727800960908403             nan                                nan                                
0.000445917013914173               nan                                nan                                
0.0005945560176199183              nan                                nan                                
0.0007431950205265388              nan                                nan                                
0.0008918340224342532              nan                                nan                                
0.0010404730231432808              nan                                nan                                
0.0011891120224538396              5566.757659787828                  6.628915278662589                  
0.001337751020166149               5289.913878561453                  2.638092320999745                  
0.0014863900160804278              5018.740860416787                  1.9197048918717574                 
0.0016350290099968942              4697.63302026722                   1.5991782120368057                 
0.0017836680017157683              4422.131174019091                  1.593330199805694                  
0.001932306991037268               4189.703501084312                  1.4490811165272368                 
0.0020809459777616124              3992.289676545013                  1.3051682341978021                 
0.0022295849616890207              3799.7222326616024                 1.2402235150745877                 
0.0023782239426197124              3630.0221558925246                 1.1161744270469292                 
0.0025268629203539046              3480.571589751501                  1.1304397233905918                 
0.0026755018946918183              3346.918311511055                  1.00803878856014                   
0.002824140865433671               3221.4130456052517                 0.9842375304115619                 
0.0029727798323796835              3097.126184185885                  0.9344193225285404                 
0.003121418795330073               2991.4526005742705                 0.8835268613009448                 
0.0032700577540850603              2893.7363783369115                 0.8837062760569394                 
0.0034186967084448633              2799.0285619686747                 0.7973842660154999                 
0.0035673356582097003              2700.7655962197823                 0.7860954983797251                 
0.003715974603179794               2618.936597296015                  0.7658158517008274                 
0.00386461354315536                2541.9205742132276                 0.7339378401801582                 
0.00401325247793662                2464.048966300615                  0.717806900861327                  
0.004161891407323792               2387.1743917454896                 0.6600707202129203                 
0.004310530331117095               2316.905914608259                  0.6598891929206899                 
0.00445916924911675                2250.0845184010736                 0.6408373758339415                 
0.004607808161122976               2185.089530147371                  0.6174002651376506                 
0.004756447066935991               2122.3093750682                    0.6067924180106501                 
0.004905085966356017               2060.204574364558                  0.5660811070289299                 
0.00505372485918327                2002.1367071209795                 0.5738095455654254                 
0.005202363745217974               1945.491263459001                  0.5382923952809174                 
0.005351002624260346               1891.255784905465                  0.5332575752237764                 
0.005499641496110608               1837.7267066948837                 0.5159216786421796                 
0.005648280360568975               1788.4605943687866                 0.4976727244186083                 
0.005796919217435672               1741.1008666644573                 0.5010274246490205                 
0.0059455580665109175              1693.322491440204                  0.46431808907362404                
0.00609419690759493                1644.5996705730495                 0.46038236375853264                
0.006242835740487932               1600.3540188115387                 0.45230479624624076                
0.00639147456499014                1557.9070571361488                 0.4418167287018779                 
0.006540113380901778               1516.160973356909                  0.4299267279630262                 
0.006688752188023065               1473.504831120669                  0.40763217335561786                
0.0068373909861542195              1435.2997051892062                 0.4135424216722691                 
0.006986029775095464               1396.198866072865                  0.3939909029586124                 
0.0071346685546470195              1359.170004075679                  0.3873696725379431                 
0.007283307324609103               1322.4520987647536                 0.37880459791584065                
0.00743194608478194                1287.603198331234                  0.3645038254902369                 
0.007580584834965747               1253.0534964603514                 0.3668452847682252                 
0.007729223574960747               1218.9739271122928                 0.3462713118024929                 
0.007877862304567157               1186.0066406662759                 0.344248343910648                  
0.008026501023585205               1154.1774382678361                 0.334348478824933                  
0.008175139731815108               1125.334146632253                  0.32616653336093254                
0.008323778429057087               1094.8326824729584                 0.32765578868701                   
0.00847241711511136                1065.8466428257643                 0.3083313298116862                 
0.008621055789778157               1037.6495235948125                 0.30508858759742846                
0.00876969445285769                1009.0543626319491                 0.2991605028689782                 
0.008918333104150186               982.8690836817889                  0.29442746411218884                
0.009066971743455865               956.3901237933122                  0.2872427108390203                 
0.009215610370574947               931.1117129991192                  0.276698831274814                  
0.009364248985307655               906.0881674091993                  0.2784480063360279                 
0.009512887587454211               881.8385265334111                  0.26685678328115875                
0.00966152617681484                858.3019776238559                  0.2626007109410796                 
0.009810164753189759               835.7110174130877                  0.25813839916010195                
0.00995880331637919                813.2780446772232                  0.24785834796926778                
0.010107441866183361               793.1545141923075                  0.2537326137591899                 
0.010256080402402487               770.6517017345334                  0.23733370436995788                
0.010404718924836796               750.481699112095                   0.23809712955038342                
0.010553357433286508               730.9067926740871                  0.22928255560892297                
0.010701995927551847               711.1751372747682                  0.22642455876044712                
0.010850634407433035               692.6602029154773                  0.22578953164909324                
0.01099927287273029                673.5694953750608                  0.2159638909936626                 
0.011147911323243845               655.6325657291213                  0.21400968594282788                
0.011296549758773915               637.7679465257199                  0.20765640052956838                
0.011445188179120724               620.9539780897518                  0.2051205612594677                 
0.0115938265840845                 603.9306331367586                  0.20185665895575                   
0.011742464973465466               587.7162066665352                  0.19440865503957314                
0.011891103347063838               571.6965488241898                  0.19514892071615614                
0.012039741704679847               556.2768544016448                  0.18837161719014178                
0.012188380046113712               540.7484324479869                  0.183875788408719                  
0.012337018371165662               526.2885017580136                  0.1819418962593608                 
0.01248565667963592                512.016041729112                   0.17700665705206176                
0.012634294971324705               498.0189960765885                  0.17646149935949035                
0.012782933246032245               484.3309779815671                  0.16954619229487558                
0.012931571503558769               471.1204239641426                  0.16832905338629958                
0.013080209743704493               457.7358687195063                  0.16284784749252354                
0.013228847966269644               445.23545817591486                 0.16165032026061701                
0.013377486171054451               432.7631587364707                  0.1586346651886553                 
0.013526124357859137               420.6973747636082                  0.153877944243616                  
0.013674762526483924               408.8127518588246                  0.15182425000288613                
0.013823400676729044               397.25097497824265                 0.1479544908545968                 
0.013972038808394713               386.4871277407798                  0.14748881953700313                
0.014120676921281166               375.5241682865342                  0.14224702379756418                
0.014269315015188622               364.7452151439005                  0.13900958892273674                
0.014417953089917307               354.50459552362634                 0.13868278904903367                
0.014566591145267453               344.62379701827797                 0.13466978572043736                
0.014715229181039282               334.789050937207                   0.1331789830469281                 
0.014863867197033016               325.206669403648                   0.12900613961051094                
0.015012505193048892               315.86860734946583                 0.1264253652065043                 
0.015161143168887127               306.96161988440457                 0.12584606671242068                
0.01530978112434795                298.1652282332707                  0.12157160200103706                
0.01545841905923159                289.5393837416804                  0.12094480335450875                
0.015607056973338276               281.2495160338893                  0.11635027428316629                
0.015755694866468228               273.13546294235573                 0.11563323305073285                
0.015904332738421678               265.2575984723973                  0.11404191587374111                
0.01605297058899886                257.8005059322155                  0.11006032975491324                
0.016201608417999988               249.998214355868                   0.10944586343246263                
0.0163502462252253                 242.81008510247452                 0.10571702938980729                
0.016498884010475022               235.98428751408073                 0.10585330259324635                
0.01664752177354938                228.9828262238754                  0.10258806113045792                
0.0167961595142486                 222.3345429758394                  0.10000200177386633                
0.016944797232372917               215.65622087779047                 0.09934139918430776                
0.017093434927722556               209.53492432340272                 0.09660040772449177                
0.017242072600097746               203.4160102311193                  0.09613334983244663                
0.01739071024929872                197.37640341865915                 0.0922711710686122                 
0.017539347875125698               191.47727209229927                 0.09157248224738329                
0.017687985477378917               185.73036364987905                 0.0900007691235732                 
0.01783662305585861                180.11519595842492                 0.08748928483340287                
0.017985260610364994               174.77829394106817                 0.08712658367845792                
0.018133898140698313               169.59355874259467                 0.08372057212351518                
0.018282535646658788               164.15811861010877                 0.08330002272246091                
0.018431173128046652               159.23642732693165                 0.0814443376101458                 
0.018579810584662137               154.58662757578213                 0.07951547277817542                
0.01872844801630547                149.55316152397333                 0.07872174213589726                
0.018877085422776888               145.13251075285848                 0.07780524002273952                
0.01902572280387662                140.7032911983984                  0.07838942184624655                
0.019174360159404893               136.1737718530147                  0.07602121347982066                
0.019322997489161938               131.93883989580593                 0.07503174606176875                
0.019471634792947997               127.72307314429695                 0.07672979310039103                
0.019620272070563285               123.69736898187843                 0.0752368094252879                 
0.019768909321808054               119.86138557997869                 0.07549711273314748                
0.019917546546482524               115.8708271415669                  0.07329735203055922                
0.020066183744386925               112.26712586486995                 0.07362278946082604                
0.0202148209153215                 108.57866875450266                 0.07353642628186982                
0.020363458059086476               105.05692367290305                 0.07094872224334839                
0.020512095175482088               101.58031097939728                 0.0718677367671025                 
0.020660732264308566               98.18997143623879                  0.0686951277404537                 
0.02080936932536615                94.95841200783894                  0.07016704433292381                
0.020958006358455062               91.65172700798776                  0.06832028101501027                
0.02110664336337555                88.76405882550567                  0.0668590225764272                 
0.021255280339927837               85.63927680363571                  0.06652596198911158                
0.02140391728791216                82.71506739692704                  0.06474759169533217                
0.021552554207128764               79.86702843046764                  0.06543370333175973                
0.02170119109737787                77.08543470874636                  0.06316793605055256                
0.021849827958459727               74.3660415757337                   0.062145693883673976               
0.021998464790174553               71.75354176931991                  0.06196853392141624                
0.022147101592322593               69.19744933340564                  0.06004603635273786                
0.022295738364704085               66.8762567270217                   0.058644523852556266               
0.022444375107119267               64.57232209696404                  0.055963960118227234               
0.022593011819368364               62.14744423480498                  0.05520068822764179                
0.022741648501251623               59.993259610841584                 0.05423556198628398                
0.022890285152569273               57.80155099720773                  0.051769276863389696               
0.02303892177312156                55.62937009764475                  0.05154983862659974                
0.023187558362708714               53.53131376528671                  0.04949432830787759                
0.02333619492113097                51.571620789743776                 0.04963416848794135                
0.023484831448188578               49.7079331099714                   0.04765955470313643                
0.023633467943681763               47.7563176629929                   0.04691874030412924                
0.023782104407410774               45.97412684518303                  0.04603495619396711                
0.023930740839175842               44.252306867358726                 0.044456430395789524               
0.024079377238777205               42.4600194542099                   0.04427294827218384                
0.024228013606015102               40.890039399337816                 0.04252419708220798                
0.024376649940689773               39.17364243052656                  0.041857294541947525               
0.024525286242601464               37.76952568414639                  0.041129440175425226               
0.024673922511550404               36.20745223141914                  0.039655956859798225               
0.024822558747336843               34.88716458283331                  0.03969821409955212                
0.024971194949761022               33.376790564827466                 0.03763679249919135                
0.025119831118623162               32.09655150166064                  0.03780793176526006                
0.025268467253723528               30.85933198779823                  0.036686044997498446               
0.025417103354862348               29.633204365996832                 0.03543954645160906                
0.02556573942183986                28.3995879295224                   0.03514509804529043                
0.02571437545445632                27.207060442349523                 0.03357688803136398                
0.025863011452511953               26.081348467875628                 0.03379672153495063                
0.026011647415807016               25.06019040512634                  0.03250338014319585                
0.02616028334414174                23.995349992615697                 0.03178412308370474                
0.026308919237316375               23.082183897673044                 0.03113199255243849                
0.026457555095131157               22.09823686637076                  0.030400644808116325               
0.026606190917386335               21.176743566595935                 0.029918982261043534               
0.026754826703882146               20.28791825048082                  0.02875050583458107                
0.026903462454418846               19.408813203396168                 0.028230202189694305               
0.027052098168796664               18.636160208420446                 0.027899412554300815               
0.027200733846815844               17.861740012650273                 0.026907352179260494               
0.027349369488276647               17.14661568387434                  0.02649963544492197                
0.0274980050929793                 16.44954860253673                  0.025838372037396775               
0.027646640660724066               15.743440534449782                 0.025196891650767807               
0.02779527619131117                15.1002721979372                   0.024819898759362545               
0.027943911684540874               14.481397671961941                 0.024028176870181772               
0.02809254714021341                13.842428038473459                 0.023492097291282668               
0.02824118255812904                13.312331528442025                 0.023008861463917774               
0.028389817938087997               12.725276835850966                 0.02245343814652533                
0.028538453279890536               12.190227881419643                 0.02194881051492502                
0.0286870885833369                 11.700027881885324                 0.02144935402411155                
0.02883572384822734                11.23858256954485                  0.020853997056794946               
0.028984359074362098               10.782436244591493                 0.020694435189330927               
0.029132994261541426               10.327050229009464                 0.019905220635003478               
0.029281629409565572               9.9018408334602                    0.019659051250965554               
0.029430264518234783               9.529443102967782                  0.019238331767403607               
0.029578899587349307               9.150284162619043                  0.018714115936471237               
0.029727534616709395               8.821498581004615                  0.018453281607598192               
0.029876169606115298               8.47863368952584                   0.017916743068936078               
0.030024804555367265               8.145609910678091                  0.01757189245882306                
0.03017343946426554                7.79495694238667                   0.017230937499991293               
0.030322074332610385               7.535863651225885                  0.016921754711221412               
0.03047070916020204                7.23585539898169                   0.016424142537748293               
0.030619343946840766               6.973490274205016                  0.01617143669124619                
0.03076797869232679                6.729093852600176                  0.01579203604675834                
0.030916613396460405               6.484094161605064                  0.015668280691664097               
0.031065248059041834               6.272353823336581                  0.015149198971914687               
0.031213882679871328               6.072172485919167                  0.015045624518721733               
0.031362517258749154               5.854733066389592                  0.014636192346565498               
0.031511151795475555               5.681706405683556                  0.014418299256478584               
0.031659786289850785               5.497583524426471                  0.014240628511747894               
0.03180842074167511                5.322805637180963                  0.013827894937564948               
0.03195705515074876                5.139972793937011                  0.013682049253701629               
0.03210568951687201                4.974858534900155                  0.013437272159395455               
0.032254323839845105               4.829803633978359                  0.013179469677172708               
0.03240295811946831                4.733589128791265                  0.013077360740441286               
0.032551592355541864               4.607886993873882                  0.012736066387883011               
0.032700226547866036               4.535559431297998                  0.012808227132481509               
0.03284886069624108                4.399918239610234                  0.012487176441812128               
0.03299749480046724                4.282757949645827                  0.012319803934034214               
0.033146128860344785               4.181238072946041                  0.012145681837233238               
0.033294762875673976               4.095960272858196                  0.01195458860038137                
0.03344339684625505                4.028120543350791                  0.012015571144924221               
0.0335920307718883                 3.9537780218568686                 0.011680913997666522               
0.03374066465237394                3.89764450028741                   0.011661600060657468               
0.03388929848751226                3.7967522595097756                 0.011465423989347957               
0.034037932277103514               3.7530740349621756                 0.011424366816138015               
0.03418656602094795                3.711265630419778                  0.01140460403299189                
0.034335199718845834               3.6828778232603656                 0.011502199470946141               
0.034483833370597426               3.610549745206586                  0.011533948877926564               
0.03463246697600298                3.598202744663735                  0.011534419356858314               
0.03478110053486277                3.5439614879467625                 0.011562818692383904               
0.034929734046977044               3.51660785468906                   0.011497525119674609               
0.03507836751214607                3.487214118529324                  0.01113563417398801                
0.0352270009301701                 3.4586781101855064                 0.011178449758318545               
0.03537563430084941                3.441175473915104                  0.01100012338249531                
0.03552426762398426                3.424023560429066                  0.011003353127002773               
0.035672900899374894               3.4300357032108173                 0.010915656988366718               
0.0358215341268216                 3.4031168109912824                 0.010819312937412033               
0.03597016730612462                3.3831670055978753                 0.010913101279318488               
0.036118800437084236               3.4084189133979357                 0.010723124346660787               
0.036267433519500715               3.3913092720783173                 0.01079465634758493                
0.036416066553174295               3.395111155096129                  0.01068506518072796                
0.036564699537905254               3.3927287437793643                 0.010721355128884759               
0.03671333247349387                3.389816515401337                  0.010716755044544057               
0.036861965359740394               3.3849208154106853                 0.010607076841086097               
0.037010598196445095               3.403407287426964                  0.010658467164910543               
0.037159230983408245               3.3929794164992244                 0.010636508162150823               
0.03730786372043011                3.390575927811206                  0.010615940767591966               
0.03745649640731094                3.4216806407762057                 0.010614366588254334               
0.037605129043851035               3.4138232765544148                 0.010520219165355687               
0.03775376162985063                3.4233243359305803                 0.010628008712787533               
0.03790239416511001                3.4188453605620865                 0.010544210314226013               
0.03805102664942944                3.430421145675699                  0.010578402489089948               
0.038199659082609194               3.437384668135566                  0.010534860413271953               
0.038348291464449534               3.447297423269136                  0.010517828221207821               
0.03849692379475074                3.4408340515332694                 0.010583525063247754               
0.03864555607331307                3.4460684142345324                 0.010499964197715305               
0.0387941882999368                 3.4555260582003138                 0.010509042834945592               
0.03894282047442221                3.4607390000781892                 0.010412111439015723               
0.03909145259656955                3.48919936798849                   0.010586950582855094               
0.03924008466617912                3.4810253909937146                 0.010452964127305895               
0.03938871668305117                3.481798202473762                  0.01038722798996666                
0.03953734864698598                3.488833351075139                  0.010407938017594168               
0.03968598055778383                3.4893615850734987                 0.01034785811225701                
0.03983461241524497                3.4940947609899036                 0.010410670935247333               
0.0399832442191697                 3.477945234699883                  0.010290994940387963               
0.040131875969358285               3.4902676343491668                 0.010250076320465757               
0.040280507665611                  3.505659014375426                  0.01033690538977069                
0.040429139307728124               3.4553655003699286                 0.010203567554710632               
0.04057777089550993                3.4769266608190876                 0.01030441380623159                
0.040726402428756685               3.4596569699080044                 0.010118594961727422               
0.04087503390726868                3.458781607843567                  0.01023796685863421                
0.04102366533084617                3.482951023382808                  0.010249117179479765               
0.041172296699289464               3.450126249684882                  0.010118890654025917               
0.04132092801239882                3.46100387305026                   0.010202173953850188               
0.04146955926997452                3.443511544745076                  0.010109190887581294               
0.04161819047181683                3.4108128567604163                 0.010108697219096973               
0.041766821617726047               3.4385601301285567                 0.010144922630156823               
0.041915452707502444               3.423408431199469                  0.010027943833596936               
0.042064083740946306               3.3834581620066952                 0.009997201130050615               
0.0422127147178579                 3.3765601124489915                 0.009959097817725868               
0.04236134563803752                3.360347287301465                  0.009935161875248379               
0.042509976501285435               3.330238010162278                  0.010094504293290705               
0.04265860730740194                3.327374263004389                  0.010134453402937834               
0.042807238056187316               3.3017647164924617                 0.0102415880075567                 
0.04295586874744183                3.2731533959620225                 0.010207394221428174               
0.043104499380965784               3.26699888000984                   0.010249587945477768               
0.04325312995655945                3.2597850399867934                 0.010207133129552085               
0.04340176047402311                3.202734179874708                  0.010226690061488788               
0.04355039093315706                3.195278187402405                  0.010204234875976131               
0.043699021333761565               3.183642780607238                  0.010159464084334697               
0.04384765167563693                3.1602153315697334                 0.0102115247751882                 
0.04399628195858344                3.1244518600367295                 0.01004911875175339                
0.044144912182401366               3.0848119686919646                 0.010094245414985556               
0.04429354234689099                3.079605377909582                  0.010049002717251778               
0.044442172451852634               3.041309488831774                  0.009970809847823578               
0.04459080249708656                2.9919179691458946                 0.009910056037653861               
0.044739432482393045               2.982057808642507                  0.00988857718389688                
0.044888062407572406               2.960249986940523                  0.009977470153023452               
0.04503669227242491                2.9170038504882814                 0.009739755245574879               
0.04518532207675085                2.8810491101204185                 0.009837860933517491               
0.04533395182035053                2.8463980423055544                 0.009721806020696952               
0.04548258150302422                2.8243734479722526                 0.009714817991134068               
0.04563121112457223                2.7818647232035674                 0.009739847167673238               
0.045779840684794834               2.7443077081322444                 0.009530857295809596               
0.045928470183492345               2.744530000768411                  0.009669054224854189               
0.04607709962046502                2.6946611881627613                 0.009565344179060133               
0.046225728995513186               2.648468069491715                  0.009462677639852934               
0.046374358308437114               2.605228001601749                  0.009405277819113936               
0.04652298755903712                2.576092658436766                  0.009282930490658344               
0.046671616747113474               2.5418522476447523                 0.009366020021888768               
0.046820245872466484               2.523940606971105                  0.009198239516587185               
0.04696887493489644                2.479309841971836                  0.009140844681549035               
0.04711750393420365                2.425140274304388                  0.009050101970549595               
0.047266132870188396               2.3954586338214416                 0.008890564528833831               
0.04741476174265097                2.3534745953607263                 0.00890586392974231                
0.047563390551391686               2.3173859233384255                 0.008730814953102236               
0.04771201929621082                2.292034587275348                  0.008723919862766974               
0.047860647976908685               2.2469591801459665                 0.008651370082231182               
0.04800927659328559                2.2104202463616938                 0.008469789129246421               
0.048157905145141816               2.1747123134181625                 0.008511154164935687               
0.04830653363227766                2.1318016262818005                 0.008305013276100922               
0.04845516205449344                2.097075093263206                  0.008349051893113796               
0.04860379041158943                2.0687404587452654                 0.008305582826460456               
0.04875241870336596                2.0052022263861695                 0.008046404999171338               
0.04890104692962332                1.9786792026527047                 0.008084461601730361               
0.04904967509016181                1.9492371660966121                 0.007953685311414176               
0.04919830318478172                1.9178442753460572                 0.007971734591796158               
0.049346931213283374               1.8809357007567489                 0.007837300118900822               
0.049495559175467066               1.8554800263541125                 0.007760051279572456               
0.0496441870711331                 1.8088617147228185                 0.007697632367159503               
0.049792814900081785               1.7807734418385999                 0.007582772685543556               
0.04994144266211342                1.7302050830091733                 0.007551953325699588               
0.05009007035702831                1.7090072978464308                 0.0074057287365041444              
0.05023869798462676                1.6571380471812804                 0.007344918808062576               
0.050387325544709094               1.636321686945575                  0.007328928099550107               
0.050535953037075594               1.6062785169181775                 0.0072127670101419595              
0.050684580461526595               1.561418715828987                  0.007118642592267675               
0.05083320781786236                1.535636390450928                  0.007005832935403558               
0.05098183510588326                1.4842766783671641                 0.006958472862473883               
0.05113046232538955                1.4607776679964397                 0.006857279872373839               
0.05127908947618157                1.4255213395830233                 0.006791354568144361               
0.05142771655805962                1.4053168693436016                 0.006753443898212957               
0.05157634357082401                1.3714254420064946                 0.006613985300703244               
0.05172497051427505                1.3449707974011762                 0.006627321621694879               
0.051873597388213066               1.3103296801458675                 0.006429367386541251               
0.05202222419243834                1.2772139017081852                 0.006392465173146894               
0.05217085092675122                1.242289605610391                  0.006336645460464499               
0.052319477590952006               1.2233369784260397                 0.0062561892417388075              
0.05246810418484102                1.1893065290266798                 0.00616543847185814                
0.05261673070821854                1.1579625815089802                 0.006062215894513281               
0.052765357160884915               1.1357758500886932                 0.0060129320113575324              
0.052913983542640465               1.1115706312626026                 0.005957531382274464               
0.05306260985328549                1.0873193246689659                 0.005916163136466497               
0.05321123609262031                1.0561030239695197                 0.005792368476745302               
0.053359862260445236               1.0253124372095692                 0.005681643973176785               
0.05350848835656059                1.0183225661785213                 0.005696424774481623               
0.05365711438076671                0.9873522301888451                 0.0055782611875076                 
0.05380574033286389                0.9643049624121557                 0.005526579382342082               
0.05395436621265246                0.9364120461782884                 0.00544333618041253                
0.054102992019932725               0.9141084166648185                 0.005372741270080268               
0.05425161775450505                0.8898760317418779                 0.00532506781164525                
0.0544002434161697                 0.8695088868617779                 0.005175739827296462               
0.054548869004727024               0.8558506345794598                 0.005201322044848032               
0.054697494519977345               0.823737738387289                  0.005105365671407071               
0.054846119961720986               0.8124705846802371                 0.005052642591770672               
0.05499474532975826                0.7886502028264226                 0.004987961596400055               
0.055143370623889514               0.7744947916925042                 0.004875280834076257               
0.05529199584391504                0.7574505182544063                 0.004890748747764588               
0.05544062098963519                0.7478213557426212                 0.004814045641240084               
0.055589246060850264               0.7283844534133573                 0.004779297968075297               
0.05573787105736062                0.7087506134949109                 0.004698144836628743               
0.05588649597896656                0.6991073412556946                 0.004638708178859578               
0.056035120825468424               0.6867012357848263                 0.0046428416483249866              
0.05618374559666653                0.6763012399705145                 0.004562422557622718               
0.056332370292361225               0.6579843256730836                 0.004528999711510303               
0.05648099491235282                0.6358630140338586                 0.0044260797898513175              
0.05662961945644166                0.6294489707488189                 0.004410160075690925               
0.05677824392442804                0.6139471975442554                 0.0043813153142975535              
0.056926868316112336               0.6001242486538352                 0.00426877979831725                
0.057075492631294855               0.5903317124262185                 0.004270931372253531               
0.05722411686977594                0.5844278327414556                 0.004224791779138152               
0.05737274103135591                0.5787244404545943                 0.004230808072352713               
0.057521365115835124               0.5671043459035389                 0.004173835843279325               
0.05766998912301387                0.5618605894900606                 0.004132445133535231               
0.057818613052692536               0.5526674635878857                 0.004140557267743614               
0.05796723690467142                0.5575889601870931                 0.004097040212321332               
0.05811586067875089                0.54253062017608                   0.004082409907698232               
0.05826448437473124                0.522017566508192                  0.003987074699147528               
0.05841310799241284                0.5254966883835763                 0.003983093432652351               
0.05856173153159601                0.5204582675417849                 0.0040043545250208635              
0.05871035499208109                0.5089319792873213                 0.003908621815695508               
0.058858978373668436               0.5051480464745787                 0.003925915691465433               
0.05900760167615837                0.49374336884315906                0.003849858143615178               
0.059156224899351226               0.4927957328082155                 0.0038534962602213346              
0.059304848043047365               0.48402459267116205                0.0038466778992085142              
0.05945347110704712                0.4855156562917618                 0.003812218759244626               
0.05960209409115083                0.48173851905437903                0.003817315163953724               
0.05975071699515884                0.475247795625208                  0.0037699087033276867              
0.0598993398188715                 0.4699992178788068                 0.003772326778103179               
0.060047962562089136               0.4738128212661794                 0.0037606561006604386              
0.06019658522461209                0.46257083907000784                0.003714020981889454               
0.06034520780624073                0.46527087394211014                0.003747921242786369               
0.06049383030677538                0.4588944544002329                 0.003797317382246634               
0.0606424527260164                 0.45866613007352786                0.0038543372275086376              
0.060791075063764154               0.45363469511512183                0.0038529494911787748              
0.06093969731981895                0.45059890996443763                0.0038641379145173634              
0.06108831949398115                0.45817881444502956                0.003952903103794796               
0.0612369415860511                 0.4565140997232285                 0.003937222367066166               
0.06138556359582917                0.45271308110954916                0.0039723902164825855              
0.061534185523115695               0.45084310173201203                0.003951117425208153               
0.061682807367711034               0.4399174923047007                 0.003950894336972044               
0.061831429129415506               0.43975464646989265                0.003968038620164104               
0.061980050808029506               0.44646166012495925                0.003986900539767449               
0.06212867240335336                0.442849440406058                  0.004023244885829531               
0.06227729391518745                0.4388096992940443                 0.003972796349627951               
0.06242591534333208                0.44494545487270254                0.004094840529780457               
0.06257453668758765                0.4345298652138679                 0.0040108930207357184              
0.06272315794775449                0.4476536308912367                 0.0040638728943918154              
0.06287177912363298                0.4421958215974132                 0.004091950760211418               
0.06302040021502343                0.43212196921840257                0.00403781778111983                
0.06316902122172624                0.4494587065033887                 0.004155424797593752               
0.06331764214354177                0.43645379379479166                0.003944199540300793               
0.06346626298027035                0.4436420914069691                 0.003960932223448471               
0.06361488373171235                0.437297998034649                  0.003895605616894518               
0.06376350439766815                0.4428421837145514                 0.003896743129982575               
0.06391212497793805                0.44161089747234794                0.0038808036166056784              
0.06406074547232249                0.4438495791881982                 0.003839150028614034               
0.06420936588062177                0.4266511726943334                 0.0037799689262368705              
0.0643579862026363                 0.44351380635207704                0.0038316616917424013              
0.06450660643816641                0.44058252340037035                0.003801092432299738               
0.06465522658701248                0.4384612500541982                 0.003803800666534927               
0.06480384664897484                0.4437165257601478                 0.003796889421384351               
0.06495246662385391                0.4409794582444624                 0.003798865982470332               
0.06510108651145002                0.4446953278588572                 0.00377975059571102                
0.06524970631156356                0.4385310367412747                 0.003751555787587886               
0.06539832602399485                0.44067429900032806                0.0037703049361912534              
0.0655469456485443                 0.4375964001968665                 0.0037494644843410066              
0.06569556518501228                0.4372631437830734                 0.003740435452828805               
0.06584418463319913                0.43616244365565116                0.0037002802703507537              
0.06599280399290525                0.43648232327104475                0.003699799967096717               
0.06614142326393099                0.43046276781911347                0.0036888829500665203              
0.06629004244607672                0.44222274911426623                0.0037370640012499012              
0.06643866153914282                0.4380666492276454                 0.0037138965150476867              
0.06658728054292967                0.43414211034554123                0.003637863691525323               
0.06673589945723764                0.43261720585045144                0.0036852200186316196              
0.06688451828186709                0.432558581365801                  0.003672217841908132               
0.06703313701661841                0.43648596769914144                0.003668985818288513               
0.06718175566129193                0.4313653957536646                 0.0036581356543419043              
0.0673303742156881                 0.42919566709093404                0.0036399973506541622              
0.06747899267960726                0.4284335444808022                 0.0036314448201627512              
0.06762761105284978                0.4262954006245944                 0.003592731340927173               
0.06777622933521604                0.4223203883377981                 0.0036072051467890306              
0.06792484752650643                0.4267362762266067                 0.003599772376792146               
0.0680734656265213                 0.42526872840904384                0.0036109811228059114              
0.0682220836350611                 0.4274961330178341                 0.003602978828522871               
0.06837070155192615                0.42608812285688413                0.003571379058559104               
0.06851931937691683                0.41700804799584024                0.0035550932876009583              
0.06866793710983354                0.421702553766597                  0.0035648010432575102              
0.06881655475047667                5.468229075431984                  0.012855181320330013               
0.06896517229864657                0.41746747297904746                0.003550247756194169               
0.06911378975414369                0.41758830556267                   0.0035206002303780765              
0.06926240711676834                0.4080878120141708                 0.003503448249928318               
0.06941102438632095                0.40713393757728417                0.00346487557118241                
0.06955964156260189                0.41028465084400906                0.0035095276847462004              
0.06970825864541157                0.401960860533302                  0.003439585524913348               
0.06985687563455034                0.4056626607136848                 0.0034683425678458777              
0.07000549252981861                0.3975396825642779                 0.0034254119630471812              
0.07015410933101678                0.40686980076608414                0.0034365915633775015              
0.07030272603794524                0.39512077110230637                0.003418173689601755               
0.07045134265040434                0.3932644717198596                 0.0033864380521551117              
0.07059995916819455                0.38870004319579005                0.003379233906644159               
0.07074857559111615                0.3908009697505058                 0.003382069055963546               
0.07089719191896963                0.38537317080988387                0.003324777914183539               
0.07104580815155535                0.38618122784509157                0.0033698392693769156              
0.07119442428867372                0.3857652230094507                 0.003331012793954305               
0.07134304033012509                0.37588019632032366                0.0032985909873451675              
0.0714916562757099                 0.3800247798611518                 0.0033243546810843073              
0.07164027212522854                0.3655574895316196                 0.0032308498467314576              
0.0717888878784814                 0.36789575151107246                0.0032799497590751013              
0.07193750353526884                0.3647557539583341                 0.003224393719541132               
0.07208611909539134                0.3562358338588428                 0.0032024513971511963              
0.07223473455864923                0.36163267884998657                0.003228091271934183               
0.07238334992484297                0.35474411328460315                0.0032030499934537562              
0.07253196519377289                0.35903385730305576                0.0032357212536533943              
0.07268058036523947                0.3473144370194123                 0.003125283056487349               
0.07282919543904304                0.3412892912283931                 0.003128856743395386               
0.07297781041498405                0.3413006697423116                 0.003126072261229534               
0.07312642529286288                0.33751970251697105                0.0031044909011394414              
0.07327504007247997                0.3386907550252395                 0.003109873253842875               
0.07342365475363567                0.33132843304674997                0.0030511599233711624              
0.07357226933613044                0.32477268560074185                0.003048064674027212               
0.07372088381976465                0.33090251865175163                0.003060110421735765               
0.07386949820433873                0.31784417066254533                0.002989761873372656               
0.07401811248965308                0.31701927690414694                0.0029739876979394553              
0.07416672667550812                0.3119567368549541                 0.002965909620046242               
0.07431534076170422                0.30790338752024277                0.002955830902388212               
0.07446395474804186                0.3079249453526615                 0.002915610817937589               
0.07461256863432139                0.30686463001483544                0.0029169694350975606              
0.07476118242034327                0.2998241823993128                 0.002868244612586136               
0.07490979610590787                0.2912574302031261                 0.002836848261516312               
0.07505840969081562                0.28349405268186545                0.002797563000270043               
0.07520702317486694                0.28710336318114343                0.002798246495096288               
0.07535563655786226                0.2832053613747249                 0.002776790059952222               
0.07550424983960197                0.27881836498350937                0.0027492816165509935              
0.0756528630198865                 0.2796233368945696                 0.0027639455973084387              
0.07580147609851624                0.2684495766169168                 0.0026896108908554374              
0.07595008907529169                0.27034476209476366                0.002695641562834866               
0.07609870195001317                0.27056641198732173                0.002709460022899997               
0.07624731472248115                0.2665948826904898                 0.0026678169528449747              
0.07639592739249607                0.2630080905393587                 0.0026554284539645036              
0.07654453995985831                0.2580874026805832                 0.0026204805458102626              
0.0766931524243683                 0.25375254557893095                0.00260057345416225                
0.07684176478582651                0.2514225776418682                 0.0026007067581295235              
0.07699037704403329                0.25342994506236766                0.002593456588327293               
0.07713898919878912                0.23955228847940313                0.002528899032170628               
0.0772876012498944                 0.24287644776543701                0.0025240814223367884              
0.07743621319714959                0.2433546812986544                 0.002551050223506744               
0.07758482504035506                0.23495257347390955                0.0025013361901709587              
0.0777334367793113                 0.23072174736268167                0.0024621615424036654              
0.0778820484138187                 0.22841021593674446                0.002463153912031554               
0.0780306599436777                 0.22367611671565318                0.0024222640450906967              
0.07817927136868873                0.224061926516764                  0.0024426813240121777              
0.07832788268865222                0.21642200071491194                0.0023797010221529116              
0.07847649390336861                0.21940932566465227                0.0023930974821264515              
0.07862510501263834                0.21605125274865158                0.0023976112859685284              
0.07877371601626182                0.21308687995888018                0.0023554500561640784              
0.0789223269140395                 0.21152418954925706                0.002356532088837956               
0.07907093770577181                0.20834350484677922                0.002327170496923614               
0.0792195483912592                 0.20851532118154364                0.0023290896635683703              
0.07936815897030208                0.2053027711485077                 0.0023274325500287577              
0.07951676944270093                0.20140322745852784                0.0022805886868073285              
0.07966537980825614                0.19744632128419276                0.0022682995309549004              
0.07981399006676818                0.19652857219285927                0.0022537443182155765              
0.07996260021803749                0.19681333926610964                0.0022674708991183086              
0.0801112102618645                 0.18942093599472748                0.002219895152045678               
0.08025982019804966                0.19261912582137625                0.0022194443080800733              
0.0804084300263934                 0.18793711304012958                0.0022120967229283294              
0.08055703974669619                0.18798702410975174                0.0021952653897448207              
0.08070564935875844                0.18012342998286515                0.002162952467887496               
0.08085425886238064                0.1842786735750849                 0.002171744995216746               
0.0810028682573632                 0.18617283046548405                0.0021828789516129404              
0.08115147754350657                0.17933461521228994                0.0021537908379872434              
0.08130008672061122                0.17857957151707243                0.0021396367149075202              
0.08144869578847758                0.17725661773366994                0.0021308329849128354              
0.0815973047469061                 0.17831023796748002                0.0021319765337666635              
0.08174591359569723                0.17661760109576438                0.0021226911824289607              
0.08189452233465144                0.1743636856309649                 0.0021150924514325184              
0.08204313096356916                0.17796564012399482                0.002126488764099431               
0.08219173948225086                0.16875248468877435                0.0020765703262597044              
0.08234034789049698                0.16939621454941411                0.0020671914142293304              
0.08248895618810799                0.1726386281141992                 0.0020986493829656147              
0.08263756437488433                0.1700132532958196                 0.0020784389043739396              
0.08278617245062646                0.16469915418528494                0.0020375196405147504              
0.08293478041513484                0.16426088744690875                0.0020413349839207033              
0.08308338826820992                0.16409508777381138                0.002029736019681435               
0.08323199600965217                0.16509837790462867                0.0020465343299805937              
0.08338060363926207                0.1616852028706991                 0.002014778659734976               
0.08352921115684006                0.16138133652371708                0.0020120859671227693              
0.08367781856218658                0.16559320682893372                0.0020512502932405426              
0.08382642585510211                0.16288147264842745                0.0020254440772162732              
0.08397503303538713                0.1608637264981191                 0.002003298245920047               
0.08412364010284208                0.16217411196259213                0.002002760128016568               
0.08427224705726745                0.1579953411500385                 0.0019892915536447128              
0.08442085389846368                0.15960116574633518                0.002000963777041122               
0.08456946062623125                0.1571703058677751                 0.001982521278569114               
0.08471806724037062                0.15679979513654022                0.001976276123445766               
0.08486667374068227                0.1544087444655649                 0.001954227966888535               
0.08501528012696667                0.1568180660380173                 0.0019826576204061224              
0.08516388639902428                0.15528092385724557                0.001957443522669251               
0.08531249255665557                0.15886192793269316                0.0019829874809787185              
0.08546109859966101                0.156181996050927                  0.001970054895489294               
0.08560970452784111                0.1530813328582779                 0.0019344864998629093              
0.08575831034099632                0.15465619040708134                0.0019635022965952737              
0.08590691603892707                0.15762794631718285                0.001965289082635488               
0.0860555216214339                 0.15496110603838506                0.001955432754839853               
0.08620412708831726                0.1599025273098073                 0.0019894776699904584              
0.08635273243937762                0.15760294265349628                0.0019681924668494407              
0.08650133767441548                0.15406967023083523                0.0019444935071143005              
0.08664994279323132                0.15337598872964867                0.001931130099729035               
0.08679854779562558                0.15731133857337845                0.001961799141080777               
0.08694715268139878                0.15204288568021698                0.0019422571341419371              
0.08709575745035139                0.15539458206154197                0.001943799490616686               
0.0872443621022839                 0.15672929162598379                0.001954388578359084               
0.08739296663699678                0.15232263986604813                0.0019259756884861697              
0.08754157105429052                0.15362341221903705                0.0019319497060186401              
0.08769017535396562                0.15201707223931532                0.0019262739969365201              
0.08783877953582254                0.15554445391536265                0.0019336097648934                 
0.0879873835996618                 0.15490229178473616                0.0019429691227559266              
0.08813598754528384                0.15272878890923489                0.0019211548380228195              
0.08828459137248919                0.15687990337562474                0.0019523241207284447              
0.08843319508107834                0.15543189118594694                0.0019395678674789503              
0.08858179867085175                0.15162713033981223                0.0019054890727315075              
0.08873040214160996                0.1568577514950195                 0.001950689449765579               
0.08887900549315342                0.15468273723989318                0.0019275200976156088              
0.08902760872528265                0.1559784530377676                 0.0019363137154797465              
0.08917621183779811                0.15496228454657865                0.0019322040697472473              
0.08932481483050034                0.15330476189674364                0.001910942534575586               
0.08947341770318981                0.15373538300910994                0.0019186966625851054              
0.08962202045566703                0.15471491459583628                0.001925530583888884               
0.08977062308773248                0.15514644364055383                0.0019282150902845145              
0.08991922559918666                0.156521122413616                  0.0019308886066746874              
0.0900678279898301                 0.1550074222482999                 0.001925892412800953               
0.09021643025946328                0.15333002410206917                0.001906081665993871               
0.09036503240788671                0.15517426898527656                0.0019189516812958927              
0.09051363443490087                0.15492243156204946                0.001914520272634301               
0.09066223634030629                0.15224341499742755                0.0019108212311111455              
0.09081083812390348                0.15563561490878838                0.0019276070027827172              
0.09095943978549291                0.14902739439705695                0.001870751380632906               
0.09110804132487513                0.15280589480582957                0.0019035414692872962              
0.09125664274185061                0.15600524740533217                0.0019126277158657418              
0.09140524403621988                0.15457210397868765                0.001918116478108338               
0.09155384520778345                0.15130104916685952                0.0018856733070460377              
0.09170244625634183                0.1534729841525001                 0.0018921344566515251              
0.09185104718169552                0.15481063992795044                0.0019195991084660052              
0.09199964798364504                0.15277397581613655                0.0018920193908245379              
0.0921482486619909                 0.15393387097421288                0.00190201326173147                
0.09229684921653362                0.15503234922673387                0.001903132997444324               
0.09244544964707371                0.1521652619431031                 0.0018882494888533097              
0.09259404995341172                0.14892196583057998                0.001876389336853734               
0.0927426501353481                 0.14987121691369054                0.0018629404789027085              
0.09289125019268343                0.14842623079841186                0.0018593997805176237              
0.09303985012521819                0.14863331365048593                0.0018586425947532451              
0.09318844993275292                0.15003960437264888                0.0018633069645042188              
0.09333704961508814                0.1504526985312046                 0.001883899471264399               
0.09348564917202434                0.1494063508286207                 0.0018552996739539035              
0.09363424860336209                0.14718601288362107                0.0018461823581787163              
0.09378284790890191                0.14437760875146413                0.0018258102052545995              
0.0939314470884443                 0.14660213806175587                0.0018486279150855308              
0.09408004614178979                0.14358452349295814                0.0018227904238730772              
0.0942286450687389                 0.14460073913002786                0.0018199213430985955              
0.09437724386909221                0.14210372458826998                0.0018173674439176544              
0.09452584254265017                0.14416765668247936                0.0018231551354450795              
0.09467444108921338                0.14298334681520894                0.0018064457378364667              
0.09482303950858231                0.1415183797461163                 0.001803696830312673               
0.09497163780055753                0.14242472594459826                0.0018035672442204475              
0.0951202359649396                 0.14259129816762273                0.0018178145086068574              
0.09526883400152898                0.14009144246446537                0.0017855100601094943              
0.09541743191012625                0.13834017809563712                0.0017794512830880253              
0.09556602969053193                0.14375472554622026                0.0018145989798726324              
0.09571462734254658                0.13837973495055794                0.001775851363167076               
0.09586322486597074                0.13830354299951372                0.0017798637232957462              
0.09601182226060492                0.13698841217929614                0.0017555404668257082              
0.09616041952624964                0.13691428595347385                0.0017715463047157847              
0.09630901666270551                0.13647506645268817                0.0017604191266216453              
0.09645761366977304                0.13212775089649345                0.0017340256872009883              
0.09660621054725275                0.13231677092110086                0.0017296679373344378              
0.0967548072949452                 0.13228293689168907                0.0017245170652119108              
0.09690340391265093                0.13307241355781874                0.0017446213197560654              
0.0970520004001705                 0.1331312158820989                 0.001734986092022611               
0.09720059675730447                0.13240966368397517                0.001724119240204332               
0.09734919298385332                0.1290423260986756                 0.001702055836875978               
0.0974977890796177                 0.12840605208831143                0.0017039214072720357              
0.09764638504439807                0.13048152788774903                0.0017213382630755206              
0.09779498087799501                0.12506222057696334                0.0016655727232896024              
0.09794357658020908                0.1292532409632579                 0.0017058768211336462              
0.09809217215084083                0.12803283235227061                0.001695390195547252               
0.09824076758969084                0.1265518525810358                 0.0016879583040999686              
0.09838936289655961                0.12594812460820465                0.001675588925252551               
0.09853795807124772                0.12557314999834038                0.0016689764598967238              
0.09868655311355574                0.129049454827902                  0.0017039294253700875              
0.09883514802328423                0.12227688122976559                0.0016451955199695831              
0.09898374280023374                0.12378152121145923                0.0016699808387269394              
0.09913233744420481                0.12239068746260869                0.0016407968497724552              
0.09928093195499803                0.11718832286945856                0.0016162753534168803              
0.09942952633241396                0.11900917350273546                0.0016345625220018907              
0.09957812057625312                0.12127005100512779                0.0016366936143923723              
0.09972671468631612                0.11697589698535384                0.0016063329596106334              
0.09987530866240353                0.1171781276596049                 0.001605481131722162               
0.1000239025043159                 0.11919825363756767                0.0016272135742036644              
0.10017249621185377                0.11954732105733595                0.00163304431428241                
0.10032108978481775                0.11341619994498592                0.0015702350730935335              
0.10046968322300841                0.11702323600142088                0.0016083484129220085              
0.10061827652622628                0.11529806385421064                0.0015870379850038082              
0.10076686969427194                0.11615429134290967                0.0016029288678878414              
0.10091546272694601                0.11028203529017801                0.0015602477238941086              
0.101064055624049                  0.1107318950366258                 0.0015510129202404022              
0.10121264838538155                0.11227617794339875                0.0015776036242282883              
0.1013612410107442                 0.11492205939433542                0.0016224874619450399              
0.10150983349993749                0.11146946959692407                0.0016240499502046832              
0.10165842585276207                0.1063182919083304                 0.0015914556751917867              
0.10180701806901846                0.10854508324377259                0.0016227894146251334              
0.10195561014850726                0.10386478934254612                0.0016091951382849901              
0.10210420209102905                0.10439697899634992                0.0016057273603276591              
0.10225279389638445                0.10428888221842496                0.0016124790483653694              
0.10240138556437398                0.10667758563010804                0.001647837369738128               
0.10254997709479825                0.10474861768096887                0.0016374969056012927              
0.10269856848745783                0.10240645963378497                0.0016398157318873166              
0.10284715974215335                0.1028677230551408                 0.0016240472662666203              
0.10299575085868538                0.10142694465745257                0.0016374100195747524              
0.10314434183685449                0.10313127656320781                0.0016497309266629335              
0.10329293267646124                0.10410856613416489                0.0016694272319342114              
0.1034415233773063                 0.09964856899989126                0.001639542280973787               
0.10359011393919021                0.1004365198820895                 0.0016390291795465052              
0.10373870436191358                0.09825468209128692                0.001642834387050761               
0.10388729464527696                0.09959236813091173                0.001652544409648306               
0.10403588478908102                0.10008635519986453                0.0016609698514657722              
0.10418447479312629                0.10000541691335736                0.0016104787995179217              
0.10433306465721338                0.09861958875140356                0.0015863113735132947              
0.1044816543811429                 0.09715757069279268                0.0015719725780388228              
0.1046302439647155                 0.09995722733828816                0.0015755466208822485              
0.10477883340773168                0.09601685794431922                0.0015339643770076368              
0.10492742270999211                0.09668460858303271                0.0015416840176197411              
0.10507601187129732                0.0982880262039775                 0.0015501994812314932              
0.10522460089144804                0.09646311655513783                0.0015286591538079609              
0.10537318977024476                0.09532169741149883                0.0015155268180573704              
0.10552177850748812                0.09601204527472576                0.001515811714559894               
0.10567036710297875                0.09495789606973147                0.0015023554327473119              
0.10581895555651723                0.09428887494251162                0.0015027188920623128              
0.10596754386790419                0.09076073279053781                0.0014583919054307114              
0.10611613203694019                0.0934273802483582                 0.0014824141482617447              
0.10626472006342588                0.09349427005690701                0.0014851590264026403              
0.10641330794716188                0.09553939253513324                0.001494080234172137               
0.10656189568794881                0.09321720033292223                0.0014801976158008534              
0.10671048328558726                0.09337325404710925                0.0014614568392297485              
0.10685907073987783                0.09224901381464444                0.0014670448783893808              
0.10700765805062118                0.09079704257764068                0.001447987952326566               
0.1071562452176179                 0.09205799166033922                0.0014542927024574642              
0.10730483224066863                0.09103241885380534                0.0014445951057251057              
0.10745341911957391                0.0926015018096913                 0.0014460161567329947              
0.1076020058541345                 0.09086083872976598                0.001445334180873738               
0.10775059244415094                0.0923762813231107                 0.0014510159071711372              
0.10789917888942382                0.0902438693798955                 0.0014254561164357678              
0.10804776518975381                0.0926926142749961                 0.0014545499384858458              
0.10819635134494156                0.09100857910433464                0.0014274209249797675              
0.10834493735478763                0.09160411213351675                0.0014444214745921744              
0.10849352321909271                0.09038750738916469                0.0014180286284996065              
0.1086421089376574                 0.0898118072789245                 0.0014195171397324417              
0.10879069451028231                0.09029297732116438                0.0014289081673935708              
0.1089392799367681                 0.08941278613398503                0.0014098684588177033              
0.10908786521691538                0.08829974307484274                0.0014085204757317274              
0.1092364503505248                 0.09250334297895117                0.001420106489741644               
0.10938503533739702                0.08909216605035526                0.0014113195416234233              
0.10953362017733265                0.0903153232144677                 0.0014184680834730522              
0.1096822048701323                 0.09190728602999507                0.0014283997689214705              
0.10983078941559662                0.0925940732425576                 0.001434231755778047               
0.10997937381352627                0.09162537896454843                0.0014148212393589618              
0.1101279580637219                 0.08841346863644793                0.0013995150246662738              
0.11027654216598413                0.09027124056620053                0.0014111773535967105              
0.11042512612011357                0.08820292941262452                0.0013805320993219646              
0.11057370992591092                0.08999065571008653                0.001401662397216888               
0.11072229358317678                0.09124514699919381                0.0014007907307789992              
0.11087087709171187                0.09223957673102101                0.0014190704112464771              
0.11101946045131672                0.09157691183647726                0.0013966972291516745              
0.11116804366179206                0.08913188138662248                0.0013825960258939843              
0.11131662672293854                0.08932871583774206                0.0013836531483148757              
0.11146520963455678                0.09137548029789812                0.0014061094663367097              
0.11161379239644743                0.09119466935090172                0.0014370723659083025              
0.11176237500841117                0.09084091445109906                0.0014327435792071024              
0.11191095747024861                0.08760271615810956                0.0014280731791904513              
0.11205953978176046                0.08928722282044893                0.0014530257879370513              
0.11220812194274735                0.09022994193482627                0.0014574083998042605              
0.11235670395300991                0.09232479518856967                0.0014887223654833051              
0.11250528581234887                0.08849373992619541                0.001459172671329193               
0.1126538675205648                 0.09027462334155502                0.001489753274913091               
0.1128024490774584                 0.08819940502480234                0.0014736788977869498              
0.11295103048283038                0.09185926267111767                0.0015062944154293303              
0.11309961173648131                0.09055846759468791                0.001507424688589801               
0.11324819283821194                0.090250414202856                  0.001497738795402203               
0.11339677378782287                0.08939219346738415                0.0014959072562953893              
0.11354535458511482                0.08682684196950781                0.0014684808701182607              
0.11369393522988842                0.08766829069072914                0.0014784890275221746              
0.11384251572194438                0.08960102319812814                0.0014964712894891805              
0.11399109606108329                0.0866261445935968                 0.0014737538754578839              
0.11413967624710591                0.0880660579600856                 0.0014847749751150895              
0.11428825627981287                0.09079497595439621                0.0015028491351073744              
0.11443683615900485                0.08796176028788205                0.0014982119962315445              
0.1145854158844825                 0.09071925132510889                0.0015117775675577059              
0.11473399545604654                0.08747139628739764                0.00148684350304999                
0.11488257487349764                0.08984884984634792                0.0015105447917070887              
0.11503115413663645                0.09010098898134841                0.0015048214669046963              
0.11517973324526365                0.09111671720577946                0.0015322934185645885              
0.11532831219917995                0.08974650418196566                0.0015060597594791455              
0.11547689099818605                0.08705815785587528                0.0014965605612116942              
0.11562546964208253                0.08933194707483685                0.0015110652211218294              
0.11577404813067017                0.08726653416089289                0.001490484010614276               
0.11592262646374966                0.08880733068538547                0.001521467744798749               
0.11607120464112164                0.08871090574911121                0.001497350442362895               
0.1162197826625868                 0.08794038627762421                0.0015090531218923662              
0.11636836052794586                0.09050764568281458                0.0015302957265151712              
0.11651693823699948                0.08965322992436406                0.0015193280540248548              
0.11666551578954835                0.0877798199143377                 0.0015138952661649299              
0.11681409318539324                0.08982906276194687                0.0015097854560694038              
0.11696267042433472                0.08846413114191672                0.001519159317049812               
0.11711124750617356                0.0885946957186375                 0.00152028104283335                
0.11725982443071048                0.0880896292609213                 0.0015140682265931396              
0.1174084011977461                 0.08825041170044352                0.0015179532277271885              
0.11755697780708119                0.0855807415043548                 0.0014911256731250317              
0.11770555425851639                0.08728106065524656                0.0015152413881847346              
0.11785413055185245                0.08913107542631328                0.0015229963366200192              
0.11800270668689006                0.09013920987878526                0.0015284419821893248              
0.11815128266342986                0.085116342126532                  0.0014969596672199557              
0.11829985848127267                0.08722894630150953                0.0015147932646939824              
0.11844843414021912                0.08872677552526143                0.0015380237435716991              
0.11859700964006994                0.08766007852206098                0.0015091392560527426              
0.11874558498062582                0.08385507266107703                0.001482130698056474               
0.1188941601616875                 0.08741536453339518                0.001518946959605541               
0.11904273518305566                0.0863757433579788                 0.001515597177073698               
0.11919131004453105                0.08529351638952659                0.0015054401803050075              
0.11933988474591431                0.08865969437519608                0.0015227421901912834              
0.11948845928700624                0.08635661239283482                0.001514795188386491               
0.11963703366760754                0.0840724941509916                 0.0014908720457656472              
0.11978560788751887                0.08519009725317497                0.0015064332204022181              
0.11993418194654097                0.08334934630961459                0.0014850699871530894              
0.12008275584447463                0.08299920400777283                0.0014856860414479403              
0.1202313295811205                 0.08348365552485089                0.0014931621432764334              
0.12037990315627929                0.08522775868544817                0.001508042606074531               
0.12052847656975177                0.08328241934266432                0.0014888486494323025              
0.12067704982133863                0.0824445039009876                 0.0014757569076003032              
0.12082562291084065                0.08152240876767763                0.001483697780134885               
0.12097419583805849                0.0840074394656952                 0.0015042155027793329              
0.12112276860279289                0.08322511642625637                0.0014852158911634052              
0.12127134120484465                0.08148294961796618                0.0014795530329119054              
0.1214199136440144                 0.08201630831750303                0.0014768725972887698              
0.12156848592010293                0.0834729216378476                 0.0015045662193364905              
0.12171705803291097                0.08092945982913206                0.0014682930966223697              
0.12186562998223927                0.0785289843668732                 0.0014512573907612947              
0.12201420176788849                0.07898504060216154                0.0014667153825546559              
0.12216277338965947                0.0805165017149863                 0.001470759038145979               
0.12231134484735287                0.07899887963531643                0.0014662141763389894              
0.12245991614076948                0.08067887882599624                0.0014611040417662894              
0.12260848726971                   0.08019648142631905                0.001477288259509201               
0.12275705823397523                0.07831775511223275                0.0014611419759682947              
0.1229056290333658                 0.0782194104034714                 0.001450249343062369               
0.12305419966768259                0.08088260164952217                0.0014804131852947002              
0.12320277013672629                0.07685994651609535                0.0014382056030354644              
0.12335134044029764                0.07815465927076296                0.0014596241071803265              
0.12349991057819736                0.07882193991269666                0.0014690151908619748              
0.12364848055022623                0.07814219829112107                0.0014470777461318715              
0.12379705035618503                0.07823157865890819                0.0014654117317914126              
0.12394561999587449                0.07612774573490552                0.0014295187516472638              
0.12409418946909531                0.07545324701671507                0.001440409178858014               
0.12424275877564833                0.07294821777519302                0.0014023318238525339              
0.12439132791533426                0.07652833918693569                0.0014418791601584903              
0.1245398968879539                 0.07704167828982879                0.0014580352641686237              
0.12468846569330792                0.07767183192309522                0.0014513663224412863              
0.1248370343311972                 0.07523779014960866                0.0014402379931629358              
0.1249856028014224                 0.07476217224615554                0.001418455745622963               
0.12513417110378433                0.07629304551786514                0.0014446435223120892              
0.12528273923808372                0.07451768021214053                0.001438361568957788               
0.1254313072041214                 0.07413632088191188                0.001415526896912432               
0.1255798750016981                 0.07708008237950277                0.0014546001178047418              
0.12572844263061453                0.07551689047492144                0.0014366588630376324              
0.12587701009067154                0.0749698983164424                 0.0014364263728136502              
0.1260255773816699                 0.07447065626625546                0.0014366512260598702              
0.1261741445034103                 0.07266385205006216                0.001404411028856172               
0.12632271145569363                0.07338998794381306                0.0014261914416003353              
0.12647127823832058                0.07470747608930377                0.001429562720875201               
0.12661984485109193                0.0712696729378124                 0.0014042092722886795              
0.1267684112938085                 0.0730023084643543                 0.0014224228105270407              
0.12691697756627102                0.07113098291487885                0.0013931192535037511              
0.1270655436682803                 0.07095255318941161                0.0013974187669692447              
0.1272141095996371                 0.0728440785593965                 0.001407368729849145               
0.12736267536014226                0.07156555830088616                0.0014040561958016597              
0.12751124094959648                0.07044526447754455                0.0013834088370878168              
0.12765980636780058                0.0725967870375848                 0.001406798242410077               
0.1278083716145554                 0.07304658034512933                0.0014160462952012246              
0.12795693668966165                0.07247517771115256                0.0014025994305735948              
0.12810550159292017                0.0721300924405346                 0.0013998587816158703              
0.1282540663241317                 0.07203460700978376                0.0013935513112659265              
0.12840263088309706                0.06893937250669112                0.0013768611919033715              
0.12855119526961703                0.07144535437777831                0.0013950020616021735              
0.12869975948349244                0.07066494381167975                0.001383196127236292               
0.12884832352452402                0.07064127542579775                0.0013883293552056897              
0.1289968873925127                 0.06907152409254137                0.0013616928149818917              
0.1291454510872591                 0.0703031771936481                 0.0013946737276440933              
0.12929401460856416                0.06755177446009952                0.0013523885546279364              
0.1294425779562286                 0.06902769778232244                0.001378350356547201               
0.12959114113005324                0.06983754995865156                0.0013876227138469137              
0.12973970412983893                0.06879103666456268                0.0013606656760273975              
0.12988826695538638                0.06913128130319703                0.0013817967965603056              
0.13003682960649648                0.0688887417950261                 0.0013668831643851055              
0.13018539208297003                0.07007168536868201                0.0013857254693555414              
0.13033395438460782                0.07062469550749954                0.0013942102214769133              
0.13048251651121062                0.06652811936739311                0.0013484813983064487              
0.13063107846257932                0.06952398363125993                0.0013833050918083264              
0.13077964023851468                0.06870416085037151                0.0013656423207789575              
0.1309282018388175                 0.07030449949466308                0.0013946999594384338              
0.13107676326328868                0.07022155816605322                0.0013884178607631635              
0.13122532451172894                0.06559309431593262                0.0013372429208018861              
0.13137388558393917                0.06950796023517837                0.0013904373199818733              
0.13152244647972017                0.06944329720842753                0.0013706210545786832              
0.13167100719887273                0.0683211876869631                 0.0013797333901735226              
0.13181956774119763                0.06775117725443208                0.0013596542551919178              
0.13196812810649583                0.06950845002896792                0.00138436681903991                
0.13211668829456807                0.06922505831491378                0.0013870000173231006              
0.13226524830521522                0.06774385683077054                0.001362528782735076               
0.13241380813823803                0.0665121282744006                 0.001355979217172026               
0.13256236779343739                0.06715483949392213                0.0013542475266141573              
0.1327109272706141                 0.06762975512886214                0.0013691243729787178              
0.13285948656956903                0.06874341658158563                0.0013809579735317011              
0.13300804569010294                0.06777659523825579                0.0013718159830651553              
0.13315660463201676                0.06814965785387236                0.001369583009308327               
0.1333051633951113                 0.06619033582813932                0.0013485783540529946              
0.1334537219791874                 0.0685679742551427                 0.0013779897871812742              
0.13360228038404576                0.06787575742277659                0.0013710176105133233              
0.13375083860948744                0.06738671811122501                0.001363087405143051               
0.13389939665531317                0.0701122308459515                 0.0013983347458083567              
0.13404795452132376                0.06740161514579447                0.0013656256384324073              
0.13419651220732015                0.06934318299871538                0.0013888093560146845              
0.1343450697131031                 0.06834320792009137                0.001371535333077027               
0.13449362703847348                0.06970500576290749                0.0013924302003661963              
0.1346421841832322                 0.0682919265250166                 0.0013752220536614557              
0.13479074114717998                0.06687130264334354                0.0013644363525062836              
0.13493929793011783                0.06835544783126642                0.0013843830787397607              
0.13508785453184646                0.06541071839734802                0.0013371421210646483              
0.13523641095216685                0.06779900204143553                0.001379351134438063               
0.13538496719087975                0.06794078043097836                0.0013728912551089392              
0.1355335232477861                 0.06856167770914934                0.0013877062572491875              
0.13568207912268665                0.06825394390296542                0.0013809120447891598              
0.13583063481538238                0.06591502728412438                0.0013452046384515182              
0.13597919032567404                0.06620666210357089                0.0013582461251822374              
0.1361277456533626                 0.065215485809289                  0.001342724036348447               
0.13627630079824887                0.0672064786189472                 0.0013678627019247597              
0.13642485576013377                0.06854808391413862                0.0013857290932433254              
0.13657341053881802                0.06598663696492066                0.0013565900419129993              
0.13672196513410265                0.06951190355467407                0.0014029217019310841              
0.13687051954578844                0.06683122014982082                0.0013562977740374964              
0.13701907377367628                0.06981500022161002                0.0013991010102651854              
0.13716762781756708                0.06628296831876297                0.001357243458915853               
0.13731618167726167                0.06779647739737485                0.0013787292232664168              
0.13746473535256093                0.06881280250449297                0.001393360020890381               
0.13761328884326574                0.06792585502920769                0.0013703532547915376              
0.13776184214917697                0.06766454815633526                0.001378614322449425               
0.13791039527009552                0.06978528846609874                0.0013926453124421417              
0.1380589482058223                 0.06666283103293874                0.0013702020859600616              
0.1382075009561581                 0.06752829230798678                0.0013778415135578214              
0.13835605352090388                0.06864616624599534                0.0013812357519770503              
0.1385046058998605                 0.0667543473862056                 0.0013779168457539875              
0.13865315809282888                0.0679042861411112                 0.0013749638746357908              
0.13880171009960984                0.06478899977438213                0.0013442395542595275              
0.13895026192000431                0.06480041307878293                0.0013491305513373257              
0.1390988135538132                 0.06691872921369892                0.0013679692520145756              
0.13924736500083743                0.06548734187282712                0.0013684836770981512              
0.13939591626087777                0.06668008258721479                0.0013571488910981207              
0.13954446733373518                0.06630057923076575                0.00136709490236824                
0.13969301821921062                0.064932162584149                  0.001346920012053502               
0.13984156891710492                0.06609058578112667                0.0013618966306775                 
0.13999011942721898                0.0678245042464405                 0.0013914365587714074              
0.14013866974935374                0.06559247450175539                0.0013507722026191962              
0.14028721988331003                0.06660428667697521                0.0013745265568295135              
0.14043576982888886                0.06566569151293679                0.0013563123567194389              
0.14058431958589104                0.06641125597411271                0.0013676336987173546              
0.14073286915411753                0.06803829058693422                0.0013873813539191512              
0.14088141853336925                0.06532985129278618                0.001352842993026579               
0.14102996772344703                0.06354309834799629                0.001346203743383515               
0.14117851672415188                0.06457611709959311                0.001346212498822623               
0.14132706553528462                0.06651267191690889                0.0013662501462936465              
0.14147561415664625                0.06709482225780092                0.0013758879958201571              
0.14162416258803764                0.06991642270968283                0.0014045220069497221              
0.1417727108292597                 0.06603515215761256                0.0013748375512626794              
0.14192125888011337                0.06720723105659487                0.0013673117244955885              
0.14206980674039957                0.06659650423055402                0.0013726133029406354              
0.1422183544099192                 0.065353748335447                  0.0013603560710937364              
0.14236690188847323                0.06702575155095447                0.0014319257652076077              
0.14251544917586248                0.06802941990039472                0.0014698974430176523              
0.142663996271888                  0.06382295343446975                0.0014441947963766736              
0.14281254317635064                0.06360686235809253                0.0014646475475403908              
0.14296108988905137                0.06316776252783525                0.0014762208053232936              
0.1431096364097911                 0.06631699455428623                0.0015234220205245553              
0.14325818273837077                0.0652195800185781                 0.0015192013240320395              
0.1434067288745913                 0.06575991897109712                0.0015499761544913557              
0.14355527481825364                0.06305363511822554                0.0015328863250718859              
0.1437038205691587                 0.06407014912549747                0.0015543866062146343              
0.14385236612710747                0.06503047124527775                0.0015735225385678738              
0.14400091149190083                0.06846994554244037                0.0016404987625027658              
0.14414945666333978                0.06483701319643086                0.0016074194676406982              
0.14429800164122517                0.0653532925135563                 0.0016282448083838115              
0.14444654642535806                0.06421364007051902                0.0016108879795034168              
0.14459509101553933                0.0653900092277981                 0.00164246742652623                
0.1447436354115699                 0.06358637074025553                0.0016445362144020268              
0.14489217961325077                0.06073952122141997                0.001620440921984577               
0.1450407236203829                 0.06320379728022346                0.001656389557802607               
0.14518926743276714                0.06538035092951185                0.0016869891173531585              
0.14533781105020457                0.06284129814278443                0.0016879653710873722              
0.14548635447249608                0.062390342175512196               0.001679491554525602               
0.14563489769944266                0.06357493948521509                0.0017163620356516309              
0.1457834407308452                 0.06533275533578951                0.0017386558498277687              
0.14593198356650475                0.06452910665199499                0.0017472235212514953              
0.1460805262062222                 0.06452133540297185                0.001773876683970473               
0.1462290686497985                 0.06121742092899152                0.0017225560159787958              
0.1463776108970347                 0.06424174992819581                0.0017810606728999989              
0.14652615294773166                0.06132851210138043                0.0017402098816005677              
0.14667469480169043                0.0650788862402101                 0.0018154677896202957              
0.14682323645871195                0.06175926224939894                0.0017858151773023168              
0.14697177791859717                0.06223206681347667                0.001785361173101203               
0.1471203191811471                 0.06183590581960141                0.0018047068991761752              
0.14726886024616265                0.06384176396085478                0.0018398890498186134              
0.14741740111344484                0.06249724116003288                0.0018453516504182141              
0.14756594178279467                0.06206342036583064                0.0018373541897243534              
0.14771448225401304                0.06086071269259072                0.0018434178341933457              
0.147863022526901                  0.0615395791449638                 0.0018804413236645657              
0.14801156260125947                0.06292436285137322                0.001882748196160173               
0.1481601024768895                 0.06191382356016069                0.0019070730098091702              
0.14830864215359202                0.059733384204426254               0.001859419031890496               
0.148457181631168                  0.06261008191900826                0.0019321890763007948              
0.1486057209094185                 0.061675316794619475               0.0019435541879623144              
0.14875425998814445                0.059741583007595266               0.0018891947332801337              
0.14890279886714686                0.06466252489172263                0.0019804963951668532              
0.1490513375462267                 0.057569780660661714               0.0018580566811963054              
0.149199876025185                  0.06169901635119131                0.0019688947292561478              
0.1493484143038227                 0.06077120422476913                0.0019482353632862463              
0.14949695238194086                0.06519013263984218                0.0020098978923424916              
0.1496454902593404                 0.06193036208410772                0.0019884640883839114              
0.1497940279358224                 0.05877288019930301                0.0019159411376820268              
0.1499425654111878                 0.06111367459422789                0.0019997005189078478              
0.15009110268523762                0.0608247923507179                 0.0019529663835737218              
0.15023963975777288                0.06235534721140838                0.0020220106717139304              
0.15038817662859452                0.06334176310067614                0.0020594183564578666              
0.15053671329750368                0.059531581279195084               0.0019595058660296935              
0.15068524976430123                0.0614671770815617                 0.002028719145367349               
0.15083378602878825                0.05930566227289654                0.0019478535132802833              
0.1509823220907657                 0.060975037369397266               0.0020313730183902576              
0.15113085795003464                0.06273772138395065                0.00205394078768717                
0.15127939360639608                0.05994830775489863                0.0019971676955884126              
0.15142792905965102                0.06138142202317273                0.0020381366659290114              
0.15157646430960048                0.05885178530117373                0.0019562995378820756              
0.15172499935604547                0.06162521898240961                0.0020599038906445773              
0.15187353419878702                0.06348086613181633                0.00207715739214448                
0.15202206883762617                0.05605966984133888                0.0019353947350237038              
0.1521706032723639                 0.05805781798043698                0.0020103778200119757              
0.15231913750280127                0.060942345167121464               0.0020157936126784623              
0.15246767152873936                0.05669230121457576                0.0019931951655236205              
0.15261620534997902                0.05847552858972987                0.001974578298540636               
0.1527647389663215                 0.06529353180574718                0.0021296401892848347              
0.15291327237756766                0.05764506567771354                0.002027946333832783               
0.15306180558351865                0.06272262745063015                0.0020895936852627734              
0.15321033858397537                0.06003511153866109                0.002081343009431176               
0.153358871378739                  0.05706662582172738                0.0019736905242461024              
0.15350740396761053                0.06027708738011972                0.002102404851450978               
0.15365593635039093                0.05823149492597786                0.00204984570438596                
0.15380446852688134                0.05647379174153193                0.0020117955316078617              
0.15395300049688274                0.056661095127501615               0.002077296533599642               
0.1541015322601962                 0.05637715331464223                0.0020032749121286332              
0.15425006381662276                0.05892538272773187                0.0021235233921234986              
0.1543985951659634                 0.0594926895748987                 0.0021033842114718546              
0.1545471263080193                 0.05833734728748501                0.002075549672060555               
0.15469565724259146                0.05608213339088929                0.002107695640259338               
0.15484418796948088                0.059954545901473776               0.0021065880125530024              
0.15499271848848864                0.06086729528516558                0.0022181275484420243              
0.15514124879941582                0.056711091370499817               0.0020584822057399623              
0.15528977890206347                0.059065379066437676               0.0021496092373253953              
0.15543830879623263                0.056021465551636285               0.0021039303010415007              
0.15558683848172433                0.05600354960295214                0.0021062302570034265              
0.1557353679583397                 0.05725018623713356                0.0021623096913733803              
0.1558838972258798                 0.05432786779777073                0.0020667294924965212              
0.15603242628414563                0.05713417919912403                0.0021517976758873183              
0.15618095513293828                0.059426242781613944               0.0022116157500693336              
0.15632948377205885                0.05494248939613921                0.0021210312780886114              
0.15647801220130841                0.05833719746740068                0.0022144497330266015              
0.15662654042048801                0.05727109042445412                0.002173980863092456               
0.1567750684293987                 0.0586371479291488                 0.002229049901697045               
0.15692359622784158                0.05572044973470834                0.0021905969201383366              
0.15707212381561775                0.05808325784235031                0.0021922112974397416              
0.1572206511925283                 0.054294109846531866               0.002168297888229592               
0.15736917835837416                0.05581792315657629                0.002216812922984297               
0.15751770531295659                0.05701607793875225                0.0022467482173235127              
0.15766623205607658                0.05477363512696087                0.002171915909649168               
0.15781475858753524                0.05217780349781011                0.0021463080400544034              
0.15796328490713368                0.05869856406827907                0.0023023471046463946              
0.15811181101467295                0.05875072523490036                0.0023133075470359037              
0.15826033690995414                0.05409496127709013                0.002188447886029931               
0.1584088625927784                 0.05498896031721039                0.002254327586779972               
0.15855738806294672                0.05633511503109132                0.002288457615952365               
0.15870591332026027                0.0567097669480083                 0.0022793579812349376              
0.15885443836452012                0.057329723177330226               0.0023327133533128388              
0.15900296319552734                0.05557231121774192                0.0022898171923391676              
0.1591514878130831                 0.05827911413145054                0.002351953635213335               
0.15930001221698845                0.057995344846618724               0.00236765003884943                
0.15944853640704448                0.053828570579569704               0.00227062120563983                
0.15959706038305235                0.05890949169623014                0.002400971637448938               
0.15974558414481307                0.05546061974796322                0.0023332458089549007              
0.1598941076921279                 0.05598230079989955                0.002355193095760802               
0.16004263102479782                0.055388848926475914               0.002357505968993616               
0.16019115414262397                0.05681407065808093                0.0023838654492606215              
0.16033967704540744                0.05281576306098873                0.002320591402002365               
0.1604881997329494                 0.05281719364928942                0.0023319360665951393              
0.16063672220505093                0.054698279394199675               0.00236924547986823                
0.16078524446151318                0.05573002269901895                0.0024071703483307485              
0.16093376650213723                0.05034275623212274                0.0022954321018930418              
0.1610822883267242                 0.05472303179490462                0.0024255557396241903              
0.16123080993507524                0.05285661633841828                0.002363819743866586               
0.16137933132699142                0.054606094226375954               0.002439620371738868               
0.16152785250227394                0.05483086242711235                0.002427951397622591               
0.1616763734607239                 0.056302535664825036               0.0024858176757623133              
0.1618248942021424                 0.05671596581931933                0.0025213322200123346              
0.16197341472633062                0.054981094346755126               0.0024737163831090913              
0.16212193503308964                0.05438043198178416                0.0024821157736082122              
0.1622704551222206                 0.056331197318622996               0.0025217307220177206              
0.1624189749935247                 0.05142148051557629                0.002426729704066951               
0.16256749464680298                0.054554467451698                  0.0025271869036124946              
0.16271601408185665                0.05705866515462701                0.0025750215110832446              
0.16286453329848682                0.052799944826008936               0.002500149849154602               
0.16301305229649465                0.057731150420687834               0.002624143200940356               
0.16316157107568127                0.05608825643812224                0.002581671261955378               
0.16331008963584778                0.05702037685750865                0.0026585887793650767              
0.16345860797679546                0.057950171017846594               0.0026340986826293906              
0.16360712609832537                0.05699620035688557                0.0026632575413782183              
0.1637556440002386                 0.05429663534159433                0.0026306805780630773              
0.1639041616823364                 0.056480310635863694               0.002630550320393193               
0.16405267914441987                0.06112898750481477                0.0028256884469975278              
0.16420119638629022                0.05209244978856011                0.0025664107973985815              
0.16434971340774857                0.05446771083984897                0.002667295275489919               
0.16449823020859602                0.05458636308048306                0.0026925467255881075              
0.16464674678863386                0.04767576326042462                0.0024954635018253853              
0.16479526314766318                0.05528342965331524                0.002726930483953341               
0.16494377928548515                0.05689765743564678                0.0027664587727002452              
0.16509229520190094                0.05607316521473586                0.002776035338214792               
0.16524081089671167                0.05277605965338947                0.0027109240908262185              
0.16538932636971862                0.05670390070958072                0.002803827438056941               
0.16553784162072283                0.05412873358012966                0.002751518161628074               
0.16568635664952555                0.052541152981890944               0.002735183171715554               
0.16583487145592796                0.0588703495743867                 0.0029216863926289443              
0.1659833860397312                 0.05866274469987976                0.002936810545431484               
0.1661319004007365                 0.05273241348522593                0.002771554120530562               
0.16628041453874493                0.05531816058172436                0.002871975798455645               
0.1664289284535578                 0.05378269319322554                0.002838541980828633               
0.16657744214497625                0.05478131080440972                0.0028993344225348725              
0.1667259556128014                 0.05602268939267369                0.0029608911381221086              
0.16687446885683452                0.05634938622813647                0.002933431875787361               
0.16702298187687672                0.04837394218962903                0.00277901036767565                
0.16717149467272932                0.05626715021957859                0.002982152997337635               
0.16732000724419338                0.052684703768510435               0.002922421551846081               
0.16746851959107012                0.05776020536104399                0.0030918329071816216              
0.16761703171316078                0.06160909614132555                0.003152195581272598               
0.16776554361026652                0.054894394816511816               0.0030544058328177887              
0.16791405528218858                0.05098560914633433                0.002943655516543317               
0.1680625667287281                 0.05540447410059588                0.0030685700144579844              
0.16821107794968634                0.05827764182175559                0.003208078598138274               
0.1683595889448644                 0.05815775055790885                0.003187025098559264               
0.16850809971406366                0.06109156680584956                0.0032938365340089413              
0.16865661025708517                0.05214063957194058                0.003077764639168343               
0.16880512057373023                0.05061488501879093                0.0030411537008190083              
0.16895363066379998                0.04610014327711348                0.0029452301182887335              
0.16910214052709568                0.0520120948383518                 0.003091798114557152               
0.16925065016341856                0.05030879345318698                0.003114036137856336               
0.1693991595725698                 0.054832675092854596               0.003271043157389361               
0.16954766875435065                0.054935113691684946               0.0032540752944837724              
0.16969617770856224                0.05061897393998812                0.003182387625504042               
0.1698446864350059                 0.05074014223558847                0.003196328520081237               
0.1699931949334828                 0.051802855487454995               0.0032504002398336747              
0.17014170320379415                0.0539512209569895                 0.003371951309811844               
0.17029021124574129                0.04566193431695881                0.0030715540936264783              
0.17043871905912528                0.05225685786064602                0.0033522789947608876              
0.17058722664374745                0.051150357692925655               0.003350971348584029               
0.17073573399940897                0.05084496326049709                0.003352617594449797               
0.17088424112591122                0.05223887813750527                0.0034222826939324254              
0.17103274802305524                0.05170890898731126                0.003417020886805464               
0.17118125469064235                0.05206764479532015                0.0034789158528630614              
0.1713297611284738                 0.04730176222925812                0.0033281403765922065              
0.17147826733635088                0.047662117815134214               0.003404436986795301               
0.17162677331407472                0.0500939620804088                 0.003490211719809322               
0.17177527906144666                0.05097251213048447                0.003534307810109076               
0.1719237845782679                 0.05032761802732562                0.0035676302512409833              
0.17207228986433967                0.05455773109985209                0.003729489719025469               
0.17222079491946324                0.05518872066590757                0.0038451803704455875              
0.1723692997434399                 0.050053951713553875               0.003631295319233666               
0.17251780433607086                0.04755473040862156                0.003584572676634137               
0.17266630869715735                0.051235110972367326               0.003736704513189022               
0.17281481282650069                0.05278278593843126                0.003859859582538005               
0.17296331672390208                0.04402223833757086                0.0036064422858835105              
0.17311182038916287                0.045371013252272774               0.0036442874816116923              
0.1732603238220842                 0.04624925841755534                0.003679393442181185               
0.17340882702246738                0.055860717851478225               0.0041406718935606815              
0.17355732999011372                0.049141853815498                  0.003921946900857414               
0.17370583272482443                0.04193642861393274                0.003678068101694648               
0.17385433522640084                0.0534499359350581                 0.004173738783841506               
0.17400283749464415                0.051913101782304086               0.0041563745733479655              
0.1741513395293557                 0.04861048849650462                0.004065013260774359               
0.1742998413303367                 0.052338535611095784               0.004287739904583219               
0.17444834289738848                0.04832936725371222                0.00419068761664864                
0.17459684423031224                0.0485238346549129                 0.004223457697354548               
0.17474534532890937                0.04999435911830063                0.0042869809269475215              
0.17489384619298107                0.05503203302388736                0.004634533233126285               
0.17504234682232866                0.05722572784944018                0.004785455768093461               
0.1751908472167534                 0.04721613246875372                0.004402927055362445               
0.1753393473760566                 0.04721075784445163                0.004460997302261099               
0.17548784730003958                0.04443106775866889                0.004356824644446459               
0.17563634698850353                0.045417986042906366               0.004497050728733262               
0.17578484644124984                0.04695690131623996                0.004672386314667916               
0.17593334565807975                0.05520761025141899                0.005103945373264681               
0.17608184463879456                0.05680763076780773                0.005297338883572109               
0.17623034338319563                0.04791610331767964                0.00486514317517523                
0.17637884189108416                0.05216444598312873                0.005242724082509089               
0.1765273401622615                 0.044371765572801494               0.004960914205123452               
0.176675838196529                  0.054355528500942475               0.005490737542570726               
0.17682433599368788                0.03817662501087656                0.00477207812635957                
0.17697283355353952                0.04831739402660805                0.005368599336289784               
0.17712133087588516                0.05226178258881586                0.005806864732090651               
0.17726982796052618                0.04372317650837739                0.005423192593613703               
0.17741832480726386                0.04879750896745227                0.005791198860812244               
0.17756682141589947                0.039895567175124255               0.005480077606227874               
0.1777153177862344                 0.058084148858571584               0.006534977311636501               
0.17786381391806994                0.047828562596096844               0.006226748478164015               
0.1780123098112074                 0.05444901710574848                0.006915032087465601               
0.17816080546544807                0.055101519889259126               0.00705502668618115                
0.17830930088059335                0.04886061810683412                0.006841855042829818               
0.17845779605644455                0.05609248101909736                0.007563508597659492               
0.17860629099280295                0.04629460828079645                0.007230003130371396               
0.17875478568946987                0.06674467380584174                0.008840548011758903               
0.1789032801462467                 0.059279936715655984               0.00883693121320616                
0.17905177436293476                0.039863695591706653               0.007402502433889019               
0.17920026833933536                0.06797462075751214                0.010366032484421592               
0.17934876207524983                0.03494418897533315                0.007625447194205025               
0.17949725557047952                0.03754428420925707                0.008613249514511655               
0.17964574882482584                0.04620844978436813                0.010600945418301817               
0.17979424183809004                0.041344491976007126               0.010027512203210541               
0.17994273461007346                0.06639453396104221                0.01448847512418058                
0.18009122714057746                0.051376834155432226               0.014249369993724654               
0.18023971942940345                0.05690984753906265                0.01896994917968755                
0.18038821147635273                0.03952081332816476                0.017674245025571224               
0.18053670328122662                0.04742507912336648                0.027380882198214936               
0.18068519484382653                nan                                nan                                
