#####################################################################################################
# NeXus source file: noemi7
# NXdata: name = img{0}_azimuthalIntegration_Px_20                 
#
#
# Exposure_msec                                     1000.0 + 0.0
# _diffrn_source.source                             Storage Ring SOLEIL, beamline SWING
# _diffrn_sofware                                   Foxtrot 3.5.10-3979
# _diffrn_detector.detector                         EIGER-4M
# _diffrn_comment.comment                           -
# _sas_detc.pixnum_ax                               [1035]
# _sas_detc.pixnum_eq                               [1083]
# _sas_detc.pixsize                                 150.0
# _sas_detc.center_ax                               285.110346632731
# _sas_detc.center_eq                               957.0166664324403
# _sas_detc.dist_spec/detc                          6137.21860334
# _sas_detc.energy                                  12.000505731836514
# _sas_detc.gain                                    1.0
# _sas_detc.detector_based_uncertainty              0.0
# _sas_detc.encoder_delta                           0.0
# _sas_detc.delta0                                  0.0
# _sas_detc.gamma_offset                            0.0
# _sas_detc.wave_length                             1.0331580057586949
# _sas_detc.bias                                    0
# _sas_detc.mask                                    E:\20251487\published-data\3120\2026-09-03_session3\\mask_bags_saxs_12kev_sept26.txt
# Normalization                                     true
# Normalization Factor                              0.02571
# Normalization Monitor                             averagemi8b
# Normalization Intensity                           1.2214667891439285e-06
# GlobalNormalization                               28.380426894565687
# AbsTimeStamps                                     nan
# TimeStamps                                        1.3793869018554688
# gapTime                                           500.0
# step_global_regrid                                nan
# xmax_global_regrid                                nan
# xmin_global_regrid                                nan
# ymax_global_regrid                                nan
# ymin_global_regrid                                nan
#####################################################################################################
q(A-1)                             I(q)30_00224{00000}_AzInt_Px_20    Sig(q)30_00224{00000}_AzInt_Px_20  
0.0                                nan                                nan                                
0.0001486390049044326              nan                                nan                                
0.00029727800960908403             nan                                nan                                
0.000445917013914173               nan                                nan                                
0.0005945560176199183              nan                                nan                                
0.0007431950205265388              nan                                nan                                
0.0008918340224342532              nan                                nan                                
0.0010404730231432808              nan                                nan                                
0.0011891120224538396              43507.99850185076                  19.576953413721377                 
0.001337751020166149               41092.61513144192                  7.767241765175079                  
0.0014863900160804278              38365.06461166153                  5.6069191887365                    
0.0016350290099968942              35774.057509548904                 4.661875437846698                  
0.0017836680017157683              33445.63870799512                  4.628912467880842                  
0.001932306991037268               31340.020143719306                 4.186681582203124                  
0.0020809459777616124              29457.686842179523                 3.745191567473822                  
0.0022295849616890207              27645.017175497873                 3.53387930443107                   
0.0023782239426197124              26018.598033341983                 3.1567385950328806                 
0.0025268629203539046              24562.02688602596                  3.1722942931544957                 
0.0026755018946918183              23214.890707303137                 2.804511680948147                  
0.002824140865433671               21956.772702433682                 2.7144397837645413                 
0.0029727798323796835              20721.884076177343                 2.553266954935547                  
0.003121418795330073               19649.081737509227                 2.3920434737539975                 
0.0032700577540850603              18639.529721697978                 2.369273390347123                  
0.0034186967084448633              17660.544226631642                 2.1158519801523714                 
0.0035673356582097003              16681.490585598043                 2.0638044014926447                 
0.003715974603179794               15825.96546061719                  1.9886859715557041                 
0.00386461354315536                15041.63622419514                  1.886014711552938                  
0.00401325247793662                14273.058608152609                 1.8249910159759601                 
0.004161891407323792               13523.229318817004                 1.6596168876416224                 
0.004310530331117095               12844.823849458397                 1.6413459856440422                 
0.00445916924911675                12210.47908230026                  1.577008425528365                  
0.004607808161122976               11615.711371428302                 1.5037455103847497                 
0.004756447066935991               11054.312069283042                 1.4629210996316702                 
0.004905085966356017               10515.337044393702                 1.3509968294661956                 
0.00505372485918327                10008.383097948074                 1.355258404175325                  
0.005202363745217974               9530.006258878739                  1.2585470004983539                 
0.005351002624260346               9080.475485996838                  1.2343418051133528                 
0.005499641496110608               8635.649843866036                  1.1814356452167298                 
0.005648280360568975               8240.664125081124                  1.1285076366048095                 
0.005796919217435672               7861.591482549514                  1.1246671570613125                 
0.0059455580665109175              7484.441159502944                  1.031204259478357                  
0.00609419690759493                7118.649238758325                  1.0118278294345147                 
0.006242835740487932               6791.064896566766                  0.9842634203069051                 
0.00639147456499014                6490.57472122879                   0.9526474394534192                 
0.006540113380901778               6192.221167166607                  0.917834255790185                  
0.006688752188023065               5911.803282113183                  0.8625254206227759                 
0.0068373909861542195              5656.932827261031                  0.8672783871202667                 
0.006986029775095464               5410.785383629969                  0.8193358390310597                 
0.0071346685546470195              5175.712214520349                  0.7985332970550153                 
0.007283307324609103               4949.351837650247                  0.7741385144331483                 
0.00743194608478194                4739.526256631025                  0.7387504834423207                 
0.007580584834965747               4531.57025623449                   0.7369563032738972                 
0.007729223574960747               4336.967416100749                  0.6899722555377578                 
0.007877862304567157               4149.912785993516                  0.6802476156985074                 
0.008026501023585205               3974.938705270692                  0.6554620070955949                 
0.008175139731815108               3809.654126377512                  0.6339582640324466                 
0.008323778429057087               3655.627089616269                  0.6324761537192393                 
0.00847241711511136                3508.664133546255                  0.5909632004163342                 
0.008621055789778157               3368.981857633304                  0.5807232274482402                 
0.00876969445285769                3236.9697833624014                 0.5660249032027077                 
0.008918333104150186               3115.390292280491                  0.5537400765410198                 
0.009066971743455865               2997.121088758512                  0.5371590093262154                 
0.009215610370574947               2883.2374055755467                 0.5143584461779862                 
0.009364248985307655               2775.8888865658887                 0.5148481616759472                 
0.009512887587454211               2672.8898193792193                 0.49078749071057315                
0.00966152617681484                2577.175038967605                  0.48069216471737813                
0.009810164753189759               2484.4697845529486                 0.4701762116201091                 
0.00995880331637919                2394.750156511563                  0.44929685211269205                
0.010107441866183361               2313.0159457332675                 0.45772638826393547                
0.010256080402402487               2230.00012915087                   0.4264833051094845                 
0.010404718924836796               2151.474195748661                  0.42586448293072143                
0.010553357433286508               2075.9484269762993                 0.40819486668691524                
0.010701995927551847               2006.6142202729611                 0.40177826068291317                
0.010850634407433035               1938.8783458462144                 0.39906000995828644                
0.01099927287273029                1873.437115437532                  0.38047729229754684                
0.011147911323243845               1811.2805050952034                 0.3757640876791437                 
0.011296549758773915               1750.8822636571074                 0.3634642440331187                 
0.011445188179120724               1693.5064357673084                 0.35784269759706977                
0.0115938265840845                 1638.6153781625724                 0.3512427013082961                 
0.011742464973465466               1585.7263148942827                 0.33733788913553936                
0.011891103347063838               1534.554915398548                  0.337748811822188                  
0.012039741704679847               1485.5104092053743                 0.3251824246137221                 
0.012188380046113712               1438.8650530710543                 0.31685180805668534                
0.012337018371165662               1393.1318396753368                 0.31270593857440754                
0.01248565667963592                1350.2221096111286                 0.3036474706233229                 
0.012634294971324705               1307.9349136857695                 0.3020920673683594                 
0.012782933246032245               1267.386686838417                  0.28972817542397866                
0.012931571503558769               1228.351342640895                  0.28712675422896866                
0.013080209743704493               1190.0030940661532                 0.27737533454377933                
0.013228847966269644               1153.1451231676397                 0.27481657630208856                
0.013377486171054451               1117.783184309522                  0.26932147562026126                
0.013526124357859137               1083.8137298999584                 0.26090838884441714                
0.013674762526483924               1050.8649479281992                 0.25714117530099617                
0.013823400676729044               1018.0028879221779                 0.25020121539016416                
0.013972038808394713               986.7622921298679                  0.24895284821021943                
0.014120676921281166               957.2508324982107                  0.23991442583878245                
0.014269315015188622               927.3616798347456                  0.23414979101870279                
0.014417953089917307               899.2273978761472                  0.23332734636776495                
0.014566591145267453               872.1931764501277                  0.22632009875002748                
0.014715229181039282               845.720675599069                   0.22360565839867633                
0.014863867197033016               820.3246883807212                  0.2164426252777754                 
0.015012505193048892               794.7201749248474                  0.21183969732303257                
0.015161143168887127               770.2026816113363                  0.21058108769130207                
0.01530978112434795                746.6016974060316                  0.20322043313206273                
0.01545841905923159                723.6710540859203                  0.20198691438693797                
0.015607056973338276               700.9410946917252                  0.1940356477843469                 
0.015755694866468228               679.3481130987643                  0.19264558204828255                
0.015904332738421678               658.5183463815274                  0.18981641710634795                
0.01605297058899886                637.8382642170759                  0.18287883889250703                
0.016201608417999988               617.7096981761453                  0.18173658060773393                
0.0163502462252253                 597.8653465498942                  0.17523970983459494                
0.016498884010475022               579.6025065436161                  0.1752456474543104                 
0.01664752177354938                561.3170083375751                  0.16967533341130064                
0.0167961595142486                 543.1068809185049                  0.1651076207477313                 
0.016944797232372917               525.7819358660374                  0.1638593968647314                 
0.017093434927722556               508.63007351490086                 0.15899043998981263                
0.017242072600097746               492.07066635711976                 0.15794813133088048                
0.01739071024929872                475.7944273499143                  0.15133777224032008                
0.017539347875125698               460.2967961458669                  0.14998388229463055                
0.017687985477378917               444.90831263751755                 0.14714966253331502                
0.01783662305585861                430.2255201973237                  0.14283907110576005                
0.017985260610364994               415.6764943597068                  0.1419397104020072                 
0.018133898140698313               401.62377227963026                 0.13609947826297722                
0.018282535646658788               388.0221745888474                  0.1352886781629769                 
0.018431173128046652               374.303033035405                   0.13190783738867848                
0.018579810584662137               361.37439685115754                 0.12842915291306695                
0.01872844801630547                348.73237238763284                 0.12698788020323898                
0.018877085422776888               336.5891908402103                  0.1251687223255542                 
0.01902572280387662                324.83059838984303                 0.125820974182879                  
0.019174360159404893               313.1164957099925                  0.12177560115191104                
0.019322997489161938               301.50999182792617                 0.11981986363677577                
0.019471634792947997               290.80245129137313                 0.12230596059968589                
0.019620272070563285               280.0624102302957                  0.11959053094174832                
0.019768909321808054               269.713956632933                   0.11963593559175775                
0.019917546546482524               259.4918684123512                  0.11587302702334144                
0.020066183744386925               249.94348094247337                 0.11604491560048186                
0.0202148209153215                 240.4472217144758                  0.11560041406017729                
0.020363458059086476               231.32336257868548                 0.11121445324665621                
0.020512095175482088               222.2376512289479                  0.11229418376143568                
0.020660732264308566               213.4017264123275                  0.1069819665695656                 
0.02080936932536615                205.0498068265796                  0.10892194495284915                
0.020958006358455062               197.16961158986933                 0.10585674900476466                
0.02110664336337555                189.29178239470653                 0.10313986802911485                
0.021255280339927837               181.32483726484142                 0.10225923983749499                
0.02140391728791216                173.96081176551093                 0.09919191212229952                
0.021552554207128764               166.8083042342894                  0.0998954747732034                 
0.02170119109737787                160.05333033012727                 0.09615284210545351                
0.021849827958459727               153.0930912535628                  0.09419345980813133                
0.021998464790174553               146.43251046107946                 0.09351635011503837                
0.022147101592322593               140.27371940073368                 0.0903122582770853                 
0.022295738364704085               134.4374158787955                  0.08783564775868756                
0.022444375107119267               128.77666497831984                 0.08348780962602091                
0.022593011819368364               123.10845356182496                 0.08207219294503233                
0.022741648501251623               117.67859667685678                 0.08024184383866387                
0.022890285152569273               112.26761369507982                 0.07621647212057338                
0.02303892177312156                107.07440446150547                 0.07555049545601347                
0.023187558362708714               102.16444179655969                 0.07223049832264022                
0.02333619492113097                97.60234178844868                  0.07213146009641924                
0.023484831448188578               92.9678957872954                   0.06885300074958757                
0.023633467943681763               88.38701446825456                  0.06742864052305973                
0.023782104407410774               84.16839868183061                  0.06579982912353735                
0.023930740839175842               80.11320180333823                  0.06318848156396199                
0.024079377238777205               76.20191791621824                  0.06265425130664173                
0.024228013606015102               72.33720078714798                  0.05974856116891861                
0.024376649940689773               68.80061999188794                  0.05859891795743594                
0.024525286242601464               65.1977069178063                   0.057084399588742694               
0.024673922511550404               61.89124805750864                  0.05477007234221408                
0.024822558747336843               58.701224436934304                 0.05439775250444557                
0.024971194949761022               55.61887795581101                  0.051324020949662916               
0.025119831118623162               52.705981396708395                 0.05118031209971867                
0.025268467253723528               49.80518471435179                  0.04923389053458564                
0.025417103354862348               47.11906565760947                  0.04720808963822347                
0.02556573942183986                44.524017751490994                 0.04648631894568445                
0.02571437545445632                42.015360493689954                 0.044078105788183344               
0.025863011452511953               39.72772063783067                  0.04406315810380143                
0.026011647415807016               37.544204830204336                 0.042026869682097436               
0.02616028334414174                35.38372446185942                  0.04077253420326299                
0.026308919237316375               33.34632537296939                  0.039528624779955994               
0.026457555095131157               31.392874310381732                 0.03827707717093865                
0.026606190917386335               29.585505404881445                 0.03735734195825522                
0.026754826703882146               27.810523408534213                 0.0355590845939261                 
0.026903462454418846               26.17372698298858                  0.034631119151387564               
0.027052098168796664               24.590111290571393                 0.03385449442365201                
0.027200733846815844               23.081064539013823                 0.03231143476652569                
0.027349369488276647               21.763434871540756                 0.03153796425253195                
0.0274980050929793                 20.47791832961517                  0.030454417847928645               
0.027646640660724066               19.16072397637314                  0.029364482112760312               
0.02779527619131117                18.00074122012724                  0.028626750706800562               
0.027943911684540874               16.9535531547216                   0.027464088532684085               
0.02809254714021341                15.91434377962038                  0.026609043612005338               
0.02824118255812904                14.9635228848329                   0.025769395860211937               
0.028389817938087997               14.089950767408585                 0.0249587719799108                 
0.028538453279890536               13.20093496553361                  0.024128296826174678               
0.0286870885833369                 12.451158858374102                 0.023374638344778976               
0.02883572384822734                11.775030317222216                 0.022549338113463584               
0.028984359074362098               11.067043919514909                 0.02214777939869824                
0.029132994261541426               10.472126685374358                 0.02117461579051661                
0.029281629409565572               9.913555795932828                  0.020779665683457783               
0.029430264518234783               9.38889240908254                   0.020172516272988137               
0.029578899587349307               8.957365925965137                  0.019559665672732738               
0.029727534616709395               8.56797363475112                   0.01921147587924926                
0.029876169606115298               8.128764256384796                  0.018532228144684817               
0.030024804555367265               7.820548032812813                  0.018188403096242502               
0.03017343946426554                7.492400538388741                  0.017845625882068533               
0.030322074332610385               7.204815350638609                  0.017478717010982945               
0.03047070916020204                6.955976162427957                  0.017011243155357552               
0.030619343946840766               6.755272013549987                  0.016813733902168882               
0.03076797869232679                6.602163457238972                  0.016524267397121362               
0.030916613396460405               6.448736193836315                  0.01650643310894134                
0.031065248059041834               6.306879825581245                  0.016047261037091195               
0.031213882679871328               6.219549444334289                  0.016085585592153902               
0.031362517258749154               6.114857445517361                  0.015801087251756194               
0.031511151795475555               6.093505260608004                  0.015773478576899546               
0.031659786289850785               6.075786391887094                  0.015814801007882576               
0.03180842074167511                6.059881667702239                  0.015586086530773457               
0.03195705515074876                6.054344416168559                  0.015686409384326458               
0.03210568951687201                6.116215951277454                  0.0157391543807609                 
0.032254323839845105               6.177999989426541                  0.015746222864347015               
0.03240295811946831                6.200269775924277                  0.01581063678127965                
0.032551592355541864               6.289207390824703                  0.015718156424400425               
0.032700226547866036               6.398093058397198                  0.016070082626404837               
0.03284886069624108                6.462625372191278                  0.015986952323552375               
0.03299749480046724                6.564384478744467                  0.01611232748216086                
0.033146128860344785               6.707770006821633                  0.016250913472611664               
0.033294762875673976               6.7967178849827246                 0.01626768046312029                
0.03344339684625505                6.968116436900854                  0.016694373806019246               
0.0335920307718883                 7.101886804979597                  0.016537764451593873               
0.03374066465237394                7.257885399849708                  0.016810526972835547               
0.03388929848751226                7.387176145719333                  0.016894387878527976               
0.034037932277103514               7.531370979556905                  0.017096012930559953               
0.03418656602094795                7.676551993049867                  0.017326926506061283               
0.034335199718845834               7.879992154061675                  0.01777335336971757                
0.034483833370597426               8.051321268190993                  0.018194669783949593               
0.03463246697600298                8.202401996150307                  0.018396817108953464               
0.03478110053486277                8.340205419276598                  0.018738155418366122               
0.034929734046977044               8.517819116274318                  0.018902787269892328               
0.03507836751214607                8.687266781916849                  0.018566774867904007               
0.0352270009301701                 8.868396141037616                  0.018908988285841578               
0.03537563430084941                9.039829621122475                  0.018834041091930657               
0.03552426762398426                9.20243458386087                   0.01905580465873511                
0.035672900899374894               9.324529219139162                  0.01901223881446953                
0.0358215341268216                 9.508182808122625                  0.01910421776462741                
0.03597016730612462                9.703366655077762                  0.019523916090270283               
0.036118800437084236               9.834062598304158                  0.01924113058995155                
0.036267433519500715               9.981357135966691                  0.019563167073299612               
0.036416066553174295               10.108531492314544                 0.019476613913969463               
0.036564699537905254               10.241322307550238                 0.019677611124526463               
0.03671333247349387                10.398799037224789                 0.019828325751446413               
0.036861965359740394               10.535491295894975                 0.019768244260144244               
0.037010598196445095               10.701139884636374                 0.019965125939572614               
0.037159230983408245               10.743426497523268                 0.01999397375569179                
0.03730786372043011                10.915811223760262                 0.02012190071677637                
0.03745649640731094                11.027444569204572                 0.020129409373507948               
0.037605129043851035               11.116368836668432                 0.020054183659261673               
0.03775376162985063                11.220392022397185                 0.02032596331860774                
0.03790239416511001                11.282529437777448                 0.020234701996027993               
0.03805102664942944                11.394710840953527                 0.02036654050100917                
0.038199659082609194               11.501665633269528                 0.02035702597981986                
0.038348291464449534               11.541871331264012                 0.02033031251043762                
0.03849692379475074                11.574194045266378                 0.02050515717342334                
0.03864555607331307                11.671956908035602                 0.020413475527070617               
0.0387941882999368                 11.699559218014985                 0.020427257810139397               
0.03894282047442221                11.75317761857729                  0.02026988467728763                
0.03909145259656955                11.739937345735216                 0.020514461767830554               
0.03924008466617912                11.8281505127096                   0.02035464487221908                
0.03938871668305117                11.861607067805826                 0.02025297732378985                
0.03953734864698598                11.866333000903214                 0.02027692498394084                
0.03968598055778383                11.882639047009976                 0.020172195751699727               
0.03983461241524497                11.863826124389226                 0.020264832127949033               
0.0399832442191697                 11.895675118421549                 0.02010526429587235                
0.040131875969358285               11.909722614141794                 0.02000174109633245                
0.040280507665611                  11.79791794886753                  0.02003215332156048                
0.040429139307728124               11.793192969542716                 0.01991315133437306                
0.04057777089550993                11.79798451635608                  0.02005158376026172                
0.040726402428756685               11.747504205598831                 0.019696802964650293               
0.04087503390726868                11.701566032828307                 0.019892684137772707               
0.04102366533084617                11.667836104585136                 0.01981651036799758                
0.041172296699289464               11.627438612052389                 0.019623509545232225               
0.04132092801239882                11.579069873300286                 0.019712774913297624               
0.04146955926997452                11.458016309795838                 0.01948002848846409                
0.04161819047181683                11.409230658801537                 0.019530513728368334               
0.041766821617726047               11.33345702552621                  0.01945632771717003                
0.041915452707502444               11.239499650780541                 0.019194432131260125               
0.042064083740946306               11.148616620911227                 0.01917024922319572                
0.0422127147178579                 11.039817567228411                 0.01902317256524063                
0.04236134563803752                10.947482941205642                 0.01894345752135021                
0.042509976501285435               10.888481057038744                 0.019281919012411677               
0.04265860730740194                10.791727222120032                 0.019280319541994453               
0.042807238056187316               10.672982467077583                 0.01945164712014682                
0.04295586874744183                10.554370365342995                 0.019362753544937786               
0.043104499380965784               10.410234751918614                 0.019327755318819757               
0.04325312995655945                10.343952794314268                 0.019207542689354824               
0.04340176047402311                10.173831235193603                 0.019254673353715522               
0.04355039093315706                10.079888552218327                 0.01914578679420762                
0.043699021333761565               9.958757825205018                  0.018981497110386072               
0.04384765167563693                9.811896420400265                  0.01900763041952842                
0.04399628195858344                9.661106071749499                  0.018666965670713874               
0.044144912182401366               9.506499706878175                  0.018719277147974393               
0.04429354234689099                9.366084122444224                  0.01851286781076988                
0.044442172451852634               9.221145711672593                  0.018340527056019636               
0.04459080249708656                9.062860543585023                  0.018220200926338328               
0.044739432482393045               8.948068442776913                  0.018095045160562276               
0.044888062407572406               8.772980878557778                  0.018144670200273865               
0.04503669227242491                8.630335629709208                  0.017697528854900266               
0.04518532207675085                8.53022131986297                   0.017882356233937004               
0.04533395182035053                8.341369016005302                  0.01758073576575046                
0.04548258150302422                8.160604558859538                  0.0174443189751622                 
0.04563121112457223                8.037656955368268                  0.017489126378142525               
0.045779840684794834               7.880949566558214                  0.017061769971392964               
0.045928470183492345               7.679612613954034                  0.01708594111499346                
0.04607709962046502                7.575879170372284                  0.016942764782949173               
0.046225728995513186               7.394108295557958                  0.016702397774549176               
0.046374358308437114               7.249911386093869                  0.0165742678517621                 
0.04652298755903712                7.094502312884882                  0.016273634960008155               
0.046671616747113474               6.960849416297372                  0.016373076618800726               
0.046820245872466484               6.739230087970439                  0.015877771031264833               
0.04696887493489644                6.621416509437952                  0.01578031343679217                
0.04711750393420365                6.455621260695725                  0.015598157679562519               
0.047266132870188396               6.301954203239698                  0.015233225327127939               
0.04741476174265097                6.149145627257002                  0.015207153555700561               
0.047563390551391686               6.007038186470136                  0.014849267872225643               
0.04771201929621082                5.87847002155552                   0.01475884874789432                
0.047860647976908685               5.70207313650031                   0.014558711323418235               
0.04800927659328559                5.570236577468332                  0.014203364663523843               
0.048157905145141816               5.404779682974944                  0.01417410977957064                
0.04830653363227766                5.284136042905893                  0.013812528134335728               
0.04845516205449344                5.142729023823359                  0.013811671298231692               
0.04860379041158943                4.957265009979094                  0.013581802840818613               
0.04875241870336596                4.877171361393137                  0.013256413752064761               
0.04890104692962332                4.709710356333819                  0.013175883669359055               
0.04904967509016181                4.578171359406709                  0.012876603662838187               
0.04919830318478172                4.425879259739811                  0.012792787497017535               
0.049346931213283374               4.317200480990831                  0.012542954749233573               
0.049495559175467066               4.218328306385514                  0.012360210925607146               
0.0496441870711331                 4.069564711188375                  0.012196850643348687               
0.049792814900081785               3.9600023126748227                 0.011945124093644522               
0.04994144266211342                3.8323458493108475                 0.011873044539079369               
0.05009007035702831                3.701219610600018                  0.011512973711846168               
0.05023869798462676                3.585493583690153                  0.01141304090934362                
0.050387325544709094               3.4932577313286206                 0.011312033339401542               
0.050535953037075594               3.3788069347551004                 0.011050766708959619               
0.050684580461526595               3.2888009981905633                 0.010913788675509057               
0.05083320781786236                3.1573721208971866                 0.010612011406832373               
0.05098183510588326                3.077683936896218                  0.010584924363351574               
0.05113046232538955                2.9715592455564095                 0.010331687351166718               
0.05127908947618157                2.8673821948486466                 0.010174933504746748               
0.05142771655805962                2.7837261069253025                 0.010040854226073467               
0.05157634357082401                2.7140353348145827                 0.009828881909883649               
0.05172497051427505                2.616241196791705                  0.009764269414902129               
0.051873597388213066               2.536180486082498                  0.009449031051219666               
0.05202222419243834                2.4583333204804547                 0.009368631997137283               
0.05217085092675122                2.3640363159984465                 0.009234094165758223               
0.052319477590952006               2.2757481477044843                 0.009014012756652867               
0.05246810418484102                2.2138458091355195                 0.008886075429502161               
0.05261673070821854                2.145643352300061                  0.008717303123079624               
0.052765357160884915               2.113021943932411                  0.008663856011472263               
0.052913983542640465               2.0255438634997374                 0.008495479125190412               
0.05306260985328549                1.9650463918608656                 0.008401701268927577               
0.05321123609262031                1.9018747383902461                 0.00821132491889498                
0.053359862260445236               1.8535056851202292                 0.008069787687155204               
0.05350848835656059                1.7954082815081767                 0.007990253145051614               
0.05365711438076671                1.7518545534453736                 0.007849302322185024               
0.05380574033286389                1.7046890387316969                 0.007762311019707166               
0.05395436621265246                1.6667889486090817                 0.007671692932567158               
0.054102992019932725               1.6355465840691112                 0.007591852759191825               
0.05425161775450505                1.5738765821886664                 0.0074810915374091845              
0.0544002434161697                 1.552510047026636                  0.007305868961742291               
0.054548869004727024               1.5015895795195748                 0.0072779593039789875              
0.054697494519977345               1.4765064004895012                 0.007220533435244006               
0.054846119961720986               1.440310558200674                  0.007106603275099759               
0.05499474532975826                1.4184313369026451                 0.007066498875429224               
0.055143370623889514               1.3906232056551513                 0.006901037178815431               
0.05529199584391504                1.3733349604164893                 0.006956738853859438               
0.05544062098963519                1.3444090701128695                 0.006818615992942337               
0.055589246060850264               1.3250158010322304                 0.006809473696084827               
0.05573787105736062                1.3019335013545998                 0.006726564681422765               
0.05588649597896656                1.295980763008474                  0.006671809573850085               
0.056035120825468424               1.2776440860372518                 0.006689969621962726               
0.05618374559666653                1.2767825186685213                 0.00662221264123389                
0.056332370292361225               1.2613376831944003                 0.006624139173300402               
0.05648099491235282                1.2547542325745198                 0.006568043725675788               
0.05662961945644166                1.2274049352743457                 0.006505598639837359               
0.05677824392442804                1.2357432801236896                 0.006566324961222047               
0.056926868316112336               1.2344907253279354                 0.006467647244853214               
0.057075492631294855               1.2269247165575539                 0.006504332554033892               
0.05722411686977594                1.2318403621700516                 0.0064794228509308955              
0.05737274103135591                1.2199134275483363                 0.006488901210363491               
0.057521365115835124               1.2225429198668802                 0.006473738880540365               
0.05766998912301387                1.2254061370417197                 0.006446917022363142               
0.057818613052692536               1.2224032549909134                 0.0065050904525436265              
0.05796723690467142                1.2422140816132834                 0.006459971640241837               
0.05811586067875089                1.2442459003342003                 0.006530957164955231               
0.05826448437473124                1.2466675022250377                 0.006508881679236287               
0.05841310799241284                1.2543368861151645                 0.00650072572744436                
0.05856173153159601                1.2629490759527924                 0.00658948886824106                
0.05871035499208109                1.2577366787890376                 0.006490944388720101               
0.058858978373668436               1.2691688381681283                 0.006573710500612482               
0.05900760167615837                1.291639047735755                  0.0065778492513729955              
0.059156224899351226               1.2959309881412873                 0.006601333197943109               
0.059304848043047365               1.308370432970025                  0.006680926791848063               
0.05945347110704712                1.3225080313871884                 0.006646524312643697               
0.05960209409115083                1.3234813917462525                 0.00668390848101621                
0.05975071699515884                1.3428157583510623                 0.006694193103364507               
0.0598993398188715                 1.3550598784069596                 0.006766424280641125               
0.060047962562089136               1.376319406121691                  0.006770785836506176               
0.06019658522461209                1.3770839588592398                 0.006769470206743102               
0.06034520780624073                1.388472316958887                  0.006839516155576009               
0.06049383030677538                1.3948336520180815                 0.006993602509593868               
0.0606424527260164                 1.413644333570293                  0.007148101268047896               
0.060791075063764154               1.41788662863562                   0.007195818188649748               
0.06093969731981895                1.4274951616353564                 0.007265476736112954               
0.06108831949398115                1.4519549141667296                 0.007433519349373614               
0.0612369415860511                 1.4498413991798005                 0.007412118232185546               
0.06138556359582917                1.4650272167625271                 0.007548879142126742               
0.061534185523115695               1.4852597659003763                 0.007575785590266336               
0.061682807367711034               1.492673685819681                  0.007687966495000433               
0.061831429129415506               1.4991416209766641                 0.007739470458517557               
0.061980050808029506               1.5034456268529255                 0.007728699535785235               
0.06212867240335336                1.5200158036575948                 0.007873932972972111               
0.06227729391518745                1.5313018315756106                 0.007839851544777912               
0.06242591534333208                1.5440068837565895                 0.008058003765136395               
0.06257453668758765                1.5548245702214694                 0.008014772598098721               
0.06272315794775449                1.54575366443554                   0.007977346326714162               
0.06287177912363298                1.5666699927521202                 0.00813637746885062                
0.06302040021502343                1.56282424978394                   0.008111811641750115               
0.06316902122172624                1.56330548844627                   0.008186753208636363               
0.06331764214354177                1.5714588627455515                 0.007906067066436007               
0.06346626298027035                1.591423299908701                  0.007924888112572543               
0.06361488373171235                1.5885709695636512                 0.007843480004419399               
0.06376350439766815                1.5864735430666757                 0.00779135419142818                
0.06391212497793805                1.5906958581228063                 0.007780626977352567               
0.06406074547232249                1.6054670288726933                 0.007713244841718996               
0.06420936588062177                1.5963664124696797                 0.007723911566080855               
0.0643579862026363                 1.6041888242451126                 0.0076980472501653905              
0.06450660643816641                1.608666463638404                  0.00767267929313212                
0.06465522658701248                1.5958482563109482                 0.007665971178676674               
0.06480384664897484                1.5917435108115463                 0.0075968042395931626              
0.06495246662385391                1.6078560624980223                 0.00766280229591738                
0.06510108651145002                1.603296025714334                  0.007581549292401592               
0.06524970631156356                1.6015246596472952                 0.0075735116937943716              
0.06539832602399485                1.5885027230312705                 0.007561898459342908               
0.0655469456485443                 1.5916481860350897                 0.00755396828750667                
0.06569556518501228                1.5879483455856263                 0.007529881782020682               
0.06584418463319913                1.575018877843056                  0.0074280122662064045              
0.06599280399290525                1.5930542650095185                 0.0074667127316675                 
0.06614142326393099                1.5685601376098373                 0.0074386976891766135              
0.06629004244607672                1.5760499792589489                 0.007452710175412866               
0.06643866153914282                1.5597070632251115                 0.0074028758545950915              
0.06658728054292967                1.5551333815084942                 0.007273334006690861               
0.06673589945723764                1.5506093167142396                 0.00737024570311342                
0.06688451828186709                1.5297717896690453                 0.007295222434202212               
0.06703313701661841                1.5244906966870762                 0.007243400906880218               
0.06718175566129193                1.5192834139526314                 0.0072523006074232815              
0.0673303742156881                 1.502867643572643                  0.007195368064518928               
0.06747899267960726                1.4985432093910114                 0.00717449925935778                
0.06762761105284978                1.4772618400749893                 0.00706508518926084                
0.06777622933521604                1.481303539737608                  0.007136595670766967               
0.06792484752650643                1.4582454451155935                 0.00702958710631921                
0.0680734656265213                 1.4615922125794203                 0.007071732884847574               
0.0682220836350611                 1.436797535777512                  0.006977705667852264               
0.06837070155192615                1.4194101523347884                 0.006885879701336673               
0.06851931937691683                1.4067479800988019                 0.006897729786518523               
0.06866793710983354                1.405992542521384                  0.006876111863953366               
0.06881655475047667                6.693511476375203                  0.015024537328201575               
0.06896517229864657                1.356560912905574                  0.006760615454812491               
0.06911378975414369                1.3623961683002108                 0.006717590097053187               
0.06926240711676834                1.3286052232082501                 0.006677841649591211               
0.06941102438632095                1.3241087274695649                 0.006600852958281984               
0.06955964156260189                1.2967016876614463                 0.006590909067112746               
0.06970825864541157                1.2754630709923689                 0.006472430823257933               
0.06985687563455034                1.2701869785757762                 0.006483246599262371               
0.07000549252981861                1.2430082467017847                 0.006398509452925759               
0.07015410933101678                1.2237080960470152                 0.006295907695636549               
0.07030272603794524                1.2024067703135504                 0.0062990368233494095              
0.07045134265040434                1.2022525776153679                 0.006254864146741203               
0.07059995916819455                1.1784495029867161                 0.006215637705958951               
0.07074857559111615                1.155594924672786                  0.006143653469366053               
0.07089719191896963                1.1378826230056924                 0.006035175163342918               
0.07104580815155535                1.1211727935075058                 0.006065535190821488               
0.07119442428867372                1.1094098385136508                 0.005967329440485186               
0.07134304033012509                1.081189181750918                  0.005909814311023183               
0.0714916562757099                 1.0680273075550157                 0.005887241044208509               
0.07164027212522854                1.0454964964932898                 0.005771908883576486               
0.0717888878784814                 1.0396660677422955                 0.005824665425583273               
0.07193750353526884                1.0166699906077528                 0.00568664656762395                
0.07208611909539134                0.9923613203593779                 0.005646351413139575               
0.07223473455864923                0.9742634096244794                 0.0055971817761860795              
0.07238334992484297                0.9647298109074925                 0.005579923077549709               
0.07253196519377289                0.9438178982181251                 0.005542002885826971               
0.07268058036523947                0.9295956503326549                 0.005401249322880002               
0.07282919543904304                0.9046377571465202                 0.005381222476981479               
0.07297781041498405                0.8997391145226873                 0.005361767613799548               
0.07312642529286288                0.8792316690535867                 0.005293119901374701               
0.07327504007247997                0.856767278470097                  0.00522506500702456                
0.07342365475363567                0.8462771382274259                 0.005151232670409161               
0.07357226933613044                0.8214814610897267                 0.0051209738350853715              
0.07372088381976465                0.8087962843035197                 0.0050538910965950016              
0.07386949820433873                0.7990480442351272                 0.005007663805709504               
0.07401811248965308                0.7851303990454145                 0.004944091193656572               
0.07416672667550812                0.7621702876557396                 0.004897291773863713               
0.07431534076170422                0.7411889683702735                 0.004844579300415802               
0.07446395474804186                0.7358000000431262                 0.004761088477739082               
0.07461256863432139                0.7208364999706205                 0.00472276232921813                
0.07476118242034327                0.697001482003306                  0.004619755086667674               
0.07490979610590787                0.6900709899235418                 0.0046127904857007395              
0.07505840969081562                0.6777616127836619                 0.004569467861216099               
0.07520702317486694                0.6614116519231804                 0.004486647948636915               
0.07535563655786226                0.6565956071012196                 0.004466430094734892               
0.07550424983960197                0.6422218914258903                 0.004407784331457319               
0.0756528630198865                 0.6277408654926184                 0.0043747398130328735              
0.07580147609851624                0.6149916551050414                 0.004300430649641366               
0.07595008907529169                0.5956051608997631                 0.004226702048584133               
0.07609870195001317                0.5904552426694376                 0.004228229402552858               
0.07624731472248115                0.5775166912348982                 0.004147932094185978               
0.07639592739249607                0.5696167124038303                 0.004128199300959952               
0.07654453995985831                0.5645857216369737                 0.004094319462110215               
0.0766931524243683                 0.5500436862676666                 0.004044657552946596               
0.07684176478582651                0.5418688580920399                 0.004033254148112553               
0.07699037704403329                0.534406021124159                  0.003978367821040972               
0.07713898919878912                0.5194550884139459                 0.003933911401790022               
0.0772876012498944                 0.5094585803589963                 0.0038617516765507382              
0.07743621319714959                0.5043997912557268                 0.0038797688289464376              
0.07758482504035506                0.5004016259131233                 0.003856208998013705               
0.0777334367793113                 0.49655601166051255                0.0038157124901995795              
0.0778820484138187                 0.4813844845647654                 0.0037774530572509154              
0.0780306599436777                 0.4818275963501769                 0.0037555777279604627              
0.07817927136868873                0.4771351434160771                 0.00376550064199576                
0.07832788268865222                0.4668777501608022                 0.0036922621317370986              
0.07847649390336861                0.460069894530059                  0.003660698828563649               
0.07862510501263834                0.4557719857899882                 0.003678692083031094               
0.07877371601626182                0.45533002432879444                0.003637290038514663               
0.0789223269140395                 0.445140681442289                  0.003611280520419829               
0.07907093770577181                0.45269586731429984                0.0036237708613944836              
0.0792195483912592                 0.44105005902216315                0.003578330157986164               
0.07936815897030208                0.4349772889158338                 0.0035787571870170417              
0.07951676944270093                0.431983965083534                  0.003528310604680593               
0.07966537980825614                0.43293889825838155                0.0035482027451457275              
0.07981399006676818                0.42763709086862467                0.0035119532225169406              
0.07996260021803749                0.4283293960093244                 0.003533642759238091               
0.0801112102618645                 0.4258398857658746                 0.003516097310830453               
0.08025982019804966                0.4285591432015956                 0.0034971895719120285              
0.0804084300263934                 0.42720872998437726                0.003523198726218352               
0.08055703974669619                0.428001507824291                  0.0034991695587792354              
0.08070564935875844                0.4213442014760942                 0.003494617330507612               
0.08085425886238064                0.42291018619533693                0.0034754785100415586              
0.0810028682573632                 0.419911637975198                  0.003463137237885966               
0.08115147754350657                0.4188117850817517                 0.003476963675747118               
0.08130008672061122                0.42168123789465123                0.0034732459371676996              
0.08144869578847758                0.4188813640212208                 0.0034602935679871683              
0.0815973047469061                 0.42823184560887345                0.0034902216229232737              
0.08174591359569723                0.4288343982489801                 0.00349408830243747                
0.08189452233465144                0.4274081357493949                 0.003498178542509161               
0.08204313096356916                0.426061111763635                  0.0034757633861569118              
0.08219173948225086                0.4302139513309936                 0.003502539524292372               
0.08234034789049698                0.43121934678872226                0.0034841528941099422              
0.08248895618810799                0.42462303053280415                0.0034768977319359637              
0.08263756437488433                0.43128013048648184                0.0034969936459279616              
0.08278617245062646                0.43613656366050807                0.0035025682949137594              
0.08293478041513484                0.4399586296617163                 0.0035291682255982233              
0.08308338826820992                0.4399233341552082                 0.0035107468242790065              
0.08323199600965217                0.4402426069928609                 0.0035303105528140225              
0.08338060363926207                0.4377108675254122                 0.0035019110696841308              
0.08352921115684006                0.4437744641645873                 0.003524684725277139               
0.08367781856218658                0.4440146584491689                 0.0035482588597871476              
0.08382642585510211                0.45139095807690355                0.003561886568921317               
0.08397503303538713                0.4563279129650139                 0.003564300484620381               
0.08412364010284208                0.4521215869256448                 0.0035325233248322215              
0.08427224705726745                0.46160410521268813                0.003591950751300788               
0.08442085389846368                0.460350215348511                  0.0035899187269734477              
0.08456946062623125                0.46497631850582                   0.0036021954185728113              
0.08471806724037062                0.46378260500996643                0.0035904703949715213              
0.08486667374068227                0.4677181755238105                 0.003592945634608738               
0.08501528012696667                0.4699171246375299                 0.0036255972330915655              
0.08516388639902428                0.46915621790125017                0.0035942490747416186              
0.08531249255665557                0.47684241049474807                0.0036292487795309856              
0.08546109859966101                0.4719524156623496                 0.003617688707135231               
0.08560970452784111                0.4793950758304032                 0.0036163513179528132              
0.08575831034099632                0.4801754584619181                 0.003654828336635634               
0.08590691603892707                0.48305477576305467                0.0036343543358090947              
0.0860555216214339                 0.4884068180175913                 0.003667259437883774               
0.08620412708831726                0.48336425307460174                0.0036539947050369956              
0.08635273243937762                0.49119776522250197                0.0036705643258742714              
0.08650133767441548                0.4957205217991477                 0.0036845598382638355              
0.08664994279323132                0.49065322887961915                0.003648710614046165               
0.08679854779562558                0.49825356014941535                0.0036882383232178734              
0.08694715268139878                0.491870806390777                  0.0036903575085517                 
0.08709575745035139                0.5007212925516171                 0.003685961557735313               
0.0872443621022839                 0.5041109952917064                 0.0037026968759045834              
0.08739296663699678                0.5013857681854605                 0.0036912530355286428              
0.08754157105429052                0.5042690433485013                 0.003697579418713996               
0.08769017535396562                0.49764631853983615                0.0036817264871864914              
0.08783877953582254                0.505335100113794                  0.0036817181790987454              
0.0879873835996618                 0.5039776752382387                 0.003702217001291621               
0.08813598754528384                0.5087977326041785                 0.0037041941586438204              
0.08828459137248919                0.5095587193266139                 0.0037169320879051173              
0.08843319508107834                0.4955069009606423                 0.0036582974365226856              
0.08858179867085175                0.5020860604052372                 0.0036629106996217005              
0.08873040214160996                0.4987341711100908                 0.003674421293392                  
0.08887900549315342                0.5020597821654061                 0.0036683853584529463              
0.08902760872528265                0.5027642953445337                 0.003672356846182393               
0.08917621183779811                0.503377616565448                  0.003678800030735362               
0.08932481483050034                0.4929257617990908                 0.003619760253493966               
0.08947341770318981                0.500592832831522                  0.0036574715853445157              
0.08962202045566703                0.4976838196410744                 0.0036482142461836675              
0.08977062308773248                0.49920869998616135                0.003653800927420851               
0.08991922559918666                0.48771791214986604                0.0036005955487442387              
0.0900678279898301                 0.49036258141420375                0.0036185425231572556              
0.09021643025946328                0.4937514561892                    0.0036132777010821713              
0.09036503240788671                0.48315972634287446                0.0035769987860897654              
0.09051363443490087                0.4834815456520369                 0.0035728271998186857              
0.09066223634030629                0.4805622849595515                 0.0035862857086533693              
0.09081083812390348                0.48344536357797907                0.0035888635472740554              
0.09095943978549291                0.4816180731675322                 0.0035526600494574347              
0.09110804132487513                0.4774013813425166                 0.00355429416044565                
0.09125664274185061                0.4719547896464595                 0.003514230831049768               
0.09140524403621988                0.4755622700635112                 0.0035541222078981968              
0.09155384520778345                0.4659283249814861                 0.003495620553514265               
0.09170244625634183                0.4643880599774653                 0.003476928758561079               
0.09185104718169552                0.454925267513135                  0.0034761572178828256              
0.09199964798364504                0.45508167505702307                0.0034495687959178057              
0.0921482486619909                 0.4519257264667115                 0.0034427003353514275              
0.09229684921653362                0.4439075941980192                 0.00340191538110732                
0.09244544964707371                0.4436041350710443                 0.0034057961781297362              
0.09259404995341172                0.44864442610935384                0.0034404397628465247              
0.0927426501353481                 0.4372386773812975                 0.0033613860436793363              
0.09289125019268343                0.43664747877495175                0.0033690089785912455              
0.09303985012521819                0.4314304525888959                 0.003345125746984607               
0.09318844993275292                0.42336291549912075                0.0033064130226791973              
0.09333704961508814                0.42252854063361855                0.003335070372534307               
0.09348564917202434                0.41698615928272453                0.003274233164204111               
0.09363424860336209                0.4126144809911558                 0.003265373042817907               
0.09378284790890191                0.41651017273121094                0.003275953725394148               
0.0939314470884443                 0.4094770034703047                 0.0032637234884247217              
0.09408004614178979                0.4036371180213893                 0.0032284771360568594              
0.0942286450687389                 0.3971625850800586                 0.0031861833972196114              
0.09437724386909221                0.3831921552065044                 0.003152590497552063               
0.09452584254265017                0.3852873320375155                 0.0031484827225712483              
0.09467444108921338                0.3848540638057655                 0.0031307578197135146              
0.09482303950858231                0.37334062827606357                0.0030947743544440325              
0.09497163780055753                0.3694077743029874                 0.0030683994948309846              
0.0951202359649396                 0.3666825125030095                 0.0030794091594407522              
0.09526883400152898                0.35695480510299354                0.0030108031261266445              
0.09541743191012625                0.35268999612045165                0.003001426772580809               
0.09556602969053193                0.3538919168594923                 0.003007628303405717               
0.09571462734254658                0.34503491498258465                0.0029622460714708067              
0.09586322486597074                0.3435916304757563                 0.002963538890167102               
0.09601182226060492                0.338578597180913                  0.0029155327460027958              
0.09616041952624964                0.3346586698693705                 0.002925825427267377               
0.09630901666270551                0.3241066000849453                 0.002865844373532701               
0.09645761366977304                0.3212267410216502                 0.0028561669889132914              
0.09660621054725275                0.3172904920295285                 0.002829456759391742               
0.0967548072949452                 0.3175665447765272                 0.002822618594090594               
0.09690340391265093                0.31060446618599175                0.0028156602556442187              
0.0970520004001705                 0.3043223876789092                 0.0027710364848938583              
0.09720059675730447                0.3009572982449929                 0.0027458647441109393              
0.09734919298385332                0.29892838538118494                0.0027365950307397897              
0.0974977890796177                 0.29246440631475606                0.002716517867839511               
0.09764638504439807                0.28516105897392147                0.002688165848855733               
0.09779498087799501                0.27753811950525353                0.002621084950228432               
0.09794357658020908                0.2794816915245804                 0.002649859655450663               
0.09809217215084083                0.2723992187580255                 0.002612348801982466               
0.09824076758969084                0.26624186347381334                0.002586335596383205               
0.09838936289655961                0.2671192244389913                 0.002577765727689621               
0.09853795807124772                0.2585535863844427                 0.0025298591592147297              
0.09868655311355574                0.2538514392638619                 0.0025245418521547625              
0.09883514802328423                0.25519463091566963                0.002510731967360078               
0.09898374280023374                0.24951255552844512                0.0025046614213872324              
0.09913233744420481                0.24949646541370438                0.002474754195632537               
0.09928093195499803                0.24465788345510506                0.002467016375157561               
0.09942952633241396                0.2372025602498473                 0.0024377560764619693              
0.09957812057625312                0.2320072852836025                 0.002391446464948775               
0.09972671468631612                0.2336035603410007                 0.0023979843881509655              
0.09987530866240353                0.22846099272450304                0.0023681390683638836              
0.1000239025043159                 0.22728966324298785                0.002373661024927938               
0.10017249621185377                0.2278796205481055                 0.0023817711673259907              
0.10032108978481775                0.22171313390364836                0.0023192207184123525              
0.10046968322300841                0.21973885787222538                0.0023281810965037554              
0.10061827652622628                0.2134747267967544                 0.0022812285150439443              
0.10076686969427194                0.21021678128902588                0.002277978158849048               
0.10091546272694601                0.21184551904339072                0.002284388980917064               
0.101064055624049                  0.2075249661117899                 0.002243021669588877               
0.10121264838538155                0.20737009410644947                0.0022648862316017584              
0.1013612410107442                 0.20513644648950016                0.0022899199860414816              
0.10150983349993749                0.20381791730348175                0.0023198603329713553              
0.10165842585276207                0.20198488956624427                0.0023172305023422914              
0.10180701806901846                0.2001040445111378                 0.0023275781175021264              
0.10195561014850726                0.1972298041649286                 0.0023425024582900546              
0.10210420209102905                0.19976176030322434                0.002346406559325341               
0.10225279389638445                0.192222326331284                  0.002312577162739516               
0.10240138556437398                0.19613616898721695                0.0023603469591475636              
0.10254997709479825                0.19347828948855572                0.0023509408448448977              
0.10269856848745783                0.18844288425009134                0.0023498518804659966              
0.10284715974215335                0.1899301620728074                 0.002331177350064013               
0.10299575085868538                0.18684354179777024                0.002347680872732033               
0.10314434183685449                0.19083117855536666                0.0023706193748677775              
0.10329293267646124                0.1864110272651091                 0.0023598223221235337              
0.1034415233773063                 0.19293140856350693                0.0024099487071615787              
0.10359011393919021                0.1895369676239965                 0.0023785214124791964              
0.10373870436191358                0.18747366925909548                0.0023972125417148814              
0.10388729464527696                0.18821942163350242                0.002399891298412512               
0.10403588478908102                0.18400665138180533                0.0023790869655872238              
0.10418447479312629                0.187542626315981                  0.0023297670062298586              
0.10433306465721338                0.191346908580657                  0.002334193275529244               
0.1044816543811429                 0.18985103471446185                0.002321305874523303               
0.1046302439647155                 0.18601105339795806                0.0022704543706487815              
0.10477883340773168                0.1869491954810768                 0.002261114596283892               
0.10492742270999211                0.18574823635504764                0.002257346833318132               
0.10507601187129732                0.1877979375336416                 0.0022636117186410477              
0.10522460089144804                0.19017902797093186                0.0022674126875494136              
0.10537318977024476                0.19303582936747496                0.0022782739750253356              
0.10552177850748812                0.18904935386943364                0.0022469284397277924              
0.10567036710297875                0.19169502540694056                0.0022549235144780546              
0.10581895555651723                0.19042255840708244                0.00225593177544901                
0.10596754386790419                0.19160867882942972                0.002238474135035352               
0.10611613203694019                0.1898811808679936                 0.0022325061899759325              
0.10626472006342588                0.19168602086574343                0.0022464405330920485              
0.10641330794716188                0.1949796623614937                 0.0022547405925494035              
0.10656189568794881                0.19147174428389366                0.0022410072606631067              
0.10671048328558726                0.19798203428318342                0.0022480547404141096              
0.10685907073987783                0.19604624636193957                0.002259233105454529               
0.10700765805062118                0.19568938789214083                0.0022455978219111336              
0.1071562452176179                 0.20425629921980257                0.002288379509519124               
0.10730483224066863                0.2006141313760394                 0.0022654167263699305              
0.10745341911957391                0.20024881833253888                0.0022463030949787044              
0.1076020058541345                 0.19776070409646584                0.0022525225461823744              
0.10775059244415094                0.20067781466849036                0.002259232159234249               
0.10789917888942382                0.2042767920628878                 0.00226555054756672                
0.10804776518975381                0.20099380556057017                0.0022626462043630236              
0.10819635134494156                0.20329401263469477                0.002253680931351236               
0.10834493735478763                0.2044736926087399                 0.0022796827646958126              
0.10849352321909271                0.20821246170938842                0.0022735441770952492              
0.1086421089376574                 0.2086603011892388                 0.002285667651465765               
0.10879069451028231                0.20702309801462243                0.0022856302618218297              
0.1089392799367681                 0.21243300560870088                0.00229566768944573                
0.10908786521691538                0.2139976001999916                 0.0023163657799747457              
0.1092364503505248                 0.21402153587377457                0.0022818662258163257              
0.10938503533739702                0.21124149869575096                0.0022956964367242968              
0.10953362017733265                0.21507131786996236                0.0023123274792563055              
0.1096822048701323                 0.21780897349969863                0.0023229075660952227              
0.10983078941559662                0.21714432988510507                0.002320177603651163               
0.10997937381352627                0.2124678569227421                 0.002275933360019049               
0.1101279580637219                 0.21529972745329773                0.0023070623658327993              
0.11027654216598413                0.21471795206578065                0.002299112989565671               
0.11042512612011357                0.22094602037921418                0.002308167598913577               
0.11057370992591092                0.21675618944623518                0.0022979983486485344              
0.11072229358317678                0.2179739256295597                 0.002287124934537961               
0.11087087709171187                0.22394382509145705                0.002335791555948615               
0.11101946045131672                0.2192210002722232                 0.002282809105154964               
0.11116804366179206                0.2218822718670903                 0.0023044076774100387              
0.11131662672293854                0.22582179995020324                0.0023239879219887133              
0.11146520963455678                0.22888092646818134                0.0023508685234911214              
0.11161379239644743                0.2277442886679982                 0.0023990367625416334              
0.11176237500841117                0.22069944521373683                0.002359106715896803               
0.11191095747024861                0.22422444529246172                0.0024135283247240773              
0.11205953978176046                0.2222078947596986                 0.0024214619613665707              
0.11220812194274735                0.22652113701146273                0.0024393804551292807              
0.11235670395300991                0.22202266102814508                0.00243877891926245                
0.11250528581234887                0.22459767603564698                0.002455682897160435               
0.1126538675205648                 0.2266387273664151                 0.0024935484541644135              
0.1128024490774584                 0.22347519989080322                0.002478015098869817               
0.11295103048283038                0.22599360570508617                0.0024958340657610604              
0.11309961173648131                0.22977997804752884                0.002536567520911991               
0.11324819283821194                0.22389407263409                   0.002492022846857858               
0.11339677378782287                0.2225858525401589                 0.0024935776379782465              
0.11354535458511482                0.22496585964524562                0.002497001725685463               
0.11369393522988842                0.21984380015742008                0.002473279464785513               
0.11384251572194438                0.22187199132886817                0.0024876105456957814              
0.11399109606108329                0.22126161758476973                0.002488128195873002               
0.11413967624710591                0.22214041617217256                0.0024910898688225917              
0.11428825627981287                0.22421131432760402                0.002494781317277424               
0.11443683615900485                0.21850245194065443                0.0024944437540525724              
0.1145854158844825                 0.22046602011252348                0.0024895923638745838              
0.11473399545604654                0.22162307299902737                0.002500109096258751               
0.11488257487349764                0.22212551145383072                0.0025089719802910146              
0.11503115413663645                0.2177811797881829                 0.002471437409280028               
0.11517973324526365                0.21411511579446166                0.002481337346489814               
0.11532831219917995                0.21770399448578573                0.002477911990362397               
0.11547689099818605                0.21370957050970266                0.0024769702432950094              
0.11562546964208253                0.2126689110728067                 0.002462924266214238               
0.11577404813067017                0.21155668675410252                0.0024515236082750867              
0.11592262646374966                0.2115867500038212                 0.0024808575014341845              
0.11607120464112164                0.21104940415432935                0.002439755230587569               
0.1162197826625868                 0.20910178186573317                0.002458150418453597               
0.11636836052794586                0.2034736719250096                 0.0024238519353363985              
0.11651693823699948                0.20538097235238373                0.0024292260727055894              
0.11666551578954835                0.20809196461115723                0.002462325073659967               
0.11681409318539324                0.20852871854987282                0.002430015168284977               
0.11696267042433472                0.2027969340449875                 0.0024297950883584224              
0.11711124750617356                0.20174917249180885                0.002423511834209319               
0.11725982443071048                0.2008152923179241                 0.0024149085522637446              
0.1174084011977461                 0.2018582049824364                 0.0024251715648082547              
0.11755697780708119                0.19349829414392994                0.0023685580848588324              
0.11770555425851639                0.19383108150457148                0.0023853536178224046              
0.11785413055185245                0.19492116874708837                0.0023792114039963477              
0.11800270668689006                0.1911719265787703                 0.0023513830710292522              
0.11815128266342986                0.18990967163369557                0.0023620898257011766              
0.11829985848127267                0.1886950296530036                 0.0023535451094917545              
0.11844843414021912                0.18782165312226473                0.002363892724683092               
0.11859700964006994                0.18654186816933288                0.0023256041487167505              
0.11874558498062582                0.18770888220747384                0.0023425209765782847              
0.1188941601616875                 0.1835832525073423                 0.0023253294742193254              
0.11904273518305566                0.17654614320273113                0.0022889497048529306              
0.11919131004453105                0.17974855475359092                0.0023086465124040416              
0.11933988474591431                0.17870194493627672                0.002283742581167746               
0.11948845928700624                0.17639842109405138                0.0022870344634835713              
0.11963703366760754                0.17471641220403578                0.002270384961021913               
0.11978560788751887                0.17425889543646536                0.0022759989104533893              
0.11993418194654097                0.16919392072292158                0.002235153961206181               
0.12008275584447463                0.16918805113308785                0.0022407539328031544              
0.1202313295811205                 0.1649561823792045                 0.0022172250903316685              
0.12037990315627929                0.16240514272040915                0.002199085984666542               
0.12052847656975177                0.1590247145646502                 0.002173328830938947               
0.12067704982133863                0.16110039112112465                0.0021792221859322954              
0.12082562291084065                0.1599195158015761                 0.002195214296221043               
0.12097419583805849                0.15954080360576625                0.002189809412447479               
0.12112276860279289                0.15664308505207108                0.0021524706565325884              
0.12127134120484465                0.1535879612131072                 0.002145828442623627               
0.1214199136440144                 0.15378775053806393                0.002136353124606008               
0.12156848592010293                0.14901621612244068                0.0021236087655604795              
0.12171705803291097                0.14676432026869415                0.0020887618362305893              
0.12186562998223927                0.14521724344977582                0.00208476828930829                
0.12201420176788849                0.1478963447522945                 0.0021201734331365925              
0.12216277338965947                0.1421068406580852                 0.0020640766144759915              
0.12231134484735287                0.14746571556337001                0.0021161757020287386              
0.12245991614076948                0.14347882688974523                0.0020583269843272843              
0.12260848726971                   0.138325436035178                  0.0020495468833023733              
0.12275705823397523                0.13762131041387887                0.0020460883881971066              
0.1229056290333658                 0.1391682125358974                 0.002043500164856405               
0.12305419966768259                0.13833764026396206                0.0020452425251356503              
0.12320277013672629                0.1372750416816972                 0.002030420425231339               
0.12335134044029764                0.13260275226555376                0.0020084411171674066              
0.12349991057819736                0.1353161468789223                 0.0020332780983619556              
0.12364848055022623                0.13125086490071658                0.001981159236424411               
0.12379705035618503                0.13324931318249528                0.002020320872637645               
0.12394561999587449                0.1319835253062401                 0.0019883712630387653              
0.12409418946909531                0.12863335257246244                0.0019867487654389388              
0.12424275877564833                0.12671083252099094                0.0019524034350904395              
0.12439132791533426                0.12805538290492016                0.0019703160012119977              
0.1245398968879539                 0.12449518373788282                0.0019579458647729386              
0.12468846569330792                0.12532400155264226                0.0019475187072242285              
0.1248370343311972                 0.12023351358521035                0.0019233054451847258              
0.1249856028014224                 0.12039937001284472                0.0019015431563673584              
0.12513417110378433                0.12262436101281299                0.0019347543930854703              
0.12528273923808372                0.11965409673181594                0.001925402085611134               
0.1254313072041214                 0.12233244521654009                0.001920846601073718               
0.1255798750016981                 0.11661822626943162                0.0018900573981433541              
0.12572844263061453                0.12142102080199511                0.001924410823860081               
0.12587701009067154                0.11471201614336793                0.0018769971352392808              
0.1260255773816699                 0.11635225213039592                0.0018969915587321179              
0.1261741445034103                 0.11922398220869382                0.001900360867373523               
0.12632271145569363                0.11409483351004433                0.001878501954852479               
0.12647127823832058                0.11691752854306345                0.001889210016329857               
0.12661984485109193                0.11692104825486736                0.0018999625811095139              
0.1267684112938085                 0.11344585642209158                0.0018731561154832082              
0.12691697756627102                0.11116500706171077                0.001839764283770738               
0.1270655436682803                 0.11569623418389238                0.001885043658643425               
0.1272141095996371                 0.11421144949923634                0.001861593423257784               
0.12736267536014226                0.1130001208088562                 0.0018637650199883954              
0.12751124094959648                0.11468962074988454                0.0018646870125320978              
0.12765980636780058                0.11122205345440692                0.0018394492723208555              
0.1278083716145554                 0.11242413822579342                0.0018557801928567774              
0.12795693668966165                0.11244094404638302                0.0018455274087637768              
0.12810550159292017                0.10944543542089082                0.0018215623970467584              
0.1282540663241317                 0.11263647888789739                0.0018408192429223416              
0.12840263088309706                0.11160786010431081                0.0018506450537440515              
0.12855119526961703                0.11501786981826918                0.0018697767541451362              
0.12869975948349244                0.11541582537315305                0.0018673842014019482              
0.12884832352452402                0.11189799708131233                0.0018458382496193036              
0.1289968873925127                 0.11365670660914907                0.0018452125689688435              
0.1291454510872591                 0.11420710078030208                0.0018778069459797645              
0.12929401460856416                0.11505397812948036                0.0018644604258254616              
0.1294425779562286                 0.11533052960207117                0.0018820853563252117              
0.12959114113005324                0.11282444435531078                0.001863149689138108               
0.12973970412983893                0.11121495870344865                0.0018276218807431277              
0.12988826695538638                0.11403914929745745                0.0018747920657666453              
0.13003682960649648                0.1157063842250709                 0.0018713506538857218              
0.13018539208297003                0.11828693776164495                0.0019019257402604253              
0.13033395438460782                0.11308948040322747                0.0018637185016558806              
0.13048251651121062                0.11657726007650439                0.0018856822041161084              
0.13063107846257932                0.11462554818336589                0.0018763359867979216              
0.13077964023851468                0.1150493959777668                 0.0018668389896515016              
0.1309282018388175                 0.11454888165332437                0.0018806323338732423              
0.13107676326328868                0.11634919165059493                0.0018879300107732882              
0.13122532451172894                0.11822349126490876                0.0018964979703210323              
0.13137388558393917                0.11912742281060704                0.0019229113426407279              
0.13152244647972017                0.11577327557692235                0.0018695007203439007              
0.13167100719887273                0.11893368339352413                0.001923043682648114               
0.13181956774119763                0.11780869474857718                0.001893991298586693               
0.13196812810649583                0.12175009170451412                0.0019354692324797006              
0.13211668829456807                0.11756603601579502                0.0019094354579284728              
0.13226524830521522                0.11975747299240443                0.0019137327179126705              
0.13241380813823803                0.12142239633088353                0.0019354023086229667              
0.13256236779343739                0.1209590518060222                 0.00191998494930194                
0.1327109272706141                 0.12180417892287568                0.0019409946246262016              
0.13285948656956903                0.11810351992001474                0.0019121218763764123              
0.13300804569010294                0.12316507905903869                0.0019535252250574243              
0.13315660463201676                0.12163168228973086                0.0019328543121710671              
0.1333051633951113                 0.1208071098506277                 0.0019246172927279382              
0.1334537219791874                 0.12259460743422015                0.0019464366213766597              
0.13360228038404576                0.12383095099454071                0.0019562282982903043              
0.13375083860948744                0.1254139272385334                 0.001964394366473897               
0.13389939665531317                0.12657302892539526                0.0019847421220928114              
0.13404795452132376                0.12437152792165176                0.0019596397434028744              
0.13419651220732015                0.12543214030524505                0.0019731695630663382              
0.1343450697131031                 0.1236911872798288                 0.0019491620333888838              
0.13449362703847348                0.12828822439263016                0.0019955108412375746              
0.1346421841832322                 0.1299822494845564                 0.002004238565052977               
0.13479074114717998                0.1276871196243694                 0.00199171034583229                
0.13493929793011783                0.12737348227049025                0.0019963122465021564              
0.13508785453184646                0.12292769962130803                0.0019364096201268306              
0.13523641095216685                0.12635964544123932                0.0019892374605255886              
0.13538496719087975                0.1287564976137065                 0.001996524732356786               
0.1355335232477861                 0.12687984774436287                0.0019942169208437737              
0.13568207912268665                0.12439865020445726                0.001969378626269399               
0.13583063481538238                0.1225129982376704                 0.0019373427700198008              
0.13597919032567404                0.1269929109159446                 0.0019871772724079726              
0.1361277456533626                 0.13203985845063304                0.002018288127897261               
0.13627630079824887                0.12958434943526517                0.0020064690164127235              
0.13642485576013377                0.12891946515907426                0.002007516700271145               
0.13657341053881802                0.13028036504659246                0.0020136285250162336              
0.13672196513410265                0.12866307973858218                0.0020162763589236013              
0.13687051954578844                0.12418608534801605                0.001953084649293938               
0.13701907377367628                0.12897212996200852                0.002008823954334792               
0.13716762781756708                0.12852032067200422                0.001996466039559062               
0.13731618167726167                0.12584367343238312                0.00198431380550209                
0.13746473535256093                0.13003072529273188                0.002023349745778486               
0.13761328884326574                0.12784630843705744                0.001985995768941291               
0.13776184214917697                0.1273844961097302                 0.0019982035392162346              
0.13791039527009552                0.12523391805538153                0.0019707830153988417              
0.1380589482058223                 0.1263740944525029                 0.0019929252979341734              
0.1382075009561581                 0.128094544054872                  0.0020046610037735414              
0.13835605352090388                0.12954548995745832                0.0020044261513932756              
0.1385046058998605                 0.1257850495921541                 0.001998098938839627               
0.13865315809282888                0.12676052781741481                0.001984513041750999               
0.13880171009960984                0.12742023213349168                0.0019914273747733816              
0.13895026192000431                0.12641449962590953                0.0019905944046255445              
0.1390988135538132                 0.12576173516166042                0.001981052558219918               
0.13924736500083743                0.1224481330276305                 0.001976770576840326               
0.13939591626087777                0.1257951641621031                 0.0019691583838392897              
0.13954446733373518                0.1221478659762235                 0.001960208141343675               
0.13969301821921062                0.12066274384598775                0.0019396247374371552              
0.13984156891710492                0.12483158137412416                0.0019772237798630537              
0.13999011942721898                0.1202529213989402                 0.0019572087913594586              
0.14013866974935374                0.1203185171582901                 0.0019325938212699462              
0.14028721988331003                0.12380277887139404                0.001979641205767942               
0.14043576982888886                0.1231417677302116                 0.0019620604937132923              
0.14058431958589104                0.11782889951602527                0.0019243944748242106              
0.14073286915411753                0.12062958642642235                0.0019514854609152875              
0.14088141853336925                0.12120412836319025                0.0019465676976322271              
0.14102996772344703                0.12186445626792872                0.0019694019877793587              
0.14117851672415188                0.1149370011025786                 0.0018972599073353283              
0.14132706553528462                0.11424819995912582                0.0018915679697787415              
0.14147561415664625                0.1207168107387889                 0.0019495828637038557              
0.14162416258803764                0.11637195974851046                0.0019141782040580618              
0.1417727108292597                 0.11649353920248089                0.0019290076864062538              
0.14192125888011337                0.11780652382218633                0.0019123326990344554              
0.14206980674039957                0.11794793181994856                0.0019296871120128597              
0.1422183544099192                 0.11909658881124072                0.001939930869058035               
0.14236690188847323                0.11316739935547412                0.0019655295132701154              
0.14251544917586248                0.11486687877599286                0.0020176940106371765              
0.142663996271888                  0.11454630350422997                0.0020438410168191184              
0.14281254317635064                0.10970826118196125                0.002031982915776278               
0.14296108988905137                0.11133813094357016                0.002070354821722864               
0.1431096364097911                 0.10856726711499518                0.0020590955869666965              
0.14325818273837077                0.11365327123682661                0.002118539401301885               
0.1434067288745913                 0.10836330171251952                0.002101864624014096               
0.14355527481825364                0.10891401222993967                0.0021282174896128684              
0.1437038205691587                 0.10756269960349861                0.0021275573165874567              
0.14385236612710747                0.11246605569613012                0.002185971490597479               
0.14400091149190083                0.10776940284134401                0.0021741669926285618              
0.14414945666333978                0.10503978611685078                0.0021612941707643395              
0.14429800164122517                0.10344193226749393                0.0021639813934040742              
0.14444654642535806                0.1029550827113645                 0.002154739812632114               
0.14459509101553933                0.1007321115870957                 0.0021534970395729164              
0.1447436354115699                 0.1043251508707095                 0.002225231388751135               
0.14489217961325077                0.10198551918961299                0.002218125015178091               
0.1450407236203829                 0.09959634362936301                0.002196503197330775               
0.14518926743276714                0.09826790234518246                0.0021848103484481815              
0.14533781105020457                0.10367221181139508                0.0022902947890021466              
0.14548635447249608                0.10135769042451193                0.0022613445442766817              
0.14563489769944266                0.09985104307630231                0.0022722780283969124              
0.1457834407308452                 0.10269978845283954                0.0023027784547133934              
0.14593198356650475                0.10336951009919763                0.0023360714097244617              
0.1460805262062222                 0.0958387956069077                 0.0022838189351756908              
0.1462290686497985                 0.09714411561387803                0.0022922571323486323              
0.1463776108970347                 0.09373091738899539                0.002272640338056741               
0.14652615294773166                0.09654136221150857                0.002306462359845104               
0.14667469480169043                0.0908220601746023                 0.0022656009111737476              
0.14682323645871195                0.09715540762473694                0.0023661277723467217              
0.14697177791859717                0.09373899283718891                0.0023147194396353843              
0.1471203191811471                 0.09492566427516616                0.0023620951158396246              
0.14726886024616265                0.0931368632777482                 0.0023475737429391776              
0.14741740111344484                0.09461184452273677                0.0023985054692157066              
0.14756594178279467                0.09165697021743446                0.0023587234438138638              
0.14771448225401304                0.09365004804764002                0.0024156194302400675              
0.147863022526901                  0.0939379684948518                 0.002454270072137458               
0.14801156260125947                0.0917818902071019                 0.00240204184974728                
0.1481601024768895                 0.09078942715243304                0.0024395537383625735              
0.14830864215359202                0.08803832418861203                0.0023846455715241096              
0.148457181631168                  0.08949849770277583                0.002440363963812859               
0.1486057209094185                 0.09035493163879724                0.0024850557379594725              
0.14875425998814445                0.08646795550489512                0.002400961534640299               
0.14890279886714686                0.0840051136193064                 0.0023846235728855534              
0.1490513375462267                 0.0888709668397281                 0.002438713977432766               
0.149199876025185                  0.08546906367640027                0.0024479756492044773              
0.1493484143038227                 0.08670494568572171                0.0024582932028856235              
0.14949695238194086                0.08803046920474164                0.0024672821390147406              
0.1496454902593404                 0.08813330828935594                0.0025058508785897266              
0.1497940279358224                 0.08538113574313703                0.002439461021232487               
0.1499425654111878                 0.08689143522574196                0.0025188568695078024              
0.15009110268523762                0.09047860869103477                0.002516208651693961               
0.15023963975777288                0.08721836245790936                0.002526212040458021               
0.15038817662859452                0.09026189222350639                0.0025969941214210074              
0.15053671329750368                0.0874501348481494                 0.002508836414003522               
0.15068524976430123                0.08518123386481934                0.002522850414298027               
0.15083378602878825                0.08095952820624605                0.0024041493392272517              
0.1509823220907657                 0.08103366735248503                0.002473805970197672               
0.15113085795003464                0.0884706851636629                 0.002576573217435792               
0.15127939360639608                0.08397562218404044                0.0024970194648730004              
0.15142792905965102                0.0856408957615116                 0.0025431657955237857              
0.15157646430960048                0.08671963797450441                0.0025086120469360595              
0.15172499935604547                0.07829753910324405                0.002452793690618518               
0.15187353419878702                0.082900016596091                  0.002507520755649119               
0.15202206883762617                0.08917810564402573                0.0025786515049201456              
0.1521706032723639                 0.0879386053747423                 0.002613703746594082               
0.15231913750280127                0.0812520062763347                 0.0024587975641508055              
0.15246767152873936                0.08539583527783906                0.0025841955342699005              
0.15261620534997902                0.08586553098465202                0.002527644283720068               
0.1527647389663215                 0.08418032934705827                0.0025544400100950136              
0.15291327237756766                0.0862219265080239                 0.0026200132883924068              
0.15306180558351865                0.08374457842873234                0.002550629158843476               
0.15321033858397537                0.08664285511546686                0.0026413540557320473              
0.153358871378739                  0.08409757616578255                0.002531039612290796               
0.15350740396761053                0.08518628107502206                0.0026402453971821737              
0.15365593635039093                0.08769014186720804                0.002657277026279032               
0.15380446852688134                0.07957603562280549                0.0025227299254629173              
0.15395300049688274                0.08167213420300237                0.002634584974290399               
0.1541015322601962                 0.08706167205431892                0.002629793978514026               
0.15425006381662276                0.08574008066907438                0.0027059329519736946              
0.1543985951659634                 0.08165959144482494                0.0026032126951743293              
0.1545471263080193                 0.0829002909166753                 0.0026137079824578744              
0.15469565724259146                0.08406404303452364                0.0027259633652096335              
0.15484418796948088                0.08317734578558084                0.00262114063043221                
0.15499271848848864                0.08334882598468829                0.0027419750664766248              
0.15514124879941582                0.07887799336718684                0.0025645447728184956              
0.15528977890206347                0.08328617300157297                0.0026964894122089695              
0.15543830879623263                0.07971042954125981                0.002651129450754801               
0.15558683848172433                0.0895455635336002                 0.0028134509709242662              
0.1557353679583397                 0.08457565116389205                0.002776331765279727               
0.1558838972258798                 0.08291152627536545                0.0026971121513467795              
0.15603242628414563                0.08510106344625273                0.00277421538240519                
0.15618095513293828                0.08532872914724002                0.0027995447919000565              
0.15632948377205885                0.08845037088684791                0.00284290259329797                
0.15647801220130841                0.08095345246700529                0.002755687569707373               
0.15662654042048801                0.08601245545721352                0.002814413516325741               
0.1567750684293987                 0.08481988417773387                0.002832053501737702               
0.15692359622784158                0.08284305126066238                0.0028216455233784736              
0.15707212381561775                0.08642277204134993                0.002824816673446309               
0.1572206511925283                 0.0888053593441592                 0.002929418502359189               
0.15736917835837416                0.08301940427422769                0.0028559543293647646              
0.15751770531295659                0.08862217476135695                0.0029590082891247003              
0.15766623205607658                0.09207006420468097                0.0029746487525589118              
0.15781475858753524                0.08344882201980587                0.0028673354579960655              
0.15796328490713368                0.08465096140492448                0.0029207356515378625              
0.15811181101467295                0.08548462311866806                0.0029477456247816577              
0.15826033690995414                0.08496744193357363                0.002897365721899168               
0.1584088625927784                 0.08755979198789628                0.003005044281576034               
0.15855738806294672                0.08465160722208691                0.002963398991851248               
0.15870591332026027                0.08782109857341899                0.002996417215409674               
0.15885443836452012                0.0860077177242255                 0.003018279186302285               
0.15900296319552734                0.08854777408279497                0.0030533715200963783              
0.1591514878130831                 0.09098634565281288                0.0031044140520900074              
0.15930001221698845                0.08564477550720621                0.00303941935071834                
0.15944853640704448                0.08272865821487445                0.00297362021290311                
0.15959706038305235                0.08878054728628604                0.0031136697333578305              
0.15974558414481307                0.08861827260067597                0.003115652544358328               
0.1598941076921279                 0.08447615577015986                0.0030562400534007274              
0.16004263102479782                0.08655681036117364                0.003113232082142855               
0.16019115414262397                0.08851548367320453                0.0031432769885680945              
0.16033967704540744                0.0879532275407843                 0.003163457717138868               
0.1604881997329494                 0.08456180788262958                0.0031169895925523767              
0.16063672220505093                0.09196032334635464                0.0032452093382052748              
0.16078524446151318                0.08586074216586666                0.0031563036552085763              
0.16093376650213723                0.08666311721096018                0.0031815031209772365              
0.1610822883267242                 0.09166092059890239                0.003316175722154539               
0.16123080993507524                0.08517360696965832                0.0031698334245454304              
0.16137933132699142                0.08879013913912737                0.0032862704864424146              
0.16152785250227394                0.08506279018768674                0.0031946001412985615              
0.1616763734607239                 0.08634519892545946                0.0032519483254374025              
0.1618248942021424                 0.09043397086705432                0.0033632755650810317              
0.16197341472633062                0.0901698899719088                 0.0033465184938496722              
0.16212193503308964                0.08394754178185677                0.003257796434287124               
0.1622704551222206                 0.08767911637877407                0.0033234683294737803              
0.1624189749935247                 0.08741638150967213                0.0033424488860584064              
0.16256749464680298                0.08165126348069296                0.003266050539227718               
0.16271601408185665                0.08986939914699774                0.003413856177624386               
0.16286453329848682                0.08838187604531676                0.0034170407422089506              
0.16301305229649465                0.08345855848190369                0.0033330137766787045              
0.16316157107568127                0.08619494281592124                0.0033808438107030513              
0.16331008963584778                0.08977500470795483                0.0035239771861484974              
0.16345860797679546                0.08163738005739467                0.0033026948830314016              
0.16360712609832537                0.08332401050227686                0.003401688484214749               
0.1637556440002386                 0.0847711484383824                 0.0034723615369890337              
0.1639041616823364                 0.07656365654227054                0.0032354050042136383              
0.16405267914441987                0.08497836919166954                0.0035194444513444102              
0.16420119638629022                0.08254141695848514                0.0034126675816876315              
0.16434971340774857                0.07885674044387686                0.003390316075710603               
0.16449823020859602                0.08448034553685178                0.0035384922901943263              
0.16464674678863386                0.08031466960329026                0.0034215199585349155              
0.16479526314766318                0.0843583272810552                 0.003558441265192521               
0.16494377928548515                0.08420839080650877                0.0035552810464811765              
0.16509229520190094                0.08128478595898636                0.0035307854779520957              
0.16524081089671167                0.08018367217346432                0.003529889341882168               
0.16538932636971862                0.07488131753337798                0.003403696251517181               
0.16553784162072283                0.08490911007210081                0.0036404480607687083              
0.16568635664952555                0.08056004129916837                0.0035777970407694024              
0.16583487145592796                0.08398010766731265                0.003686317586479507               
0.1659833860397312                 0.0863005801831496                 0.003762884112487129               
0.1661319004007365                 0.08778116214902479                0.003777499767932287               
0.16628041453874493                0.0855254618679502                 0.0037723664062454575              
0.1664289284535578                 0.08242016977338991                0.003712017757582162               
0.16657744214497625                0.08579074075219549                0.0038328476301190753              
0.1667259556128014                 0.08015527353544806                0.0037413277720501777              
0.16687446885683452                0.07838972549331703                0.0036549397969578216              
0.16702298187687672                0.07767724790386786                0.003720065490298211               
0.16717149467272932                0.07496047676232577                0.003636117216914439               
0.16732000724419338                0.0777871975208572                 0.003751231766118545               
0.16746851959107012                0.08218674882971384                0.003896025541295068               
0.16761703171316078                0.08243002671610437                0.0038517021996739443              
0.16776554361026652                0.07244815504906432                0.0037067700797484716              
0.16791405528218858                0.08060347689415633                0.003909842929725165               
0.1680625667287281                 0.07567259385327103                0.003788368116176732               
0.16821107794968634                0.07015788951949314                0.003718360707819158               
0.1683595889448644                 0.08224590921305666                0.004003668217987253               
0.16850809971406366                0.06936323718482552                0.003707620982616505               
0.16865661025708517                0.0752154148282309                 0.0039049897680228933              
0.16880512057373023                0.07361124711814668                0.003874276164112983               
0.16895363066379998                0.07118268690842798                0.00386611286168701                
0.16910214052709568                0.07239875597115211                0.0038533969658108426              
0.16925065016341856                0.07141344209180694                0.003919321812261897               
0.1693991595725698                 0.07251299378194243                0.003973687581410335               
0.16954766875435065                0.07291944491126034                0.003960440608278338               
0.16969617770856224                0.07367925815646723                0.004055909673583063               
0.1698446864350059                 0.07347462536119656                0.00406315606679639                
0.1699931949334828                 0.07669876518604915                0.0041780479664887795              
0.17014170320379415                0.0750223188307498                 0.004200443446787918               
0.17029021124574129                0.07332087505298165                0.004111630504337415               
0.17043871905912528                0.07871352303588124                0.004346227235789976               
0.17058722664374745                0.07079931974931532                0.004164665867606784               
0.17073573399940897                0.0762284465469738                 0.004336484812309887               
0.17088424112591122                0.0733067606819013                 0.004282626686598985               
0.17103274802305524                0.06954684973135287                0.004186228417168357               
0.17118125469064235                0.0744458169262273                 0.004394397628234057               
0.1713297611284738                 0.07107769629890352                0.0043097183744993045              
0.17147826733635088                0.06729881751735922                0.004273479185833633               
0.17162677331407472                0.06919852397075557                0.004333379661772513               
0.17177527906144666                0.07055550376128866                0.004392593798113994               
0.1719237845782679                 0.06914453687741723                0.0044174824208755995              
0.17207228986433967                0.06685730680250564                0.004361289811602129               
0.17222079491946324                0.07115387419744115                0.0046122206199943625              
0.1723692997434399                 0.06996812156633019                0.004535359692924571               
0.17251780433607086                0.06995319084518256                0.004592651978518161               
0.17266630869715735                0.06690691428763569                0.0045108632410563905              
0.17281481282650069                0.06488680811458201                0.004520878140543453               
0.17296331672390208                0.0692378598329305                 0.004777866247327871               
0.17311182038916287                0.0767632105737503                 0.005007479723497014               
0.1732603238220842                 0.06990366530427143                0.004778516184944217               
0.17340882702246738                0.07500975162356995                0.005068689291650773               
0.17355732999011372                0.06007846366757204                0.004580939908542034               
0.17370583272482443                0.06947745269639916                0.0050010964772765456              
0.17385433522640084                0.06692057318528907                0.004933450108722987               
0.17400283749464415                0.07352855963665475                0.005225447195710339               
0.1741513395293557                 0.06486770701442479                0.00496055753640495                
0.1742998413303367                 0.06663811572875136                0.005110910168671157               
0.17444834289738848                0.06325903386081413                0.005064776151812831               
0.17459684423031224                0.06973785617530529                0.005348649408373254               
0.17474534532890937                0.0639948733085525                 0.00512369045794448                
0.17489384619298107                0.0644609420228333                 0.0052986567946515725              
0.17504234682232866                0.05850123999064893                0.005111277069953091               
0.1751908472167534                 0.07147524566849642                0.005722599565830691               
0.1753393473760566                 0.0658551090277908                 0.005565772559044774               
0.17548784730003958                0.0567334064168416                 0.005200742839360938               
0.17563634698850353                0.06658416951083845                0.005751996168397042               
0.17578484644124984                0.06900303380213256                0.0059833218537238995              
0.17593334565807975                0.06792682024860652                0.0059806230451703345              
0.17608184463879456                0.06670105374648067                0.006063732158770968               
0.17623034338319563                0.061739949401838405               0.005833876859820553               
0.17637884189108416                0.0564480736644303                 0.005761207393370468               
0.1765273401622615                 0.06003810074611965                0.006095945535447845               
0.176675838196529                  0.06251403175144228                0.006220378650265318               
0.17682433599368788                0.0732232045436709                 0.006981558619706808               
0.17697283355353952                0.06057568925047026                0.006350057651524688               
0.17712133087588516                0.06336075743964958                0.006754279437483683               
0.17726982796052618                0.06605710093264286                0.00704171061960716                
0.17741832480726386                0.06289145529953981                0.006945199385796176               
0.17756682141589947                0.0638411724708485                 0.007323084716778406               
0.1777153177862344                 0.05907469975861565                0.0069620201326460705              
0.17786381391806994                0.05880133175452006                0.007293407577663891               
0.1780123098112074                 0.06762167651159072                0.008140693213937771               
0.17816080546544807                0.06350571074504437                0.008000967498275703               
0.17830930088059335                0.08125327243608864                0.009320389562654983               
0.17845779605644455                0.06259550359810329                0.008440375983331722               
0.17860629099280295                0.08316277654908866                0.01023663015940841                
0.17875478568946987                0.08232292575508882                0.010371713749866627               
0.1789032801462467                 0.07497282608719733                0.010498295521319803               
0.17905177436293476                0.07056281202992655                0.010403919037482678               
0.17920026833933536                0.06350666790558075                0.010584444650930124               
0.17934876207524983                0.06684926852424988                0.011141544754041648               
0.17949725557047952                0.0815887801721962                 0.01341311283578847                
0.17964574882482584                0.06242148871627192                0.013015780144243745               
0.17979424183809004                0.05970764025136352                0.012729711673493781               
0.17994273461007346                0.07056372778440743                0.015778529207172563               
0.18009122714057746                0.07938436595934492                0.01871107449668244                
0.18023971942940345                0.07762043745230676                0.023403442462959216               
0.18038821147635273                0.06174366394770819                0.023336911405654345               
0.18053670328122662                0.035282170408262314               0.024948261950661625               
0.18068519484382653                nan                                nan                                
