#####################################################################################################
# NeXus source file: noemi7
# NXdata: name = img{0}_azimuthalIntegration_Px_15                 
#
#
# Exposure_msec                                     1000.0 + 0.0
# _diffrn_source.source                             Storage Ring SOLEIL, beamline SWING
# _diffrn_sofware                                   Foxtrot 3.5.10-3979
# _diffrn_detector.detector                         EIGER-4M
# _diffrn_comment.comment                           -
# _sas_detc.pixnum_ax                               [1035]
# _sas_detc.pixnum_eq                               [1083]
# _sas_detc.pixsize                                 150.0
# _sas_detc.center_ax                               285.110346632731
# _sas_detc.center_eq                               957.0166664324403
# _sas_detc.dist_spec/detc                          6137.21860334
# _sas_detc.energy                                  12.000505731836514
# _sas_detc.gain                                    1.0
# _sas_detc.detector_based_uncertainty              0.0
# _sas_detc.encoder_delta                           0.0
# _sas_detc.delta0                                  0.0
# _sas_detc.gamma_offset                            0.0
# _sas_detc.wave_length                             1.0331580057586949
# _sas_detc.bias                                    0
# _sas_detc.mask                                    E:\20251487\published-data\3120\2026-09-03_session3\\mask_bags_saxs_12kev_sept26.txt
# Normalization                                     true
# Normalization Factor                              0.02571
# Normalization Monitor                             averagemi8b
# Normalization Intensity                           1.339031388753126e-06
# GlobalNormalization                               31.112006299140525
# AbsTimeStamps                                     nan
# TimeStamps                                        1.3683269023895264
# gapTime                                           500.0
# step_global_regrid                                nan
# xmax_global_regrid                                nan
# xmin_global_regrid                                nan
# ymax_global_regrid                                nan
# ymin_global_regrid                                nan
#####################################################################################################
q(A-1)                             I(q)25_00219{00000}_AzInt_Px_15    Sig(q)25_00219{00000}_AzInt_Px_15  
0.0                                nan                                nan                                
0.0001486390049044326              nan                                nan                                
0.00029727800960908403             nan                                nan                                
0.000445917013914173               nan                                nan                                
0.0005945560176199183              nan                                nan                                
0.0007431950205265388              nan                                nan                                
0.0008918340224342532              nan                                nan                                
0.0010404730231432808              nan                                nan                                
0.0011891120224538396              2943.7029669997446                 4.863545694376451                  
0.001337751020166149               2771.248140094289                  1.9264959182620347                 
0.0014863900160804278              2606.684033096284                  1.395873230161192                  
0.0016350290099968942              2444.8131694978083                 1.163978225041909                  
0.0017836680017157683              2312.9916018071212                 1.1626304740444438                 
0.001932306991037268               2201.0793466228015                 1.0597016205262302                 
0.0020809459777616124              2098.4120450286714                 0.9546969925540376                 
0.0022295849616890207              2005.8716711800319                 0.909159970437875                  
0.0023782239426197124              1919.5889562806333                 0.8189289958226234                 
0.0025268629203539046              1847.971723809059                  0.8310640238499756                 
0.0026755018946918183              1778.443917737659                  0.7413776196285007                 
0.002824140865433671               1712.9420824067247                 0.7241236821870253                 
0.0029727798323796835              1651.1282099634311                 0.6883629010385269                 
0.003121418795330073               1598.2356358329025                 0.6515740756063383                 
0.0032700577540850603              1548.337163767945                  0.6521926847400253                 
0.0034186967084448633              1499.730784933062                  0.5888915828807191                 
0.0035673356582097003              1449.8341085704255                 0.5811064771030159                 
0.003715974603179794               1406.600815886925                  0.5662549203421056                 
0.00386461354315536                1369.1170672864478                 0.5434546141906429                 
0.00401325247793662                1329.6862128812168                 0.5320129968068397                 
0.004161891407323792               1290.652952083545                  0.4896861619918807                 
0.004310530331117095               1255.7363062332                    0.49015195499660585                
0.00445916924911675                1221.7165749069                    0.4764291739685631                 
0.004607808161122976               1189.2411538336119                 0.4595490316634746                 
0.004756447066935991               1157.7336838618664                 0.45217321285452233                
0.004905085966356017               1127.4332091356187                 0.42250669528537016                
0.00505372485918327                1098.2201513624084                 0.428775839313488                  
0.005202363745217974               1070.519310758467                  0.4028705781152277                 
0.005351002624260346               1044.1369339786863                 0.3997655122860997                 
0.005499641496110608               1016.4995867703863                 0.3871342664320765                 
0.005648280360568975               992.0840157526947                  0.3739754338219422                 
0.005796919217435672               967.8386369384591                  0.37689094832211195                
0.0059455580665109175              943.0716960823148                  0.3496091715465387                 
0.00609419690759493                919.583904740995                   0.3473353265707865                 
0.006242835740487932               896.9765626176559                  0.341647624391811                  
0.00639147456499014                875.5781701547899                  0.3341823763673101                 
0.006540113380901778               854.4215331669449                  0.3256286270332838                 
0.006688752188023065               833.4290746552776                  0.3093083845811475                 
0.0068373909861542195              813.9974341961796                  0.31421360373317425                
0.006986029775095464               793.8665557199521                  0.2997443487634112                 
0.0071346685546470195              775.1936432306064                  0.2951606948532101                 
0.007283307324609103               756.2350218214355                  0.289013651229773                  
0.00743194608478194                738.4139155321851                  0.2785003211947039                 
0.007580584834965747               720.3246840734474                  0.28062540205068476                
0.007729223574960747               703.3668127625729                  0.26538412323565347                
0.007877862304567157               686.4747759752897                  0.2642440933052737                 
0.008026501023585205               669.3135155324651                  0.25688725362573944                
0.008175139731815108               653.8399840153431                  0.2508413236381272                 
0.008323778429057087               638.1410290225343                  0.2523870104808031                 
0.00847241711511136                623.1527093359987                  0.23786592685939337                
0.008621055789778157               608.0626340815412                  0.23563482272545203                
0.00876969445285769                593.2810676853825                  0.23144186172921663                
0.008918333104150186               579.3867740153435                  0.22807593643037025                
0.009066971743455865               565.226545907231                   0.2227960297739924                 
0.009215610370574947               551.7680552914582                  0.21490642683554456                
0.009364248985307655               538.4506202814722                  0.21656911456839076                
0.009512887587454211               525.674682737845                   0.20787723896679608                
0.00966152617681484                513.3200521079946                  0.20489655319763905                
0.009810164753189759               500.56076502794673                 0.20156617216121211                
0.00995880331637919                488.67037223435926                 0.19384594828658985                
0.010107441866183361               477.61440212303484                 0.19865559313315775                
0.010256080402402487               465.44283413084753                 0.18609222053563992                
0.010404718924836796               454.0520012301856                  0.1868536563646977                 
0.010553357433286508               443.1526332155487                  0.18012806297076475                
0.010701995927551847               431.9159727626696                  0.1780326174486897                 
0.010850634407433035               421.3758515421327                  0.17768190562698405                
0.01099927287273029                411.1742325454248                  0.1702423401096445                 
0.011147911323243845               400.77692936838156                 0.1688181842335274                 
0.011296549758773915               391.2069199456036                  0.1640899333781721                 
0.011445188179120724               381.74327410538734                 0.16226687904450202                
0.0115938265840845                 371.7938014701214                  0.15979578541608688                
0.011742464973465466               362.82297558839656                 0.1541146234873266                 
0.011891103347063838               353.6747630564919                  0.1548638675309937                 
0.012039741704679847               344.8680783406703                  0.1496446402848516                 
0.012188380046113712               336.11676677960423                 0.14626374828653574                
0.012337018371165662               327.4493011186959                  0.14479631410852456                
0.01248565667963592                319.1558328922451                  0.14099830961524934                
0.012634294971324705               310.8283090394568                  0.14065396864981514                
0.012782933246032245               303.06297132617124                 0.13531565756285233                
0.012931571503558769               294.95779912994044                 0.13438096455217904                
0.013080209743704493               287.4300149923286                  0.13019829750887688                
0.013228847966269644               279.568209818788                   0.12923801742483643                
0.013377486171054451               272.4936438012943                  0.12700354411680906                
0.013526124357859137               265.4857938789319                  0.12333229558191396                
0.013674762526483924               258.20447135455913                 0.12173781530841407                
0.013823400676729044               251.4440218384628                  0.11876296188806364                
0.013972038808394713               244.55087742956388                 0.11836979412816949                
0.014120676921281166               238.2611303546752                  0.11431824218285529                
0.014269315015188622               231.73348886146434                 0.1117915697321745                 
0.014417953089917307               225.60943845120806                 0.11162332671211893                
0.014566591145267453               219.30516632078806                 0.10838936346860038                
0.014715229181039282               213.6967046192914                  0.10735287522949084                
0.014863867197033016               207.54231648484568                 0.10397972980896895                
0.015012505193048892               202.07729975916132                 0.10202449316710006                
0.015161143168887127               196.33762006616772                 0.10154629101579489                
0.01530978112434795                191.10013609028871                 0.09819713956733736                
0.01545841905923159                185.9465317570435                  0.09778947802692245                
0.015607056973338276               180.88149081982118                 0.09414196974049162                
0.015755694866468228               175.78081488399056                 0.09359314834563742                
0.015904332738421678               171.0429511768026                  0.092394873581511                  
0.01605297058899886                166.22493589794706                 0.08916649818152374                
0.016201608417999988               161.58135985792964                 0.08877511116391941                
0.0163502462252253                 156.96172104742078                 0.08575770762441491                
0.016498884010475022               152.8458072325491                  0.0859516722525546                 
0.01664752177354938                148.48368786412445                 0.08334881619548419                
0.0167961595142486                 144.10157751411242                 0.08122772446969442                
0.016944797232372917               140.0621506128493                  0.08077451695310212                
0.017093434927722556               136.20275744018886                 0.07857934358683351                
0.017242072600097746               132.2966322491362                  0.07822050244642244                
0.01739071024929872                128.47380132525498                 0.07510872697253192                
0.017539347875125698               124.77141120603707                 0.07458107027458119                
0.017687985477378917               121.32348263788771                 0.07339084658161771                
0.01783662305585861                117.6049543427951                  0.07132753158618915                
0.017985260610364994               114.40339180218609                 0.07111989135670493                
0.018133898140698313               111.11067260329878                 0.06837071096255273                
0.018282535646658788               107.74999543977185                 0.06809061612914                   
0.018431173128046652               104.61304203549875                 0.06660353735874565                
0.018579810584662137               101.66398202557139                 0.06505998205894299                
0.01872844801630547                98.68915763103708                  0.06452029068437073                
0.018877085422776888               95.61709166706179                  0.0637175332743363                 
0.01902572280387662                92.71638749523365                  0.06420195917895669                
0.019174360159404893               90.02782744594158                  0.062365031496718785               
0.019322997489161938               87.32665236086986                  0.06158810270742705                
0.019471634792947997               84.61214594269413                  0.06301013341816197                
0.019620272070563285               82.02744528651243                  0.06181507901973762                
0.019768909321808054               79.44972624461546                  0.06201569221725917                
0.019917546546482524               77.06102694463779                  0.06030916629731392                
0.020066183744386925               74.60495306458853                  0.06055283675893984                
0.0202148209153215                 72.38807582884878                  0.06057988954839858                
0.020363458059086476               70.08995434776328                  0.05846888664665214                
0.020512095175482088               67.94423547365558                  0.059302117969679304               
0.020660732264308566               65.71235840768536                  0.056699678016569804               
0.02080936932536615                63.67159440251292                  0.057970096172807066               
0.020958006358455062               61.62355851678721                  0.05652198445344711                
0.02110664336337555                59.547363183172855                 0.055250652527660156               
0.021255280339927837               57.67173188783214                  0.05508087889307119                
0.02140391728791216                55.78472717705321                  0.0536480151859929                 
0.021552554207128764               53.896651090516166                 0.05423296203214763                
0.02170119109737787                52.10580742851341                  0.05239843138587683                
0.021849827958459727               50.3595589616592                   0.05159758377499719                
0.021998464790174553               48.65605011739242                  0.05148523176984715                
0.022147101592322593               47.03322800609999                  0.04994665311637163                
0.022295738364704085               45.422491529893385                 0.0487631395796052                 
0.022444375107119267               43.9056903152961                   0.04655971765701393                
0.022593011819368364               42.42338761927689                  0.04601508464548745                
0.022741648501251623               41.04665750905957                  0.045262288748568365               
0.022890285152569273               39.58025604417518                  0.04322214830371403                
0.02303892177312156                38.15100948253275                  0.04307179317676946                
0.023187558362708714               36.76134324496038                  0.04138203719188021                
0.02333619492113097                35.40781920301518                  0.04149441505681913                
0.023484831448188578               34.2500183872774                   0.03991464114549153                
0.023633467943681763               32.98095037465981                  0.039339352481833394               
0.023782104407410774               31.825231404527834                 0.03864394642518357                
0.023930740839175842               30.601694257422537                 0.03729959046703265                
0.024079377238777205               29.49867008872891                  0.037231819874919726               
0.024228013606015102               28.40352039491199                  0.03575840509700171                
0.024376649940689773               27.340786828955615                 0.03528128366916268                
0.024525286242601464               26.323106620181115                 0.034642984629343905               
0.024673922511550404               25.34469413958125                  0.03347477560417562                
0.024822558747336843               24.28174441805451                  0.033415100472602106               
0.024971194949761022               23.43141318795206                  0.03181663575091415                
0.025119831118623162               22.517654528730265                 0.03195067270620998                
0.025268467253723528               21.594876682518063                 0.03096333240831374                
0.025417103354862348               20.7756656358241                   0.029939256955481486               
0.02556573942183986                20.011938142404357                 0.029765831074405513               
0.02571437545445632                19.162378154887655                 0.028430796830569274               
0.025863011452511953               18.44925635544673                  0.028678978753412278               
0.026011647415807016               17.69060679488658                  0.027553222908497554               
0.02616028334414174                16.981311287763035                 0.02697720784353903                
0.026308919237316375               16.306290802675843                 0.026400415256030537               
0.026457555095131157               15.647860603961837                 0.02581048493606255                
0.026606190917386335               15.047030025084997                 0.02544528491662213                
0.026754826703882146               14.39365809348152                  0.024433013501486973               
0.026903462454418846               13.811070637124065                 0.024026630453796154               
0.027052098168796664               13.259365765967456                 0.023743400255994893               
0.027200733846815844               12.718643054827435                 0.022908368881975182               
0.027349369488276647               12.27750667982825                  0.02262405661551132                
0.0274980050929793                 11.759143638156976                 0.02204147731039369                
0.027646640660724066               11.244236850285468                 0.021484578306469892               
0.02779527619131117                10.747245121304463                 0.021126175914023028               
0.027943911684540874               10.35291147600592                  0.020498001821558864               
0.02809254714021341                9.905713851740321                  0.02005040916507158                
0.02824118255812904                9.512133667179153                  0.019623286113319302               
0.028389817938087997               9.154539333667959                  0.01921463663289052                
0.028538453279890536               8.730383142161259                  0.018740726635424077               
0.0286870885833369                 8.393447280938844                  0.01832971234300524                
0.02883572384822734                8.019485597658988                  0.017773439915928117               
0.028984359074362098               7.731105651617297                  0.01767993359025181                
0.029132994261541426               7.407193376670859                  0.01700867134346415                
0.029281629409565572               7.083350822663319                  0.016776009264017695               
0.029430264518234783               6.835955406653751                  0.016439854013133946               
0.029578899587349307               6.533108774915238                  0.015954260044695138               
0.029727534616709395               6.267312023042925                  0.01569306524872397                
0.029876169606115298               6.057085069565047                  0.015278920218013716               
0.030024804555367265               5.81014643462271                   0.01497321182786603                
0.03017343946426554                5.610040558874698                  0.014748564245300824               
0.030322074332610385               5.380589915396176                  0.014426418380997048               
0.03047070916020204                5.198992038648479                  0.01404630320360393                
0.030619343946840766               4.992114385114261                  0.013804811026568766               
0.03076797869232679                4.830189829850913                  0.01349915644020508                
0.030916613396460405               4.643224712015557                  0.013377385260511512               
0.031065248059041834               4.4523346820019185                 0.012877542551101243               
0.031213882679871328               4.317321632106889                  0.01280000291000676                
0.031362517258749154               4.182267988356058                  0.012480879336691853               
0.031511151795475555               4.0263954091718785                 0.012246092880899648               
0.031659786289850785               3.9104728529267403                 0.01211776633438207                
0.03180842074167511                3.7873087481170304                 0.011768356594414059               
0.03195705515074876                3.6716727281369836                 0.011667220834039042               
0.03210568951687201                3.5482851567817963                 0.011449715612516922               
0.032254323839845105               3.4635308598632166                 0.011260493544463896               
0.03240295811946831                3.3611080367717907                 0.011118104651450484               
0.032551592355541864               3.279012165155065                  0.01083978367431012                
0.032700226547866036               3.184288004547077                  0.010827905498552075               
0.03284886069624108                3.127030999845988                  0.010621179176189884               
0.03299749480046724                3.033560384404972                  0.010461237219544329               
0.033146128860344785               2.9793127913009236                 0.010344087837725311               
0.033294762875673976               2.9003981684585742                 0.010149631512790615               
0.03344339684625505                2.8608347104069454                 0.010216550125753841               
0.0335920307718883                 2.7818271286978113                 0.009885541209937603               
0.03374066465237394                2.7551702707783168                 0.009892269720286742               
0.03388929848751226                2.6954309828036664                 0.009746816603174372               
0.034037932277103514               2.633213477385954                  0.009654867205934906               
0.03418656602094795                2.6081863646818118                 0.0096461319495965                 
0.034335199718845834               2.5919191684758434                 0.009735598669764405               
0.034483833370597426               2.547399116279504                  0.009774725036062854               
0.03463246697600298                2.5174304186410756                 0.009734112393677625               
0.03478110053486277                2.4962488041520734                 0.009791018041038645               
0.034929734046977044               2.463647960075551                  0.009709489984357366               
0.03507836751214607                2.4568810685801927                 0.009430449892330469               
0.0352270009301701                 2.424373932286776                  0.00944258724806783                
0.03537563430084941                2.4173534860142833                 0.009302055460889075               
0.03552426762398426                2.3893152590148605                 0.009273808078516329               
0.035672900899374894               2.375513939976986                  0.009165244356525042               
0.0358215341268216                 2.3838789989898714                 0.00913625168671529                
0.03597016730612462                2.3799536848391436                 0.009234968470748376               
0.036118800437084236               2.3644458043945242                 0.009011025896239781               
0.036267433519500715               2.3663530324637616                 0.009097657599471027               
0.036416066553174295               2.350150060789019                  0.008969385097523921               
0.036564699537905254               2.3313131647747234                 0.008966854390761966               
0.03671333247349387                2.3569049859518096                 0.009015938547614219               
0.036861965359740394               2.344730922835878                  0.00890702478306068                
0.037010598196445095               2.332424288667832                  0.00890238278117493                
0.037159230983408245               2.347884112249093                  0.008927122424540863               
0.03730786372043011                2.352956099971918                  0.008922639747876798               
0.03745649640731094                2.334696236912585                  0.008846148692479237               
0.037605129043851035               2.3528979881053536                 0.008811919396587209               
0.03775376162985063                2.344750120319699                  0.00887443797477464                
0.03790239416511001                2.3538799214385855                 0.008827366944594761               
0.03805102664942944                2.3363044723029516                 0.008807969129468162               
0.038199659082609194               2.3519886968675077                 0.008792189295959521               
0.038348291464449534               2.3508456525739754                 0.008763214679865352               
0.03849692379475074                2.369301040294002                  0.00886080743243045                
0.03864555607331307                2.360409401702707                  0.008767670809936982               
0.0387941882999368                 2.369603637041268                  0.00878028528156764                
0.03894282047442221                2.359516009402318                  0.008674222245436238               
0.03909145259656955                2.3661263760879563                 0.008796130392875075               
0.03924008466617912                2.3472424924701207                 0.008660232282128867               
0.03938871668305117                2.3601675184474775                 0.00862847365064583                
0.03953734864698598                2.3678127067048518                 0.0086509331279129                 
0.03968598055778383                2.3455113219416037                 0.008559747249503218               
0.03983461241524497                2.361605220998822                  0.00863534566949417                
0.0399832442191697                 2.3715898667707793                 0.008573940889296576               
0.040131875969358285               2.368301178628932                  0.00851884853504248                
0.040280507665611                  2.373540045553362                  0.008581608234672756               
0.040429139307728124               2.380470307007233                  0.008544784790142871               
0.04057777089550993                2.3564034557726083                 0.00855884276815743                
0.040726402428756685               2.3666127274932562                 0.008443684290547896               
0.04087503390726868                2.3502218738891254                 0.008514737777011611               
0.04102366533084617                2.3492843208389154                 0.008492689804441974               
0.041172296699289464               2.3362507537359902                 0.008401171170331389               
0.04132092801239882                2.3446255089931687                 0.0084721399537178                 
0.04146955926997452                2.3137461174057234                 0.008360614018325455               
0.04161819047181683                2.318590333218383                  0.008408972848486409               
0.041766821617726047               2.3235843339609157                 0.008414035584715708               
0.041915452707502444               2.310227709183561                  0.008311408460518508               
0.042064083740946306               2.295261035218594                  0.008307660937627491               
0.0422127147178579                 2.30284434909014                   0.008298120639091392               
0.04236134563803752                2.2804790903965277                 0.0082577286921318                 
0.042509976501285435               2.2767624836536284                 0.008421140641544417               
0.04265860730740194                2.271248064323799                  0.008447855675123782               
0.042807238056187316               2.2297939970442404                 0.008491634798144201               
0.04295586874744183                2.239280853782939                  0.008518256021279612               
0.043104499380965784               2.2353092438042377                 0.008553924592194966               
0.04325312995655945                2.1940810775357673                 0.008448903133349                  
0.04340176047402311                2.2069931246395447                 0.008565245862828964               
0.04355039093315706                2.1821705250943744                 0.008508150210016838               
0.043699021333761565               2.1698144724785817                 0.008462226219502893               
0.04384765167563693                2.140678544971941                  0.00847954760354425                
0.04399628195858344                2.1332468990734554                 0.008377729195298887               
0.044144912182401366               2.1074467803824732                 0.008417875836572795               
0.04429354234689099                2.0871887971137566                 0.00834681895103588                
0.044442172451852634               2.074452090508257                  0.008308383355640325               
0.04459080249708656                2.066605555528057                  0.008309880192723246               
0.044739432482393045               2.049940539301575                  0.008272011081779267               
0.044888062407572406               2.0144950664114574                 0.008304319394604912               
0.04503669227242491                2.0082580723443466                 0.008153686322059327               
0.04518532207675085                1.9839369829386335                 0.008236713917255464               
0.04533395182035053                1.9667364516568373                 0.008153365583265067               
0.04548258150302422                1.9374537406526993                 0.008118092141273455               
0.04563121112457223                1.9142727277969502                 0.008151747924357805               
0.045779840684794834               1.904689301565559                  0.008011103310006765               
0.045928470183492345               1.8801691653449095                 0.00807445399586634                
0.04607709962046502                1.849771950622021                  0.007995991237925014               
0.046225728995513186               1.8354152130726757                 0.007947829378615807               
0.046374358308437114               1.819115538487123                  0.007929459741678146               
0.04652298755903712                1.7799476443681792                 0.00778525190620764                
0.046671616747113474               1.7514158050543494                 0.007844030250499425               
0.046820245872466484               1.7333617378402923                 0.007690851901632658               
0.04696887493489644                1.7195928643114606                 0.0076806582466649774              
0.04711750393420365                1.6794726403867226                 0.007598645855750873               
0.047266132870188396               1.6798620449135853                 0.0075116701041621995              
0.04741476174265097                1.666695715184739                  0.0075616079129752125              
0.047563390551391686               1.6189635644404612                 0.0073627293382895215              
0.04771201929621082                1.5763845434371009                 0.007299563063549939               
0.047860647976908685               1.5770337710220346                 0.007312611357674535               
0.04800927659328559                1.5466901536993063                 0.007148279583875897               
0.048157905145141816               1.5143732778827288                 0.007165866550505706               
0.04830653363227766                1.4902950278696985                 0.0070059617132061085              
0.04845516205449344                1.4667252827543926                 0.00704480952530721                
0.04860379041158943                1.4520584182171754                 0.007020593875749531               
0.04875241870336596                1.4134281809798859                 0.006815918188868251               
0.04890104692962332                1.392190000174168                  0.006841910046426841               
0.04904967509016181                1.3718643158708352                 0.006732189607351074               
0.04919830318478172                1.345236506478459                  0.006736125656205129               
0.049346931213283374               1.3146251721175197                 0.00661066533935261                
0.049495559175467066               1.2890426795657888                 0.006525815553525255               
0.0496441870711331                 1.2686328324339389                 0.006504099142231321               
0.049792814900081785               1.2479094690155457                 0.006404421974299604               
0.04994144266211342                1.218195092817793                  0.0063934257398918955              
0.05009007035702831                1.2033870434418525                 0.006269937391495957               
0.05023869798462676                1.1732343480551215                 0.006235405999839587               
0.050387325544709094               1.1491756994472726                 0.006196750802968579               
0.050535953037075594               1.1345134365785725                 0.006115908749051261               
0.050684580461526595               1.1055267717422301                 0.0060434763557100655              
0.05083320781786236                1.0782340839603481                 0.0059229327840562345              
0.05098183510588326                1.0545524843961862                 0.005917732128450177               
0.05113046232538955                1.0380880605147573                 0.005832323563531526               
0.05127908947618157                1.0171569301555348                 0.005787995991657009               
0.05142771655805962                0.991352955148631                  0.005722911321125514               
0.05157634357082401                0.9797203643662589                 0.0056401790225624965              
0.05172497051427505                0.9554203959948311                 0.005635644255315321               
0.051873597388213066               0.9340803419013866                 0.005476899437287975               
0.05202222419243834                0.911016027804705                  0.005447086324360431               
0.05217085092675122                0.8814178921312532                 0.005385221995952484               
0.052319477590952006               0.8705666043301344                 0.005324790480536531               
0.05246810418484102                0.8518237754077103                 0.005264494087071739               
0.05261673070821854                0.8386594100491246                 0.005205250625981113               
0.052765357160884915               0.8131660604757237                 0.005133272236798055               
0.052913983542640465               0.7958713162200917                 0.005086088702742306               
0.05306260985328549                0.7846672874295043                 0.00507071332579766                
0.05321123609262031                0.7606611791507533                 0.00495979083052553                
0.053359862260445236               0.7465930032006705                 0.0048916182673616766              
0.05350848835656059                0.7235856182245327                 0.004844727369350738               
0.05365711438076671                0.7075259006065593                 0.004764295142877746               
0.05380574033286389                0.693566993993678                  0.004728878081166059               
0.05395436621265246                0.6762520509508263                 0.004667138142717681               
0.054102992019932725               0.6574448451111421                 0.004597179193847984               
0.05425161775450505                0.6413583767720551                 0.004561161717103813               
0.0544002434161697                 0.6262940821085737                 0.0044318930919844185              
0.054548869004727024               0.6118001142662858                 0.004436946883819007               
0.054697494519977345               0.6105131387945653                 0.00443449915672118                
0.054846119961720986               0.5897884578042664                 0.0043433775972987025              
0.05499474532975826                0.5769879515198981                 0.004304561931266719               
0.055143370623889514               0.5625375692782643                 0.004192092432828082               
0.05529199584391504                0.5565744230089102                 0.004229845827330055               
0.05544062098963519                0.5438626055030263                 0.004142099891584497               
0.055589246060850264               0.5280301283580986                 0.004105611228019738               
0.05573787105736062                0.5188374252034016                 0.004055645829422521               
0.05588649597896656                0.5061272419945383                 0.0039821688818908515              
0.056035120825468424               0.49625027886455736                0.003982126351786661               
0.05618374559666653                0.4937833422784709                 0.003933311377886613               
0.056332370292361225               0.4776531448184642                 0.003893279084178691               
0.05648099491235282                0.4739745134739493                 0.0038554905969529238              
0.05662961945644166                0.46240705377353114                0.003813739382769834               
0.05677824392442804                0.45166911200551557                0.00379152471910328                
0.056926868316112336               0.4371259174070553                 0.0036757937951788612              
0.057075492631294855               0.43419359876654406                0.0036955658151932563              
0.05722411686977594                0.4326057950017148                 0.0036673362173792958              
0.05737274103135591                0.4172082356310554                 0.0036243367753606283              
0.057521365115835124               0.4115219797929297                 0.003587278475126698               
0.05766998912301387                0.4097643652586337                 0.0035606115943315037              
0.057818613052692536               0.4021759885061901                 0.0035636874919710835              
0.05796723690467142                0.39430563303465976                0.00347611656248988                
0.05811586067875089                0.39197890575115907                0.0035010678472875124              
0.05826448437473124                0.3746275185064929                 0.003407817652403683               
0.05841310799241284                0.3758913781070579                 0.00339884516950122                
0.05856173153159601                0.36675125870339326                0.003391486309535238               
0.05871035499208109                0.3647641515572481                 0.003338601260746649               
0.058858978373668436               0.36727706002457483                0.003377483442358766               
0.05900760167615837                0.3537945329962174                 0.0032880192014805585              
0.059156224899351226               0.35149492458963816                0.0032835656115346797              
0.059304848043047365               0.35199347475708453                0.0033096655650618955              
0.05945347110704712                0.3490413474462718                 0.0032612142384061456              
0.05960209409115083                0.345206057771836                  0.0032602900002835352              
0.05975071699515884                0.3441145986423989                 0.003236585044358446               
0.0598993398188715                 0.3354281452455732                 0.0032153272869129296              
0.060047962562089136               0.3390892493639307                 0.0032098292007033073              
0.06019658522461209                0.33342669908546163                0.003181413435540195               
0.06034520780624073                0.3269679984424908                 0.0031699677529289367              
0.06049383030677538                0.32472968261638185                0.0032228951991264644              
0.0606424527260164                 0.3277647282086504                 0.0032873593386111366              
0.060791075063764154               0.32663096984298223                0.003298629673308065               
0.06093969731981895                0.32237850711808186                0.003297655523334565               
0.06108831949398115                0.32462710906896497                0.003357034123023064               
0.0612369415860511                 0.31517711325309156                0.003300691079979535               
0.06138556359582917                0.31926855474021754                0.0033657600549488282              
0.061534185523115695               0.3163576172591081                 0.0033393432876954055              
0.061682807367711034               0.3194823204449539                 0.0033970184958341415              
0.061831429129415506               0.31221143671157103                0.0033733373333529756              
0.061980050808029506               0.321868070989896                  0.003415442373642753               
0.06212867240335336                0.3139165975404097                 0.003417592311337425               
0.06227729391518745                0.3146597048920954                 0.0033942471056676647              
0.06242591534333208                0.3090409733265922                 0.003443153100923071               
0.06257453668758765                0.30876984157844733                0.00341124881284326                
0.06272315794775449                0.3132836284327939                 0.0034300670324413636              
0.06287177912363298                0.30840387618579435                0.0034478446748207985              
0.06302040021502343                0.3099104317969877                 0.00345005753294298                
0.06316902122172624                0.3137278751848144                 0.0035027712729171715              
0.06331764214354177                0.31069539851169836                0.003357545055576606               
0.06346626298027035                0.30671221115732517                0.003322854076008731               
0.06361488373171235                0.308648525899718                  0.0033020453936350256              
0.06376350439766815                0.31033772866670967                0.0032912378746793435              
0.06391212497793805                0.3133489717742345                 0.0032982275069781807              
0.06406074547232249                0.3115683518935872                 0.003245327600043353               
0.06420936588062177                0.3111777533389342                 0.003257022248590245               
0.0643579862026363                 0.3097129253095708                 0.003230561009695362               
0.06450660643816641                0.3081539507249773                 0.0032073279177783336              
0.06465522658701248                0.3087089267713566                 0.003220263668134853               
0.06480384664897484                0.30520192895770376                0.003177118996011003               
0.06495246662385391                0.3042846096641199                 0.00318382715989866                
0.06510108651145002                0.3067580397888109                 0.0031673389006590886              
0.06524970631156356                0.31039962955736605                0.0031844654051790943              
0.06539832602399485                0.30571328084275123                0.003168396065637543               
0.0655469456485443                 0.3077725728205502                 0.0031725759545343326              
0.06569556518501228                0.30802377522279994                0.003167433785863526               
0.06584418463319913                0.3067441990183349                 0.0031308579412380466              
0.06599280399290525                0.30663137547707947                0.003128728703990146               
0.06614142326393099                0.3082504529687525                 0.003149514679088648               
0.06629004244607672                0.30630291761058315                0.0031379806364078442              
0.06643866153914282                0.30737419668583826                0.0031387599549957497              
0.06658728054292967                0.3083201497525342                 0.0030931153542909117              
0.06673589945723764                0.3067776258849391                 0.0031310360330022236              
0.06688451828186709                0.3077363014642768                 0.003125072031574283               
0.06703313701661841                0.30738185287330844                0.003106452368148981               
0.06718175566129193                0.3043305581937794                 0.003100092361903664               
0.0673303742156881                 0.303754689029861                  0.003089581069387727               
0.06747899267960726                0.29641212322288646                0.0030475468731989293              
0.06762761105284978                0.299410020533954                  0.003037856684261095               
0.06777622933521604                0.30529547778187366                0.0030943875165424335              
0.06792484752650643                0.29897591149489017                0.0030400312970145556              
0.0680734656265213                 0.3003182564677099                 0.003061604289245245               
0.0682220836350611                 0.29616345219902185                0.003025701242939762               
0.06837070155192615                0.2984433872795733                 0.003015656772232124               
0.06851931937691683                0.30185849602108983                0.003051723499008802               
0.06866793710983354                0.30540675828988534                0.003060808785725408               
0.06881655475047667                5.337631639843441                  0.012814269491367478               
0.06896517229864657                0.2937282109288184                 0.003004587575603515               
0.06911378975414369                0.29419796347647414                0.0029814468875288508              
0.06926240711676834                0.29438553852999894                0.003002215255873543               
0.06941102438632095                0.2948870686108317                 0.0029751683915111506              
0.06955964156260189                0.29602662176099387                0.0030077111040793117              
0.06970825864541157                0.28981378544260533                0.002946717115498024               
0.06985687563455034                0.2879762725014555                 0.00294837363269479                
0.07000549252981861                0.28654069515304303                0.002934137208715172               
0.07015410933101678                0.284134671327808                  0.002897523747901083               
0.07030272603794524                0.28786041217824665                0.0029436411472793136              
0.07045134265040434                0.281884799653                     0.0028926860729174                 
0.07059995916819455                0.28009507125436556                0.002894199005955885               
0.07074857559111615                0.27950387860616577                0.002885780343440283               
0.07089719191896963                0.2757878706507134                 0.0028377503149465627              
0.07104580815155535                0.2720350896095371                 0.0028535847000361607              
0.07119442428867372                0.27548781263015265                0.002840080542578893               
0.07134304033012509                0.27404370689956287                0.0028417008629970965              
0.0714916562757099                 0.2702731863227405                 0.002828574181418276               
0.07164027212522854                0.26782768351578595                0.002790174473023172               
0.0717888878784814                 0.2596301273845036                 0.002780014398467395               
0.07193750353526884                0.25895935233914413                0.002741116461980603               
0.07208611909539134                0.2620837631867164                 0.0027713954566529345              
0.07223473455864923                0.25633923025596766                0.002742105792565286               
0.07238334992484297                0.25866211825998103                0.0027595434104464548              
0.07253196519377289                0.2553498636057583                 0.0027531882734120605              
0.07268058036523947                0.253984261426023                  0.0026964727706076993              
0.07282919543904304                0.2529568270737361                 0.0027177671684663813              
0.07297781041498405                0.2492922348533733                 0.002695563176640429               
0.07312642529286288                0.24800583202354512                0.0026849516552811103              
0.07327504007247997                0.24283199121887128                0.002656798795001717               
0.07342365475363567                0.23754192232363042                0.002606576336888058               
0.07357226933613044                0.23564277401956507                0.0026195469676687454              
0.07372088381976465                0.23524093263669696                0.0026032040109598246              
0.07386949820433873                0.23423285763579782                0.002589512902296511               
0.07401811248965308                0.2328819937857642                 0.0025717513969114873              
0.07416672667550812                0.23741539180431367                0.002610537046535265               
0.07431534076170422                0.22853902799692638                0.002569314315393631               
0.07446395474804186                0.22543756472744564                0.0025170100842920712              
0.07461256863432139                0.2258628814650286                 0.0025249081889486672              
0.07476118242034327                0.21822923645109724                0.002468902963532938               
0.07490979610590787                0.22155698133410306                0.0024963473628246712              
0.07505840969081562                0.21068455694969473                0.002433262414537957               
0.07520702317486694                0.20927588344626688                0.002410411093290836               
0.07535563655786226                0.21193618152358087                0.002423592278891097               
0.07550424983960197                0.20837755801476265                0.0023979974065745477              
0.0756528630198865                 0.20680181308993603                0.002398195874071768               
0.07580147609851624                0.19956233530192086                0.0023397102552473142              
0.07595008907529169                0.20490830116374747                0.0023678142910145946              
0.07609870195001317                0.19579697725843012                0.002325484743523324               
0.07624731472248115                0.1911306155058323                 0.002279081992432377               
0.07639592739249607                0.20004765708299208                0.0023365844495961906              
0.07654453995985831                0.18842844752674712                0.00225910006611403                
0.0766931524243683                 0.1903473419951848                 0.002272490239313548               
0.07684176478582651                0.1853122239944202                 0.0022527135948080964              
0.07699037704403329                0.18246958581035025                0.002220291304607857               
0.07713898919878912                0.18202757919358148                0.0022241528086431516              
0.0772876012498944                 0.18080212310215749                0.0021972380898504246              
0.07743621319714959                0.17730002003425568                0.0021969402498841664              
0.07758482504035506                0.1760376673647789                 0.0021844869924698275              
0.0777334367793113                 0.17612853719469473                0.0021704602598204437              
0.0778820484138187                 0.17099713363847555                0.00215026952521862                
0.0780306599436777                 0.16817266306559553                0.0021191127928148826              
0.07817927136868873                0.1658186719132055                 0.0021201383030147584              
0.07832788268865222                0.1681811656192664                 0.002116533122694731               
0.07847649390336861                0.1616000558935683                 0.0020721362041788965              
0.07862510501263834                0.16050619545704412                0.002085023609602022               
0.07877371601626182                0.1598224543530099                 0.002058160029178517               
0.0789223269140395                 0.15829157581398318                0.002056775717097763               
0.07907093770577181                0.15807786117917494                0.002045212517288657               
0.0792195483912592                 0.15561291050802906                0.002030040639013985               
0.07936815897030208                0.15177984230974928                0.0020190703146963224              
0.07951676944270093                0.14834296306883066                0.0019747490993347713              
0.07966537980825614                0.15053830406951269                0.00199831563399321                
0.07981399006676818                0.14357107043082162                0.0019435242395216478              
0.07996260021803749                0.1466307546379591                 0.001974657089540522               
0.0801112102618645                 0.14692740000184104                0.001972579735559516               
0.08025982019804966                0.14104493360721315                0.0019161874453273013              
0.0804084300263934                 0.13989250701657402                0.001925571991680993               
0.08055703974669619                0.13875295534870782                0.0019028690916979213              
0.08070564935875844                0.1400499989007888                 0.0019242793674596117              
0.08085425886238064                0.14092529623991754                0.0019161542453416775              
0.0810028682573632                 0.13602730440067806                0.0018825618144832474              
0.08115147754350657                0.1382656619617681                 0.0019080657152979886              
0.08130008672061122                0.13233396067309977                0.0018583371355523222              
0.08144869578847758                0.1340259445412563                 0.0018694218612621827              
0.0815973047469061                 0.13148277422329951                0.0018471127527855172              
0.08174591359569723                0.12642111415539756                0.001811942153651247               
0.08189452233465144                0.1284982362987007                 0.001831954215125587               
0.08204313096356916                0.12787860192530467                0.0018186898729688216              
0.08219173948225086                0.12280230136278246                0.001787267283396481               
0.08234034789049698                0.12677984168141                   0.0018043410988629212              
0.08248895618810799                0.12538294171892359                0.001804491431869589               
0.08263756437488433                0.12671516146777026                0.0018104013366531972              
0.08278617245062646                0.12236830798550305                0.0017719656297940744              
0.08293478041513484                0.12514318263560542                0.0017976928489230372              
0.08308338826820992                0.12039987473975758                0.0017541611284490142              
0.08323199600965217                0.12276761906888983                0.0017805502907213763              
0.08338060363926207                0.12103904713557709                0.0017588129281640847              
0.08352921115684006                0.12153037979404281                0.001761679914041884               
0.08367781856218658                0.11543860669623034                0.0017279757082755923              
0.08382642585510211                0.11911800894763593                0.001747583046262331               
0.08397503303538713                0.11445902662151919                0.0017049288872476398              
0.08412364010284208                0.11878556704590588                0.0017293572022160698              
0.08427224705726745                0.1169528286721296                 0.0017268171778793383              
0.08442085389846368                0.11537667388469693                0.0017165043230071117              
0.08456946062623125                0.11282214747208298                0.0016947064642727759              
0.08471806724037062                0.11397480199831451                0.0016999807294958954              
0.08486667374068227                0.11843369080464396                0.0017267982787257726              
0.08501528012696667                0.11357594046717087                0.0017023840613898287              
0.08516388639902428                0.11632272013753338                0.0017093348961303957              
0.08531249255665557                0.11441975454789381                0.0016979514212793318              
0.08546109859966101                0.11451584320909461                0.0017020030264845497              
0.08560970452784111                0.11332653017139187                0.0016793262577572115              
0.08575831034099632                0.1163494280850166                 0.0017182825626940843              
0.08590691603892707                0.11411432301917945                0.00168711469792717                
0.0860555216214339                 0.11067179412073612                0.0016673036619382535              
0.08620412708831726                0.1151763801569127                 0.0017035614916588652              
0.08635273243937762                0.11419467109369542                0.0016903359188185443              
0.08650133767441548                0.11091957723227039                0.0016646261797563107              
0.08664994279323132                0.11090982716093092                0.001656847575282264               
0.08679854779562558                0.11204550557963938                0.0016704613974639474              
0.08694715268139878                0.11244286339591986                0.00168521112974412                
0.08709575745035139                0.11427634028681369                0.0016818078928540038              
0.0872443621022839                 0.11077009245289793                0.0016577223261582661              
0.08739296663699678                0.10937096433223437                0.0016465855106330136              
0.08754157105429052                0.11315004152779763                0.0016728583501348252              
0.08769017535396562                0.11158766990058                   0.0016651167191010885              
0.08783877953582254                0.11348625608602383                0.0016663947807830518              
0.0879873835996618                 0.11104357272816416                0.0016597718226251201              
0.08813598754528384                0.1120771139069463                 0.0016604472422433723              
0.08828459137248919                0.11277965540380339                0.0016701225578125021              
0.08843319508107834                0.11370273968466786                0.0016737287513864446              
0.08858179867085175                0.1108871803105732                 0.0016440816108705817              
0.08873040214160996                0.11129796839063841                0.0016578432213008062              
0.08887900549315342                0.1097821460321908                 0.001638357017434712               
0.08902760872528265                0.11189673893694359                0.0016546907120193629              
0.08917621183779811                0.11073046486009756                0.0016479280489495205              
0.08932481483050034                0.11076309910392375                0.0016388230022042567              
0.08947341770318981                0.11200920522852346                0.0016523839115233003              
0.08962202045566703                0.11177717747853451                0.0016512985383444446              
0.08977062308773248                0.11353372904537078                0.0016642237409228483              
0.08991922559918666                0.11076357777766625                0.0016388300845407578              
0.0900678279898301                 0.11238763553735928                0.0016545494033569212              
0.09021643025946328                0.11237712274462827                0.001646385578318916               
0.09036503240788671                0.11056525631328952                0.001634286603822998               
0.09051363443490087                0.11086028807014567                0.0016340130298061562              
0.09066223634030629                0.11325447348521907                0.0016628121115201775              
0.09081083812390348                0.11371308550491917                0.0016623938413720782              
0.09095943978549291                0.10927143731540198                0.0016162221151170809              
0.09110804132487513                0.11084493418709354                0.0016357423962995007              
0.09125664274185061                0.11464725572012238                0.0016542737190092742              
0.09140524403621988                0.11206241179030782                0.0016477984747066366              
0.09155384520778345                0.11112354290721616                0.001630471531198191               
0.09170244625634183                0.11037419891189582                0.0016189539839141728              
0.09185104718169552                0.11194163418008389                0.00164691298937399                
0.09199964798364504                0.11272620756753791                0.001639751503148508               
0.0921482486619909                 0.1068895992969946                 0.0015991119428578242              
0.09229684921653362                0.10918240018075298                0.0016113837915405968              
0.09244544964707371                0.11193945334874032                0.0016340220194181877              
0.09259404995341172                0.11003295279967189                0.0016273076152844143              
0.0927426501353481                 0.10975443807037531                0.0016084797760287316              
0.09289125019268343                0.10791234276996853                0.00159962323363516                
0.09303985012521819                0.11136512361177857                0.0016232189505526779              
0.09318844993275292                0.11186506197443244                0.0016232797941421711              
0.09333704961508814                0.10892257668454504                0.0016172657287229328              
0.09348564917202434                0.10863181172337928                0.0015961464901258961              
0.09363424860336209                0.10636068781106853                0.0015834216972106963              
0.09378284790890191                0.10971642726790042                0.0016058546491928506              
0.0939314470884443                 0.10720976149340512                0.0015950019434248894              
0.09408004614178979                0.10708402102088807                0.0015882174191879294              
0.0942286450687389                 0.10821206527199309                0.0015884366595568997              
0.09437724386909221                0.10474153699437204                0.0015742154902507843              
0.09452584254265017                0.11016709302423153                0.0016079789060212                 
0.09467444108921338                0.10796088832987315                0.0015837262427314776              
0.09482303950858231                0.10785749721798155                0.0015887186157790805              
0.09497163780055753                0.10645825012448995                0.0015732364558335944              
0.0951202359649396                 0.1049065563356421                 0.0015731461305186019              
0.09526883400152898                0.10839155204510213                0.0015845973027329731              
0.09541743191012625                0.10442996220358028                0.0015598728341687346              
0.09556602969053193                0.1048555629765444                 0.0015636157363723897              
0.09571462734254658                0.104720493487865                  0.0015586582505300824              
0.09586322486597074                0.1022909531462818                 0.001544377295190784               
0.09601182226060492                0.1034697686894547                 0.0015393605940962375              
0.09616041952624964                0.10521214630231689                0.0015668440132305566              
0.09630901666270551                0.10369731357738696                0.0015482385287627254              
0.09645761366977304                0.10218413255386313                0.0015385617583446698              
0.09660621054725275                0.0992933380098651                 0.001511750220151244               
0.0967548072949452                 0.10000967020513929                0.0015128688354140998              
0.09690340391265093                0.10302840720672181                0.0015488178609678095              
0.0970520004001705                 0.10030641685947024                0.001519445418199069               
0.09720059675730447                0.10098766010402281                0.0015191697668654293              
0.09734919298385332                0.10091921927251588                0.0015186557881089531              
0.0974977890796177                 0.09841940049248483                0.001505087909358496               
0.09764638504439807                0.09865911523216543                0.0015101671222767516              
0.09779498087799501                0.09763738588794668                0.0014848182628175832              
0.09794357658020908                0.09774674949141439                0.0014967277348742131              
0.09809217215084083                0.10018851068924797                0.0015131523201305324              
0.09824076758969084                0.09628020298773753                0.0014854589557768913              
0.09838936289655961                0.09877824786193326                0.0014971557574194347              
0.09853795807124772                0.09700571036173627                0.0014800117521477976              
0.09868655311355574                0.09557070948864248                0.0014794511090371564              
0.09883514802328423                0.09448109969127994                0.0014590914356279777              
0.09898374280023374                0.0919230164491313                 0.0014519792528735612              
0.09913233744420481                0.09263522647642128                0.0014402351539270141              
0.09928093195499803                0.09614666391982292                0.0014770832991649547              
0.09942952633241396                0.09251082044147863                0.001454026362462539               
0.09957812057625312                0.09014604257346717                0.0014237332829141018              
0.09972671468631612                0.09278215676354819                0.0014433920443966697              
0.09987530866240353                0.09308362242833892                0.001443720966663645               
0.1000239025043159                 0.0896811829055849                 0.0014240491309001923              
0.10017249621185377                0.09087879701300182                0.001436560852554131               
0.10032108978481775                0.09166293175945218                0.0014242580945625991              
0.10046968322300841                0.08829712417899577                0.0014095551074679703              
0.10061827652622628                0.08721468403432286                0.0013926302263248228              
0.10076686969427194                0.08793133631605937                0.0014071265393173428              
0.10091546272694601                0.08597193514270501                0.0013899021270154376              
0.101064055624049                  0.08788512108326975                0.0013941240652704215              
0.10121264838538155                0.0876654744224686                 0.0014064784291317792              
0.1013612410107442                 0.08681239323042086                0.00142277167603054                
0.10150983349993749                0.08495279733014548                0.0014304574834341959              
0.10165842585276207                0.08451100768270836                0.0014315676931700451              
0.10180701806901846                0.08508104126274038                0.0014495666318356125              
0.10195561014850726                0.08217795265916927                0.0014441652646737277              
0.10210420209102905                0.08618384993800209                0.0014719921163471345              
0.10225279389638445                0.08420849849633334                0.0014619002244087224              
0.10240138556437398                0.08185298784746053                0.0014563297586048989              
0.10254997709479825                0.08312520940278177                0.0014717614080028802              
0.10269856848745783                0.08248748466700889                0.0014848756989869576              
0.10284715974215335                0.08242514544080293                0.0014667417675184437              
0.10299575085868538                0.0816406613705547                 0.0014821724142612739              
0.10314434183685449                0.08085962593103539                0.0014738336912298855              
0.10329293267646124                0.07709227522980835                0.0014494204665915205              
0.1034415233773063                 0.07812424618199168                0.0014646865870963108              
0.10359011393919021                0.07746283356066715                0.0014522863113517804              
0.10373870436191358                0.07904775076786258                0.0014867111985835295              
0.10388729464527696                0.07664964471247707                0.0014627155544922575              
0.10403588478908102                0.07677045454677338                0.0014676958474520514              
0.10418447479312629                0.0773541313707908                 0.0014290574998677198              
0.10433306465721338                0.07805263320054857                0.001423853545248223               
0.1044816543811429                 0.07938068252648715                0.0014336025125020646              
0.1046302439647155                 0.07760971445602478                0.0014007057060285287              
0.10477883340773168                0.07486493427071204                0.0013666126924025204              
0.10492742270999211                0.07777567714614105                0.0013950934377241337              
0.10507601187129732                0.07693128021188679                0.0013837366918240536              
0.10522460089144804                0.07595216253734766                0.0013685629720527736              
0.10537318977024476                0.07628256139735248                0.0013678707810838855              
0.10552177850748812                0.07495863803139662                0.0013513191734216307              
0.10567036710297875                0.07585448060771773                0.001354760315114379               
0.10581895555651723                0.07513755643853752                0.0013534454299961342              
0.10596754386790419                0.07166049749076134                0.0013074643460478077              
0.10611613203694019                0.07472881470890294                0.001337646044130367               
0.10626472006342588                0.07605685798793543                0.0013514947048226104              
0.10641330794716188                0.07580132940456591                0.0013427210288716638              
0.10656189568794881                0.07244836854200122                0.0013165903714549702              
0.10671048328558726                0.07216065454436775                0.0012962527052695196              
0.10685907073987783                0.07250722184509678                0.0013122538725060034              
0.10700765805062118                0.07223541096577789                0.0013030733649342923              
0.1071562452176179                 0.07411289647815283                0.001316535781507317               
0.10730483224066863                0.07182807127838536                0.00129467242220682                
0.10745341911957391                0.07302555553367017                0.0012955860467741582              
0.1076020058541345                 0.07332458172359309                0.0013099942723528045              
0.10775059244415094                0.07299144876582984                0.0013013455300083022              
0.10789917888942382                0.0710298611119772                 0.001275939779131412               
0.10804776518975381                0.07095950350344123                0.0012840326049856768              
0.10819635134494156                0.07219985921325388                0.001282755142086662               
0.10834493735478763                0.071919074628923                  0.0012912882345925316              
0.10849352321909271                0.07212742340362306                0.0012780436883531214              
0.1086421089376574                 0.07363296227826854                0.001296805238130601               
0.10879069451028231                0.06884944922324011                0.0012589029865866354              
0.1089392799367681                 0.07121700380290943                0.0012695076635723629              
0.10908786521691538                0.0685232719960629                 0.0012518929332163843              
0.1092364503505248                 0.07237100254362207                0.0012673284649033548              
0.10938503533739702                0.06975431284448666                0.0012599572949606168              
0.10953362017733265                0.0715948315936528                 0.0012742198928838038              
0.1096822048701323                 0.0687671375195955                 0.0012466081754222383              
0.10983078941559662                0.0723886615951044                 0.0012794629369050259              
0.10997937381352627                0.07078698096401728                0.0012546860544348371              
0.1101279580637219                 0.07245641142211945                0.001278266649000967               
0.11027654216598413                0.07156904846141043                0.0012677517286350194              
0.11042512612011357                0.06884679702038662                0.001230584870941406               
0.11057370992591092                0.06929388859941252                0.0012409574141739879              
0.11072229358317678                0.07136474812474893                0.0012498990480595377              
0.11087087709171187                0.06987189457933157                0.0012461239717458598              
0.11101946045131672                0.07008406681016963                0.0012327744333087273              
0.11116804366179206                0.06890074584891924                0.0012264657533539156              
0.11131662672293854                0.07365380916911612                0.0012676343331042375              
0.11146520963455678                0.06799462996855468                0.0012237883087391514              
0.11161379239644743                0.06924958029654661                0.001263476537100267               
0.11176237500841117                0.069607135495969                  0.0012653751461106865              
0.11191095747024861                0.06851108399335148                0.0012741976307443117              
0.11205953978176046                0.07156186203432763                0.001312454262694526               
0.11220812194274735                0.06946874735347475                0.0012902247249730056              
0.11235670395300991                0.07069470726602864                0.0013143550062353771              
0.11250528581234887                0.07048894461446582                0.001313940240318786               
0.1126538675205648                 0.07272571778932675                0.0013490877889686759              
0.1128024490774584                 0.06892902915718041                0.0013144250122878033              
0.11295103048283038                0.0706784499184471                 0.0013330811682849674              
0.11309961173648131                0.07057525590969091                0.0013426475358844145              
0.11324819283821194                0.07180666220054334                0.001347902703129803               
0.11339677378782287                0.06864939733660248                0.0013226286724928487              
0.11354535458511482                0.070486304976192                  0.0013349295906178022              
0.11369393522988842                0.07013001815956817                0.0013341771823535682              
0.11384251572194438                0.06996581490119436                0.0013341957406874123              
0.11399109606108329                0.07110685003270281                0.0013471652886687668              
0.11413967624710591                0.07175873364714928                0.0013522545166968492              
0.11428825627981287                0.07140809637879979                0.0013446922488543852              
0.11443683615900485                0.0684482961379973                 0.0013334364792133011              
0.1145854158844825                 0.07370424363518335                0.001374830353276487               
0.11473399545604654                0.06833165261933526                0.0013258912025719892              
0.11488257487349764                0.06780822528796138                0.0013239855116417754              
0.11503115413663645                0.0697933682154017                 0.0013362630968842967              
0.11517973324526365                0.06932858958378364                0.001348539846509056               
0.11532831219917995                0.06943831073689237                0.0013365884525031113              
0.11547689099818605                0.07110143184754246                0.0013645624924729493              
0.11562546964208253                0.06595792391620586                0.0013100202096301603              
0.11577404813067017                0.0670138901157418                 0.0013178032337546912              
0.11592262646374966                0.07137701090171829                0.001376202101802351               
0.11607120464112164                0.06967034335416597                0.0013388244064817477              
0.1162197826625868                 0.06822041440364834                0.0013410106199313802              
0.11636836052794586                0.06937621903512563                0.001351769807551603               
0.11651693823699948                0.07118628567602585                0.001365939456762015               
0.11666551578954835                0.06899713511074214                0.001354187230793407               
0.11681409318539324                0.07041559474493105                0.001348670710906562               
0.11696267042433472                0.06984327072474321                0.001361904624937359               
0.11711124750617356                0.06809064592131159                0.001344709408723131               
0.11725982443071048                0.06853176732648088                0.0013473912334666471              
0.1174084011977461                 0.06931656304225066                0.0013573230590022964              
0.11755697780708119                0.07079950401497512                0.0013683778312175625              
0.11770555425851639                0.07085375434263111                0.001377424956348841               
0.11785413055185245                0.06715462500079948                0.0013337884320456443              
0.11800270668689006                0.06996600597541354                0.0013586272561572229              
0.11815128266342986                0.0705647000628273                 0.0013751879883862205              
0.11829985848127267                0.07122904719147939                0.0013810719879924047              
0.11844843414021912                0.07026399284206776                0.0013809145331623027              
0.11859700964006994                0.06968941043979719                0.0013576145402939867              
0.11874558498062582                0.07037403449047525                0.0013699122663353594              
0.1188941601616875                 0.06805531186580928                0.00135221090371647                
0.11904273518305566                0.06854390968806916                0.0013621879116065183              
0.11919131004453105                0.06835111802691243                0.0013596997002438657              
0.11933988474591431                0.06935274466740153                0.0013588133008351805              
0.11948845928700624                0.06680955569533088                0.0013442811441123467              
0.11963703366760754                0.06991902318327531                0.0013717525585720469              
0.11978560788751887                0.06933791472392845                0.0013712145486355594              
0.11993418194654097                0.06795764002886526                0.0013529435091088633              
0.12008275584447463                0.06765124737431748                0.0013532956336844136              
0.1202313295811205                 0.06929656590438336                0.001372545642325597               
0.12037990315627929                0.06722808691223195                0.0013513353918865204              
0.12052847656975177                0.0673563101270999                 0.0013509140724076371              
0.12067704982133863                0.06682265503705248                0.0013404805928468942              
0.12082562291084065                0.06701576592597994                0.0013572508892886641              
0.12097419583805849                0.06832502586234568                0.0013686921794687538              
0.12112276860279289                0.0690437613961838                 0.0013648637524716254              
0.12127134120484465                0.06664679271753955                0.0013500550877884477              
0.1214199136440144                 0.06510739546087195                0.0013276169298997715              
0.12156848592010293                0.0666689365955138                 0.001356641069868554               
0.12171705803291097                0.0686341739601937                 0.0013642511814659442              
0.12186562998223927                0.06590609315556391                0.0013413957777525763              
0.12201420176788849                0.06676252048959963                0.001360518598316052               
0.12216277338965947                0.06629185378128775                0.0013464612398293855              
0.12231134484735287                0.06562485410279087                0.0013482977833648886              
0.12245991614076948                0.06739367343198545                0.0013473346425263767              
0.12260848726971                   0.06415686399113388                0.0013331341383766959              
0.12275705823397523                0.06537764677631325                0.0013469195027404723              
0.1229056290333658                 0.06454223664999963                0.0013291442322298157              
0.12305419966768259                0.06727473115618862                0.0013622162940255392              
0.12320277013672629                0.0649261446015171                 0.0013336609702121205              
0.12335134044029764                0.06490629162742925                0.0013420592379679082              
0.12349991057819736                0.06730572136685849                0.0013695989542685159              
0.12364848055022623                0.06331442093910447                0.0013142109125413902              
0.12379705035618503                0.0630105360264952                 0.0013269052152525486              
0.12394561999587449                0.06612740848244432                0.0013442307322058336              
0.12409418946909531                0.06477189081867256                0.0013464954736644975              
0.12424275877564833                0.06457110443418199                0.0013311507804438453              
0.12439132791533426                0.06454545802443797                0.0013360270804587547              
0.1245398968879539                 0.06381871302274583                0.0013388868569793612              
0.12468846569330792                0.06426920155085333                0.0013320220573104643              
0.1248370343311972                 0.06429644757855958                0.0013433043896321174              
0.1249856028014224                 0.06500949645900016                0.0013345287461242984              
0.12513417110378433                0.061595779257246214               0.0013096594850132161              
0.12528273923808372                0.0640704433225807                 0.0013456495452097365              
0.1254313072041214                 0.06250905639158501                0.001311410871213366               
0.1255798750016981                 0.06443677013665268                0.0013418504371510587              
0.12572844263061453                0.06285051472393925                0.0013223631041855508              
0.12587701009067154                0.06272826939450908                0.0013256725363443769              
0.1260255773816699                 0.06206826265555203                0.0013232998061111876              
0.1261741445034103                 0.06208726254003552                0.0013097879052707867              
0.12632271145569363                0.060008907375942                  0.0013011638066521838              
0.12647127823832058                0.059786592617436886               0.0012902913339644115              
0.12661984485109193                0.05948154147388064                0.0012943009140505956              
0.1267684112938085                 0.06189945709813972                0.0013215041409855477              
0.12691697756627102                0.06079850974227058                0.0012994813574975861              
0.1270655436682803                 0.062392835901765635               0.0013221313927846026              
0.1272141095996371                 0.06177960462189879                0.0013076696055004504              
0.12736267536014226                0.062307218691669865               0.0013218017973547916              
0.12751124094959648                0.059956732791432994               0.0012876810958911927              
0.12765980636780058                0.06102402609009558                0.001301332398710959               
0.1278083716145554                 0.061168829517886755               0.0013073964140798255              
0.12795693668966165                0.060513397409060345               0.0012930921607012642              
0.12810550159292017                0.05857432775223831                0.0012727536028370792              
0.1282540663241317                 0.06418955324567874                0.0013272393284904742              
0.12840263088309706                0.05847642663192926                0.0012794154944686853              
0.12855119526961703                0.06102743833199078                0.0013008137510717105              
0.12869975948349244                0.06157098100983916                0.0013026702316967175              
0.12884832352452402                0.06038310132443779                0.0012950473427066572              
0.1289968873925127                 0.05984567385953916                0.0012788237817245422              
0.1291454510872591                 0.06041252359105108                0.0013044076269228498              
0.12929401460856416                0.06022087296963614                0.0012883128131206429              
0.1294425779562286                 0.059116362831215574               0.0012869642361811938              
0.12959114113005324                0.06079133088905875                0.0013062082584463825              
0.12973970412983893                0.059040180025422176               0.0012718152723475429              
0.12988826695538638                0.059632610152802336               0.0012948321817497855              
0.13003682960649648                0.058281693584318825               0.0012684929171801682              
0.13018539208297003                0.057660938364220635               0.0012682692634250973              
0.13033395438460782                0.05732379834849896                0.0012673079080754845              
0.13048251651121062                0.0588748386859958                 0.0012798877975216476              
0.13063107846257932                0.05939727993982499                0.0012900264850743827              
0.13077964023851468                0.060763882823463844               0.001295784864684368               
0.1309282018388175                 0.0580759751225595                 0.0012789459178304927              
0.13107676326328868                0.061142984454097785               0.0013071426175624834              
0.13122532451172894                0.05825112649129666                0.0012714465540974093              
0.13137388558393917                0.05838299130031346                0.0012857070111469235              
0.13152244647972017                0.05871121375068713                0.0012715324808840653              
0.13167100719887273                0.05567812928057927                0.001256679368917673               
0.13181956774119763                0.06016279061723069                0.001292702969422093               
0.13196812810649583                0.05762130658000095                0.0012717115835258687              
0.13211668829456807                0.058671575257110586               0.0012883188838017058              
0.13226524830521522                0.05601631742286787                0.0012500653006089716              
0.13241380813823803                0.059489401345568904               0.0012938594646681458              
0.13256236779343739                0.05576723461402042                0.0012451269833369195              
0.1327109272706141                 0.05736074206695171                0.0012721727003337064              
0.13285948656956903                0.058512540651976204               0.0012854467196610818              
0.13300804569010294                0.05709429729435214                0.0012703314418085773              
0.13315660463201676                0.05796994975613744                0.0012744496390289513              
0.1333051633951113                 0.05571556160402581                0.001248337007206082               
0.1334537219791874                 0.06018634245361525                0.0013025638234878988              
0.13360228038404576                0.058523207506214626               0.0012844418460499218              
0.13375083860948744                0.057678548705341844               0.0012723553232071888              
0.13389939665531317                0.05660868418980247                0.0012677116554542362              
0.13404795452132376                0.05683862659838176                0.0012652693695797603              
0.13419651220732015                0.05801667650602367                0.0012816866695069813              
0.1343450697131031                 0.05816682831355763                0.00127662019088754                
0.13449362703847348                0.059659118242864316               0.001299704319905803               
0.1346421841832322                 0.05784729323204609                0.001277010194241246               
0.13479074114717998                0.056282764140490785               0.0012629489498776415              
0.13493929793011783                0.058137968799051885               0.001288143777608548               
0.13508785453184646                0.058849934783212036               0.0012796488185484484              
0.13523641095216685                0.05787556000568025                0.0012858061118769526              
0.13538496719087975                0.05741277235389682                0.0012733266517690775              
0.1355335232477861                 0.056669150297543276               0.0012729017271516467              
0.13568207912268665                0.057875944514782486               0.0012829681789298306              
0.13583063481538238                0.05550101353997648                0.001245406970284719               
0.13597919032567404                0.05704225963380473                0.0012720104691316427              
0.1361277456533626                 0.056959044451836395               0.0012660691916544131              
0.13627630079824887                0.057814055631291286               0.0012800247065128684              
0.13642485576013377                0.05743150675141737                0.0012797362656041798              
0.13657341053881802                0.05541795068069395                0.0012543263772560312              
0.13672196513410265                0.058827458176654975               0.0013021427024724286              
0.13687051954578844                0.05903704850180941                0.0012861522133117967              
0.13701907377367628                0.057682636704264295               0.001283104261101595               
0.13716762781756708                0.058363615468821295               0.0012849687723067089              
0.13731618167726167                0.056398449781537914               0.0012687431094646764              
0.13746473535256093                0.05695207518176052                0.0012789341856758773              
0.13761328884326574                0.057691683503153554               0.0012741961302160593              
0.13776184214917697                0.060015885535188475               0.0013099659260018088              
0.13791039527009552                0.05587450119945175                0.0012572745053955957              
0.1380589482058223                 0.05937381953521564                0.001304682805025346               
0.1382075009561581                 0.05949721636215112                0.0013048764783621812              
0.13835605352090388                0.056553764946766956               0.0012648968918060216              
0.1385046058998605                 0.057327242063520675               0.0012883339571540873              
0.13865315809282888                0.05761720144669116                0.0012778605734310984              
0.13880171009960984                0.057463485831023585               0.0012772817689602808              
0.13895026192000431                0.058043769872729835               0.0012882720739316395              
0.1390988135538132                 0.05784396890228939                0.0012832055583977436              
0.13924736500083743                0.05819210514532048                0.0013015404543844254              
0.13939591626087777                0.05674262447647078                0.0012631322921811997              
0.13954446733373518                0.05581218237798519                0.001265520550260996               
0.13969301821921062                0.06038139351745859                0.0013104731723772825              
0.13984156891710492                0.05770712698463175                0.0012839667234554014              
0.13999011942721898                0.0588720320829185                 0.0013079444702289395              
0.14013866974935374                0.05920980639786208                0.0012948415430296422              
0.14028721988331003                0.058271291618355946               0.0012971615400125577              
0.14043576982888886                0.057377059173455355               0.0012791583106849336              
0.14058431958589104                0.057741326002158914               0.0012866399140261584              
0.14073286915411753                0.05935341319216879                0.0013073946479293882              
0.14088141853336925                0.058318430802176864               0.0012896123204401192              
0.14102996772344703                0.05640990847152074                0.0012797318969747168              
0.14117851672415188                0.056536705421803314               0.0012708889393990709              
0.14132706553528462                0.056679643517232155               0.001272495561585302               
0.14147561415664625                0.0580173542283885                 0.0012908691890347228              
0.14162416258803764                0.057672795070767134               0.0012870314084171923              
0.1417727108292597                 0.058159078823066805               0.0013017789680807275              
0.14192125888011337                0.05708723314047869                0.001271433735539037               
0.14206980674039957                0.05753999927772761                0.0012872772977419156              
0.1422183544099192                 0.05793755292119054                0.0012922963552909933              
0.14236690188847323                0.05658269593292807                0.001327413323142345               
0.14251544917586248                0.05945500558625442                0.0013864287627271756              
0.142663996271888                  0.05615345599779967                0.0013667537343781092              
0.14281254317635064                0.058020087976524144               0.0014113509849935867              
0.14296108988905137                0.05622479432656583                0.001405180807752634               
0.1431096364097911                 0.05781806265302043                0.0014351730664675466              
0.14325818273837077                0.057925274546504764               0.0014445250539184087              
0.1434067288745913                 0.05842441105249232                0.0014740297560515492              
0.14355527481825364                0.05614368054583851                0.0014593854836959317              
0.1437038205691587                 0.05639148684998366                0.0014713047860380835              
0.14385236612710747                0.056082447667188874               0.0014743231814499601              
0.14400091149190083                0.059296550457324106               0.0015403000426591057              
0.14414945666333978                0.0546833022815371                 0.0014893946424304626              
0.14429800164122517                0.05640947075316872                0.0015262535089354493              
0.14444654642535806                0.05512360149497135                0.0015058620384808222              
0.14459509101553933                0.05346135101929384                0.0014983929733546888              
0.1447436354115699                 0.05667504656309526                0.0015664699291422133              
0.14489217961325077                0.059233786241959144               0.0016145331400886016              
0.1450407236203829                 0.05810813584416239                0.0016024115503332917              
0.14518926743276714                0.05591985845065933                0.0015741147410593755              
0.14533781105020457                0.060092779995776155               0.0016653932633690237              
0.14548635447249608                0.05564087817423938                0.0016002241685397131              
0.14563489769944266                0.05594302251906049                0.0016244396539573775              
0.1457834407308452                 0.05515470507541269                0.0016117739011463513              
0.14593198356650475                0.05499671888361553                0.0016274352863252003              
0.1460805262062222                 0.05401343440459                   0.001637522759209526               
0.1462290686497985                 0.054718302800385324               0.0016431107814128608              
0.1463776108970347                 0.05308030112783609                0.0016334333518643255              
0.14652615294773166                0.056046060817513184               0.0016784471077211183              
0.14667469480169043                0.05830811248329713                0.001733794737616936               
0.14682323645871195                0.05740146175064334                0.0017370472533462253              
0.14697177791859717                0.053703744175180056               0.0016733467825855765              
0.1471203191811471                 0.05715565797043608                0.0017505746143285606              
0.14726886024616265                0.05818707763785024                0.001772218090718456               
0.14741740111344484                0.05557692882155318                0.0017557419393864656              
0.14756594178279467                0.05354339807211221                0.0017218396036181988              
0.14771448225401304                0.05359837493372187                0.0017454032327501945              
0.147863022526901                  0.057672842896530165               0.0018366774856727376              
0.14801156260125947                0.05700086311438855                0.0018079575934583545              
0.1481601024768895                 0.05626858987370364                0.0018343036062347957              
0.14830864215359202                0.05556208183105086                0.0018093503276203312              
0.148457181631168                  0.05827141978668476                0.001880701986614095               
0.1486057209094185                 0.05623644382127528                0.0018724687610926073              
0.14875425998814445                0.05558432239817389                0.0018385659716250744              
0.14890279886714686                0.05378274976685909                0.0018223589551159063              
0.1490513375462267                 0.05390306236122422                0.0018139824766872006              
0.149199876025185                  0.05308529543770549                0.0018426175042907426              
0.1493484143038227                 0.05671255980367729                0.0018988769513987591              
0.14949695238194086                0.05424927892321831                0.0018498850572994875              
0.1496454902593404                 0.057713078992388235               0.0019367241215393336              
0.1497940279358224                 0.05544127756829484                0.001877478563140276               
0.1499425654111878                 0.05135412017710691                0.0018494734621274777              
0.15009110268523762                0.057129619279457464               0.0019096325654986979              
0.15023963975777288                0.052528779616672586               0.0018724487727649363              
0.15038817662859452                0.056436327095640754               0.001961297945980157               
0.15053671329750368                0.05593900098416315                0.0019164385956689887              
0.15068524976430123                0.05452805012407063                0.0019278577003805156              
0.15083378602878825                0.054509384451824815               0.0018841199528677347              
0.1509823220907657                 0.0519431189958862                 0.001891656821904496               
0.15113085795003464                0.05031110203328489                0.0018557529552786143              
0.15127939360639608                0.05465816731772972                0.0019240586151580048              
0.15142792905965102                0.054354568889132475               0.001935073893888272               
0.15157646430960048                0.057260688287731135               0.001946921810313309               
0.15172499935604547                0.05481148734876002                0.001960054785947892               
0.15187353419878702                0.05285897286298977                0.001912370521275032               
0.15202206883762617                0.05454969629392632                0.0019262167401086544              
0.1521706032723639                 0.05293521172796748                0.0019367981142393094              
0.15231913750280127                0.05463843370010969                0.0019257517487375076              
0.15246767152873936                0.055498922970716284               0.0019897327884146696              
0.15261620534997902                0.055453123461724915               0.0019400592117240856              
0.1527647389663215                 0.053243509905139895               0.0019403013645181606              
0.15291327237756766                0.05737296079310883                0.002041238340380043               
0.15306180558351865                0.054211357267684585               0.0019600157585082582              
0.15321033858397537                0.05347401194227267                0.0019818787405668594              
0.153358871378739                  0.055450849329265015               0.001962938788114845               
0.15350740396761053                0.05605957127869623                0.0020456428093056584              
0.15365593635039093                0.054208845794776785               0.001995455189291076               
0.15380446852688134                0.05238109447625494                0.0019548450837788395              
0.15395300049688274                0.056050529513632756               0.002084541622087844               
0.1541015322601962                 0.05304182230939025                0.0019604821650647036              
0.15425006381662276                0.05149232956115821                0.002002819496586651               
0.1543985951659634                 0.05230955884429974                0.001989949401390507               
0.1545471263080193                 0.0503644136593479                 0.0019457470511194828              
0.15469565724259146                0.05225112771248965                0.0020526181516747643              
0.15484418796948088                0.05342108791161339                0.0020062710688682154              
0.15499271848848864                0.05768148588695384                0.002178599654323535               
0.15514124879941582                0.05385039344805358                0.0020238217170809513              
0.15528977890206347                0.05200302641811946                0.002035035681399496               
0.15543830879623263                0.052362287783557046               0.002052239862078109               
0.15558683848172433                0.05289679677563661                0.0020652729360770648              
0.1557353679583397                 0.054287702324726725               0.002124441958507237               
0.1558838972258798                 0.053382614595929946               0.002066983091874566               
0.15603242628414563                0.048838011880238744               0.0020072299237795647              
0.15618095513293828                0.0499363423705634                 0.0020454722831966497              
0.15632948377205885                0.0510113278825349                 0.0020620107153206534              
0.15647801220130841                0.05313823012203022                0.0021323637215695085              
0.15662654042048801                0.05292317915679239                0.0021085099275042645              
0.1567750684293987                 0.05253072931134561                0.002128652573026728               
0.15692359622784158                0.05058427611392702                0.002105850968494165               
0.15707212381561775                0.0503668085814574                 0.002059651968636525               
0.1572206511925283                 0.05438757989775394                0.0021895615211725153              
0.15736917835837416                0.050188225012099706               0.0021208395953124116              
0.15751770531295659                0.05164110040011706                0.0021573379184718342              
0.15766623205607658                0.05084776123115371                0.002111338365464778               
0.15781475858753524                0.05176666526669686                0.002156944386112369               
0.15796328490713368                0.051295316456321176               0.0021715039014892504              
0.15811181101467295                0.05164616833102204                0.002188318383780208               
0.15826033690995414                0.0508304672426858                 0.0021403487818568304              
0.1584088625927784                 0.052401429160278096               0.002220319812165309               
0.15855738806294672                0.046842617414578                  0.002105419081221784               
0.15870591332026027                0.05530333232949062                0.0022710356622773938              
0.15885443836452012                0.053624750319017                  0.0022762438820145905              
0.15900296319552734                0.05157590342022115                0.0022256645121609634              
0.1591514878130831                 0.04724793405917257                0.002136625434454364               
0.15930001221698845                0.04526151746498441                0.0021103291332175453              
0.15944853640704448                0.051382654970048264               0.0022382636058348847              
0.15959706038305235                0.052994379358750524               0.002297597733535791               
0.15974558414481307                0.04706375466360284                0.0021685833444773043              
0.1598941076921279                 0.047506452007277634               0.0021889817613269477              
0.16004263102479782                0.049335528710657016               0.0022448442854139843              
0.16019115414262397                0.04744854308414028                0.002198011313810383               
0.16033967704540744                0.044941864824409365               0.00215976819274891                
0.1604881997329494                 0.050307019536410515               0.002296190783412094               
0.16063672220505093                0.05160630906338584                0.0023218776148173003              
0.16078524446151318                0.04985109833058493                0.0022970173611586435              
0.16093376650213723                0.04954208265583131                0.00229745907044742                
0.1610822883267242                 0.046403166624170114               0.002253536985533244               
0.16123080993507524                0.047349066800872516               0.0022572781915161213              
0.16137933132699142                0.05525379663289079                0.002475981831276829               
0.16152785250227394                0.05132833034452369                0.0023701220790113223              
0.1616763734607239                 0.04949299203502652                0.0023514830153566085              
0.1618248942021424                 0.04837824011364504                0.002349455033405426               
0.16197341472633062                0.048377530984581016               0.002341152813652159               
0.16212193503308964                0.046361434225575676               0.002312298173767584               
0.1622704551222206                 0.049068830309536335               0.0023746071327700735              
0.1624189749935247                 0.046166060392548336               0.002319931823802581               
0.16256749464680298                0.05160142489258264                0.0024798062256417837              
0.16271601408185665                0.04708174829831871                0.0023599947953834082              
0.16286453329848682                0.05579676176736985                0.00259309542742521                
0.16301305229649465                0.048325606820746034               0.0024223437893188485              
0.16316157107568127                0.050926218700260734               0.002481992031500942               
0.16331008963584778                0.05009474292395505                0.0025141830771913025              
0.16345860797679546                0.04802141755892467                0.0024192840659580414              
0.16360712609832537                0.05143228909493434                0.0025525416491803325              
0.1637556440002386                 0.05384443317676996                0.0026431192708286266              
0.1639041616823364                 0.04826546671871332                0.002453471557013231               
0.16405267914441987                0.05039296979377846                0.002588512987127835               
0.16420119638629022                0.05508720383279515                0.0026627405012329603              
0.16434971340774857                0.046936118043991476               0.002498157494995119               
0.16449823020859602                0.05543136691731674                0.0027375600843488335              
0.16464674678863386                0.04932965675514995                0.0025610681710505007              
0.16479526314766318                0.0479237279493797                 0.0025616310097648764              
0.16494377928548515                0.04970385088516693                0.0026087756080283766              
0.16509229520190094                0.04840613429715107                0.0026023299018189893              
0.16524081089671167                0.05003821988515894                0.0026632657162904403              
0.16538932636971862                0.04713738523658158                0.0025792429649571856              
0.16553784162072283                0.0474122459464438                 0.0025981750731559634              
0.16568635664952555                0.051310457689319626               0.00272712005762886                
0.16583487145592796                0.05195682909926178                0.002769308295882159               
0.1659833860397312                 0.04998795195838806                0.002735219036316668               
0.1661319004007365                 0.047599622068667115               0.002656751829535107               
0.16628041453874493                0.047508088022804894               0.002685315902063303               
0.1664289284535578                 0.051850913037167455               0.0028120105758670157              
0.16657744214497625                0.04904821938155048                0.0027679511522446408              
0.1667259556128014                 0.05400202168245815                0.0029329872143240648              
0.16687446885683452                0.04927781920849971                0.0027677180672013688              
0.16702298187687672                0.05249292449481092                0.002920784449751995               
0.16717149467272932                0.0473022333430363                 0.0027587222710596156              
0.16732000724419338                0.0455448899898119                 0.002741480217560508               
0.16746851959107012                0.05256386479863916                0.0029758428468690335              
0.16761703171316078                0.0497454652261744                 0.0028578023074171816              
0.16776554361026652                0.04671094325022106                0.0028427374778321945              
0.16791405528218858                0.0484410761635828                 0.0028949080048830257              
0.1680625667287281                 0.05293928326407136                0.003026337392748912               
0.16821107794968634                0.050515393899271635               0.0030134957537129793              
0.1683595889448644                 0.05102401827902512                0.003011852568298251               
0.16850809971406366                0.04646065606899316                0.0028981360992290806              
0.16865661025708517                0.055296168451754175               0.003197859989616998               
0.16880512057373023                0.04817565670786535                0.002993489653552043               
0.16895363066379998                0.05880360614662287                0.003356099069406545               
0.16910214052709568                0.052197716869704466               0.0031249955678304513              
0.16925065016341856                0.04434464959318387                0.0029497622129620654              
0.1693991595725698                 0.049262243758537126               0.003128155606824279               
0.16954766875435065                0.049250232263927274               0.0031086470956257746              
0.16969617770856224                0.0496949246747505                 0.0031813915519276694              
0.1698446864350059                 0.04570728198324121                0.0030607859905993104              
0.1699931949334828                 0.050449358762049666               0.0032363278735237093              
0.17014170320379415                0.045480639956868234               0.00312362317661135                
0.17029021124574129                0.052370988618486006               0.0033188765511476008              
0.17043871905912528                0.04553336511973135                0.003157170820838748               
0.17058722664374745                0.05095150244374292                0.0033743456813908074              
0.17073573399940897                0.0483824610434441                 0.0032996564561279577              
0.17088424112591122                0.04747124801181629                0.003291538823401377               
0.17103274802305524                0.04827014249527744                0.0033309562880538767              
0.17118125469064235                0.04898009852697367                0.0034043521816032353              
0.1713297611284738                 0.04600580709811263                0.003311570457512756               
0.17147826733635088                0.05272617439628073                0.003612737940872903               
0.17162677331407472                0.05124103597888326                0.0035614981976047765              
0.17177527906144666                0.048145910678308125               0.003465618484038595               
0.1719237845782679                 0.045052691581971394               0.0034056633662854128              
0.17207228986433967                0.04930892363383756                0.0035772453014837405              
0.17222079491946324                0.04745278962264402                0.0035973866975287723              
0.1723692997434399                 0.04585748932164957                0.003506809855395895               
0.17251780433607086                0.04565817391667616                0.0035437615688219378              
0.17266630869715735                0.0471615583710472                 0.003617126409007483               
0.17281481282650069                0.05114463678149966                0.00383345259899173                
0.17296331672390208                0.0499256047529251                 0.0038749784375189406              
0.17311182038916287                0.05125126873181442                0.003907872604666911               
0.1732603238220842                 0.04558988651749302                0.003685723873951886               
0.17340882702246738                0.049990157024547455               0.003952068919675896               
0.17355732999011372                0.05002428955696536                0.00399237294002247                
0.17370583272482443                0.044988141355763865               0.0038435963073740957              
0.17385433522640084                0.0471108650881326                 0.003953455975519118               
0.17400283749464415                0.04674776588724766                0.003979434100990061               
0.1741513395293557                 0.0553660224446368                 0.004377068397726401               
0.1742998413303367                 0.04827235216685973                0.004154622578322382               
0.17444834289738848                0.05289625183898367                0.004423406795967298               
0.17459684423031224                0.04490470243932043                0.004099219744012176               
0.17474534532890937                0.04789845008842173                0.004233664858231049               
0.17489384619298107                0.05323909159487867                0.004599157023544966               
0.17504234682232866                0.0468470795230642                 0.004368512690727372               
0.1751908472167534                 0.04764604048585645                0.004462460549710012               
0.1753393473760566                 0.054924019512549806               0.004854643330918278               
0.17548784730003958                0.050882526392539616               0.004704091229062853               
0.17563634698850353                0.05393914473950994                0.004944593291369591               
0.17578484644124984                0.050639712090761436               0.004895525747290595               
0.17593334565807975                0.05139563760506502                0.004968603825058383               
0.17608184463879456                0.049279274570917866               0.004977958460149974               
0.17623034338319563                0.053302185641866784               0.0051771659346687565              
0.17637884189108416                0.04291002677468705                0.004797486839226814               
0.1765273401622615                 0.04912079299109593                0.005266301788692645               
0.176675838196529                  0.04234560131509768                0.004889648863653643               
0.17682433599368788                0.04979214140957801                0.00549862216239426                
0.17697283355353952                0.05586447286177333                0.00582427391269001                
0.17712133087588516                0.049259483892428645               0.005687995257087142               
0.17726982796052618                0.050670998576762744               0.005890383937340096               
0.17741832480726386                0.05387154398867648                0.006139232207720315               
0.17756682141589947                0.042910758852050236               0.005734191351101752               
0.1777153177862344                 0.05089426479293535                0.006171836161159605               
0.17786381391806994                0.039610100898819674               0.005717225604140443               
0.1780123098112074                 0.042017054761367564               0.006128817335533449               
0.17816080546544807                0.049654303794892815               0.006757094879479432               
0.17830930088059335                0.05363902362455956                0.007232684470068128               
0.17845779605644455                0.04567978282631216                0.006886486369990808               
0.17860629099280295                0.040229440740929406               0.006800016601509042               
0.17875478568946987                0.0286076639006766                 0.0058395149408079945              
0.1789032801462467                 0.06302639534784907                0.009193344621556946               
0.17905177436293476                0.05877034553902761                0.009068461195101645               
0.17920026833933536                0.0563217027115237                 0.009520105336039777               
0.17934876207524983                0.04234723637775411                0.00846944727555082                
0.17949725557047952                0.048275953846488084               0.009854287814170555               
0.17964574882482584                0.029708343574677797               0.008576060080009055               
0.17979424183809004                0.04951401318741527                0.011071669932588159               
0.17994273461007346                0.04183943182737385                0.011604170522298186               
0.18009122714057746                0.04827637221503297                0.013936188246923928               
0.18023971942940345                0.07080549963440501                0.021348661398269804               
0.18038821147635273                0.0321843879455992                 0.0160921939727996                 
0.18053670328122662                0.04827668689985573                0.027872558177214984               
0.18068519484382653                nan                                nan                                
