#####################################################################################################
# NeXus source file: noemi7
# NXdata: name = img{0}_azimuthalIntegration_Px_14                 
#
#
# Exposure_msec                                     1000.0 + 0.0
# _diffrn_source.source                             Storage Ring SOLEIL, beamline SWING
# _diffrn_sofware                                   Foxtrot 3.5.10-3979
# _diffrn_detector.detector                         EIGER-4M
# _diffrn_comment.comment                           -
# _sas_detc.pixnum_ax                               [1035]
# _sas_detc.pixnum_eq                               [1083]
# _sas_detc.pixsize                                 150.0
# _sas_detc.center_ax                               285.110346632731
# _sas_detc.center_eq                               957.0166664324403
# _sas_detc.dist_spec/detc                          6137.21860334
# _sas_detc.energy                                  12.000505731836514
# _sas_detc.gain                                    1.0
# _sas_detc.detector_based_uncertainty              0.0
# _sas_detc.encoder_delta                           0.0
# _sas_detc.delta0                                  0.0
# _sas_detc.gamma_offset                            0.0
# _sas_detc.wave_length                             1.0331580057586949
# _sas_detc.bias                                    0
# _sas_detc.mask                                    E:\20251487\published-data\3120\2026-09-03_session3\\mask_bags_saxs_12kev_sept26.txt
# Normalization                                     true
# Normalization Factor                              0.02571
# Normalization Monitor                             averagemi8b
# Normalization Intensity                           1.3196238472491937e-06
# GlobalNormalization                               30.661077696127403
# AbsTimeStamps                                     nan
# TimeStamps                                        1.3978328704833984
# gapTime                                           500.0
# step_global_regrid                                nan
# xmax_global_regrid                                nan
# xmin_global_regrid                                nan
# ymax_global_regrid                                nan
# ymin_global_regrid                                nan
#####################################################################################################
q(A-1)                             I(q)24_00218{00000}_AzInt_Px_14    Sig(q)24_00218{00000}_AzInt_Px_14  
0.0                                nan                                nan                                
0.0001486390049044326              nan                                nan                                
0.00029727800960908403             nan                                nan                                
0.000445917013914173               nan                                nan                                
0.0005945560176199183              nan                                nan                                
0.0007431950205265388              nan                                nan                                
0.0008918340224342532              nan                                nan                                
0.0010404730231432808              nan                                nan                                
0.0011891120224538396              2661.0286007411073                 4.658017117268839                  
0.001337751020166149               2494.5553548164717                 1.8411842866943806                 
0.0014863900160804278              2342.3836287554177                 1.332910827574345                  
0.0016350290099968942              2186.886613637744                  1.1089333689140801                 
0.0017836680017157683              2063.0671672506774                 1.1060675706199818                 
0.001932306991037268               1955.8805630060917                 1.0062530638746197                 
0.0020809459777616124              1864.7106156821294                 0.9065592468996405                 
0.0022295849616890207              1777.2531907000377                 0.8620524409061904                 
0.0023782239426197124              1698.9987120162477                 0.7760843987768898                 
0.0025268629203539046              1631.322881062409                  0.786551360543055                  
0.0026755018946918183              1568.0869272979073                 0.7012530330661645                 
0.002824140865433671               1509.444837705229                  0.6847315453181401                 
0.0029727798323796835              1453.366521247235                  0.6505563713849873                 
0.003121418795330073               1406.9141690611852                 0.6158110741126269                 
0.0032700577540850603              1361.6765696183418                 0.6160989062228684                 
0.0034186967084448633              1318.9232778299242                 0.5562996178362201                 
0.0035673356582097003              1275.5001301003665                 0.5490439554571328                 
0.003715974603179794               1238.0679117835755                 0.53514206640842                   
0.00386461354315536                1203.8217439032785                 0.513327323058097                  
0.00401325247793662                1170.2995671370213                 0.5027666738888795                 
0.004161891407323792               1135.318477155241                  0.4626390059502987                 
0.004310530331117095               1105.6456588752876                 0.4632973301358602                 
0.00445916924911675                1076.1966893948631                 0.4504320052947483                 
0.004607808161122976               1048.3354269320264                 0.43462762122011                   
0.004756447066935991               1021.8557673724827                 0.42792296854467515                
0.004905085966356017               995.6663136757169                  0.39995892466700556                
0.00505372485918327                970.9785769103229                  0.40612593737595626                
0.005202363745217974               947.8872351987835                  0.3818712277299524                 
0.005351002624260346               925.1103578157711                  0.3790475280199759                 
0.005499641496110608               901.8129476198341                  0.3673132077746995                 
0.005648280360568975               880.7358803244313                  0.3549457613663929                 
0.005796919217435672               861.2960236969549                  0.35814653336398045                
0.0059455580665109175              840.4853343696715                  0.3324649241888202                 
0.00609419690759493                820.8520779237538                  0.33056435999036154                
0.006242835740487932               802.1352222551994                  0.32544825870883143                
0.00639147456499014                784.0713430852971                  0.3185548137136549                 
0.006540113380901778               766.3599836334632                  0.31065131515973343                
0.006688752188023065               749.2445465477548                  0.2954197088568218                 
0.0068373909861542195              732.8342502688894                  0.30032165338245803                
0.006986029775095464               715.8224746955783                  0.2867148695803454                 
0.0071346685546470195              699.936813883684                   0.2825225659867564                 
0.007283307324609103               684.301667109183                   0.2769389644117837                 
0.00743194608478194                670.032820674221                   0.2672354714622957                 
0.007580584834965747               654.7200047666557                  0.26950134594218567                
0.007729223574960747               640.6380150210116                  0.2551294865402377                 
0.007877862304567157               626.1898590308136                  0.25422386229321403                
0.008026501023585205               612.7327358400433                  0.24759028588208315                
0.008175139731815108               599.4019674139834                  0.24193167340477825                
0.008323778429057087               586.9221445156411                  0.24381993680092415                
0.00847241711511136                573.446359733976                   0.22985380285687199                
0.008621055789778157               561.0617934246936                  0.22800321073988564                
0.00876969445285769                548.7709659304527                  0.2242216444837797                 
0.008918333104150186               537.0890502214731                  0.2212017856608246                 
0.009066971743455865               525.3822487806837                  0.21637355024905353                
0.009215610370574947               513.9541332367095                  0.20893134951462924                
0.009364248985307655               502.76388253335796                 0.2108025776494352                 
0.009512887587454211               492.05603811861505                 0.20259372663282868                
0.00966152617681484                481.12916791520087                 0.1998212549699137                 
0.009810164753189759               470.7015875482577                  0.19689395299867418                
0.00995880331637919                460.5675355836751                  0.18956828706902315                
0.010107441866183361               451.18633831331414                 0.19449586010911132                
0.010256080402402487               440.85192628618694                 0.18243649357140312                
0.010404718924836796               430.55242978931375                 0.18328719586245598                
0.010553357433286508               421.21930492750585                 0.17690053504902747                
0.010701995927551847               411.99339248330307                 0.17515210901363684                
0.010850634407433035               403.029769342703                   0.17504400683544735                
0.01099927287273029                393.8858601078749                  0.16784566598257233                
0.011147911323243845               384.9619844322571                  0.16666603031982724                
0.011296549758773915               376.45813745378933                 0.16214640355036644                
0.011445188179120724               367.57160106785494                 0.16039301917543555                
0.0115938265840845                 359.55864006066776                 0.15829580799796927                
0.011742464973465466               351.1690363692532                  0.15273018168219676                
0.011891103347063838               343.079215014475                   0.1536439877268258                 
0.012039741704679847               335.22031033487025                 0.14861756150899302                
0.012188380046113712               327.79867213763464                 0.14550084195341956                
0.012337018371165662               319.68170530507007                 0.1441168183332983                 
0.01248565667963592                312.2965668219709                  0.14049679563319972                
0.012634294971324705               305.06110158655883                 0.14036389982086575                
0.012782933246032245               297.81562797821425                 0.135121873114682                  
0.012931571503558769               290.7133386185879                  0.13438803151517564                
0.013080209743704493               283.31002051169617                 0.13020885369742635                
0.013228847966269644               276.5701666762356                  0.12948497022763752                
0.013377486171054451               269.76370882362926                 0.12729159118694414                
0.013526124357859137               263.3088926258102                  0.12372550528459729                
0.013674762526483924               256.89942760517204                 0.1223194427363985                 
0.013823400676729044               250.15878608441614                 0.11932695117070782                
0.013972038808394713               244.08704690218465                 0.11912391206491509                
0.014120676921281166               237.94141544205732                 0.11507851805837867                
0.014269315015188622               231.75120049245766                 0.11261492495078088                
0.014417953089917307               226.29494246329867                 0.1126118399800437                 
0.014566591145267453               220.54752694874708                 0.10949231339653899                
0.014715229181039282               214.73979243178897                 0.1084030081246963                 
0.014863867197033016               209.4354899960732                  0.1052181822064685                 
0.015012505193048892               204.17316907835064                 0.10330356685281303                
0.015161143168887127               198.8435058677849                  0.10294098304996308                
0.01530978112434795                193.82096898118863                 0.09961827575105138                
0.01545841905923159                188.67652739628068                 0.09922642057909993                
0.015607056973338276               183.70108777676182                 0.09556797452528018                
0.015755694866468228               178.81416621724804                 0.09508884714929074                
0.015904332738421678               174.2595789467167                  0.0939428899815721                 
0.01605297058899886                169.82799928610387                 0.09078802567279781                
0.016201608417999988               165.37233591700658                 0.09046848697002471                
0.0163502462252253                 160.8881927733287                  0.08745983936132193                
0.016498884010475022               156.62331020806522                 0.08764478219189706                
0.01664752177354938                152.58928290242847                 0.08511231052892383                
0.0167961595142486                 148.4234431892887                  0.08304078992910012                
0.016944797232372917               144.7055146833253                  0.08270405746980265                
0.017093434927722556               140.6887103320577                  0.08044802230605488                
0.017242072600097746               136.94869287137396                 0.08016696713837203                
0.01739071024929872                133.27276037387446                 0.07705913180169757                
0.017539347875125698               129.54701016435575                 0.07655173993846731                
0.017687985477378917               126.20872458927609                 0.07540227569814804                
0.01783662305585861                122.6236285910646                  0.07336717025209898                
0.017985260610364994               119.3755884851416                  0.07318122892148657                
0.018133898140698313               115.94757211814114                 0.07035473612436134                
0.018282535646658788               112.87822199384489                 0.07020273225082421                
0.018431173128046652               109.72937926986667                 0.06871256207715502                
0.018579810584662137               106.85258980315                    0.06718823128762075                
0.01872844801630547                103.72060927184623                 0.06662917335391001                
0.018877085422776888               100.85061943639285                 0.06591750726238983                
0.01902572280387662                97.95790683062346                  0.06647526536319971                
0.019174360159404893               95.1501585616271                   0.06458442843327145                
0.019322997489161938               92.60793903846266                  0.06388778483314164                
0.019471634792947997               89.86285577038707                  0.06541155198039662                
0.019620272070563285               87.2513371607289                   0.06422013035202712                
0.019768909321808054               84.74459008800007                  0.06451811732674449                
0.019917546546482524               82.28600035679503                  0.0627768046977842                 
0.020066183744386925               79.91744529814851                  0.06313086796349637                
0.0202148209153215                 77.60715245348811                  0.06318531230191561                
0.020363458059086476               75.26699519337254                  0.061033675742999435               
0.020512095175482088               73.08162113826023                  0.061953847700465615               
0.020660732264308566               70.94323214634211                  0.05934482481812358                
0.02080936932536615                68.8525343337558                   0.060724147249324505               
0.020958006358455062               66.70817381669265                  0.05923847115324616                
0.02110664336337555                64.59916849325226                  0.05796821254448295                
0.021255280339927837               62.82095044504965                  0.057908446885712894               
0.02140391728791216                60.71990226651338                  0.05638087809402522                
0.021552554207128764               58.9568062227268                   0.05713729948764508                
0.02170119109737787                57.13857158689653                  0.05527264043236361                
0.021849827958459727               55.263090129436115                 0.05444729267197944                
0.021998464790174553               53.54572095923167                  0.05440601707596651                
0.022147101592322593               51.874939200740364                 0.052838818758337076               
0.022295738364704085               50.231860336631314                 0.05165544601279618                
0.022444375107119267               48.64289820577418                  0.049366229258631614               
0.022593011819368364               47.17947097034689                  0.048881484567498815               
0.022741648501251623               45.676899950408874                 0.04809680455556451                
0.022890285152569273               44.21384313004625                  0.04601680732127001                
0.02303892177312156                42.737101057753556                 0.045921151204322865               
0.023187558362708714               41.37441602009319                  0.04422342966137185                
0.02333619492113097                40.018898680103455                 0.04443681514080128                
0.023484831448188578               38.72850890800109                  0.04275505938908863                
0.023633467943681763               37.384460995797795                 0.04219019057621524                
0.023782104407410774               36.197366793704994                 0.04151494594417908                
0.023930740839175842               34.94087036781833                  0.04014842272909466                
0.024079377238777205               33.75751803400176                  0.04012070925082665                
0.024228013606015102               32.64949327218434                  0.03861896039009202                
0.024376649940689773               31.560968021696695                 0.03818425595084893                
0.024525286242601464               30.511716565435446                 0.03757079212392204                
0.024673922511550404               29.339499408361746                 0.036280294037606756               
0.024822558747336843               28.36308062555467                  0.0363789224029399                 
0.024971194949761022               27.355782442005133                 0.03462979228532025                
0.025119831118623162               26.417936168845458                 0.03486086628322614                
0.025268467253723528               25.463548228857427                 0.03386897803846506                
0.025417103354862348               24.54738406841396                  0.03278207609846411                
0.02556573942183986                23.679170532871645                 0.03261572079210789                
0.02571437545445632                22.794306661085393                 0.031235454037197567               
0.025863011452511953               22.00692929365562                  0.03155180976138121                
0.026011647415807016               21.2220879601674                   0.030399426969541697               
0.02616028334414174                20.418200850918012                 0.029798226938048688               
0.026308919237316375               19.7610362559382                   0.0292757699037231                 
0.026457555095131157               19.0249402014136                   0.028668213582780787               
0.026606190917386335               18.2579986088258                   0.028234416074491127               
0.026754826703882146               17.548490165175746                 0.027175755301976388               
0.026903462454418846               16.92321116051817                  0.026791120847128147               
0.027052098168796664               16.376529578387085                 0.026580477372607755               
0.027200733846815844               15.712856745402776                 0.02564907189399428                
0.027349369488276647               15.09147577192167                  0.02526687582448682                
0.0274980050929793                 14.540790076770453                 0.02468977630966791                
0.027646640660724066               14.064635022693835                 0.024204514501487504               
0.02779527619131117                13.517379746439788                 0.023866507603818615               
0.027943911684540874               13.03506767622867                  0.023168996474849463               
0.02809254714021341                12.534759024440508                 0.022720016702148255               
0.02824118255812904                12.031740795103799                 0.022231424866187854               
0.028389817938087997               11.577184164616074                 0.021766354626662418               
0.028538453279890536               11.169229824015984                 0.02135264544934524                
0.0286870885833369                 10.727853221776618                 0.020874312392761597               
0.02883572384822734                10.32795778492698                  0.02031775704141243                
0.028984359074362098               9.940542403520533                  0.020194595914915646               
0.029132994261541426               9.610949696130652                  0.019516278247615967               
0.029281629409565572               9.196761258576693                  0.019255599252584504               
0.029430264518234783               8.880359653499172                  0.018874868076643375               
0.029578899587349307               8.512090456401772                  0.01834446870598502                
0.029727534616709395               8.232301865246024                  0.01811749151788682                
0.029876169606115298               7.900889168277439                  0.017577985932470435               
0.030024804555367265               7.624626174056533                  0.01727829993114341                
0.03017343946426554                7.350289280913897                  0.01700549432812813                
0.030322074332610385               7.092594557823759                  0.016684624800947286               
0.03047070916020204                6.830078477956401                  0.016217563637236254               
0.030619343946840766               6.621527171306571                  0.016015392475543903               
0.03076797869232679                6.349762893794299                  0.015590986169778637               
0.030916613396460405               6.1229515903622795                 0.015474338674990437               
0.031065248059041834               5.917918003229609                  0.014955256466096517               
0.031213882679871328               5.694463850321944                  0.014808108496463664               
0.031362517258749154               5.5318222829023                    0.014459180076500948               
0.031511151795475555               5.349658801402085                  0.014219118744308985               
0.031659786289850785               5.161781366010313                  0.014024198174032323               
0.03180842074167511                5.013138898606977                  0.013638783455484376               
0.03195705515074876                4.8664412180746695                 0.013530426250340165               
0.03210568951687201                4.678184559918799                  0.013243245177774251               
0.032254323839845105               4.552794604815639                  0.013004906237023398               
0.03240295811946831                4.430965839946394                  0.012859054104153486               
0.032551592355541864               4.283246169213787                  0.012479750994234293               
0.032700226547866036               4.169325513846903                  0.012480773141147329               
0.03284886069624108                4.050944805100001                  0.012177414981002898               
0.03299749480046724                3.9507919857895577                 0.012025942180232363               
0.033146128860344785               3.8390416882134715                 0.011828123880668348               
0.033294762875673976               3.740797059575572                  0.011611112672854697               
0.03344339684625505                3.642676287481166                  0.011612840936342989               
0.0335920307718883                 3.5389038244235773                 0.011231559524654352               
0.03374066465237394                3.4989375584002955                 0.01122949237827983                
0.03388929848751226                3.4213349253457577                 0.011061570279181681               
0.034037932277103514               3.3515990606146846                 0.010972348711065184               
0.03418656602094795                3.2654195596481594                 0.01087235650255039                
0.034335199718845834               3.2289666034690665                 0.01094596395663704                
0.034483833370597426               3.1518983433973564                 0.010952479646298658               
0.03463246697600298                3.094378528648308                  0.01087112875232075                
0.03478110053486277                3.06417298502197                   0.010927249434717966               
0.034929734046977044               3.0181294916895833                 0.01082545923253091                
0.03507836751214607                2.9533883143151862                 0.01041527933693906                
0.0352270009301701                 2.9137833132949034                 0.010427738474604301               
0.03537563430084941                2.8990365483917153                 0.010261385190163643               
0.03552426762398426                2.861980670024812                  0.010224098500490301               
0.035672900899374894               2.8358619027124776                 0.01008737339436377                
0.0358215341268216                 2.800776940592699                  0.00997551930659607                
0.03597016730612462                2.7541363261477203                 0.01000723693021552                
0.036118800437084236               2.7457682921432363                 0.009781642806473824               
0.036267433519500715               2.7244436993079284                 0.00983329434342588                
0.036416066553174295               2.7065007190435386                 0.009695925023690743               
0.036564699537905254               2.6978179086552347                 0.009716647042618109               
0.03671333247349387                2.6824907816019725                 0.009689008248601638               
0.036861965359740394               2.6621879261635457                 0.009560394450310995               
0.037010598196445095               2.643173796625528                  0.009546312515188978               
0.037159230983408245               2.6342187773366392                 0.00952509649222708                
0.03730786372043011                2.6278240262085064                 0.009498496940880357               
0.03745649640731094                2.584763739264246                  0.009376046894758525               
0.037605129043851035               2.599442104500317                  0.009329950563406408               
0.03775376162985063                2.5942577394391577                 0.009403064966590184               
0.03790239416511001                2.5800993147121094                 0.009309525392616707               
0.03805102664942944                2.5759328567547315                 0.009316410886811961               
0.038199659082609194               2.5805109527348526                 0.009276893466743444               
0.038348291464449534               2.5704122924631023                 0.009230454568078077               
0.03849692379475074                2.5574776974952824                 0.009273408785889517               
0.03864555607331307                2.5640889476415194                 0.009205076711933923               
0.0387941882999368                 2.5583917099915094                 0.00919019219192543                
0.03894282047442221                2.5619598632525813                 0.009104907604643912               
0.03909145259656955                2.5411464782544475                 0.009182434545597057               
0.03924008466617912                2.556064535848404                  0.009103465903702382               
0.03938871668305117                2.535011548249984                  0.00900788503758426                
0.03953734864698598                2.5394207433220988                 0.009024578232303121               
0.03968598055778383                2.5410614365779947                 0.008974702437508779               
0.03983461241524497                2.545899856740862                  0.00903164869135094                
0.0399832442191697                 2.520705812593171                  0.00890414194492155                
0.040131875969358285               2.520601606914235                  0.008852885283063388               
0.040280507665611                  2.5226376337793                    0.008911855561551373               
0.040429139307728124               2.5155397150532077                 0.008848214351574943               
0.04057777089550993                2.5109271665539015                 0.008899745377574481               
0.040726402428756685               2.495967280812486                  0.008734903953158568               
0.04087503390726868                2.524926056740774                  0.00889019893241925                
0.04102366533084617                2.492339766417125                  0.008811531463739166               
0.041172296699289464               2.4950075440605834                 0.008745534127868241               
0.04132092801239882                2.47990936806331                   0.008776969402115026               
0.04146955926997452                2.470700619074397                  0.008702833718251106               
0.04161819047181683                2.4596074768145386                 0.008724371357186006               
0.041766821617726047               2.4554532547684964                 0.00871287053996406                
0.041915452707502444               2.4458474980412523                 0.00861454254728521                
0.042064083740946306               2.4489280312049027                 0.008644124903251666               
0.0422127147178579                 2.436444147178637                  0.008597971145036166               
0.04236134563803752                2.426007945051159                  0.008579539406924805               
0.042509976501285435               2.422667836994408                  0.008750427993213204               
0.04265860730740194                2.4074760242132265                 0.008761238181572746               
0.042807238056187316               2.391907062579411                  0.008859340402362683               
0.04295586874744183                2.379534391410499                  0.00884530269986406                
0.043104499380965784               2.3603551879145077                 0.008854327714517003               
0.04325312995655945                2.3593266176796366                 0.00882547989394996                
0.04340176047402311                2.3356834375457782                 0.008875986549509279               
0.04355039093315706                2.3320083085959125                 0.00885984560779705                
0.043699021333761565               2.3161871308802264                 0.008807049831222404               
0.04384765167563693                2.306276819278598                  0.008865902941129536               
0.04399628195858344                2.2750580590378977                 0.008715098496364104               
0.044144912182401366               2.262154155650452                  0.008785279989969494               
0.04429354234689099                2.270437286828201                  0.008769305142660533               
0.044442172451852634               2.24711258916157                   0.008710589351588931               
0.04459080249708656                2.2233314485538496                 0.008682371668613263               
0.044739432482393045               2.208593417220358                  0.00864905509175619                
0.044888062407572406               2.170527074425473                  0.008683080857224286               
0.04503669227242491                2.1695054460417738                 0.008536796182830944               
0.04518532207675085                2.1423346810645523                 0.0086219203369246                 
0.04533395182035053                2.122494846101049                  0.008532129836126476               
0.04548258150302422                2.1122598584986294                 0.008538513696863249               
0.04563121112457223                2.071979448368483                  0.008543028563447304               
0.045779840684794834               2.068436259485996                  0.008409528244044865               
0.045928470183492345               2.0403662708155523                 0.008473036368208765               
0.04607709962046502                2.0238951201024697                 0.008425147591138148               
0.046225728995513186               2.0058344866808064                 0.008369494337634502               
0.046374358308437114               1.9833534920330598                 0.008340341252487983               
0.04652298755903712                1.9489303417544803                 0.008206113418566035               
0.046671616747113474               1.9490305625472069                 0.00833535792552176                
0.046820245872466484               1.923084420264685                  0.008160172162427847               
0.04696887493489644                1.898710862303119                  0.00812990260806457                
0.04711750393420365                1.8843889029445067                 0.008107842575818088               
0.047266132870188396               1.860600322473568                  0.007963363582860294               
0.04741476174265097                1.8165956928887965                 0.007952165980727292               
0.047563390551391686               1.7940377269586352                 0.0078073991891175355              
0.04771201929621082                1.7882086951997527                 0.00783150416698246                
0.047860647976908685               1.7518234772366048                 0.007763677170342039               
0.04800927659328559                1.7239102131308124                 0.007601993473603628               
0.048157905145141816               1.708816924579226                  0.00766779188236887                
0.04830653363227766                1.6766380334612858                 0.007485513386997871               
0.04845516205449344                1.672019969987307                  0.007576801289443373               
0.04860379041158943                1.6407734451889961                 0.007517551585910698               
0.04875241870336596                1.6362254302254806                 0.007387191648993522               
0.04890104692962332                1.5751737539984603                 0.007330990212143007               
0.04904967509016181                1.566158310206607                  0.00724584250608032                
0.04919830318478172                1.539438904765612                  0.007258759172153894               
0.049346931213283374               1.5140826498518982                 0.007146432442842666               
0.049495559175467066               1.4871138640457606                 0.007060631707633755               
0.0496441870711331                 1.4623578971438005                 0.007034226004706707               
0.049792814900081785               1.4382234535677925                 0.0069258308962681595              
0.04994144266211342                1.4165650854319005                 0.00694486439606581                
0.05009007035702831                1.3799319117507964                 0.006763315837102582               
0.05023869798462676                1.362792587828914                  0.0067695146835494435              
0.050387325544709094               1.3328283682569577                 0.00672246004894276                
0.050535953037075594               1.3095381511133222                 0.006618895950199179               
0.050684580461526595               1.2750870404706212                 0.006537962306358453               
0.05083320781786236                1.2769903632438495                 0.006492984814783312               
0.05098183510588326                1.247540390649514                  0.006483638789285029               
0.05113046232538955                1.2148163381974004                 0.00635550588002281                
0.05127908947618157                1.2009549943451827                 0.006335310544046966               
0.05142771655805962                1.1771024568194328                 0.006281744929924535               
0.05157634357082401                1.1505643587768033                 0.006156977703080206               
0.05172497051427505                1.134923729497567                  0.006187282652056378               
0.051873597388213066               1.116480879848499                  0.006031684223950488               
0.05202222419243834                1.0805983251071136                 0.005975905144570823               
0.05217085092675122                1.0676881477252957                 0.00597042424190285                
0.052319477590952006               1.042594618788771                  0.005869884596250686               
0.05246810418484102                1.0282351937115988                 0.0058263731679674136              
0.05261673070821854                0.9974316138661342                 0.005718217874099946               
0.052765357160884915               0.9809829024320985                 0.005679442348561312               
0.052913983542640465               0.9707007937958512                 0.005658163559314458               
0.05306260985328549                0.9358577796701105                 0.005578295458600638               
0.05321123609262031                0.9209279299918504                 0.005497317982172433               
0.053359862260445236               0.906063224357685                  0.005428253903204308               
0.05350848835656059                0.8893540890234644                 0.0054104331309105585              
0.05365711438076671                0.8702484799677929                 0.005322546008434771               
0.05380574033286389                0.8476221710736925                 0.0052660546734704765              
0.05395436621265246                0.8274245562086631                 0.00520032950227775                
0.054102992019932725               0.8208774682102172                 0.005174533929869429               
0.05425161775450505                0.8011783194345322                 0.005135230950598324               
0.0544002434161697                 0.785645729735971                  0.005000158830320643               
0.054548869004727024               0.7687078402845552                 0.005009915596947073               
0.054697494519977345               0.7435928948270559                 0.004929864539845529               
0.054846119961720986               0.7377325453501896                 0.004893270509697632               
0.05499474532975826                0.7081927216713749                 0.0048038741240339885              
0.055143370623889514               0.7155501081348038                 0.004762614292005958               
0.05529199584391504                0.6916465731877945                 0.004749800094098717               
0.05544062098963519                0.6805113480598926                 0.004667281073852143               
0.055589246060850264               0.6686029336603828                 0.004653748517876292               
0.05573787105736062                0.6512812623454962                 0.004577190282505774               
0.05588649597896656                0.6350486913774038                 0.004493281539671323               
0.056035120825468424               0.63010040849817                   0.004520014581444965               
0.05618374559666653                0.6250032086005791                 0.00445760452458664                
0.056332370292361225               0.5943841282535467                 0.0043748495174740915              
0.05648099491235282                0.583575267664656                  0.0043094405483771955              
0.05662961945644166                0.577501027405704                  0.0042932429774387645              
0.05677824392442804                0.5652113299683031                 0.004272473980464944               
0.056926868316112336               0.5619864682134373                 0.004198373696205592               
0.057075492631294855               0.5566286408595673                 0.0042149488487186575              
0.05722411686977594                0.5417777722381686                 0.004134142609602853               
0.05737274103135591                0.5351304113665718                 0.004134778285808974               
0.057521365115835124               0.527996533639977                  0.004093119369628539               
0.05766998912301387                0.5219046283409177                 0.004047840423730412               
0.057818613052692536               0.506492645099165                  0.004028546831106091               
0.05796723690467142                0.4988325619635269                 0.0039384518369727575              
0.05811586067875089                0.4858279727882932                 0.003926275215481185               
0.05826448437473124                0.4859212413402983                 0.003909576843057591               
0.05841310799241284                0.48027493448326575                0.0038700400639122964              
0.05856173153159601                0.4689523740451886                 0.0038631265249029784              
0.05871035499208109                0.4587462509140737                 0.0037715080869053313              
0.058858978373668436               0.4580243107921475                 0.0037993639104146387              
0.05900760167615837                0.45384781372941607                0.003751320853457878               
0.059156224899351226               0.4424455234859931                 0.003710960856512031               
0.059304848043047365               0.4429339910674321                 0.0037398709041382154              
0.05945347110704712                0.43128609829574654                0.0036516901710964915              
0.05960209409115083                0.4286756049852961                 0.0036597524800153955              
0.05975071699515884                0.4252564049489056                 0.003624358986063354               
0.0598993398188715                 0.4260223169152657                 0.0036501600871349116              
0.060047962562089136               0.42241827143551064                0.003608831142841625               
0.06019658522461209                0.41133136145174465                0.003559476557699947               
0.06034520780624073                0.4095831240555852                 0.003573909477901002               
0.06049383030677538                0.40587722035492163                0.0036295503834288716              
0.0606424527260164                 0.3960175131052547                 0.0036399344975672657              
0.060791075063764154               0.40191315328559063                0.0036858808504523616              
0.06093969731981895                0.39708229473958984                0.0036866576460568247              
0.06108831949398115                0.3900963158833031                 0.0037069744202181255              
0.0612369415860511                 0.38985683708040986                0.003697859630868017               
0.06138556359582917                0.3892392501418605                 0.003743550478254447               
0.061534185523115695               0.3760916731538762                 0.0036676600904144625              
0.061682807367711034               0.3823465481162239                 0.0037434616166106965              
0.061831429129415506               0.37575524211226374                0.0037278479834987094              
0.061980050808029506               0.37742525615307554                0.0037255791464993492              
0.06212867240335336                0.37218224022242186                0.0037485321389974543              
0.06227729391518745                0.37531312150134594                0.0037341354405971174              
0.06242591534333208                0.3690552216371463                 0.0037902187970409278              
0.06257453668758765                0.371169950942335                  0.0037674948385626583              
0.06272315794775449                0.36613488616528733                0.003735292486143873               
0.06287177912363298                0.3714519117424802                 0.0038116180848394962              
0.06302040021502343                0.36887370715567475                0.003791555270789232               
0.06316902122172624                0.36143822003600024                0.003787237700598361               
0.06331764214354177                0.36246426816448074                0.0036530644961321485              
0.06346626298027035                0.36707509579028874                0.0036617905341997416              
0.06361488373171235                0.3546259260517902                 0.00356538537220437                
0.06376350439766815                0.3586785285144395                 0.0035642238700620606              
0.06391212497793805                0.36030000364843984                0.00356261512076949                
0.06406074547232249                0.3604328916235043                 0.003516125630894687               
0.06420936588062177                0.3564687867844102                 0.0035115391117966723              
0.0643579862026363                 0.355299430489826                  0.003485506034296647               
0.06450660643816641                0.36112498334239884                0.0034975067646146533              
0.06465522658701248                0.35650402866196684                0.003485935606889396               
0.06480384664897484                0.36274865225689584                0.0034890970461225377              
0.06495246662385391                0.3574026877581043                 0.0034758313667699677              
0.06510108651145002                0.35324773326507286                0.003423785519824469               
0.06524970631156356                0.3523254573375927                 0.003417576553120365               
0.06539832602399485                0.3586233536538271                 0.0034567812479667447              
0.0655469456485443                 0.3623411096621467                 0.0034675775057949995              
0.06569556518501228                0.35621289092830244                0.0034311566191826334              
0.06584418463319913                0.35947264177866173                0.0034141170480890817              
0.06599280399290525                0.3593751025064915                 0.0034119597961290854              
0.06614142326393099                0.35523285753254463                0.0034057960776562968              
0.06629004244607672                0.35037628545663313                0.0033807444660894884              
0.06643866153914282                0.3500115611609833                 0.003373928663185667               
0.06658728054292967                0.3517409884076684                 0.0033279512338814346              
0.06673589945723764                0.35153000145831254                0.003376196565554936               
0.06688451828186709                0.35348061417185955                0.0033738344526171265              
0.06703313701661841                0.34678484185555875                0.0033237315607945865              
0.06718175566129193                0.3521295562179031                 0.0033591035560902966              
0.0673303742156881                 0.3505044387044427                 0.003343144606754787               
0.06747899267960726                0.35119673293828696                0.0033415498754362084              
0.06762761105284978                0.3479123252788574                 0.003298673445696493               
0.06777622933521604                0.3499805077400538                 0.0033373883403969105              
0.06792484752650643                0.34869692602365976                0.0033071532184907712              
0.0680734656265213                 0.3453367731443487                 0.003307119630430262               
0.0682220836350611                 0.3520850426439879                 0.0033231840965101357              
0.06837070155192615                0.352335815986241                  0.0033006511680426604              
0.06851931937691683                0.33973269741983575                0.0032612377050713084              
0.06866793710983354                0.3493982354841189                 0.0032978244426122715              
0.06881655475047667                5.593064804552439                  0.013213406033668142               
0.06896517229864657                0.3444221507858484                 0.003277388122272937               
0.06911378975414369                0.3368788495136898                 0.003213767243487009               
0.06926240711676834                0.33568548039170476                0.0032293875841989316              
0.06941102438632095                0.33659646902082513                0.0032019073889281054              
0.06955964156260189                0.3342106237702981                 0.003219223737137086               
0.06970825864541157                0.3369120932392769                 0.0032004240629230148              
0.06985687563455034                0.3335621876430507                 0.003196412891698522               
0.07000549252981861                0.33377201352149694                0.003189940072518316               
0.07015410933101678                0.3316683523533623                 0.0031534591263358983              
0.07030272603794524                0.32780007873037104                0.00316423493828366                
0.07045134265040434                0.32702532949795055                0.0031385313639541675              
0.07059995916819455                0.3207501757535731                 0.0031198190770316174              
0.07074857559111615                0.3244288746989358                 0.0031318388180879174              
0.07089719191896963                0.3250573697552588                 0.003103393951477391               
0.07104580815155535                0.31713144527923287                0.003103617978049578               
0.07119442428867372                0.32353957032099007                0.0031003695618380105              
0.07134304033012509                0.3170940990775623                 0.0030791640223984027              
0.0714916562757099                 0.32191856066939006                0.0031096349006897177              
0.07164027212522854                0.3147702479152422                 0.003046988168295791               
0.0717888878784814                 0.30612821524596795                0.003040825391182914               
0.07193750353526884                0.3102868584610914                 0.00302248170035224                
0.07208611909539134                0.30789713539125113                0.0030258790746556133              
0.07223473455864923                0.3069580001038783                 0.0030226401568288035              
0.07238334992484297                0.30195864408269407                0.0030034115731920074              
0.07253196519377289                0.303745345323409                  0.003024775961255817               
0.07268058036523947                0.3038778723841539                 0.0029710672076265834              
0.07282919543904304                0.2940689755222718                 0.0029517797622294166              
0.07297781041498405                0.29738082112344033                0.0029656638189160304              
0.07312642529286288                0.2934479501691165                 0.0029419911687895207              
0.07327504007247997                0.2919734467970441                 0.002934591766274307               
0.07342365475363567                0.28831377198977                   0.0028926994309611456              
0.07357226933613044                0.28091979892609115                0.0028811150557219905              
0.07372088381976465                0.28155328141622465                0.0028688137668750864              
0.07386949820433873                0.28139620999022746                0.0028590621356912095              
0.07401811248965308                0.2780353108673059                 0.0028306182866742794              
0.07416672667550812                0.2815387924412044                 0.002863616447215125               
0.07431534076170422                0.2725236780205729                 0.0028262428111928                 
0.07446395474804186                0.2727242754074948                 0.0027887142305094937              
0.07461256863432139                0.2708285117962668                 0.0027850990908839836              
0.07476118242034327                0.26797682940841305                0.0027559191832604033              
0.07490979610590787                0.26208959552921235                0.002735000993602499               
0.07505840969081562                0.2593228253756421                 0.0027193384896090946              
0.07520702317486694                0.262272849199746                  0.0027181817591871472              
0.07535563655786226                0.2544809080518845                 0.0026751917205763347              
0.07550424983960197                0.25324893636861645                0.0026629766180645744              
0.0756528630198865                 0.2515804623008796                 0.0026645031443667615              
0.07580147609851624                0.2495657117949499                 0.002635636719506633               
0.07595008907529169                0.25001153220464856                0.0026346212059763217              
0.07609870195001317                0.24903931767334292                0.0026418901966772097              
0.07624731472248115                0.24123427752619497                0.0025791976864354364              
0.07639592739249607                0.2343936013610921                 0.00254775653653361                
0.07654453995985831                0.23737117993598886                0.002554150764011113               
0.0766931524243683                 0.23000871569239567                0.0025163501085653317              
0.07684176478582651                0.23105254028188668                0.0025338425270683067              
0.07699037704403329                0.2334837605731415                 0.0025299582591742096              
0.07713898919878912                0.22739241970445456                0.002504115277439838               
0.0772876012498944                 0.22600051862138584                0.002474573598969984               
0.07743621319714959                0.22219811526424563                0.0024774468144486083              
0.07758482504035506                0.2120194137383054                 0.0024149312769484454              
0.0777334367793113                 0.2143540436787649                 0.0024119767434133796              
0.0778820484138187                 0.21324082967906094                0.002418822321041521               
0.0780306599436777                 0.21082823008493431                0.002390072391227901               
0.07817927136868873                0.2065464137139741                 0.002383562842237032               
0.07832788268865222                0.20430440395936172                0.0023498793003427633              
0.07847649390336861                0.2071412184052789                 0.0023632034383457485              
0.07862510501263834                0.20329484889283234                0.002363733799057718               
0.07877371601626182                0.1998519302961213                 0.0023183805073742564              
0.0789223269140395                 0.1958186343008857                 0.002304386619637881               
0.07907093770577181                0.1954152653015366                 0.002290616902020184               
0.0792195483912592                 0.19571078137646725                0.00229329326650061                
0.07936815897030208                0.1904778291674493                 0.0022784364125328677              
0.07951676944270093                0.18573506275640958                0.0022258490026144336              
0.07966537980825614                0.18265670159474182                0.002217321577381802               
0.07981399006676818                0.17899972723994262                0.0021860141968660456              
0.07996260021803749                0.17687709886878125                0.002184667049017491               
0.0801112102618645                 0.1827056529237659                 0.0022157944185273986              
0.08025982019804966                0.17965192176859926                0.0021784393832783772              
0.0804084300263934                 0.17174914509363126                0.0021492163059549955              
0.08055703974669619                0.17233112710032286                0.0021361903866723097              
0.08070564935875844                0.16826732431668337                0.0021246958227936225              
0.08085425886238064                0.16657969286459556                0.0020985403167100417              
0.0810028682573632                 0.16779595970781497                0.002106188563582144               
0.08115147754350657                0.16538783813377067                0.0021021235898119003              
0.08130008672061122                0.16838644482763837                0.002111605163015609               
0.08144869578847758                0.16047122398874808                0.0020605433826774004              
0.0815973047469061                 0.16261696238018924                0.0020692463637484036              
0.08174591359569723                0.15890112005672793                0.0020462952794486045              
0.08189452233465144                0.15712819325829422                0.0020406258864713533              
0.08204313096356916                0.1556376674018245                 0.0020210979732772283              
0.08219173948225086                0.1504221406053901                 0.00199256471855383                
0.08234034789049698                0.1526430543730739                 0.0019943545299623876              
0.08248895618810799                0.15123350611344918                0.0019963188535939377              
0.08263756437488433                0.14949674088854434                0.0019808278551214638              
0.08278617245062646                0.14973578458872788                0.001974485363612979               
0.08293478041513484                0.14522149715755947                0.0019507321834040386              
0.08308338826820992                0.14512132637572456                0.0019399582617600976              
0.08323199600965217                0.14862828976840423                0.001973482908044269               
0.08338060363926207                0.14828545558291953                0.0019609949727668503              
0.08352921115684006                0.141689692776381                  0.0019161257432028494              
0.08367781856218658                0.14162395974338168                0.0019279721778512218              
0.08382642585510211                0.14085007220930915                0.001914246881482901               
0.08397503303538713                0.14173130375060425                0.0019111045099078675              
0.08412364010284208                0.14311641392648464                0.0019121321045220791              
0.08427224705726745                0.140534306168721                  0.001906788277068214               
0.08442085389846368                0.14119821242090924                0.0019128054239757007              
0.08456946062623125                0.13558504367509736                0.0018714296199226627              
0.08471806724037062                0.13965599769211137                0.0018955693254751216              
0.08486667374068227                0.1339455872612801                 0.0018498583821732787              
0.08501528012696667                0.1358823897557916                 0.0018757124584286452              
0.08516388639902428                0.13437106903384938                0.0018506234950493273              
0.08531249255665557                0.13348848541576613                0.001847425606381953               
0.08546109859966101                0.13257633500289806                0.0018447216556948308              
0.08560970452784111                0.13256792887240088                0.0018296112397638146              
0.08575831034099632                0.13039448165324735                0.001832366586572322               
0.08590691603892707                0.1317377968130436                 0.0018259968713788247              
0.0860555216214339                 0.13197604398163085                0.0018340622967896911              
0.08620412708831726                0.1285803021111395                 0.0018131495395943987              
0.08635273243937762                0.13082807375399                   0.0018225140115706452              
0.08650133767441548                0.12773508350767313                0.0017994426800716137              
0.08664994279323132                0.12783608720620884                0.0017918208183924649              
0.08679854779562558                0.12827459828806395                0.0018004449895388176              
0.08694715268139878                0.1288583637327208                 0.0018172512563906118              
0.08709575745035139                0.12457150975519136                0.0017687965793871158              
0.0872443621022839                 0.1235761581885278                 0.0017637546568145257              
0.08739296663699678                0.12418532184789531                0.0017674156799214022              
0.08754157105429052                0.12485251835477205                0.0017701120731931236              
0.08769017535396562                0.12691909526184866                0.0017888353227994457              
0.08783877953582254                0.12637783447295428                0.0017713811470678226              
0.0879873835996618                 0.12793182980784867                0.0017945736278301143              
0.08813598754528384                0.1263809900708144                 0.0017761424317433235              
0.08828459137248919                0.12686086927687196                0.0017842968261848843              
0.08843319508107834                0.12559994724329185                0.0017720037703586149              
0.08858179867085175                0.12634466096254562                0.001767793163550435               
0.08873040214160996                0.12265718048690254                0.0017531401230685138              
0.08887900549315342                0.1205515716255846                 0.0017294158187582656              
0.08902760872528265                0.12464089189358124                0.0017591735616265321              
0.08917621183779811                0.1251253311629142                 0.0017646054060855491              
0.08932481483050034                0.12053607493195959                0.0017221196630622059              
0.08947341770318981                0.12444089319843156                0.0017544296608041857              
0.08962202045566703                0.12508002365454227                0.0017595973756756498              
0.08977062308773248                0.12572375362500557                0.0017641204421324239              
0.08991922559918666                0.12501458327536852                0.0017538242877381401              
0.0900678279898301                 0.12150479607048477                0.0017329557913114719              
0.09021643025946328                0.1245052136876229                 0.00174564797590734                
0.09036503240788671                0.12322171591952359                0.0017379321193168188              
0.09051363443490087                0.12505211670727878                0.001748168694390637               
0.09066223634030629                0.12408595485147823                0.0017532631750854235              
0.09081083812390348                0.12312877739237213                0.0017425240631287941              
0.09095943978549291                0.12320100473102527                0.0017287219373477841              
0.09110804132487513                0.12388918554959684                0.0017419832926985305              
0.09125664274185061                0.1217830785542168                 0.001717470609581938               
0.09140524403621988                0.12733117344017794                0.0017693419964866905              
0.09155384520778345                0.12047730349835427                0.0017101456540354197              
0.09170244625634183                0.12300925662766364                0.0017216303923470817              
0.09185104718169552                0.12015244383628482                0.0017187449654196601              
0.09199964798364504                0.12309718946101787                0.001726076180294841               
0.0921482486619909                 0.12513867625313252                0.0017429190702465116              
0.09229684921653362                0.12377092765856393                0.0017282330113954616              
0.09244544964707371                0.12280716132272051                0.0017240444602090266              
0.09259404995341172                0.12344636558335591                0.001736271866730756               
0.0927426501353481                 0.12356746101509838                0.0017192020575308318              
0.09289125019268343                0.12059129261332065                0.0017033755894321982              
0.09303985012521819                0.1193169096046901                 0.0016924809999328085              
0.09318844993275292                0.1222105484558265                 0.0017091130755916084              
0.09333704961508814                0.12124555747869674                0.0017188012025883864              
0.09348564917202434                0.11993877552621401                0.0016894461073818042              
0.09363424860336209                0.12000428387088871                0.0016942390954909                 
0.09378284790890191                0.11967737893524658                0.0016894554362121281              
0.0939314470884443                 0.12051269191834602                0.0017034553186563413              
0.09408004614178979                0.12223527821839524                0.0017092917776482168              
0.0942286450687389                 0.11905437302170337                0.001678321028196508               
0.09437724386909221                0.1198943067776429                 0.0016965798004106097              
0.09452584254265017                0.11978912484830925                0.0016890145839500584              
0.09467444108921338                0.11963835305799828                0.0016793932473654286              
0.09482303950858231                0.11552263261480442                0.0016562490991293918              
0.09497163780055753                0.11595054769001457                0.001653906839915691               
0.0951202359649396                 0.11877714005038587                0.0016861821364279072              
0.09526883400152898                0.11663791618882859                0.0016558133208490165              
0.09541743191012625                0.11736149790779529                0.0016657497526184409              
0.09556602969053193                0.11413438166298707                0.0016432848098651117              
0.09571462734254658                0.11701849033312543                0.0016597115235937065              
0.09586322486597074                0.1173523713562266                 0.0016662917022181292              
0.09601182226060492                0.11819094630379905                0.0016572805442166367              
0.09616041952624964                0.11606453992407552                0.0016577265790260246              
0.09630901666270551                0.1139244504144416                 0.001634680531804564               
0.09645761366977304                0.11666250094796096                0.0016559954712779886              
0.09660621054725275                0.11303838243693212                0.001624812506917637               
0.0967548072949452                 0.11434553342733397                0.0016295218292850455              
0.09690340391265093                0.11397027922831995                0.001640922094667279               
0.0970520004001705                 0.11233812468638932                0.0016197747756771332              
0.09720059675730447                0.11427615242824297                0.0016278720257890031              
0.09734919298385332                0.1132559624453911                 0.0016205903458583351              
0.0974977890796177                 0.11112404939336393                0.0016110011112371956              
0.09764638504439807                0.11061835721390886                0.001610795123982866               
0.09779498087799501                0.11220214625464395                0.0016033787090048942              
0.09794357658020908                0.11141664118110885                0.0016096704685558592              
0.09809217215084083                0.10780713977351383                0.0015811306258362713              
0.09824076758969084                0.11062621906563239                0.0016039524668207364              
0.09838936289655961                0.11135239073692783                0.0016012398862928759              
0.09853795807124772                0.10876592602240698                0.0015786405198067058              
0.09868655311355574                0.10938587019799696                0.0015943700475478544              
0.09883514802328423                0.10677696196401065                0.0015624967396121034              
0.09898374280023374                0.1054695414923999                 0.001566686522533792               
0.09913233744420481                0.10797113857496249                0.0015662802261664412              
0.09928093195499803                0.1049750162097734                 0.0015547163087416603              
0.09942952633241396                0.10623140438454624                0.0015695414050339391              
0.09957812057625312                0.10618852565079039                0.0015565547515048862              
0.09972671468631612                0.1042859173265069                 0.0015414704703544154              
0.09987530866240353                0.10349568303937808                0.0015334797466654134              
0.1000239025043159                 0.10364284147877863                0.0015421061382256001              
0.10017249621185377                0.10302218521470385                0.0015407366825745433              
0.10032108978481775                0.10408160723179818                0.0015287945321256352              
0.10046968322300841                0.10199388041773577                0.0015260407783802726              
0.10061827652622628                0.10086259742228958                0.0015086079304670915              
0.10076686969427194                0.09989491709044376                0.001510787260807056               
0.10091546272694601                0.0995032076153443                 0.0015062418500825271              
0.101064055624049                  0.09970212351843377                0.0014957749359557125              
0.10121264838538155                0.09845700536604302                0.0015014552557551146              
0.1013612410107442                 0.10169408809553623                0.0015511810863284858              
0.10150983349993749                0.09712715984003348                0.0015407307773526444              
0.10165842585276207                0.09773730055910759                0.0015507997417521266              
0.10180701806901846                0.09991493454335156                0.001582367266547447               
0.10195561014850726                0.09582498176362751                0.0015709013403873366              
0.10210420209102905                0.0935994704267933                 0.0015452527874778293              
0.10225279389638445                0.09559344475126676                0.0015690042793827256              
0.10240138556437398                0.0937576799816297                 0.0015700597596195799              
0.10254997709479825                0.09606121371591855                0.0015937322857248954              
0.10269856848745783                0.09349190836589374                0.001592404451729225               
0.10284715974215335                0.09261553316201508                0.001566159593263455               
0.10299575085868538                0.0957562888489492                 0.0016169605458809656              
0.10314434183685449                0.09276150448935037                0.0015901452975533748              
0.10329293267646124                0.0940703646382328                 0.001612819155092759               
0.1034415233773063                 0.09214639866709841                0.0016023643314349342              
0.10359011393919021                0.09142152850183612                0.0015892788157872344              
0.10373870436191358                0.08965848446419179                0.0015949528619295073              
0.10388729464527696                0.09125900970769298                0.0016077295113019203              
0.10403588478908102                0.09019943024664287                0.0016025485952876812              
0.10418447479312629                0.09105580963778209                0.0015618239490717543              
0.10433306465721338                0.08705470714206945                0.001514739574342056               
0.1044816543811429                 0.09105668575497332                0.0015466696366700629              
0.1046302439647155                 0.08590797064023285                0.0014844852483369587              
0.10477883340773168                0.08948339909430685                0.0015050390337803682              
0.10492742270999211                0.08806077069520085                0.0014953502842917684              
0.10507601187129732                0.08589169808561295                0.0014728138953617003              
0.10522460089144804                0.08702812108962484                0.0014756889269754421              
0.10537318977024476                0.08601599440305438                0.0014631617778165064              
0.10552177850748812                0.08599817240397498                0.0014580150521032896              
0.10567036710297875                0.08340264868599641                0.0014309750765339657              
0.10581895555651723                0.08383716887528128                0.0014401270891000013              
0.10596754386790419                0.08559191619306657                0.0014393838352272077              
0.10611613203694019                0.08318953248336558                0.001421679842034745               
0.10626472006342588                0.08151303080198843                0.0014093828426540774              
0.10641330794716188                0.08239462435179161                0.0014101558703967952              
0.10656189568794881                0.08147704953006964                0.0014064500659035294              
0.10671048328558726                0.08326363941904268                0.001402611643953042               
0.10685907073987783                0.0835022739176847                 0.0014185566460267766              
0.10700765805062118                0.08073965012469508                0.0013877381469952295              
0.1071562452176179                 0.07990156141984214                0.001376999263897272               
0.10730483224066863                0.08029601303448608                0.0013788914755473599              
0.10745341911957391                0.08081677130402252                0.0013729346838717324              
0.1076020058541345                 0.07967504662325832                0.0013755489953377817              
0.10775059244415094                0.07834967251346878                0.0013581430849188617              
0.10789917888942382                0.08028432839199925                0.0013664551606511698              
0.10804776518975381                0.08008988769466731                0.0013741366129145023              
0.10819635134494156                0.07800242801925221                0.0013430740276430071              
0.10834493735478763                0.07876410618859028                0.001361242889936431               
0.10849352321909271                0.0794384869271051                 0.001351080648836676               
0.1086421089376574                 0.07816893285461166                0.0013459409681412318              
0.10879069451028231                0.08048963034410721                0.0013711415649801442              
0.1089392799367681                 0.07635178724545248                0.0013241079182303279              
0.10908786521691538                0.07721286843472355                0.0013386384224071388              
0.1092364503505248                 0.07652049434131754                0.0013127017969524054              
0.10938503533739702                0.07417485823635653                0.0013087869520753412              
0.10953362017733265                0.07704299221961879                0.0013314976891539445              
0.1096822048701323                 0.07686411070967324                0.001327613322697123               
0.10983078941559662                0.07483009111605175                0.0013103909185937016              
0.10997937381352627                0.07408465056027992                0.0012929829420400623              
0.1101279580637219                 0.07553569368791517                0.0013147084666539548              
0.11027654216598413                0.07815880346102518                0.0013345376852565902              
0.11042512612011357                0.07336344372649402                0.0012796165757357214              
0.11057370992591092                0.07615360827983284                0.001310463579207994               
0.11072229358317678                0.07596837657258515                0.0012990318301087558              
0.11087087709171187                0.07441740543274182                0.001295440750003651               
0.11101946045131672                0.07357915805729343                0.0012723941966829469              
0.11116804366179206                0.07266100069939993                0.0012687161052348855              
0.11131662672293854                0.0745599244936784                 0.0012847523422471153              
0.11146520963455678                0.07677243740246137                0.001309911510141142               
0.11161379239644743                0.07595215633573486                0.001332904284582931               
0.11176237500841117                0.0763027799841082                 0.0013345440116260799              
0.11191095747024861                0.07396728549116319                0.001333664267372442               
0.11205953978176046                0.07652224810449923                0.001367122789766963               
0.11220812194274735                0.07294627332884704                0.001331810646271566               
0.11235670395300991                0.07428837836496102                0.0013572191342605929              
0.11250528581234887                0.07299191662709098                0.001346861051797309               
0.1126538675205648                 0.07389686219230124                0.0013698704684378987              
0.1128024490774584                 0.07630119239603533                0.001393062807995007               
0.11295103048283038                0.07329973406812258                0.0013675228320930077              
0.11309961173648131                0.07552691166367052                0.0013991264047429131              
0.11324819283821194                0.07563550198618557                0.0013935075381547775              
0.11339677378782287                0.07483043447246429                0.0013910060003211452              
0.11354535458511482                0.07488359273000285                0.0013860204085262586              
0.11369393522988842                0.07278398439303677                0.0013691459547761028              
0.11384251572194438                0.075461011224455                  0.0013957518528364252              
0.11399109606108329                0.07217850778937264                0.001367223186509667               
0.11413967624710591                0.073201939385887                  0.0013757915970427682              
0.11428825627981287                0.07584995070960322                0.0013960376349272288              
0.11443683615900485                0.0744630938851451                 0.0014009797268432608              
0.1145854158844825                 0.07562091750356463                0.0014027947677353694              
0.11473399545604654                0.07507983988961542                0.001400002776404247               
0.11488257487349764                0.07594046600298548                0.0014113962974220658              
0.11503115413663645                0.07349372561187847                0.0013812755642876211              
0.11517973324526365                0.07583125674073006                0.0014206988500352856              
0.11532831219917995                0.0742970825642328                 0.0013926895365843255              
0.11547689099818605                0.07400725816389943                0.0014023671013225585              
0.11562546964208253                0.07281550703347192                0.001386521942882045               
0.11577404813067017                0.0737055190314056                 0.0013921577837766941              
0.11592262646374966                0.07355757007970133                0.0014073010986099146              
0.11607120464112164                0.07487193207188103                0.001398071770865524               
0.1162197826625868                 0.07393136459597616                0.0014062408283699187              
0.11636836052794586                0.07395109657602905                0.0014058534101794988              
0.11651693823699948                0.07343000817503521                0.0013974631774534127              
0.11666551578954835                0.072142428721966                  0.001394854365078009               
0.11681409318539324                0.07079591299824939                0.0013622157420809784              
0.11696267042433472                0.0736459815117765                 0.001408734785759617               
0.11711124750617356                0.07356524447997378                0.0014079633792948164              
0.11725982443071048                0.07343731678183557                0.0014050004163277975              
0.1174084011977461                 0.07386897423656252                0.0014114518009756918              
0.11755697780708119                0.07409499159706243                0.0014101186281199145              
0.11770555425851639                0.07455859866766583                0.0014233302625121717              
0.11785413055185245                0.07029270566421181                0.0013745939041676849              
0.11800270668689006                0.07300276398927544                0.0013979664037571439              
0.11815128266342986                0.07108579527043397                0.0013903688679055201              
0.11829985848127267                0.07336347002848444                0.0014118806389876845              
0.11844843414021912                0.0719032050535651                 0.0014071643159535702              
0.11859700964006994                0.07296859447478578                0.0013993661912686795              
0.11874558498062582                0.07216667188878163                0.0013974142562204715              
0.1188941601616875                 0.07415430094493934                0.0014218438149304986              
0.11904273518305566                0.07422173776732997                0.0014278692667509909              
0.11919131004453105                0.0750102503509535                 0.0014348311583168786              
0.11933988474591431                0.07461397927371922                0.0014197385179923227              
0.11948845928700624                0.07256775430461718                0.0014112792563810356              
0.11963703366760754                0.06941804109463268                0.0013768435076713984              
0.11978560788751887                0.07379712186578648                0.0014249841627747097              
0.11993418194654097                0.0719362054406382                 0.0014021826306278317              
0.12008275584447463                0.0699097809936439                 0.001385779231345026               
0.1202313295811205                 0.07252254999115734                0.0014144179949515357              
0.12037990315627929                0.07102816101727559                0.0013991792673684153              
0.12052847656975177                0.06988650340781112                0.0013861350302254445              
0.12067704982133863                0.07001556353419168                0.0013821852772656633              
0.12082562291084065                0.06973067918796688                0.0013946135837593378              
0.12097419583805849                0.0711104158963007                 0.0014065422882044377              
0.12112276860279289                0.07276955785359226                0.001411471936905202               
0.12127134120484465                0.07278847462138487                0.0014212270768621373              
0.1214199136440144                 0.07095455001681598                0.0013961048862122733              
0.12156848592010293                0.07092685395431297                0.0014095446773393372              
0.12171705803291097                0.0702489250740084                 0.0013903184172107017              
0.12186562998223927                0.07180652362885609                0.0014104133275387833              
0.12201420176788849                0.07033262921410809                0.001406652584282162               
0.12216277338965947                0.07070784062429625                0.0014007733238914056              
0.12231134484735287                0.07010360339679778                0.0014037575889628436              
0.12245991614076948                0.07174666753852017                0.00140035156169312                
0.12260848726971                   0.0720995483402571                 0.0014236028848762909              
0.12275705823397523                0.07228038703088228                0.0014266174602896072              
0.1229056290333658                 0.06926873590135238                0.0013870401660954852              
0.12305419966768259                0.07022333232781107                0.0014019454118874937              
0.12320277013672629                0.06999509331217967                0.0013948892713549128              
0.12335134044029764                0.07008451527134439                0.0014047842378276667              
0.12349991057819736                0.06925708936788372                0.0013994901404475468              
0.12364848055022623                0.06801007561311873                0.001372052341998218               
0.12379705035618503                0.06929604236722331                0.0014017089008714783              
0.12394561999587449                0.0697062970877484                 0.0013902387079025148              
0.12409418946909531                0.06867839219007828                0.0013966641034225684              
0.12424275877564833                0.07056080071820058                0.0014017165311218278              
0.12439132791533426                0.06900236346276631                0.0013915047784224064              
0.1245398968879539                 0.06911814280743078                0.0014035768248136537              
0.12468846569330792                0.06871603292733311                0.0013874243266709034              
0.1248370343311972                 0.06677983455974681                0.0013790306387815126              
0.1249856028014224                 0.06868982528777288                0.0013818345242443727              
0.12513417110378433                0.06874617553172199                0.0013937262768372203              
0.12528273923808372                0.06767976066879777                0.0013931658259958768              
0.1254313072041214                 0.06739264227598653                0.0013716517164386998              
0.1255798750016981                 0.06785123572347627                0.0013870317812596424              
0.12572844263061453                0.06792487271310513                0.0013847807628112746              
0.12587701009067154                0.06706219369745621                0.0013807459729910352              
0.1260255773816699                 0.06899292434931345                0.0014053873242748424              
0.1261741445034103                 0.06801909330976512                0.001380973803440293               
0.12632271145569363                0.0668460449642824                 0.00138335063663665                
0.12647127823832058                0.06866234540464922                0.0013928857566421315              
0.12661984485109193                0.06521455624296407                0.0013651699604882897              
0.1267684112938085                 0.06587299927163848                0.0013732484846936083              
0.12691697756627102                0.06397549167204832                0.00134276713675887                
0.1270655436682803                 0.0672051544272545                 0.0013822253296496847              
0.1272141095996371                 0.06375546151910769                0.0013381489736038414              
0.12736267536014226                0.06612581487085469                0.0013716805327017054              
0.12751124094959648                0.06473913285565464                0.0013478547103775676              
0.12765980636780058                0.06358287592934543                0.0013380680438977402              
0.1278083716145554                 0.06453529042046724                0.0013527300569787103              
0.12795693668966165                0.06345013899053409                0.0013337987337940008              
0.12810550159292017                0.06378541644824813                0.001337893911876163               
0.1282540663241317                 0.06290583979325838                0.0013235271333223917              
0.12840263088309706                0.06416515080539355                0.0013500228020763636              
0.12855119526961703                0.0633035723015                    0.001334556483319248               
0.12869975948349244                0.06275615969356384                0.0013247835694969012              
0.12884832352452402                0.06437134406069348                0.0013469284536579077              
0.1289968873925127                 0.06413644469560559                0.0013335738333994651              
0.1291454510872591                 0.06164394563077525                0.0013272885752359104              
0.12929401460856416                0.06339977666829157                0.0013315637635055624              
0.1294425779562286                 0.06152096081668693                0.0013224963476547774              
0.12959114113005324                0.06302389144716891                0.0013397214427347016              
0.12973970412983893                0.06279965124383319                0.0013212929460533834              
0.12988826695538638                0.06287751118522054                0.0013393360174790592              
0.13003682960649648                0.06412543512477716                0.0013403166996534934              
0.13018539208297003                0.061537715730791975               0.0013198105676156542              
0.13033395438460782                0.06294301604050671                0.0013377000425799752              
0.13048251651121062                0.06425795897803936                0.0013469168875411331              
0.13063107846257932                0.05958851698216356                0.0013015682254432863              
0.13077964023851468                0.060255584847043                  0.0012998076790230457              
0.1309282018388175                 0.06378853709005224                0.001350192051932166               
0.13107676326328868                0.06184371692363391                0.0013242431979036955              
0.13122532451172894                0.06029053803160956                0.0013029892295565897              
0.13137388558393917                0.06243067210940092                0.0013392700204862978              
0.13152244647972017                0.06312344485264162                0.0013281055031746744              
0.13167100719887273                0.06303025334126486                0.0013468740803239238              
0.13181956774119763                0.06017387811833696                0.0013022940680657309              
0.13196812810649583                0.05969336112126963                0.0013038582941846389              
0.13211668829456807                0.0584149504367138                 0.0012949166223097219              
0.13226524830521522                0.05901976931115949                0.0012925414464023414              
0.13241380813823803                0.0599074317766678                 0.0013079102999644695              
0.13256236779343739                0.06318831890007412                0.0013350969141884997              
0.1327109272706141                 0.05883419438919064                0.0012978481965646325              
0.13285948656956903                0.06114968473098054                0.0013237226947461096              
0.13300804569010294                0.059081183368556715               0.0013017139985771677              
0.13315660463201676                0.061352812479315975               0.0013207139219856244              
0.1333051633951113                 0.06070697117925904                0.0013126023368477486              
0.1334537219791874                 0.05935520044924098                0.0013030159307701344              
0.13360228038404576                0.05958413567207128                0.0013055274534559658              
0.13375083860948744                0.0594381863850868                 0.0013010809704940183              
0.13389939665531317                0.061733468674595934               0.0013335508920222382              
0.13404795452132376                0.05921786792455933                0.0013009418702514856              
0.13419651220732015                0.058984844648973175               0.0013018050899006846              
0.1343450697131031                 0.059932065193017026               0.0013053408822709545              
0.13449362703847348                0.06134098936290449                0.0013275529029306544              
0.1346421841832322                 0.058469203793590066               0.001293262646989399               
0.13479074114717998                0.059123466132156334               0.0013039121484201997              
0.13493929793011783                0.05925364309830201                0.0013099726927416142              
0.13508785453184646                0.061296551209600245               0.0013155462722993208              
0.13523641095216685                0.06023402861022506                0.0013213538647570083              
0.13538496719087975                0.061609857219216774               0.001328712352123205               
0.1355335232477861                 0.059475419528801345               0.0013135922685014526              
0.13568207912268665                0.058611684592021034               0.001300556554483663               
0.13583063481538238                0.05906790154549878                0.0012942164254944213              
0.13597919032567404                0.06029888480149104                0.0013173988090558998              
0.1361277456533626                 0.059995522726517356               0.001308898034001021               
0.13627630079824887                0.06185634881432123                0.0013337181956128079              
0.13642485576013377                0.05911527486506491                0.0013078728666527824              
0.13657341053881802                0.062080974480822296               0.0013373186096812427              
0.13672196513410265                0.0586982365281587                 0.0013102415504539443              
0.13687051954578844                0.05845528932034511                0.0012891761405503994              
0.13701907377367628                0.059197079924017584               0.0013093623191251823              
0.13716762781756708                0.05729861161191666                0.0012825190667744148              
0.13731618167726167                0.05829946962088116                0.0012993995629064577              
0.13746473535256093                0.0607330589816937                 0.0013303818115589284              
0.13761328884326574                0.06173843881962691                0.0013277851233903658              
0.13776184214917697                0.060376295497631564               0.0013235197380034901              
0.13791039527009552                0.060973577062975036               0.0013230139327390102              
0.1380589482058223                 0.059519753101073075               0.0013158558219243579              
0.1382075009561581                 0.05941394498476625                0.001313516628318955               
0.13835605352090388                0.059940425986423115               0.0013117605867282393              
0.1385046058998605                 0.058787304804354186               0.001314195589726276               
0.13865315809282888                0.0575443213452556                 0.001286408580515929               
0.13880171009960984                0.059374512045036666               0.0013078593984101668              
0.13895026192000431                0.058520236729759756               0.001303026131019461               
0.1390988135538132                 0.057019332786500135               0.001283360171185641               
0.13924736500083743                0.05819130581354556                0.001311067312773117               
0.13939591626087777                0.059346101429926884               0.0013012493543431434              
0.13954446733373518                0.05995236890115385                0.0013212292348582873              
0.13969301821921062                0.060663358667122316               0.0013231530913421974              
0.13984156891710492                0.060845872708647296               0.0013280820448685734              
0.13999011942721898                0.05953145633064758                0.0013248855012062317              
0.14013866974935374                0.05712110374777055                0.0012811158391973921              
0.14028721988331003                0.060358898474005475               0.0013298654258866167              
0.14043576982888886                0.056368939405454885               0.0012771602325461968              
0.14058431958589104                0.060016009726497954               0.0013213488869311656              
0.14073286915411753                0.05853144670496705                0.00130782243725863                
0.14088141853336925                0.05859737312183303                0.0013021638471518453              
0.14102996772344703                0.06207085568937752                0.0013522452502787849              
0.14117851672415188                0.0594263650420128                 0.001312508836134077               
0.14132706553528462                0.058875684331472646               0.0013064145432774624              
0.14147561415664625                0.060269513680437196               0.001325325090456972               
0.14162416258803764                0.05863755725531287                0.0013072597264813777              
0.1417727108292597                 0.058363957554202005               0.001313624255097666               
0.14192125888011337                0.05907614930518436                0.0013028686205361012              
0.14206980674039957                0.06241891553605133                0.001350565323562718               
0.1422183544099192                 0.059228361811517784               0.0013161858180337283              
0.14236690188847323                0.058584002663085166               0.0013605802921573163              
0.14251544917586248                0.059049986481777936               0.0013918215290079712              
0.142663996271888                  0.060996203266075584               0.001434906909100517               
0.14281254317635064                0.05876887313119431                0.0014308358799730127              
0.14296108988905137                0.056160809500994884               0.0014146703540180168              
0.1431096364097911                 0.05921060728748821                0.0014629940730313152              
0.14325818273837077                0.05895993909963082                0.0014680466034503654              
0.1434067288745913                 0.058906288980456065               0.0014909401566045206              
0.14355527481825364                0.05904799103688841                0.001507621931668465               
0.1437038205691587                 0.057065020406128056               0.0014909090966380536              
0.14385236612710747                0.05722186710218405                0.0015001356352560115              
0.14400091149190083                0.05639285391026467                0.0015131185339318886              
0.14414945666333978                0.05799845660336282                0.0015451154677365913              
0.14429800164122517                0.05891518541903267                0.001571211280606954               
0.14444654642535806                0.058480560140366435               0.0015624008124020504              
0.14459509101553933                0.057741946973229825               0.0015686345485978635              
0.1447436354115699                 0.0589583549388681                 0.001609418908449407               
0.14489217961325077                0.05814013294670519                0.0016112781892871002              
0.1450407236203829                 0.0576175676486452                 0.0016073237301002404              
0.14518926743276714                0.059215184377788686               0.0016316995674083411              
0.14533781105020457                0.06107022291895474                0.0016911834095304028              
0.14548635447249608                0.05622568617819112                0.0016203973370977403              
0.14563489769944266                0.055425599558764665               0.00162875634301524                
0.1457834407308452                 0.05682613629277964                0.0016479999770258435              
0.14593198356650475                0.05839547345680194                0.0016892550709602452              
0.1460805262062222                 0.056973920393734286               0.0016941224668927401              
0.1462290686497985                 0.057425540633083305               0.0016955999051552816              
0.1463776108970347                 0.05671720873286256                0.0017008360635729332              
0.14652615294773166                0.05630927065045721                0.0016947098959731893              
0.14667469480169043                0.056811571882257245               0.0017239389935636807              
0.14682323645871195                0.058779042954498144               0.001770645880354886               
0.14697177791859717                0.06115976065401129                0.0017988164898238615              
0.1471203191811471                 0.059247565007016986               0.0017953807577883935              
0.14726886024616265                0.057344935575408026               0.001772236710250954               
0.14741740111344484                0.05504353022697127                0.0017600980114951036              
0.14756594178279467                0.05770195153592518                0.0018005503894694954              
0.14771448225401304                0.05530942444976785                0.001786034466843063               
0.147863022526901                  0.0573339909733099                 0.0018446909218710653              
0.14801156260125947                0.056209895292522245               0.0018085237361848505              
0.1481601024768895                 0.05636801281508742                0.0018493745105933987              
0.14830864215359202                0.05679773599526378                0.0018427618900323111              
0.148457181631168                  0.05660313435621643                0.0018671651159252844              
0.1486057209094185                 0.05801245576671048                0.0019157400670378644              
0.14875425998814445                0.0622024161598436                 0.0019591919536463276              
0.14890279886714686                0.05714263835505521                0.0018921818367334164              
0.1490513375462267                 0.057297420508537936               0.0018839275813625695              
0.149199876025185                  0.05899302035236694                0.001956674973780663               
0.1493484143038227                 0.05593377044950776                0.0018996104368125904              
0.14949695238194086                0.057543438939592385               0.0019191811393984386              
0.1496454902593404                 0.06133167557348626                0.0020111448696505936              
0.1497940279358224                 0.05774047898393536                0.0019300513534992918              
0.1499425654111878                 0.06143634926119177                0.0020377150781871935              
0.15009110268523762                0.05563807054103273                0.0018983464692365881              
0.15023963975777288                0.0561458565465664                 0.0019500261998634625              
0.15038817662859452                0.05892622263645279                0.002018779123164049               
0.15053671329750368                0.05409682079759254                0.0018984262410268304              
0.15068524976430123                0.05947973632677537                0.002028242174402855               
0.15083378602878825                0.05782218184938972                0.001954746520307909               
0.1509823220907657                 0.0586488149510561                 0.0020247819509623876              
0.15113085795003464                0.0550100798427226                 0.0019546980715412976              
0.15127939360639608                0.057592529319342264               0.0019895009128769116              
0.15142792905965102                0.0606763405088622                 0.002059489192615879               
0.15157646430960048                0.05843866842548053                0.001981256412975808               
0.15172499935604547                0.05739564902251977                0.002020422535069937               
0.15187353419878702                0.06107805746916024                0.0020707400820946                 
0.15202206883762617                0.056180160553150525               0.0019691136083718973              
0.1521706032723639                 0.05270704031299738                0.0019467789532223011              
0.15231913750280127                0.05427116953071432                0.0019333303642285614              
0.15246767152873936                0.0581247510557897                 0.0020511779215550458              
0.15261620534997902                0.05681964392058207                0.001978206085186469               
0.1527647389663215                 0.059048944447430474               0.0020583168105948397              
0.15291327237756766                0.05497428647896143                0.0020127516324363595              
0.15306180558351865                0.05651867787434439                0.002015954477107773               
0.15321033858397537                0.05545298479983146                0.00203300506005456                
0.153358871378739                  0.05690094096216049                0.0020030079865727426              
0.15350740396761053                0.05521765587759074                0.0020450983658366942              
0.15365593635039093                0.053589942544914                  0.001998567617100121               
0.15380446852688134                0.05255923984001565                0.0019725131223113693              
0.15395300049688274                0.05404291446651669                0.002061865792055152               
0.1541015322601962                 0.057057097978107534               0.0020482304500216977              
0.15425006381662276                0.0556486127289869                 0.0020973360059755113              
0.1543985951659634                 0.05684278293460139                0.0020895822587011655              
0.1545471263080193                 0.053927339604310905               0.0020281463435723266              
0.15469565724259146                0.055474188572189186               0.0021304733771699883              
0.15484418796948088                0.05558293892569434                0.0020614570972944148              
0.15499271848848864                0.05552399022836488                0.002153127988917749               
0.15514124879941582                0.05417929350873913                0.002044865658870823               
0.15528977890206347                0.05543450269757444                0.0021164991479644835              
0.15543830879623263                0.051255192721441384               0.0020453048535921344              
0.15558683848172433                0.0510564631342768                 0.002043894295377309               
0.1557353679583397                 0.05339893458745708                0.002122417105143985               
0.1558838972258798                 0.05254348690695223                0.0020656976233987866              
0.15603242628414563                0.05524854020088641                0.002150546510642776               
0.15618095513293828                0.053051254887338736               0.0021237498755381644              
0.15632948377205885                0.05700536170393025                0.0021957644900671017              
0.15647801220130841                0.05938984464072092                0.0022708274654516065              
0.15662654042048801                0.056684931105101595               0.0021981473451437644              
0.1567750684293987                 0.0547037070224603                 0.002188148280898412               
0.15692359622784158                0.053196310545525836               0.002175358908478252               
0.15707212381561775                0.055893537896017385               0.0021856102859194077              
0.1572206511925283                 0.05402466857472689                0.0021982325887524843              
0.15736917835837416                0.048470959950053044               0.0020995103326543582              
0.15751770531295659                0.053132175775351516               0.0022042940813197373              
0.15766623205607658                0.05613242493800796                0.00223459655378663                
0.15781475858753524                0.05608457381416679                0.002261548293269772               
0.15796328490713368                0.05102364065055569                0.0021816133377527665              
0.15811181101467295                0.05024175144760786                0.0021741732203279076              
0.15826033690995414                0.055144590039119715               0.0022456613081118324              
0.1584088625927784                 0.05116739755591151                0.0022100949583860404              
0.15855738806294672                0.05175655040438588                0.0022293124433047404              
0.15870591332026027                0.05176360757281587                0.0022132520386866066              
0.15885443836452012                0.05157017991246477                0.0022485666986119036              
0.15900296319552734                0.05223696670016736                0.002256293309020976               
0.1591514878130831                 0.054805781468355116               0.0023180375707761275              
0.15930001221698845                0.051019098584887075               0.002256952043192954               
0.15944853640704448                0.05342447803850163                0.002299023485810452               
0.15959706038305235                0.051752191049976866               0.0022871453270437744              
0.15974558414481307                0.05485339748241297                0.0023583317576298403              
0.1598941076921279                 0.05434590345762647                0.002358411329139127               
0.16004263102479782                0.05285954669969237                0.002340660070007469               
0.16019115414262397                0.049386183325444206               0.0022588714475223603              
0.16033967704540744                0.05097405190480554                0.002317002359309343               
0.1604881997329494                 0.050834183201319785               0.0023251014202675126              
0.16063672220505093                0.04982121452444764                0.002298081261035246               
0.16078524446151318                0.04993986676934942                0.0023159058670028025              
0.16093376650213723                0.05383828930154336                0.0024125514310503744              
0.1610822883267242                 0.05163870199734486                0.00239468746427371                
0.16123080993507524                0.0515396361773206                 0.0023723040440277753              
0.16137933132699142                0.05054983304440436                0.0023855941165934038              
0.16152785250227394                0.05308267420293542                0.0024279450048808587              
0.1616763734607239                 0.04999414839560589                0.00238067373312409                
0.1618248942021424                 0.053257728970309004               0.00248315441703863                
0.16197341472633062                0.05299774028079733                0.0024683508483971136              
0.16212193503308964                0.04493685109692927                0.002293174079893818               
0.1622704551222206                 0.05083992745258195                0.0024347909426409705              
0.1624189749935247                 0.04838286034769043                0.0023923784726790575              
0.16256749464680298                0.048127962067736625               0.0024124367530405522              
0.16271601408185665                0.05653677331953761                0.0026050770034728122              
0.16286453329848682                0.047568363169971505               0.0024118117514852436              
0.16301305229649465                0.05187008292541191                0.0025279931591211248              
0.16316157107568127                0.050447745122316846               0.0024884037564862735              
0.16331008963584778                0.05185579193005642                0.0025767350173931374              
0.16345860797679546                0.05070645081549735                0.0025042131105761723              
0.16360712609832537                0.05103180498019843                0.0025612128736643884              
0.1637556440002386                 0.05555789288749184                0.002704515910156407               
0.1639041616823364                 0.05112667065581885                0.002543646935707875               
0.16405267914441987                0.05450705411497698                0.0027118272986595264              
0.16420119638629022                0.05106511560158261                0.002582473898379863               
0.16434971340774857                0.054372350849920634               0.0027084797164752734              
0.16449823020859602                0.05391441339700121                0.0027196223974271017              
0.16464674678863386                0.051404336992752646               0.002633523961503346               
0.16479526314766318                0.04960110689613076                0.0026251689583194036              
0.16494377928548515                0.05099059495531775                0.0026616873906204074              
0.16509229520190094                0.05252506869252763                0.002730648295044428               
0.16524081089671167                0.048760420973718195               0.002648302541744109               
0.16538932636971862                0.054274875214236205               0.0027879130748142207              
0.16553784162072283                0.053021616203341525               0.0027677058367806093              
0.16568635664952555                0.05000600339190068                0.002711956302371572               
0.16583487145592796                0.05137297275558805                0.002773879796354747               
0.1659833860397312                 0.04874886535000401                0.00272089633441937                
0.1661319004007365                 0.052964117212127036               0.002822996932692                  
0.16628041453874493                0.05036299743978521                0.0027850801223354726              
0.1664289284535578                 0.04905433084348621                0.0027551657100639724              
0.16657744214497625                0.05072057616156076                0.00283536640388013                
0.1667259556128014                 0.05237161098545822                0.002909533943636568               
0.16687446885683452                0.04952933170564919                0.0027951018914282332              
0.16702298187687672                0.05095623460211689                0.0028987989058443134              
0.16717149467272932                0.04979374116897329                0.0028511813252609995              
0.16732000724419338                0.05123805130662783                0.0029290844348486495              
0.16746851959107012                0.052140253376508315               0.0029855422234091704              
0.16761703171316078                0.05280933916378378                0.00296606798896974                
0.16776554361026652                0.055297567735540835               0.003115664976522045               
0.16791405528218858                0.05284000493396069                0.0030456472515379435              
0.1680625667287281                 0.05126017500341951                0.0029997748439373174              
0.16821107794968634                0.048886936193588526               0.002986244915526429               
0.1683595889448644                 0.04870764446665634                0.0029642528441477076              
0.16850809971406366                0.04842802345822783                0.002980538806327682               
0.16865661025708517                0.05573408850050663                0.003234019827665203               
0.16880512057373023                0.05643384878253791                0.0032636537419266504              
0.16895363066379998                0.050727877845792996               0.0031399768105262356              
0.16910214052709568                0.05391458250528084                0.0031992418813223257              
0.16925065016341856                0.05574827351100477                0.0033315965710675817              
0.1693991595725698                 0.05542884183623376                0.0033424849260862075              
0.16954766875435065                0.05634580648982823                0.0033494105324901684              
0.16969617770856224                0.049185803427260665               0.003188242092745517               
0.1698446864350059                 0.049083230487867155               0.003195046162318098               
0.1699931949334828                 0.05076998345566969                0.003270382126523018               
0.17014170320379415                0.04506108596501683                0.003131961978923653               
0.17029021124574129                0.051647272766069764               0.0033200124366072024              
0.17043871905912528                0.04997922682753289                0.0033319484551688596              
0.17058722664374745                0.04739243645097212                0.0032782033770991197              
0.17073573399940897                0.05069242561313566                0.0034022528403742495              
0.17088424112591122                0.04816940166973424                0.0033399470697816833              
0.17103274802305524                0.05387804993297671                0.0035449154274529095              
0.17118125469064235                0.051381133956789116               0.003512342008743009               
0.1713297611284738                 0.048859308588945556               0.003437728956040175               
0.17147826733635088                0.048980348642245174               0.003507555619834891               
0.17162677331407472                0.050487540666850836               0.0035611165464845924              
0.17177527906144666                0.053916575791144346               0.0036943029004652527              
0.1719237845782679                 0.0530297199691561                 0.0037219566865278964              
0.17207228986433967                0.05424750196635893                0.003779602556281171               
0.17222079491946324                0.05008776780793215                0.0037229944610223235              
0.1723692997434399                 0.05523963541348821                0.003877062343685378               
0.17251780433607086                0.04800422905225315                0.0036602881501937453              
0.17266630869715735                0.054892680618719346               0.003930946506696102               
0.17281481282650069                0.04956437340346339                0.0038014139094614207              
0.17296331672390208                0.051880573707263365               0.003979058363478642               
0.17311182038916287                0.04656262942078828                0.0037521236052674993              
0.1732603238220842                 0.04444623902410658                0.003665864009290626               
0.17340882702246738                0.04914018858591715                0.0039470349298122605              
0.17355732999011372                0.0552863590523059                 0.004227853545005379               
0.17370583272482443                0.05298039728525865                0.004201618807905163               
0.17385433522640084                0.05756644991135634                0.004402216450912251               
0.17400283749464415                0.045029142024699355               0.003934214405494585               
0.1741513395293557                 0.04599760716027099                0.004018829597262956               
0.1742998413303367                 0.041725652368105624               0.0038909371460222326              
0.17444834289738848                0.04992075045984267                0.004328678040985537               
0.17459684423031224                0.04974191200672763                0.004345971030635432               
0.17474534532890937                0.04442607599022261                0.00410719217821557                
0.17489384619298107                0.04313702780228374                0.004170213880544496               
0.17504234682232866                0.04836276758962285                0.004471139445326491               
0.1751908472167534                 0.053859992358948915               0.004779301481681547               
0.1753393473760566                 0.04832990309107648                0.004587271395283866               
0.17548784730003958                0.054278585152504846               0.004894135204472416               
0.17563634698850353                0.04553369473071197                0.004576308507283466               
0.17578484644124984                0.048022863504966276               0.004802286350496627               
0.17593334565807975                0.05507589032278895                0.005181103937145378               
0.17608184463879456                0.047963038294474215               0.004947009673204483               
0.17623034338319563                0.048473386279210065               0.004973264497473106               
0.17637884189108416                0.047895209039793996               0.005105646438642895               
0.1765273401622615                 0.041249550040551954               0.004861306092428019               
0.176675838196529                  0.056718252008142796               0.005700398808358525               
0.17682433599368788                0.059766701596815915               0.006068389126901238               
0.17697283355353952                0.04004993695914058                0.004967583301041532               
0.17712133087588516                0.05131684189419336                0.005848096884350375               
0.17726982796052618                0.045162887656442635               0.0056017667837491006              
0.17741832480726386                0.04543486835730764                0.005679358544663455               
0.17756682141589947                0.04820703932505575                0.006122300116585259               
0.1777153177862344                 0.03949152260298248                0.005476488834276863               
0.17786381391806994                0.05693957568147935                0.0069049377886055896              
0.1780123098112074                 0.04626350443906193                0.0064781863883359835              
0.17816080546544807                0.04478627855902901                0.0064643424955142395              
0.17830930088059335                0.058386277688276644               0.007601245908460711               
0.17845779605644455                0.05372570616397916                0.007523103634176091               
0.17860629099280295                0.05481689235631852                0.007995865537495402               
0.17875478568946987                0.06168533556265592                0.008637674686497182               
0.1789032801462467                 0.05578906341351515                0.008712787905530662               
0.17905177436293476                0.05821480041841387                0.009091624378938092               
0.17920026833933536                0.06204859193834482                0.010065610763401072               
0.17934876207524983                0.05843924330615118                0.010022247543803757               
0.17949725557047952                0.03673945665872642                0.008659572980164901               
0.17964574882482584                0.05275420576495284                0.011511911483103435               
0.17979424183809004                0.04019376762812636                0.01004844190703159                
0.17994273461007346                0.03918900837682586                0.011312892267817454               
0.18009122714057746                0.05715076118858579                0.01527418341150182                
0.18023971942940345                0.052252237955096335               0.018473955895110857               
0.18038821147635273                0.0408221496004336                 0.018256220298847083               
0.18053670328122662                0.016328895348642097               0.016328895348642097               
0.18068519484382653                nan                                nan                                
