#####################################################################################################
# NeXus source file: noemi7
# NXdata: name = img{0}_azimuthalIntegration_Px_17                 
#
#
# Exposure_msec                                     1000.0 + 0.0
# _diffrn_source.source                             Storage Ring SOLEIL, beamline SWING
# _diffrn_sofware                                   Foxtrot 3.5.10-3979
# _diffrn_detector.detector                         EIGER-4M
# _diffrn_comment.comment                           -
# _sas_detc.pixnum_ax                               [1035]
# _sas_detc.pixnum_eq                               [1083]
# _sas_detc.pixsize                                 150.0
# _sas_detc.center_ax                               285.110346632731
# _sas_detc.center_eq                               957.0166664324403
# _sas_detc.dist_spec/detc                          6137.21860334
# _sas_detc.energy                                  12.000505731836514
# _sas_detc.gain                                    1.0
# _sas_detc.detector_based_uncertainty              0.0
# _sas_detc.encoder_delta                           0.0
# _sas_detc.delta0                                  0.0
# _sas_detc.gamma_offset                            0.0
# _sas_detc.wave_length                             1.0331580057586949
# _sas_detc.bias                                    0
# _sas_detc.mask                                    E:\20251487\published-data\3120\2026-09-03_session3\\mask_bags_saxs_12kev_sept26.txt
# Normalization                                     true
# Normalization Factor                              0.02571
# Normalization Monitor                             averagemi8b
# Normalization Intensity                           1.3454030806476554e-06
# GlobalNormalization                               31.260050713949486
# AbsTimeStamps                                     nan
# TimeStamps                                        1.4187450408935547
# gapTime                                           500.0
# step_global_regrid                                nan
# xmax_global_regrid                                nan
# xmin_global_regrid                                nan
# ymax_global_regrid                                nan
# ymin_global_regrid                                nan
#####################################################################################################
q(A-1)                             I(q)27_00221{00000}_AzInt_Px_17    Sig(q)27_00221{00000}_AzInt_Px_17  
0.0                                nan                                nan                                
0.0001486390049044326              nan                                nan                                
0.00029727800960908403             nan                                nan                                
0.000445917013914173               nan                                nan                                
0.0005945560176199183              nan                                nan                                
0.0007431950205265388              nan                                nan                                
0.0008918340224342532              nan                                nan                                
0.0010404730231432808              nan                                nan                                
0.0011891120224538396              4651.448254804782                  6.099149442625566                  
0.001337751020166149               4416.782449195654                  2.42634503956029                   
0.0014863900160804278              4178.332806297942                  1.7630818188052388                 
0.0016350290099968942              3941.183611376453                  1.4743633335772957                 
0.0017836680017157683              3739.9734763571732                 1.4748848183518126                 
0.001932306991037268               3558.2415240627215                 1.3441651483765213                 
0.0020809459777616124              3404.854059856467                  1.2132172873501315                 
0.0022295849616890207              3256.613563147046                  1.1556890993403754                 
0.0023782239426197124              3117.9283532358354                 1.0412244620634363                 
0.0025268629203539046              2998.8368405198275                 1.0561665535505826                 
0.0026755018946918183              2885.5693883496238                 0.942115860777389                  
0.002824140865433671               2778.427978834008                  0.9200472962894766                 
0.0029727798323796835              2671.8370626741653                 0.8735770425506953                 
0.003121418795330073               2583.8959318203197                 0.826513726506448                  
0.0032700577540850603              2499.001792506464                  0.8266003940827533                 
0.0034186967084448633              2415.019297425082                  0.745518056161664                  
0.0035673356582097003              2329.8964926384415                 0.7349098081707693                 
0.003715974603179794               2256.9280372142016                 0.7155740489042054                 
0.00386461354315536                2190.1797071928695                 0.6857282374911315                 
0.00401325247793662                2118.2499078829405                 0.669892980694181                  
0.004161891407323792               2049.372927710205                  0.6155917051952984                 
0.004310530331117095               1986.9140798554984                 0.6150922106890566                 
0.00445916924911675                1925.9097671094992                 0.5967607515985132                 
0.004607808161122976               1867.5399264752136                 0.5745145184646386                 
0.004756447066935991               1810.0628444543183                 0.5640485575477292                 
0.004905085966356017               1754.5084767662663                 0.5258175644479292                 
0.00505372485918327                1701.3863915114114                 0.5324223142855107                 
0.005202363745217974               1650.376220977485                  0.49903263460522024                
0.005351002624260346               1601.9174285747094                 0.4939873513944766                 
0.005499641496110608               1551.6138419726765                 0.47716546407104216                
0.005648280360568975               1507.8145478264134                 0.45995144007014827                
0.005796919217435672               1463.5846064258005                 0.462372840456974                  
0.0059455580665109175              1420.1580556142453                 0.42800414266673087                
0.00609419690759493                1376.4279546667015                 0.4239349166696294                 
0.006242835740487932               1335.461697763954                  0.4158845107607651                 
0.00639147456499014                1297.3935137230226                 0.40582716241439554                
0.006540113380901778               1259.1854030452234                 0.3943669355969656                 
0.006688752188023065               1220.9963730141603                 0.37349408313927196                
0.0068373909861542195              1185.7368737549011                 0.3783352425784118                 
0.006986029775095464               1151.4253072503698                 0.3601341502779722                 
0.0071346685546470195              1117.8793045351279                 0.35360634613168507                
0.007283307324609103               1084.7811417490873                 0.3453267305422088                 
0.00743194608478194                1053.3146229344923                 0.331836375239114                  
0.007580584834965747               1021.9201313732781                 0.33345749172759853                
0.007729223574960747               992.6898881136356                  0.3145284754019496                 
0.007877862304567157               963.4265404118254                  0.3122996296098419                 
0.008026501023585205               935.4010341035103                  0.30296736592150075                
0.008175139731815108               908.3708131501174                  0.2949606636779455                 
0.008323778429057087               882.2218924002145                  0.2960511487052041                 
0.00847241711511136                856.485808502209                   0.27820456227227375                
0.008621055789778157               830.9940571731435                  0.27481057616482374                
0.00876969445285769                807.1075183352879                  0.26930631392374493                
0.008918333104150186               783.7240966283757                  0.26463418687376167                
0.009066971743455865               761.3858133468765                  0.25796912608891365                
0.009215610370574947               739.1394059192909                  0.24814382645782476                
0.009364248985307655               717.6738683441126                  0.2494343821614022                 
0.009512887587454211               696.9533182687097                  0.23879180824005122                
0.00966152617681484                677.4378564506737                  0.23482505830206396                
0.009810164753189759               657.8169388323371                  0.23052123715622866                
0.00995880331637919                638.8974885742872                  0.2211227790592773                 
0.010107441866183361               621.1720459103003                  0.22601497321219352                
0.010256080402402487               603.5278005197448                  0.21140383129624074                
0.010404718924836796               585.7171972367297                  0.2117200369747063                 
0.010553357433286508               568.3269700606124                  0.20350403029444114                
0.010701995927551847               552.6694561694796                  0.2009101352679721                 
0.010850634407433035               536.7166938855662                  0.20005531935234153                
0.01099927287273029                521.5510277339398                  0.1912811648252322                 
0.011147911323243845               506.76162200418116                 0.18938208635592294                
0.011296549758773915               492.43805449347263                 0.18366383478597323                
0.011445188179120724               478.65093340469866                 0.1812686962826355                 
0.0115938265840845                 464.8876149731064                  0.17826143829714283                
0.011742464973465466               451.6508620401241                  0.1715406498104189                 
0.011891103347063838               438.9359790353387                  0.17211464512925922                
0.012039741704679847               426.142555958127                   0.1659515416315737                 
0.012188380046113712               413.6458669326025                  0.16187326433309387                
0.012337018371165662               402.11111500115777                 0.16007653743950884                
0.01248565667963592                390.70881016014584                 0.15563536377986203                
0.012634294971324705               379.21324461097447                 0.15498962456948345                
0.012782933246032245               368.7056946556966                  0.14889863157200103                
0.012931571503558769               358.0466940587041                  0.14770555062354893                
0.013080209743704493               347.58389144534897                 0.14283618333750656                
0.013228847966269644               337.69244966073944                 0.1417020846825997                 
0.013377486171054451               328.04049328755997                 0.1390178444584647                 
0.013526124357859137               318.446539353217                   0.13475460282106522                
0.013674762526483924               309.4714432992327                  0.13296063618060808                
0.013823400676729044               300.29767561129677                 0.12948084294592196                
0.013972038808394713               291.5962829806686                  0.12894854358166175                
0.014120676921281166               283.46459876076165                 0.12439631722554763                
0.014269315015188622               274.7534194200532                  0.12143821563464256                
0.014417953089917307               266.9378137427468                  0.12112967414120153                
0.014566591145267453               259.36174934273623                 0.11759378458766814                
0.014715229181039282               251.85441843788337                 0.11626760464814485                
0.014863867197033016               244.32933905124827                 0.11255177143178076                
0.015012505193048892               237.21279896265736                 0.11027673767377241                
0.015161143168887127               230.07073773017038                 0.10966351617306005                
0.01530978112434795                223.50233604910994                 0.10594453089052719                
0.01545841905923159                216.91425193484406                 0.10536862199951522                
0.015607056973338276               210.35983688256854                 0.10128305652919804                
0.015755694866468228               204.3696430162539                  0.10067825578583028                
0.015904332738421678               198.14024478362037                 0.09920893840763063                
0.01605297058899886                192.29287887814726                 0.0956763049940634                 
0.016201608417999988               186.3958385488312                  0.09512241578807032                
0.0163502462252253                 180.8584521918413                  0.09183640238224704                
0.016498884010475022               175.43423557871452                 0.09186581028165201                
0.01664752177354938                170.31746594585556                 0.08905510632671061                
0.0167961595142486                 165.25271950667513                 0.08677875137384043                
0.016944797232372917               160.26183601025113                 0.08619820082747968                
0.017093434927722556               155.3087308003029                  0.08371100420984139                
0.017242072600097746               150.60505035889864                 0.08325975806445035                
0.01739071024929872                145.95327513941498                 0.07986549841212837                
0.017539347875125698               141.49918031934678                 0.07923502509142041                
0.017687985477378917               137.1947435019371                  0.07785873963769019                
0.01783662305585861                132.85115364554056                 0.07563036927176214                
0.017985260610364994               128.70857404200987                 0.07525659134474488                
0.018133898140698313               124.70605799134114                 0.07226119731359468                
0.018282535646658788               120.88609020284242                 0.07195085671335953                
0.018431173128046652               116.99250206612388                 0.07026718644492486                
0.018579810584662137               113.2127592346938                  0.06849316555657398                
0.01872844801630547                109.61808371742285                 0.06783781748270602                
0.018877085422776888               106.18206347241659                 0.06698629224362639                
0.01902572280387662                102.72122342731498                 0.06741697964536256                
0.019174360159404893               99.37945509694758                  0.06536875846336133                
0.019322997489161938               96.06984348314852                  0.06444454041433373                
0.019471634792947997               93.01121249969957                  0.06590689734755632                
0.019620272070563285               90.01187617756719                  0.06460020747177005                
0.019768909321808054               86.95586952728164                  0.06472529136433132                
0.019917546546482524               83.97861820546821                  0.06280865029535534                
0.020066183744386925               81.21312714751663                  0.06302791629345356                
0.0202148209153215                 78.46767270338975                  0.06292301394925591                
0.020363458059086476               75.79363863195562                  0.06065721745286739                
0.020512095175482088               73.16006990674282                  0.061390351799516664               
0.020660732264308566               70.67336132184643                  0.05866162768158521                
0.02080936932536615                68.16706985306207                  0.05983945664105903                
0.020958006358455062               65.98578557322554                  0.05834966676601375                
0.02110664336337555                63.52138797572648                  0.05692922916061222                
0.021255280339927837               61.31560956427537                  0.05665967246358614                
0.02140391728791216                59.12907369281247                  0.055101790336976764               
0.021552554207128764               56.8987655312685                   0.05559081311566736                
0.02170119109737787                54.93551222787213                  0.05367486737778586                
0.021849827958459727               52.93852542092787                  0.052776853659108204               
0.021998464790174553               50.98094325561911                  0.052575976817998936               
0.022147101592322593               49.20136600549271                  0.050963793667261476               
0.022295738364704085               47.43852023682553                  0.04971539793138558                
0.022444375107119267               45.67678657632488                  0.047376925565711825               
0.022593011819368364               43.99416525393069                  0.04674813219830112                
0.022741648501251623               42.3765269630194                   0.04588063945703005                
0.022890285152569273               40.79615739176096                  0.04377698511086101                
0.02303892177312156                39.23305564671636                  0.043574776964011394               
0.023187558362708714               37.73189919201294                  0.04182535958025395                
0.02333619492113097                36.33545231500852                  0.04193479386623387                
0.023484831448188578               34.93336105205981                  0.0402152877715083                 
0.023633467943681763               33.55918164375761                  0.03958863019704991                
0.023782104407410774               32.2867654411805                   0.038830870405806496               
0.023930740839175842               31.02381778619422                  0.0374669307808981                 
0.024079377238777205               29.81211885838011                  0.03734037184103889                
0.024228013606015102               28.6226019933896                   0.03581094490168343                
0.024376649940689773               27.518928839151805                 0.03531212117881267                
0.024525286242601464               26.49443452738698                  0.03467314429917048                
0.024673922511550404               25.37493600009508                  0.03341533310973194                
0.024822558747336843               24.4058764748506                   0.033420981796220744               
0.024971194949761022               23.427853434944023                 0.0317387949764965                 
0.025119831118623162               22.482574538178987                 0.03185008688743647                
0.025268467253723528               21.665813994471254                 0.03094061957729328                
0.025417103354862348               20.770626488622877                 0.02986465568167173                
0.02556573942183986                19.863669787059795                 0.0295850529032136                 
0.02571437545445632                19.064448098557616                 0.028290825321163646               
0.025863011452511953               18.279354849471893                 0.02847894200813612                
0.026011647415807016               17.550703541651398                 0.027378993331677415               
0.02616028334414174                16.872609838115892                 0.026826973993841253               
0.026308919237316375               16.167977420092843                 0.026225886860990234               
0.026457555095131157               15.555237505801419                 0.02567297353742034                
0.026606190917386335               14.863351952328227                 0.025229548296347184               
0.026754826703882146               14.281240916494218                 0.024279715107286864               
0.026903462454418846               13.63413234075787                  0.0238156323834959                 
0.027052098168796664               13.106903815899665                 0.023550534286420965               
0.027200733846815844               12.507325828085193                 0.022663406052417203               
0.027349369488276647               12.050196925325364                 0.02236050622392476                
0.0274980050929793                 11.537455556181873                 0.021780961238397872               
0.027646640660724066               11.083981904269292                 0.02128035728797431                
0.02779527619131117                10.638069606724311                 0.02096876721274383                
0.027943911684540874               10.130113343255868                 0.02022817020921963                
0.02809254714021341                9.741421252870856                  0.01983630066754732                
0.02824118255812904                9.290451127099898                  0.01934729863380307                
0.028389817938087997               8.951110165896104                  0.018954902265563917               
0.028538453279890536               8.541935458037901                  0.018493413773710186               
0.0286870885833369                 8.217686159882383                  0.018093784414318366               
0.02883572384822734                7.892943392021415                  0.01759085296146093                
0.028984359074362098               7.566609197675254                  0.017449365802163268               
0.029132994261541426               7.2266196036277455                 0.01676024316807814                
0.029281629409565572               6.959052087095402                  0.016588743605080454               
0.029430264518234783               6.674870044577646                  0.016206488426534955               
0.029578899587349307               6.381301402810921                  0.01573042732917372                
0.029727534616709395               6.115963729270271                  0.015465670119052822               
0.029876169606115298               5.882292351388757                  0.015021154015690088               
0.030024804555367265               5.635771675015822                  0.014711850210860862               
0.03017343946426554                5.422668541159154                  0.014465799563668315               
0.030322074332610385               5.216519234840612                  0.014171086625761754               
0.03047070916020204                5.009165577083995                  0.0137548014677495                 
0.030619343946840766               4.807909697549109                  0.013515606002168406               
0.03076797869232679                4.611313715752201                  0.013158489407675378               
0.030916613396460405               4.44071998342463                   0.013051404441754956               
0.031065248059041834               4.301616898039961                  0.012627696254105472               
0.031213882679871328               4.155276456296172                  0.012527718840605814               
0.031362517258749154               3.9800050627258527                 0.012146474361016133               
0.031511151795475555               3.8471123257602753                 0.01194196904821095                
0.031659786289850785               3.7146946430513155                 0.01178253302740008                
0.03180842074167511                3.5932580307079096                 0.011435728508108287               
0.03195705515074876                3.489790357537443                  0.011347606708339932               
0.03210568951687201                3.3712314255455147                 0.011133940492456335               
0.032254323839845105               3.3012734684311167                 0.01096750436394082                
0.03240295811946831                3.1849785820476946                 0.010797219974612037               
0.032551592355541864               3.089832486199522                  0.010497496504138563               
0.032700226547866036               3.0174238858494205                 0.010515395655103732               
0.03284886069624108                2.9495732882798222                 0.010290948568220793               
0.03299749480046724                2.888680018629428                  0.010184169450958352               
0.033146128860344785               2.7996355322864996                 0.010003548163770854               
0.033294762875673976               2.7807909150835792                 0.009914590972199867               
0.03344339684625505                2.7178326331441265                 0.009934326087086826               
0.0335920307718883                 2.681035317498063                  0.009681793584548085               
0.03374066465237394                2.6220402230273296                 0.009627434489992277               
0.03388929848751226                2.5940234089163132                 0.009539042895621866               
0.034037932277103514               2.5317804933792734                 0.009444641222082226               
0.03418656602094795                2.503162667849368                  0.009427522872756364               
0.034335199718845834               2.4830516648800027                 0.009506354026707846               
0.034483833370597426               2.461758741880614                  0.009586232697376103               
0.03463246697600298                2.432572529959317                  0.009545961701768331               
0.03478110053486277                2.4340128462255697                 0.009645272875093262               
0.034929734046977044               2.4131338026386406                 0.009586652045293867               
0.03507836751214607                2.4079223376708443                 0.009313882453599548               
0.0352270009301701                 2.3897590318600344                 0.00935270915733067                
0.03537563430084941                2.3933651128923965                 0.009233843123284903               
0.03552426762398426                2.3865976042904777                 0.009246559011457487               
0.035672900899374894               2.3814032348354965                 0.009154842901638623               
0.0358215341268216                 2.390397026760706                  0.009127043935041476               
0.03597016730612462                2.378490306473263                  0.009210241694797283               
0.036118800437084236               2.399389478061662                  0.009055847506482697               
0.036267433519500715               2.408581292608578                  0.009156713871197292               
0.036416066553174295               2.401333439064357                  0.009045035549860804               
0.036564699537905254               2.4035461745314977                 0.009083123396270295               
0.03671333247349387                2.4034785850599594                 0.009082997689483422               
0.036861965359740394               2.4219566605854066                 0.009031055449880353               
0.037010598196445095               2.4289858993172686                 0.009063254035226183               
0.037159230983408245               2.4417252787258525                 0.009082193107440949               
0.03730786372043011                2.439673107219932                  0.009064032119461057               
0.03745649640731094                2.4473354947423713                 0.009035557787122594               
0.037605129043851035               2.4599331197357572                 0.008988760033960486               
0.03775376162985063                2.4540903386673505                 0.00905747236687667                
0.03790239416511001                2.481768692400176                  0.009042506896563605               
0.03805102664942944                2.4713172735530624                 0.009037420416895738               
0.038199659082609194               2.4901767843182556                 0.009025342142703764               
0.038348291464449534               2.5044496199659965                 0.009023535118726509               
0.03849692379475074                2.4910929120282885                 0.00906415469146738                
0.03864555607331307                2.488120526889991                  0.008980395106678179               
0.0387941882999368                 2.5010487147716334                 0.008999140209852418               
0.03894282047442221                2.5128384792409113                 0.008930392310729687               
0.03909145259656955                2.5158880067738525                 0.009048727559354356               
0.03924008466617912                2.5209212429646035                 0.008953634671869125               
0.03938871668305117                2.512621867502148                  0.008881683646210791               
0.03953734864698598                2.5304302090847886                 0.008921864707448705               
0.03968598055778383                2.521254965323042                  0.008853596544675706               
0.03983461241524497                2.525307147909851                  0.008908454181860485               
0.0399832442191697                 2.5136226664817762                 0.008806024794165515               
0.040131875969358285               2.52643735825176                   0.008777803777241213               
0.040280507665611                  2.517471864001179                  0.008817021205403147               
0.040429139307728124               2.508489323372141                  0.00875074529296894                
0.04057777089550993                2.4994481879250103                 0.008793898767176718               
0.040726402428756685               2.5091575263107058                 0.008673642588756709               
0.04087503390726868                2.4930945967030587                 0.008748939119528922               
0.04102366533084617                2.484031612729587                  0.008712147123997531               
0.041172296699289464               2.481898762933739                  0.008638559070731723               
0.04132092801239882                2.4778508936362984                 0.008688866666503984               
0.04146955926997452                2.466656954846477                  0.008611997001259456               
0.04161819047181683                2.4358810894151586                 0.008598608023008127               
0.041766821617726047               2.4430345544125                    0.008607144602670445               
0.041915452707502444               2.4249333904335524                 0.008495057220396509               
0.042064083740946306               2.433517359399201                  0.008533930770868907               
0.0422127147178579                 2.4036871944774343                 0.008457764664551441               
0.04236134563803752                2.382915914187208                  0.008421143955718344               
0.042509976501285435               2.3740771578475397                 0.008578841459473022               
0.04265860730740194                2.369477366301479                  0.008608146564418438               
0.042807238056187316               2.3462045344311933                 0.008689825228647054               
0.04295586874744183                2.3317794377679406                 0.008671801127755962               
0.043104499380965784               2.3229473321866245                 0.008699323113263645               
0.04325312995655945                2.2818036759872937                 0.008595720839637703               
0.04340176047402311                2.2921535732360474                 0.00870823959370807                
0.04355039093315706                2.2647750639759527                 0.008647140454489595               
0.043699021333761565               2.255120865064315                  0.008606516621076778               
0.04384765167563693                2.243399116811289                  0.00866003000269503                
0.04399628195858344                2.2019949011478417                 0.008491473935309711               
0.044144912182401366               2.1771790093343224                 0.008535725628725654               
0.04429354234689099                2.1780315218282498                 0.0085063133363298                 
0.044442172451852634               2.1493111799047067                 0.008436914368067622               
0.04459080249708656                2.1355020654169143                 0.008427235567036877               
0.044739432482393045               2.0980044253820846                 0.008348584464952782               
0.044888062407572406               2.07054059428911                   0.008399085165452194               
0.04503669227242491                2.0665538011524585                 0.008251573400646956               
0.04518532207675085                2.020113355979825                  0.00829176691370584                
0.04533395182035053                2.0019289347851976                 0.008206487843272324               
0.04548258150302422                1.9802107863462606                 0.008187723840678                  
0.04563121112457223                1.9583088049457287                 0.00822542967684719                
0.045779840684794834               1.943791673225841                  0.00807373126464383                
0.045928470183492345               1.8945948596465643                 0.008086154755076626               
0.04607709962046502                1.8878651016976837                 0.00805875335089632                
0.046225728995513186               1.8875222942532748                 0.00804075050329625                
0.046374358308437114               1.8451761364557564                 0.007967123353116015               
0.04652298755903712                1.836011388672236                  0.00788816362752236                
0.046671616747113474               1.8045539433698567                 0.007943259154665223               
0.046820245872466484               1.777488730506894                  0.007769667674464264               
0.04696887493489644                1.7394809613109121                 0.007706632224585963               
0.04711750393420365                1.7102178894190436                 0.0076497039848191836              
0.047266132870188396               1.6845763990750582                 0.007504369738146524               
0.04741476174265097                1.672698891945138                  0.007557254528035996               
0.047563390551391686               1.6397231175406626                 0.0073922173526983475              
0.04771201929621082                1.6056886449424728                 0.0073496324179634035              
0.047860647976908685               1.586843848648559                  0.007317930189066627               
0.04800927659328559                1.5562986312380713                 0.0071534493679681534              
0.048157905145141816               1.5312633959072164                 0.007188633918282628               
0.04830653363227766                1.5040520905530985                 0.007021537863257198               
0.04845516205449344                1.4730475965929823                 0.007043239006138567               
0.04860379041158943                1.4542017561785077                 0.007009116986867482               
0.04875241870336596                1.4213895155115672                 0.006818882700315776               
0.04890104692962332                1.3972761152518223                 0.0068381463705313615              
0.04904967509016181                1.3688855314708561                 0.006708933633908256               
0.04919830318478172                1.34631829299556                   0.006722857423768343               
0.049346931213283374               1.315876375520153                  0.006598130711247751               
0.049495559175467066               1.292144491833187                  0.006518172601986474               
0.0496441870711331                 1.270390630232504                  0.006493173238997355               
0.049792814900081785               1.241737796086366                  0.006373419708898831               
0.04994144266211342                1.2111234181091406                 0.006359728459948303               
0.05009007035702831                1.1865684182725194                 0.006211208398941834               
0.05023869798462676                1.1569917127093654                 0.0061774131180443                 
0.050387325544709094               1.1447975368359136                 0.00617027226597968                
0.050535953037075594               1.1084024536608825                 0.006030788309039836               
0.050684580461526595               1.0865798047980404                 0.005977260446367819               
0.05083320781786236                1.0469309273346799                 0.005822486103475057               
0.05098183510588326                1.0317439005580022                 0.005839508943392387               
0.05113046232538955                1.0148760309476412                 0.005753076901371434               
0.05127908947618157                0.9914590209171117                 0.005700865497949102               
0.05142771655805962                0.9692968785505486                 0.005645474376992133               
0.05157634357082401                0.9437659885258373                 0.005522594452146945               
0.05172497051427505                0.9131787367400459                 0.005496590487099093               
0.051873597388213066               0.9004760190609261                 0.005364730332775562               
0.05202222419243834                0.8788573963493208                 0.005337398448023788               
0.05217085092675122                0.8560894057251031                 0.005294700650118243               
0.052319477590952006               0.8415168210160094                 0.00522278433561628                
0.05246810418484102                0.8274538131738969                 0.005176340233879862               
0.05261673070821854                0.7930480788327393                 0.005049725392364076               
0.052765357160884915               0.7803210391253718                 0.005016611892420771               
0.052913983542640465               0.7689077849193459                 0.004987338007149585               
0.05306260985328549                0.7470662637423021                 0.004935998475929227               
0.05321123609262031                0.7206880155696314                 0.004816267002659272               
0.053359862260445236               0.7085119920783026                 0.004753936462639587               
0.05350848835656059                0.6974954349796397                 0.004745306122147679               
0.05365711438076671                0.6811858267988334                 0.004663687670331043               
0.05380574033286389                0.6617866449784914                 0.004608314154856055               
0.05395436621265246                0.6456721965682902                 0.004549582773399266               
0.054102992019932725               0.6359349854389362                 0.004510630987509365               
0.05425161775450505                0.6149472898402814                 0.004455671871565901               
0.0544002434161697                 0.6090011488583954                 0.004359918262883541               
0.054548869004727024               0.5805280116024506                 0.0043118159307002244              
0.054697494519977345               0.5780966610634013                 0.004304933723445601               
0.054846119961720986               0.5612412160254329                 0.004226913892318446               
0.05499474532975826                0.5486221328897618                 0.004187467219980381               
0.055143370623889514               0.5375494004606352                 0.004088212338926414               
0.05529199584391504                0.5244403720141086                 0.004096190481902048               
0.05544062098963519                0.5126527235626517                 0.004011961651365357               
0.055589246060850264               0.504337959932906                  0.004002934367094351               
0.05573787105736062                0.4986164800448706                 0.003966403187705794               
0.05588649597896656                0.48620542571662584                0.0038937573868636968              
0.056035120825468424               0.47831663394684026                0.0039002421016493876              
0.05618374559666653                0.4658435523710189                 0.0038113543263562123              
0.056332370292361225               0.4656949714832239                 0.003835121788978959               
0.05648099491235282                0.4463844461074206                 0.0037327237519528588              
0.05662961945644166                0.4455663267174582                 0.003734772370749583               
0.05677824392442804                0.4452536415048275                 0.003755576438802125               
0.056926868316112336               0.4328715335564661                 0.003649190580887537               
0.057075492631294855               0.42309009259945635                0.0036393584345940323              
0.05722411686977594                0.41378648956034086                0.003578177530704363               
0.05737274103135591                0.4056122500903193                 0.0035651418210085103              
0.057521365115835124               0.41131591768836806                0.003577877786339532               
0.05766998912301387                0.40415938455940026                0.0035277923287051777              
0.057818613052692536               0.39662563669565615                0.0035306210387850263              
0.05796723690467142                0.39323123111078045                0.003463147679483335               
0.05811586067875089                0.38623220119061147                0.0034670698270819126              
0.05826448437473124                0.38118351492794045                0.0034293572962323608              
0.05841310799241284                0.38056507940814127                0.0034118021338330833              
0.05856173153159601                0.370164641722909                  0.0033991544459050517              
0.05871035499208109                0.3730424513305646                 0.003368269060841943               
0.058858978373668436               0.37434767218473314                0.0034017552625426866              
0.05900760167615837                0.3643449298418455                 0.003328774081640158               
0.059156224899351226               0.36121754762293296                0.003320777358429819               
0.059304848043047365               0.3583172951971392                 0.003331346911989857               
0.05945347110704712                0.36306704541702184                0.0033182070134058924              
0.05960209409115083                0.3555230984813877                 0.0033008068270225567              
0.05975071699515884                0.3489989068795838                 0.003251746470625194               
0.0598993398188715                 0.34568026823486836                0.0032563561720571313              
0.060047962562089136               0.35136372111799474                0.003259661792442411               
0.06019658522461209                0.3481620558492123                 0.0032432454190315673              
0.06034520780624073                0.34441429621759384                0.0032457269003748745              
0.06049383030677538                0.3428978362838126                 0.0033039748420016363              
0.0606424527260164                 0.34665612216256814                0.003372754094927944               
0.060791075063764154               0.3443470926027081                 0.0033788760567514064              
0.06093969731981895                0.33008417481264124                0.0033289231439591893              
0.06108831949398115                0.3284106166246773                 0.0033685354924183823              
0.0612369415860511                 0.3346701569100051                 0.0033931667789997696              
0.06138556359582917                0.3379915272295823                 0.003454833764888528               
0.061534185523115695               0.3369258477765492                 0.0034380188548627467              
0.061682807367711034               0.3318815643448427                 0.003454102575901665               
0.061831429129415506               0.32836255240261863                0.003451289182245275               
0.061980050808029506               0.32676431819542073                0.0034331635803941532              
0.06212867240335336                0.3319081874648908                 0.0035058333452449167              
0.06227729391518745                0.3270897729966582                 0.0034524352599995447              
0.06242591534333208                0.3278891009884506                 0.0035381884715687036              
0.06257453668758765                0.33078789052568874                0.0035224102094891943              
0.06272315794775449                0.3253678442633322                 0.003487307486764686               
0.06287177912363298                0.32639340766355646                0.0035385687504781416              
0.06302040021502343                0.3320661760335261                 0.0035627859438927                 
0.06316902122172624                0.3214279724771812                 0.003537090970301152               
0.06331764214354177                0.32377696784602306                0.0034193738364452883              
0.06346626298027035                0.3290140137299658                 0.003433381827476267               
0.06361488373171235                0.33197410393437865                0.0034164275022457924              
0.06376350439766815                0.32512603976512233                0.003360756369904808               
0.06391212497793805                0.3292100108326329                 0.003372656869752015               
0.06406074547232249                0.3320956915049375                 0.003342586580590404               
0.06420936588062177                0.33189362289519625                0.0033557150724342457              
0.0643579862026363                 0.3252498341092928                 0.003302752225205123               
0.06450660643816641                0.3270943551697915                 0.003296591914582264               
0.06465522658701248                0.32837640664240253                0.0033133856060288407              
0.06480384664897484                0.3324929178712248                 0.0033082644162205402              
0.06495246662385391                0.33009747880944923                0.0033082609859168624              
0.06510108651145002                0.32633161904016594                0.003259082133977597               
0.06524970631156356                0.33516960370940746                0.0033012424497955747              
0.06539832602399485                0.33639144113401825                0.00331569024108404                
0.0655469456485443                 0.3245747649519242                 0.003250301261047177               
0.06569556518501228                0.32893254901032043                0.003265412270387524               
0.06584418463319913                0.3296855487796216                 0.0032381302125165452              
0.06599280399290525                0.32465601988527903                0.0032117409640772454              
0.06614142326393099                0.3240854144438174                 0.003221741474696213               
0.06629004244607672                0.32977672518857093                0.0032482830278321674              
0.06643866153914282                0.3328099843863802                 0.003258305061616838               
0.06658728054292967                0.3262549110711848                 0.003174262668263671               
0.06673589945723764                0.32978254363617837                0.0032386142778439413              
0.06688451828186709                0.3263353129518411                 0.003210494075768936               
0.06703313701661841                0.3264545134139528                 0.003193788077879183               
0.06718175566129193                0.3316161450572065                 0.003228411271616113               
0.0673303742156881                 0.3232086662286788                 0.0031794263444446303              
0.06747899267960726                0.32843846680546757                0.003200358210781918               
0.06762761105284978                0.3259383858456604                 0.0031620668053764286              
0.06777622933521604                0.3258251934260483                 0.0031891578496389844              
0.06792484752650643                0.32303349012159926                0.0031524840657448797              
0.0680734656265213                 0.3215414972962852                 0.0031604278157713528              
0.0682220836350611                 0.32232642200334216                0.003149034620921195               
0.06837070155192615                0.3240823433830998                 0.003135073922300037               
0.06851931937691683                0.3164268266085634                 0.0031170896831696146              
0.06866793710983354                0.31296684272468234                0.003091115350854315               
0.06881655475047667                5.394899407762184                  0.012852286532958682               
0.06896517229864657                0.30717271116200934                0.0030652967333027483              
0.06911378975414369                0.31105797741945995                0.00305841973821087                
0.06926240711676834                0.3061858732589877                 0.003054536620715796               
0.06941102438632095                0.30149697295078776                0.0030011958360861143              
0.06955964156260189                0.30046424211837025                0.0030229871551820144              
0.06970825864541157                0.3023668298179843                 0.0030027222982835526              
0.06985687563455034                0.30169414936430283                0.0030106258039803513              
0.07000549252981861                0.3002547139103354                 0.0029964107803375686              
0.07015410933101678                0.2933171661579003                 0.0029369922364764                 
0.07030272603794524                0.3004579904729016                 0.0030002327167193968              
0.07045134265040434                0.2859859179262437                 0.0029067452413216216              
0.07059995916819455                0.28817395796181117                0.002928681826522201               
0.07074857559111615                0.2851191130099539                 0.0029077139967335322              
0.07089719191896963                0.28227013305827425                0.0028641003714224463              
0.07104580815155535                0.2774498864348667                 0.0028750125837421403              
0.07119442428867372                0.2827504426060037                 0.0028704519258956015              
0.07134304033012509                0.2773796107623654                 0.0028521665325950828              
0.0714916562757099                 0.2747678623979787                 0.0028452355705899626              
0.07164027212522854                0.2685554358596426                 0.0027873388765039648              
0.0717888878784814                 0.2705769528290297                 0.002831288159533187               
0.07193750353526884                0.26330633197551234                0.0027574745268886653              
0.07208611909539134                0.2697677343676364                 0.002805062968587536               
0.07223473455864923                0.2672698838855989                 0.0027933210275380128              
0.07238334992484297                0.2625647666419253                 0.002773691843272844               
0.07253196519377289                0.2533133106959723                 0.0027356861479760283              
0.07268058036523947                0.25323729055495725                0.002686121390438117               
0.07282919543904304                0.2517007265303924                 0.0027045838465755744              
0.07297781041498405                0.251215545647977                  0.002699526311523251               
0.07312642529286288                0.24989788840432922                0.0026887844422544                 
0.07327504007247997                0.24674472923090573                0.0026717685119163658              
0.07342365475363567                0.23829575816748433                0.0026045196641140797              
0.07357226933613044                0.24043923403478792                0.0026397996325852355              
0.07372088381976465                0.24072117061017104                0.002627108875880072               
0.07386949820433873                0.22981845418367675                0.002558914588935268               
0.07401811248965308                0.22866985672009627                0.002542346019840131               
0.07416672667550812                0.22580633490580487                0.002539876828130441               
0.07431534076170422                0.23128021671591                   0.0025785494316437857              
0.07446395474804186                0.22369865162198194                0.002501339644508698               
0.07461256863432139                0.22319196650913514                0.0025039843370120904              
0.07476118242034327                0.21727912284558537                0.0024576821996218612              
0.07490979610590787                0.21840816983451383                0.002472668559260548               
0.07505840969081562                0.21749024582480747                0.0024663894736261936              
0.07520702317486694                0.21356235336874857                0.002429198723902999               
0.07535563655786226                0.2101325463694196                 0.0024075362730880596              
0.07550424983960197                0.20763789109909297                0.0023880626243660405              
0.0756528630198865                 0.2041616696670637                 0.002377189234214678               
0.07580147609851624                0.20235751161896914                0.002350453289825161               
0.07595008907529169                0.1999075911515878                 0.002333198421772508               
0.07609870195001317                0.19434741123861515                0.0023113677703064115              
0.07624731472248115                0.19187534112103768                0.0022781041376822475              
0.07639592739249607                0.19730753462643175                0.0023150253570282976              
0.07654453995985831                0.1890186747211299                 0.0022572713017704354              
0.0766931524243683                 0.19360418096388776                0.0022864154915713205              
0.07684176478582651                0.18909520966953144                0.002270196131534942               
0.07699037704403329                0.18338007432602083                0.0022205469346813444              
0.07713898919878912                0.1799754161921303                 0.0022063366959963675              
0.0772876012498944                 0.17861706439373115                0.0021787429743243187              
0.07743621319714959                0.17830270717047428                0.002197920560830534               
0.07758482504035506                0.17916993699026998                0.0021986110220559426              
0.0777334367793113                 0.17385691636391096                0.0021513057131089556              
0.0778820484138187                 0.1732282899593556                 0.0021591214086882043              
0.0780306599436777                 0.17181442149068513                0.002136856457342233               
0.07817927136868873                0.16775829728350924                0.0021274465154299794              
0.07832788268865222                0.1681534692217148                 0.0021113414607498143              
0.07847649390336861                0.16609716661754167                0.0020957903067271777              
0.07862510501263834                0.16365479188191775                0.0021003835569872696              
0.07877371601626182                0.16075380942127948                0.0020592546168940315              
0.0789223269140395                 0.1612124929173907                 0.0020707446680021547              
0.07907093770577181                0.16009446462038252                0.002053337054263634               
0.0792195483912592                 0.1569318189784816                 0.002033792275314552               
0.07936815897030208                0.15616678962358374                0.0020431860094080644              
0.07951676944270093                0.15708543632362035                0.0020272886124291663              
0.07966537980825614                0.15251826651924588                0.00200664559835286                
0.07981399006676818                0.15535515648719456                0.0020169191923186426              
0.07996260021803749                0.149218173344832                  0.001987280556795359               
0.0801112102618645                 0.15174029021432894                0.001999874743095602               
0.08025982019804966                0.15263209053046783                0.001988617886004561               
0.0804084300263934                 0.14342430041263973                0.0019451051050188932              
0.08055703974669619                0.1492380422665394                 0.00196877793062688                
0.08070564935875844                0.14907039108467635                0.001980575642611416               
0.08085425886238064                0.14349919659632213                0.0019289896267437293              
0.0810028682573632                 0.14313630972486543                0.0019265499670814935              
0.08115147754350657                0.14251148383640774                0.0019325478699931695              
0.08130008672061122                0.14217421309541647                0.0019216240994614803              
0.08144869578847758                0.14013862668389152                0.0019070451590550736              
0.0815973047469061                 0.13904691113688203                0.0018949982797016093              
0.08174591359569723                0.1369365360320067                 0.0018813229815476686              
0.08189452233465144                0.14028874235369776                0.001909618497850843               
0.08204313096356916                0.13762163455157733                0.0018822280208851672              
0.08219173948225086                0.1380905172827784                 0.0018907641132689568              
0.08234034789049698                0.13931619346699867                0.001886963539694048               
0.08248895618810799                0.13536054904849615                0.0018704703156123194              
0.08263756437488433                0.13448153263608395                0.0018606344846119982              
0.08278617245062646                0.1351704832241438                 0.001857936725224603               
0.08293478041513484                0.13033340344606442                0.0018302437438946727              
0.08308338826820992                0.13343801010735962                0.0018423214721307465              
0.08323199600965217                0.13118182286590266                0.0018361930049039087              
0.08338060363926207                0.13407418275665187                0.00184670978482825                
0.08352921115684006                0.1323411998583374                 0.0018340082247930319              
0.08367781856218658                0.13244876355963942                0.001846525114568502               
0.08382642585510211                0.13144016930346558                0.0018313963103195564              
0.08397503303538713                0.13014387148068632                0.0018136867320055741              
0.08412364010284208                0.13415981333446791                0.0018335099111569213              
0.08427224705726745                0.13167520424925214                0.0018279409635260364              
0.08442085389846368                0.13358739609751863                0.0018426285942227233              
0.08456946062623125                0.1302761820207966                 0.001816765968577418               
0.08471806724037062                0.1337751031065339                 0.00183736903197511                
0.08486667374068227                0.13012615968169353                0.00180574096961773                
0.08501528012696667                0.13193275734158505                0.0018304583993714167              
0.08516388639902428                0.1289214672580599                 0.0017952571864006163              
0.08531249255665557                0.13178335811094555                0.0018179176654730949              
0.08546109859966101                0.1281729905980741                 0.0017963665896871097              
0.08560970452784111                0.13136522702079126                0.0018037596310493597              
0.08575831034099632                0.1304215887310106                 0.001814915331938948               
0.08590691603892707                0.13373170299304687                0.0018220525038512242              
0.0860555216214339                 0.13152221042954673                0.0018132803211187362              
0.08620412708831726                0.12940177848029244                0.0018014217185636798              
0.08635273243937762                0.12834618268643816                0.0017877663112987172              
0.08650133767441548                0.1309067228696111                 0.00180410895856392                
0.08664994279323132                0.12994389739430262                0.0017891413636047144              
0.08679854779562558                0.13136892826351215                0.0018044910071610904              
0.08694715268139878                0.12902870692020438                0.001800946090385649               
0.08709575745035139                0.12831846220680337                0.0017779189855561914              
0.0872443621022839                 0.12617121781324908                0.0017650208696081524              
0.08739296663699678                0.13352502418877746                0.0018150298479550622              
0.08754157105429052                0.13122320525719464                0.0017972409291504541              
0.08769017535396562                0.13002656078073482                0.0017931713221919097              
0.08783877953582254                0.13250418349928814                0.001796346976502971               
0.0879873835996618                 0.12836939836232167                0.00178033445575861                
0.08813598754528384                0.13169615867783227                0.001795652669395978               
0.08828459137248919                0.13144543786669108                0.0017987669068037658              
0.08843319508107834                0.12728833113801705                0.0017667010945391593              
0.08858179867085175                0.1287516581240493                 0.001767373288740858               
0.08873040214160996                0.13053119683418665                0.001791126128638732               
0.08887900549315342                0.1306523178994042                 0.0017830783093071953              
0.08902760872528265                0.13092236092145246                0.001785600086562156               
0.08917621183779811                0.1286591638238451                 0.0017721244452599697              
0.08932481483050034                0.13162017891211214                0.0017822347611443873              
0.08947341770318981                0.13156674922601924                0.0017865959369260645              
0.08962202045566703                0.12945729690435678                0.0017728886686400023              
0.08977062308773248                0.12749081040637744                0.0017593727965460359              
0.08991922559918666                0.1305347679551167                 0.001774874748931264               
0.0900678279898301                 0.1303524867093533                 0.0017776624642929116              
0.09021643025946328                0.12972953999436707                0.0017647419437118897              
0.09036503240788671                0.13052567448658087                0.0017714790689596584              
0.09051363443490087                0.1263953622786545                 0.0017406131225506888              
0.09066223634030629                0.12902202497668125                0.0017705842359375444              
0.09081083812390348                0.13085580805365538                0.001779075467669284               
0.09095943978549291                0.1270263136971311                 0.001738456125588444               
0.09110804132487513                0.12937132255233952                0.0017629709824725417              
0.09125664274185061                0.12731312366838643                0.0017391269908965778              
0.09140524403621988                0.12855685824610652                0.0017607224797629912              
0.09155384520778345                0.12559754914276444                0.0017292983729495874              
0.09170244625634183                0.12944417916264023                0.0017490859669420083              
0.09185104718169552                0.1268692313698568                 0.001749130278810613               
0.09199964798364504                0.12795530137383354                0.0017428656136513634              
0.0921482486619909                 0.12550286515153597                0.001728650246706971               
0.09229684921653362                0.12878414832082488                0.0017459148032021707              
0.09244544964707371                0.12465594219404043                0.0017202516238224424              
0.09259404995341172                0.12366790703254998                0.001721099380521502               
0.0927426501353481                 0.1274638886588876                 0.0017292879341143023              
0.09289125019268343                0.12507729923690622                0.001718068836036037               
0.09303985012521819                0.1235768643904695                 0.0017058477152729885              
0.09318844993275292                0.1204784178101745                 0.0016806216220186995              
0.09333704961508814                0.12456258358907463                0.0017253825601786887              
0.09348564917202434                0.12464305032897095                0.0017056795407552406              
0.09363424860336209                0.12098945415426866                0.0016848023193403378              
0.09378284790890191                0.1219692003067261                 0.0016891361748414748              
0.0939314470884443                 0.12254909651138167                0.0017012505492850416              
0.09408004614178979                0.12207343260479513                0.0016917156536707012              
0.0942286450687389                 0.11767821380066693                0.001652529657836339               
0.09437724386909221                0.11912761300075506                0.0016748661297344512              
0.09452584254265017                0.12078741368417002                0.0016797104082551322              
0.09467444108921338                0.11891828601849705                0.0016582132416808409              
0.09482303950858231                0.11591766142794038                0.0016431067907605407              
0.09497163780055753                0.11942104816034231                0.001662317393631578               
0.0951202359649396                 0.11671256256261639                0.001655372449959653               
0.09526883400152898                0.11751555693651979                0.0016460311374378775              
0.09541743191012625                0.11947236554801687                0.0016644836581187                 
0.09556602969053193                0.11698323474787867                0.0016476511936320936              
0.09571462734254658                0.11309079211834451                0.0016159125562781815              
0.09586322486597074                0.11320086013599501                0.0016207977636452278              
0.09601182226060492                0.11154999533484218                0.001594547914788021               
0.09616041952624964                0.11472311580270009                0.0016322529386602826              
0.09630901666270551                0.1130759117639472                 0.0016129033249249667              
0.09645761366977304                0.1138507327681056                 0.0016201688849756919              
0.09660621054725275                0.11013941589662062                0.0015884024177955436              
0.0967548072949452                 0.10880632431908324                0.0015742602099629872              
0.09690340391265093                0.1097241016776904                 0.0015945643206029163              
0.0970520004001705                 0.10745961089988199                0.001568962440936322               
0.09720059675730447                0.10765126867941403                0.0015647714015287787              
0.09734919298385332                0.10703728385073134                0.0015603036290478248              
0.0974977890796177                 0.10587935809730478                0.0015573862251904917              
0.09764638504439807                0.10921200422269246                0.0015851149474857202              
0.09779498087799501                0.10706328154158978                0.0015511531323430614              
0.09794357658020908                0.10688675998709928                0.0015614309034293924              
0.09809217215084083                0.1070834042769398                 0.0015606443422056962              
0.09824076758969084                0.10428668851468258                0.0015423245316492375              
0.09838936289655961                0.10544715454060083                0.0015432025347051645              
0.09853795807124772                0.10576045006001936                0.0015416909706762135              
0.09868655311355574                0.10320985867710679                0.001533797318937697               
0.09883514802328423                0.10302660947774062                0.0015200361351247816              
0.09898374280023374                0.10347146862100899                0.0015368368087411302              
0.09913233744420481                0.09830283533883087                0.001480122005336339               
0.09928093195499803                0.10027601478367221                0.001504892856388999               
0.09942952633241396                0.09966960606828368                0.0015056587597234055              
0.09957812057625312                0.10005841505972764                0.0014964123519755088              
0.09972671468631612                0.10018696706370309                0.0014963281975626937              
0.09987530866240353                0.09618625751262404                0.0014641052879898807              
0.1000239025043159                 0.10084674887814778                0.001506518363890452               
0.10017249621185377                0.09980513576918021                0.001501890801489222               
0.10032108978481775                0.0939819889465336                 0.0014387432872560732              
0.10046968322300841                0.09406004678501464                0.0014513780316518852              
0.10061827652622628                0.09383961532739207                0.0014411304365298336              
0.10076686969427194                0.09374515672755687                0.0014494555689293519              
0.10091546272694601                0.09500240170315971                0.0014576133274551545              
0.101064055624049                  0.09735152785693668                0.0014638086262702469              
0.10121264838538155                0.09416744054327124                0.0014542475316295987              
0.1013612410107442                 0.0924119827220736                 0.0014644604938603006              
0.10150983349993749                0.09394762974817143                0.0015007149045116804              
0.10165842585276207                0.09246151166494221                0.001493842852551638               
0.10180701806901846                0.08917624644615567                0.0014805243314761915              
0.10195561014850726                0.09136194179230839                0.0015191164515902526              
0.10210420209102905                0.0900544677748876                 0.0015011162991033725              
0.10225279389638445                0.09110957568746822                0.0015170187650286296              
0.10240138556437398                0.0895886649828403                 0.0015199809953027812              
0.10254997709479825                0.08851496406782022                0.0015151253105563246              
0.10269856848745783                0.08699178281537502                0.0015212631840168449              
0.10284715974215335                0.0876457808411754                 0.0015088931098952351              
0.10299575085868538                0.08835102517731003                0.001538227018773804               
0.10314434183685449                0.08470104042772719                0.0015048602079380797              
0.10329293267646124                0.08619263315458538                0.0015289497139717478              
0.1034415233773063                 0.08764776959056782                0.0015477164157513808              
0.10359011393919021                0.0861198651716657                 0.001527658900794341               
0.10373870436191358                0.08833015056768415                0.0015678536072031596              
0.10388729464527696                0.08500987538430234                0.0015367692655186348              
0.10403588478908102                0.08369569146862535                0.001528831879918182               
0.10418447479312629                0.08324140580048475                0.0014789272789259512              
0.10433306465721338                0.08678262126320332                0.0014978112671463796              
0.1044816543811429                 0.08508599599049589                0.001480708442104416               
0.1046302439647155                 0.08453865370117052                0.0014584303338086952              
0.10477883340773168                0.08347347645472204                0.0014396258841548675              
0.10492742270999211                0.08482927870525164                0.0014535281681278764              
0.10507601187129732                0.08439455506886898                0.001445867051547993               
0.10522460089144804                0.084894260398822                  0.0014434543315414363              
0.10537318977024476                0.08278106469721856                0.0014215662787479236              
0.10552177850748812                0.08459281943532454                0.001432131889302433               
0.10567036710297875                0.0834180276284263                 0.0014173299855495553              
0.10581895555651723                0.0850453934977541                 0.0014365038152335523              
0.10596754386790419                0.08252736866595065                0.0013997746180292668              
0.10611613203694019                0.08290621603990722                0.0014055939506631273              
0.10626472006342588                0.08313008685668637                0.001409592062163267               
0.10641330794716188                0.08105258208961702                0.0013851601116368366              
0.10656189568794881                0.08220190194085078                0.0013990926420156832              
0.10671048328558726                0.07974471313269581                0.001359438495533154               
0.10685907073987783                0.08263503677297528                0.0013975859071927164              
0.10700765805062118                0.08181285715468121                0.0013834827345964916              
0.1071562452176179                 0.08141973648562632                0.0013766381155752834              
0.10730483224066863                0.08405286328248711                0.001397198854241436               
0.10745341911957391                0.07990879471389892                0.0013520578914508572              
0.1076020058541345                 0.08415801836138992                0.0014001079447646502              
0.10775059244415094                0.07929611243594878                0.0013531680990644702              
0.10789917888942382                0.08029719834310005                0.0013534090019775432              
0.10804776518975381                0.08241714584711876                0.0013805391367014681              
0.10819635134494156                0.07678001464825222                0.0013196806660627637              
0.10834493735478763                0.07868555566734545                0.0013474660340094169              
0.10849352321909271                0.08249172907709511                0.0013635462209828158              
0.1086421089376574                 0.07964888065399445                0.0013455431451395935              
0.10879069451028231                0.08169655359153948                0.0013680849538812473              
0.1089392799367681                 0.07955106353003859                0.0013385532187233126              
0.10908786521691538                0.0795120972626488                 0.0013453457651898927              
0.1092364503505248                 0.08055414514577797                0.001333889984130395               
0.10938503533739702                0.08108900144398035                0.0013552531927766272              
0.10953362017733265                0.08177372168915775                0.0013585624189676574              
0.1096822048701323                 0.08146400930102304                0.0013536037764833087              
0.10983078941559662                0.08217411690792047                0.001359969376457363               
0.10997937381352627                0.08129728081139564                0.0013414224043126661              
0.1101279580637219                 0.08259471400137033                0.0013615335404553299              
0.11027654216598413                0.07786811575672246                0.0013192302242112785              
0.11042512612011357                0.08018897480881217                0.001324939970092394               
0.11057370992591092                0.08042314214474663                0.0013337336231261207              
0.11072229358317678                0.08039533389391382                0.001323480845325743               
0.11087087709171187                0.07971556050158697                0.0013278551825049959              
0.11101946045131672                0.08095307439605412                0.00132178194335448                
0.11116804366179206                0.07628797690417681                0.0012874805687043548              
0.11131662672293854                0.07766941860828148                0.0012986454079956793              
0.11146520963455678                0.07920348415060245                0.0013176810667772957              
0.11161379239644743                0.08080624179829171                0.001361602163798208               
0.11176237500841117                0.07788565691670832                0.0013353353084718078              
0.11191095747024861                0.07979084879020312                0.001371835654357359               
0.11205953978176046                0.0801108485203928                 0.0013853458158534953              
0.11220812194274735                0.08056366919716552                0.001386147400708922               
0.11235670395300991                0.08149880381279898                0.0014078747518496033              
0.11250528581234887                0.08097821260204513                0.0014049742752429767              
0.1126538675205648                 0.07935540595147934                0.0014058974134922887              
0.1128024490774584                 0.08020266232035135                0.0014144848369814658              
0.11295103048283038                0.07850169410551894                0.0014015925157874075              
0.11309961173648131                0.08104537371746745                0.0014353872123923084              
0.11324819283821194                0.07836646861547598                0.0014047870099997842              
0.11339677378782287                0.0814362530082652                 0.0014371352113507615              
0.11354535458511482                0.07860702141077026                0.0014063901875007855              
0.11369393522988842                0.08076143787860675                0.0014283437026652243              
0.11384251572194438                0.08128241062523807                0.0014346437113514252              
0.11399109606108329                0.08217561309786184                0.001444793604252906               
0.11413967624710591                0.07999118753414362                0.0014243322238177076              
0.11428825627981287                0.08084832873537634                0.0014274268676105254              
0.11443683615900485                0.0807923766393623                 0.0014452579698350408              
0.1145854158844825                 0.08144620891513372                0.0014418081359611364              
0.11473399545604654                0.07996577999024197                0.0014309293301284648              
0.11488257487349764                0.0774699334139005                 0.0014118150426893476              
0.11503115413663645                0.07674522781574386                0.0013979117510057669              
0.11517973324526365                0.07795488677784453                0.0014265875954988293              
0.11532831219917995                0.07830186086745863                0.001415967687342495               
0.11547689099818605                0.07892284339240647                0.00143424976696405                
0.11562546964208253                0.07864518628143528                0.0014270846982583688              
0.11577404813067017                0.0796695853394225                 0.0014334534777329566              
0.11592262646374966                0.07906717326919085                0.0014450082100277188              
0.11607120464112164                0.07681727294023867                0.0014024851065133307              
0.1162197826625868                 0.0772109121475899                 0.0014232577327348754              
0.11636836052794586                0.07853712617772685                0.0014348420674171669              
0.11651693823699948                0.07648369717391618                0.001412494906169969               
0.11666551578954835                0.07679125156894741                0.0014252407399822154              
0.11681409318539324                0.07974861209985352                0.001431865538606508               
0.11696267042433472                0.07598799917138223                0.001417183491917498               
0.11711124750617356                0.07807612738144766                0.0014365244376671456              
0.11725982443071048                0.07748781751055578                0.0014293337082204852              
0.1174084011977461                 0.0755220701663382                 0.0014134186899387104              
0.11755697780708119                0.07604448547056689                0.0014147964284851842              
0.11770555425851639                0.0755019106007593                 0.0014185173578978947              
0.11785413055185245                0.075721767027333                  0.0014129556234790967              
0.11800270668689006                0.07380958245729943                0.0013921381202662945              
0.11815128266342986                0.07591190259211131                0.00142295913639464                
0.11829985848127267                0.07531578303224888                0.0014167718424503224              
0.11844843414021912                0.07622477029863375                0.0014348867312916904              
0.11859700964006994                0.07554511862452151                0.0014101504785387288              
0.11874558498062582                0.0747649842401253                 0.0014086555886452287              
0.1188941601616875                 0.07615618207127754                0.0014270367943840252              
0.11904273518305566                0.0746586335375242                 0.0014182793314039112              
0.11919131004453105                0.07580735975336357                0.0014285486855079308              
0.11933988474591431                0.07551602565703613                0.0014145447635483838              
0.11948845928700624                0.07370779408945954                0.001408629216944826               
0.11963703366760754                0.0759359811251599                 0.001426169278553627               
0.11978560788751887                0.0727879243003335                 0.0014015831299934352              
0.11993418194654097                0.07484706793534449                0.0014165016506885266              
0.12008275584447463                0.07193813155428265                0.0013922060702865795              
0.1202313295811205                 0.0711870613707607                 0.0013878439656177957              
0.12037990315627929                0.07128924564410281                0.0013882540665326013              
0.12052847656975177                0.07342824439603106                0.0014071465300350974              
0.12067704982133863                0.0715911700549355                 0.0013841959277115878              
0.12082562291084065                0.06973510506020975                0.0013812317149969207              
0.12097419583805849                0.07362275279483466                0.0014173955967358436              
0.12112276860279289                0.071079839464401                  0.001381559099442772               
0.12127134120484465                0.07370733774652621                0.0014164015556834765              
0.1214199136440144                 0.07121160013395149                0.0013851670846159198              
0.12156848592010293                0.07239779717162656                0.0014103764331650315              
0.12171705803291097                0.07060319351557066                0.0013804016687355273              
0.12186562998223927                0.06969698819192356                0.001376164424622488               
0.12201420176788849                0.06917814550206813                0.001381629980174214               
0.12216277338965947                0.07332692608978036                0.0014127479435336186              
0.12231134484735287                0.07198607620370114                0.0014087861257909284              
0.12245991614076948                0.07002342289666785                0.0013701141447297967              
0.12260848726971                   0.07027692452911147                0.0013919634437812066              
0.12275705823397523                0.06915548996493169                0.0013820046374766965              
0.1229056290333658                 0.0716191457460086                 0.0013967987686390327              
0.12305419966768259                0.06939937831424613                0.0013802795233791422              
0.12320277013672629                0.06737245203485451                0.0013553329014119912              
0.12335134044029764                0.06633884681920194                0.0013535721693089372              
0.12349991057819736                0.06634899720191868                0.0013566061316251541              
0.12364848055022623                0.0683630710893291                 0.0013623657017510572              
0.12379705035618503                0.07024870359633986                0.0013977247030772563              
0.12394561999587449                0.06714683810960902                0.0013513412127796741              
0.12409418946909531                0.06566306381266324                0.0013525126994410417              
0.12424275877564833                0.0691814749821479                 0.0013745869681782573              
0.12439132791533426                0.06682698342519808                0.0013562117923636297              
0.1245398968879539                 0.06689917364593066                0.0013675694922503515              
0.12468846569330792                0.0667399355810829                 0.0013541663749953364              
0.1248370343311972                 0.06862863889210115                0.0013845313929028197              
0.1249856028014224                 0.06677381489546486                0.0013493101780509915              
0.12513417110378433                0.06598778739838902                0.0013523336939824792              
0.12528273923808372                0.06674861933210884                0.001370229829713979               
0.1254313072041214                 0.06700495581963771                0.0013545340929887668              
0.1255798750016981                 0.06496592685004825                0.0013441545904902652              
0.12572844263061453                0.0659311032566474                 0.001351172026379823               
0.12587701009067154                0.06622335302309375                0.0013588745320837427              
0.1260255773816699                 0.06472263320526042                0.0013480956680301595              
0.1261741445034103                 0.06426825257357906                0.0013294350837063072              
0.12632271145569363                0.06455435415668336                0.0013463440484905145              
0.12647127823832058                0.0629955009325189                 0.0013213254983070822              
0.12661984485109193                0.0658990676071087                 0.0013591048282886238              
0.1267684112938085                 0.06438617286857722                0.0013445921886577816              
0.12691697756627102                0.06468467045104896                0.0013371909885643788              
0.1270655436682803                 0.06614050906996995                0.0013580325858500275              
0.1272141095996371                 0.06297461196880369                0.0013171261952049614              
0.12736267536014226                0.06485877985381086                0.0013453977977286135              
0.12751124094959648                0.06556299402494145                0.001343346040057968               
0.12765980636780058                0.06645223473629554                0.0013547581708001776              
0.1278083716145554                 0.06343778836805496                0.0013282670248711238              
0.12795693668966165                0.06663450492207562                0.0013537001227646914              
0.12810550159292017                0.06396697608010869                0.0013268986703036246              
0.1282540663241317                 0.06298422269851198                0.0013116021579353521              
0.12840263088309706                0.061375525409151754               0.001307639329860986               
0.12855119526961703                0.06211821002937945                0.001309275934549968               
0.12869975948349244                0.06361096630536864                0.0013209355202605316              
0.12884832352452402                0.06523883815020298                0.001342920231105973               
0.1289968873925127                 0.06443058093837178                0.001323760801419051               
0.1291454510872591                 0.06287345042759723                0.001327555412912017               
0.12929401460856416                0.06191067005844532                0.0013031659528634713              
0.1294425779562286                 0.062071001190254646               0.0013156069846225688              
0.12959114113005324                0.060978294667786793               0.001305113874941577               
0.12973970412983893                0.06265976514112412                0.0013071148557419578              
0.12988826695538638                0.058734588306381987               0.0012819990686298063              
0.13003682960649648                0.06341880790658562                0.0013200797590741757              
0.13018539208297003                0.0626074643882758                 0.0013184171449614336              
0.13033395438460782                0.062183123488811706               0.00131680086015411                
0.13048251651121062                0.06258364385413993                0.00131645684266953                
0.13063107846257932                0.05967367840356707                0.0012899590470592007              
0.13077964023851468                0.06083363261520373                0.001293454599049305               
0.1309282018388175                 0.06164124740823179                0.0013144945931764615              
0.13107676326328868                0.061715600299361205               0.0013101357773087714              
0.13122532451172894                0.06062681511523682                0.001294039377046619               
0.13137388558393917                0.062164368990464666               0.0013235451945935778              
0.13152244647972017                0.059556878106235826               0.0012776210581501586              
0.13167100719887273                0.06314931723782208                0.001335167238432479               
0.13181956774119763                0.060430754652026526               0.0012925071043271839              
0.13196812810649583                0.061426775965891724               0.00130992100709246                
0.13211668829456807                0.06196941251410921                0.0013208921453603311              
0.13226524830521522                0.06258108629752678                0.001318153968857968               
0.13241380813823803                0.059515747117204226               0.0012910778269554478              
0.13256236779343739                0.0644124022412555                 0.0013349899871063062              
0.1327109272706141                 0.061806729685199215               0.0013174245238003676              
0.13285948656956903                0.060764962500766365               0.0013068489384322043              
0.13300804569010294                0.06064967234931044                0.0013061831613029574              
0.13315660463201676                0.06173882924037384                0.0013121079938485424              
0.1333051633951113                 0.060490231216514645               0.001297643457347361               
0.1334537219791874                 0.05889126062678383                0.0012854187532590322              
0.13360228038404576                0.062314292691899316               0.0013222494364248873              
0.13375083860948744                0.061092742428545246               0.0013063670846908545              
0.13389939665531317                0.05987247382952083                0.0013006538310169444              
0.13404795452132376                0.06245625504979742                0.0013231782291334257              
0.13419651220732015                0.06030634408842993                0.0013036353084492473              
0.1343450697131031                 0.062269459665063406               0.0013177430540026105              
0.13449362703847348                0.06227918320415499                0.0013247891765303269              
0.1346421841832322                 0.06178191141795647                0.0013165964602264945              
0.13479074114717998                0.06129065183951876                0.0013148141734064462              
0.13493929793011783                0.06252118600881985                0.0013326533231029047              
0.13508785453184646                0.058432761229997666               0.0012720822175584397              
0.13523641095216685                0.06010340659848774                0.0013072137175245528              
0.13538496719087975                0.06205953952880706                0.0013207147079944432              
0.1355335232477861                 0.060526962596634794               0.0013123967174397397              
0.13568207912268665                0.059554934777298375               0.001298359277643993               
0.13583063481538238                0.06071748098744399                0.0012995316992699805              
0.13597919032567404                0.06157134714949269                0.0013184110157732705              
0.1361277456533626                 0.06016235162625796                0.0012980985509040417              
0.13627630079824887                0.06098138700155003                0.0013115034978602017              
0.13642485576013377                0.06311954606780754                0.0013384325055284824              
0.13657341053881802                0.06086318665536552                0.0013113899098857551              
0.13672196513410265                0.06167567038597511                0.0013301317153801755              
0.13687051954578844                0.05962194537711292                0.0012894434246760638              
0.13701907377367628                0.05939790988234568                0.0012989551218591583              
0.13716762781756708                0.061043661740328575               0.0013110248939086475              
0.13731618167726167                0.060591181588666804               0.0013119400618489033              
0.13746473535256093                0.059769443422202494               0.0013070800776950693              
0.13761328884326574                0.061255695341951064               0.001309851562780487               
0.13776184214917697                0.06195131777966                   0.0013277653602662713              
0.13791039527009552                0.0609878539053444                 0.0013104308997850887              
0.1380589482058223                 0.0620030359949448                 0.0013300963209501992              
0.1382075009561581                 0.061294677558822994               0.0013213005971925167              
0.13835605352090388                0.06146682827810463                0.0013155699232235887              
0.1385046058998605                 0.06132051902651882                0.001329290834607199               
0.13865315809282888                0.06140610492480643                0.0013160801408295974              
0.13880171009960984                0.05919756273413442                0.0012933373295658727              
0.13895026192000431                0.059163301746507545               0.0012975531554510298              
0.1390988135538132                 0.06077150849154108                0.0013121587125308454              
0.13924736500083743                0.06203064277165155                0.0013405960880886261              
0.13939591626087777                0.062266809338686384               0.0013200537178753556              
0.13954446733373518                0.06171667293141154                0.0013276240843196302              
0.13969301821921062                0.05879331848903347                0.001290059453596849               
0.13984156891710492                0.05965157393584614                0.0013023243635386713              
0.13999011942721898                0.05772560088618688                0.001292076399319726               
0.14013866974935374                0.061240351446550594               0.0013137351235412952              
0.14028721988331003                0.0596621873720215                 0.0013094396796238135              
0.14043576982888886                0.05835415152225012                0.0012869456420321669              
0.14058431958589104                0.059978878136316194               0.001308223609193519               
0.14073286915411753                0.06208182839185515                0.0013339368584129355              
0.14088141853336925                0.06079534449203612                0.0013135922891458127              
0.14102996772344703                0.0605925688136255                 0.0013231837220670907              
0.14117851672415188                0.05862889428973456                0.0012911222732038881              
0.14132706553528462                0.059339820899134234               0.0012989277846431392              
0.14147561415664625                0.06048679224536724                0.0013149302662036355              
0.14162416258803764                0.061916169905478304               0.001330377395577979               
0.1417727108292597                 0.061131623339815075               0.0013314676690692028              
0.14192125888011337                0.06138251546783313                0.0013152725131391802              
0.14206980674039957                0.05918787719201059                0.0013024850166671346              
0.1422183544099192                 0.06058935711692121                0.0013184066578470406              
0.14236690188847323                0.05798836127732143                0.001340614592106656               
0.14251544917586248                0.06200500537603824                0.001412491659794626               
0.142663996271888                  0.05916528220826483                0.0013996023535491153              
0.14281254317635064                0.05969293365908672                0.0014281587027996725              
0.14296108988905137                0.058754697789913095               0.0014330414095100755              
0.1431096364097911                 0.059636115453014754               0.0014541069531189858              
0.14325818273837077                0.05876237628461685                0.0014514760463076267              
0.1434067288745913                 0.05970227290844614                0.0014865300117323206              
0.14355527481825364                0.057690042437791064               0.0014758396750269307              
0.1437038205691587                 0.057576245561171434               0.0014831555996569737              
0.14385236612710747                0.05867133666191502                0.0015043932477414109              
0.14400091149190083                0.059891804971042586               0.0015443420030980337              
0.14414945666333978                0.05890585620480062                0.001542164945058095               
0.14429800164122517                0.056841017778660116               0.001528448308404132               
0.14444654642535806                0.05719624686885693                0.0015302744561531368              
0.14459509101553933                0.059853959264900315               0.0015816900214017655              
0.1447436354115699                 0.05950921993717255                0.0016013542552422942              
0.14489217961325077                0.0592160542061573                 0.001610464364780154               
0.1450407236203829                 0.060647624724904564               0.0016331710135993856              
0.14518926743276714                0.06200552214350783                0.001653627586145741               
0.14533781105020457                0.05820043975846506                0.0016350760557337137              
0.14548635447249608                0.05748436530143062                0.0016226612969281245              
0.14563489769944266                0.05854179454890413                0.0016578025544520662              
0.1457834407308452                 0.055737292174837555               0.0016164226923744975              
0.14593198356650475                0.05416109792524016                0.0016111954909781092              
0.1460805262062222                 0.059093867840693204               0.001708743307995624               
0.1462290686497985                 0.056668957184993346               0.0016681777198655986              
0.1463776108970347                 0.05758151977589207                0.001697248608998822               
0.14652615294773166                0.05382956093789319                0.001641023127782387               
0.14667469480169043                0.05936603950766584                0.001745305258885871               
0.14682323645871195                0.059640806113301456               0.0017664082284930866              
0.14697177791859717                0.054331583422080554               0.0016791095098547106              
0.1471203191811471                 0.05747196776967857                0.0017512502707991158              
0.14726886024616265                0.05683708452901492                0.001747386430145194               
0.14741740111344484                0.0575218547706499                 0.0017819643930601157              
0.14756594178279467                0.05720251833575382                0.0017754828114703994              
0.14771448225401304                0.05475876273587577                0.0017600132936328628              
0.147863022526901                  0.05443075966234816                0.0017800761857818036              
0.14801156260125947                0.055532372423010366               0.0017802861263294595              
0.1481601024768895                 0.05689480853654441                0.0018401096128921799              
0.14830864215359202                0.05447796431031627                0.001787364030643086               
0.148457181631168                  0.05467279616015236                0.0018173852384507673              
0.1486057209094185                 0.055287551390932006               0.001852202662032457               
0.14875425998814445                0.05780266091825244                0.0018704501821783337              
0.14890279886714686                0.054449877804730186               0.0018292794202801692              
0.1490513375462267                 0.0551059333365293                 0.0018297624841767206              
0.149199876025185                  0.055952997990876656               0.0018872477821728448              
0.1493484143038227                 0.05593775090927895                0.0018813901597007222              
0.14949695238194086                0.053929578052394955               0.0018400534577790674              
0.1496454902593404                 0.05439958847965505                0.001875847878608795               
0.1497940279358224                 0.05897541378544007                0.0019318039089023787              
0.1499425654111878                 0.057209750080694                  0.0019474425408562918              
0.15009110268523762                0.055334347021354084               0.0018749328224566305              
0.15023963975777288                0.05600006011182385                0.001928744523252403               
0.15038817662859452                0.05908604214922414                0.002002054162343042               
0.15053671329750368                0.05554338924799594                0.0019051225340101883              
0.15068524976430123                0.05610141695072724                0.001950837411694631               
0.15083378602878825                0.05846429232077826                0.0019466480021026547              
0.1509823220907657                 0.05896488679371559                0.0020106859510415653              
0.15113085795003464                0.05347914900389109                0.0019087526784502327              
0.15127939360639608                0.055343042123286466               0.0019314854877410482              
0.15142792905965102                0.06013080049840537                0.00203047285935746                
0.15157646430960048                0.0571871589739234                 0.0019410586544190045              
0.15172499935604547                0.05692372771817712                0.0019927290558099157              
0.15187353419878702                0.053090654471957585               0.0019120132171330034              
0.15202206883762617                0.056796067852642566               0.0019608180177150356              
0.1521706032723639                 0.052472931557833544               0.0019237510074173036              
0.15231913750280127                0.05654134803411653                0.0019543548888773313              
0.15246767152873936                0.05424212017389475                0.0019624110347524998              
0.15261620534997902                0.054244766224072906               0.0019142562302234625              
0.1527647389663215                 0.05383583779785957                0.0019464388234234316              
0.15291327237756766                0.05486056640184745                0.001991312404785825               
0.15306180558351865                0.054942022574020345               0.001968502243867955               
0.15321033858397537                0.05051586297971555                0.0019217139948822974              
0.153358871378739                  0.053459284877622866               0.001922796832218821               
0.15350740396761053                0.054679683145266646               0.0020155198612170177              
0.15365593635039093                0.05395211822492752                0.0019860049168497623              
0.15380446852688134                0.05394823962695                   0.001979168959347783               
0.15395300049688274                0.053007399589521775               0.0020223584352977208              
0.1541015322601962                 0.054305106691008694               0.001978988102035262               
0.15425006381662276                0.05148106229635822                0.001997852678261945               
0.1543985951659634                 0.05484950709645166                0.002032857982722151               
0.1545471263080193                 0.054764408393358985               0.002024150778780705               
0.15469565724259146                0.05649781616354285                0.0021293415646471392              
0.15484418796948088                0.053917993636886555               0.0020108018584154798              
0.15499271848848864                0.052740303976293396               0.002078259119596512               
0.15514124879941582                0.05488225779264758                0.002038275884145167               
0.15528977890206347                0.054689363422674095               0.0020819884835810783              
0.15543830879623263                0.05115367296807821                0.0020236080275920654              
0.15558683848172433                0.05296729685658829                0.002061749233897197               
0.1557353679583397                 0.050803658801239875               0.0020502688103701287              
0.1558838972258798                 0.051377392777340006               0.002022982865039523               
0.15603242628414563                0.05271201733256975                0.0020803773813195085              
0.15618095513293828                0.05428624439758385                0.0021276456669683708              
0.15632948377205885                0.04952538697503452                0.002026939154668563               
0.15647801220130841                0.05561180690809937                0.0021762581749597675              
0.15662654042048801                0.054762720546669294               0.0021397565537751746              
0.1567750684293987                 0.05150930948784556                0.0021028587541386994              
0.15692359622784158                0.051042734436735265               0.0021103573395226368              
0.15707212381561775                0.054068124327568294               0.0021289303163655043              
0.1572206511925283                 0.05219992461513204                0.0021399882705346765              
0.15736917835837416                0.04629344568115841                0.0020320567297821006              
0.15751770531295659                0.05130683614481841                0.0021452465892423697              
0.15766623205607658                0.05156673842490678                0.002121172181680758               
0.15781475858753524                0.05563606813977932                0.0022308030931934707              
0.15796328490713368                0.05141835399689494                0.0021689523553641886              
0.15811181101467295                0.050017333785555694               0.002148428447780354               
0.15826033690995414                0.05588192837272969                0.002238862184742753               
0.1584088625927784                 0.05056151008792681                0.0021758209614404314              
0.15855738806294672                0.05208341187899784                0.002214811962823087               
0.15870591332026027                0.049379487648776026               0.002140872301512342               
0.15885443836452012                0.051543680875100265               0.0022263479223120462              
0.15900296319552734                0.051618414164745136               0.002221302871307722               
0.1591514878130831                 0.0467356808011947                 0.002119973532305836               
0.15930001221698845                0.05072702327986268                0.0022288174448315814              
0.15944853640704448                0.04881038692947841                0.0021763475851852214              
0.15959706038305235                0.04937258436529741                0.0022124384078774768              
0.15974558414481307                0.05559244973281348                0.002351310093197957               
0.1598941076921279                 0.05189918911395614                0.002282523727395653               
0.16004263102479782                0.05265998796914373                0.002313747037406814               
0.16019115414262397                0.047325170313521056               0.0021899477105037043              
0.16033967704540744                0.05423265123411696                0.0023669069468426783              
0.1604881997329494                 0.04850412153631163                0.002249324776106615               
0.16063672220505093                0.05427310803983948                0.0023754694056405505              
0.16078524446151318                0.05372325772913892                0.00237890583723162                
0.16093376650213723                0.04930745640066894                0.002286578538398886               
0.1610822883267242                 0.05032248479111355                0.0023412138763074177              
0.16123080993507524                0.054621957925272115               0.0024187009507982884              
0.16137933132699142                0.05322530517287866                0.002424346218387566               
0.16152785250227394                0.05435295747667391                0.0024331725442686162              
0.1616763734607239                 0.05270558821456412                0.0024208478433560953              
0.1618248942021424                 0.050760988648776074               0.002400912377192397               
0.16197341472633062                0.053448128912457364               0.002454953867176208               
0.16212193503308964                0.048667048227970224               0.002363480795324331               
0.1622704551222206                 0.052038835186918535               0.002439618222524402               
0.1624189749935247                 0.05232900911186821                0.0024640768026183237              
0.16256749464680298                0.05040818583379606                0.0024451561716294706              
0.16271601408185665                0.04403311922626098                0.0022768983903982552              
0.16286453329848682                0.05133459176546987                0.0024813511504971388              
0.16301305229649465                0.04990943294019514                0.0024558826428550283              
0.16316157107568127                0.051768565431517144               0.002496501909340847               
0.16331008963584778                0.05462975366963256                0.0026192962053775306              
0.16345860797679546                0.0538592205591518                 0.0025560454919358157              
0.16360712609832537                0.05686233661976291                0.0026775428578802306              
0.1637556440002386                 0.04803679154505061                0.0024905916201026198              
0.1639041616823364                 0.04741625477948179                0.002426026644726594               
0.16405267914441987                0.050948313514977944               0.0025965664891392133              
0.16420119638629022                0.051495745823388485               0.002568374361432783               
0.16434971340774857                0.04724316859402727                0.002500373629673274               
0.16449823020859602                0.04978652282058985                0.002588278074457327               
0.16464674678863386                0.05280139777475868                0.0026433761766818872              
0.16479526314766318                0.0523301661884688                 0.002670462610766529               
0.16494377928548515                0.051376332945130124               0.0026460157661507746              
0.16509229520190094                0.051797116338990555               0.002685555378493263               
0.16524081089671167                0.04881368389581732                0.0026242399039805523              
0.16538932636971862                0.048459224093590596               0.002608956923977019               
0.16553784162072283                0.050163507684209095               0.002666160352631227               
0.16568635664952555                0.05438539868503771                0.0028009905362980144              
0.16583487145592796                0.04877265509810596                0.0026767471972879995              
0.1659833860397312                 0.047814789610291134               0.0026687613105986644              
0.1661319004007365                 0.048259694082908824               0.0026687671809248335              
0.16628041453874493                0.048944800757520016               0.002719155597640001               
0.1664289284535578                 0.05160535239658691                0.002798693180321171               
0.16657744214497625                0.04663942548967917                0.002692728486131576               
0.1667259556128014                 0.05073394559106042                0.0028361137777096713              
0.16687446885683452                0.05337644588310099                0.002873691245964865               
0.16702298187687672                0.04755365655076128                0.00277338557030771                
0.16717149467272932                0.053803674041120686               0.0029352310590495968              
0.16732000724419338                0.046971556134406935               0.0027774863401171857              
0.16746851959107012                0.046613941981230755               0.0027957184550598795              
0.16761703171316078                0.04803928540242151                0.0028017080200920274              
0.16776554361026652                0.058714800811601506               0.0031795847283887643              
0.16791405528218858                0.05131098543059599                0.0029723655787528016              
0.1680625667287281                 0.04993361039794135                0.00293220256590408                
0.16821107794968634                0.05206534526370397                0.00305212459235307                
0.1683595889448644                 0.048836010971643064               0.002939582421063617               
0.16850809971406366                0.048219793776220064               0.0029454927063082155              
0.16865661025708517                0.0478559055935641                 0.00296789727441197                
0.16880512057373023                0.048688003663615996               0.003002230920022936               
0.16895363066379998                0.05185287350718644                0.0031440422714988435              
0.16910214052709568                0.049902285658800095               0.0030482672555226134              
0.16925065016341856                0.04862621603980827                0.003081561231566884               
0.1693991595725698                 0.04962203484177874                0.0031321150662454926              
0.16954766875435065                0.052922724292639556               0.003214826553001679               
0.16969617770856224                0.053716341239633876               0.0032997686117693277              
0.1698446864350059                 0.04732676920702202                0.0031071546216747113              
0.1699931949334828                 0.047111026126137254               0.0031200039239302714              
0.17014170320379415                0.049322039399946775               0.0032451519422067483              
0.17029021124574129                0.055472231777233386               0.00340763211006356                
0.17043871905912528                0.047932207804392876               0.0032315887909281213              
0.17058722664374745                0.04715159070113043                0.0032383845448925187              
0.17073573399940897                0.05487239547129311                0.0035056687532018004              
0.17088424112591122                0.04815501419194463                0.0033072999531813187              
0.17103274802305524                0.04689769382817475                0.0032754770171323213              
0.17118125469064235                0.05675507361788672                0.0036559156752828705              
0.1713297611284738                 0.04626241458710567                0.00331292031948052                
0.17147826733635088                0.045578153485032795               0.003350972489023195               
0.17162677331407472                0.04434640317730853                0.0033053857354024847              
0.17177527906144666                0.05437315722667567                0.003674197471965688               
0.1719237845782679                 0.04612045024334029                0.0034376153965668533              
0.17207228986433967                0.05243319223156351                0.003680088647192153               
0.17222079491946324                0.04668520680447713                0.003559713646682375               
0.1723692997434399                 0.044305800851228795               0.0034387970622521318              
0.17251780433607086                0.051190620798549                  0.0037434289363927637              
0.17266630869715735                0.0485948486023121                 0.003662974535408995               
0.17281481282650069                0.05033048367876559                0.00379380295180845                
0.17296331672390208                0.04938982987392526                0.0038449930409168056              
0.17311182038916287                0.04240826951287903                0.0035463576538372382              
0.1732603238220842                 0.053974273841921494               0.004000839360260346               
0.17340882702246738                0.0519301203669822                 0.004018473360826497               
0.17355732999011372                0.04407927240158434                0.0037387550879371696              
0.17370583272482443                0.0506579396050815                 0.004068943625317688               
0.17385433522640084                0.04721794827410816                0.003948563197315105               
0.17400283749464415                0.05596650693072051                0.004343843377622583               
0.1741513395293557                 0.04821583777857797                0.004074982044386511               
0.1742998413303367                 0.043417305078228594               0.003930818106413054               
0.17444834289738848                0.04491454790771703                0.004066372102987601               
0.17459684423031224                0.04878880852588092                0.004262697992872079               
0.17474534532890937                0.04022291917373671                0.0038704522020915743              
0.17489384619298107                0.045869305784507076               0.004258858124800323               
0.17504234682232866                0.04986870985181543                0.00449651013934226                
0.1751908472167534                 0.0495002355218554                 0.004537679150542733               
0.1753393473760566                 0.05210153440818398                0.004717051287604885               
0.17548784730003958                0.04371621149722612                0.00434992562548255                
0.17563634698850353                0.04646571872249362                0.004578403308821972               
0.17578484644124984                0.057936319361275294               0.005223941991245678               
0.17593334565807975                0.04493747580970693                0.00463494673033723                
0.17608184463879456                0.051548234425007854               0.005079198461663675               
0.17623034338319563                0.05054740513333486                0.00502965479762795                
0.17637884189108416                0.044308314607641126               0.004863469364298115               
0.1765273401622615                 0.05169782639906685                0.005389870989812897               
0.176675838196529                  0.046640529594223074               0.005119463216437149               
0.17682433599368788                0.048951985402838204               0.005439109489204244               
0.17697283355353952                0.04895208975302371                0.005439121083669302               
0.17712133087588516                0.05229460906262739                0.0058467150360405696              
0.17726982796052618                0.057246029389595804               0.006246053878892607               
0.17741832480726386                0.05222377971994494                0.0060302826558819855              
0.17756682141589947                0.0442328070803641                 0.0058080521130948895              
0.1777153177862344                 0.046928732186475655               0.005912464509950811               
0.17786381391806994                0.05666986027722226                0.006822249473724748               
0.1780123098112074                 0.04715654281681986                0.006477449315188876               
0.17816080546544807                0.03843711361143973                0.005930975393118671               
0.17830930088059335                0.04853181334040368                0.006863434863255839               
0.17845779605644455                0.04133040729961578                0.006534911184461755               
0.17860629099280295                0.04575876366734377                0.007235095805108286               
0.17875478568946987                0.05694436183907872                0.008219210659155889               
0.1789032801462467                 0.05205081790874191                0.008334801375771608               
0.17905177436293476                0.047350678948116294               0.008120574445139122               
0.17920026833933536                0.06085968048375346                0.009872743857638621               
0.17934876207524983                0.03540321471238949                0.00772561482210948                
0.17949725557047952                0.05605521115640755                0.010593439172076266               
0.17964574882482584                0.03449558920122326                0.009219334010419746               
0.17979424183809004                0.06899132781295308                0.013038135429514828               
0.17994273461007346                0.048047636009586406               0.01240584627265093                
0.18009122714057746                0.06005967529442927                0.015507341479596641               
0.18023971942940345                0.0384382756380851                 0.015692360317626997               
0.18038821147635273                0.0400399574548129                 0.01790641333703222                
0.18053670328122662                0.03203203562003394                0.02265006960213504                
0.18068519484382653                nan                                nan                                
