#####################################################################################################
# NeXus source file: GlassyC
# NXdata: name = img{0}_azimuthalIntegration_Px_34                 
#
#
# Exposure_msec                                     1000.0 + 0.0
# _diffrn_source.source                             Storage Ring SOLEIL, beamline SWING
# _diffrn_sofware                                   Foxtrot 3.5.10-3979
# _diffrn_detector.detector                         EIGER-4M
# _diffrn_comment.comment                           -
# _sas_detc.pixnum_ax                               [1035]
# _sas_detc.pixnum_eq                               [1083]
# _sas_detc.pixsize                                 150.0
# _sas_detc.center_ax                               285.110346632731
# _sas_detc.center_eq                               957.0166664324403
# _sas_detc.dist_spec/detc                          6137.21860334
# _sas_detc.energy                                  12.000513668149837
# _sas_detc.gain                                    1.0
# _sas_detc.detector_based_uncertainty              0.0
# _sas_detc.encoder_delta                           0.0
# _sas_detc.delta0                                  0.0
# _sas_detc.gamma_offset                            0.0
# _sas_detc.wave_length                             1.0331573224991384
# _sas_detc.bias                                    0
# _sas_detc.mask                                    E:\20251487\published-data\3120\2026-09-03_session3\\mask_bags_saxs_12kev_sept26.txt
# Normalization                                     true
# Normalization Factor                              1.0
# Normalization Monitor                             averagemi8b
# Normalization Intensity                           1.7221899117023785e-06
# GlobalNormalization                               1.0287749320728268
# AbsTimeStamps                                     nan
# TimeStamps                                        1.370973825454712
# gapTime                                           500.0
# step_global_regrid                                nan
# xmax_global_regrid                                nan
# xmin_global_regrid                                nan
# ymax_global_regrid                                nan
# ymin_global_regrid                                nan
#####################################################################################################
q(A-1)                             I(q)glassyC_00203{00000}_AzInt_Px_34         Sig(q)glassyC_00203{00000}_AzInt_Px_34       
0.0                                nan                                          nan                                          
0.00014863910320409943             nan                                          nan                                          
0.0002972782062084175              nan                                          nan                                          
0.0004459173088131729              nan                                          nan                                          
0.0005945564108185842              nan                                          nan                                          
0.0007431955120248703              nan                                          nan                                          
0.0008918346122322496              nan                                          nan                                          
0.001040473711240941               nan                                          nan                                          
0.001189112808851163               14662.099935337546                           59.690871228012604                           
0.0013377519048631344              11928.346853550067                           21.97983043831333                            
0.001486390999077074               9796.050449326307                            14.88096555828783                            
0.0016350300912932002              7585.1523942556205                           11.274777897007814                           
0.0017836691813117322              6164.8265353632705                           10.438039286253174                           
0.0019323082689328885              5226.2352961667575                           8.979745966568437                            
0.0020809473539568878              4510.994550564569                            7.697685135336501                            
0.0022295864361839487              3909.9412354575375                           6.980357583812876                            
0.0023782255154142914              3427.2197498068576                           6.017511450915376                            
0.002526864591448133               3088.953602149075                            5.908759811160175                            
0.0026755036640856928              2833.439957799859                            5.146123610211514                            
0.00282414273312719                2609.280892635552                            4.91479775285715                             
0.002972781798372844               2424.200058994479                            4.586856026059215                            
0.0031214208596228726              2277.9329004085253                           4.277772434219157                            
0.003270059916677496               2153.8862775250277                           4.230175263364553                            
0.0034186989693369323              2037.8232012040485                           3.774989668491654                            
0.0035673380174014                 1936.0732601513578                           3.6928466685478885                           
0.0037159770606711206              1854.861594824355                            3.575906323094615                            
0.0038646160989463108              1791.8501463316454                           3.418988609250786                            
0.004013255132027191               1730.0920535118012                           3.337229601907522                            
0.00416189415971398                1674.6008127888342                           3.0674151846544944                           
0.004310533181806896               1630.2978862993314                           3.071275807632595                            
0.004459172198106161               1588.3936639173617                           2.987418113273635                            
0.0046078112084119915              1551.189214310787                            2.8862443851185624                           
0.004756450212524608               1511.1019869624308                           2.8408689946202865                           
0.0049050892102442305              1484.9854218084124                           2.6665706909679123                           
0.005053728201371077               1461.1194037596495                           2.71977061982327                             
0.00520236718570537                1439.2202361647862                           2.5688322779663797                           
0.005351006163047325               1412.6203011023326                           2.5570730778452595                           
0.005499645133197165               1401.30321675809                             2.4996424553862955                           
0.005648284095955107               1383.5414087965974                           2.4286713616716975                           
0.005796923051121373               1363.813078045149                            2.460341981744002                            
0.005945561998496182               1348.8227703361024                           2.299279295978439                            
0.006094200937879753               1338.368171719037                            2.304331189891769                            
0.006242839869072308               1323.513288888652                            2.282211203656324                            
0.006391478791874063               1315.8838074447797                           2.2529350628592937                           
0.006540117706085243               1305.4609457893546                           2.2134629144436153                           
0.006688756611506066               1294.1837936760314                           2.1196256688303934                           
0.006837395507936751               1285.117672624662                            2.1711445363087054                           
0.006986034395177519               1282.8047805111444                           2.0953730698221062                           
0.007134673273028592               1274.0891296181144                           2.0809284616132935                           
0.007283312141290187               1266.0165605246607                           2.0564278617507568                           
0.007431950999762529               1259.2453274435277                           2.0000219431717454                           
0.007580589848245835               1254.662096435659                            2.0367139745707368                           
0.007729228686540326               1246.0181763474322                           1.9424507312833088                           
0.007877867514446222               1243.4385498443364                           1.9557303811345768                           
0.008026506331763748               1241.1423112902066                           1.9237222640126659                           
0.00817514513829312                1230.383655975577                            1.8922889147887325                           
0.008323783933834563               1230.569168441212                            1.927371809540922                            
0.008472422718188292               1226.7986710567227                           1.83537775166346                             
0.008621061491154536               1222.9084351228664                           1.8376639952600848                           
0.00876970025253351                1218.533391199842                            1.8240393743596803                           
0.00891833900212544                1212.6220794029696                           1.8145199031649661                           
0.009066977739730543               1209.7297764998195                           1.7924381546375443                           
0.009215616465149042               1205.4250192165402                           1.7468075071586426                           
0.00936425517818116                1201.8178345351491                           1.7792899460245652                           
0.009512893878627117               1197.2817207711207                           1.7252435309468457                           
0.009661532566287137               1200.9264711427506                           1.7234654003327514                           
0.009810171240961438               1191.6642229829156                           1.710291031435525                            
0.009958809902450245               1189.8624075744035                           1.6634161653560948                           
0.010107448550553781               1190.9489683953368                           1.7250929036253986                           
0.010256087185072265               1186.779325201829                            1.6341196495928263                           
0.01040472580580592                1186.0630758197526                           1.6607586332238053                           
0.010553364412554972               1185.61613714377                             1.6202446083149773                           
0.010702003005119639               1182.3888832357188                           1.619884074109411                            
0.010850641583300147               1180.4283310977146                           1.6354302115396784                           
0.010999280146896714               1173.7531866236388                           1.5817828031010106                           
0.011147918695709568               1172.1513949617695                           1.5876820865411452                           
0.011296557229538928               1170.989881458537                            1.5612018889244985                           
0.011445195748185017               1171.2271659887688                           1.563034547031165                            
0.011593834251448063               1167.7175224386835                           1.557352660576889                            
0.011742472739128288               1168.4062773123865                           1.520887961878344                            
0.01189111121102591                1164.7158798233506                           1.5454746509672364                           
0.012039749666941157               1164.5300921276073                           1.5122160674431115                           
0.012188388106674252               1160.4143678516293                           1.4945208605282003                           
0.012337026530025419               1159.58461837238                             1.498444003562221                            
0.012485664936794882               1161.7789953871265                           1.4793743878634016                           
0.012634303326782862               1157.244703398457                            1.4924786626781823                           
0.012782941699789586               1156.0435587006275                           1.4533577651291305                           
0.012931580055615283               1150.3468731724709                           1.459405714707676                            
0.013080218394060168               1154.2712279374862                           1.4348186204223647                           
0.01322885671492447                1152.6676215526531                           1.4431193957211566                           
0.013377495018008414               1148.7973169243196                           1.434046324965793                            
0.013526133303112226               1149.029309888177                            1.4109952360633276                           
0.013674771570036126               1146.5509486653466                           1.410730726731655                            
0.013823409818580348               1144.985461108593                            1.3936835412307025                           
0.013972048048545106               1146.1605510582                              1.409233083685245                            
0.014120686259730635               1142.0083562762002                           1.3763452938221377                           
0.014269324451937156               1140.6799900406352                           1.3639560867725264                           
0.014417962624964894               1139.7998515468096                           1.3797310876238893                           
0.014566600778614077               1136.3888811418662                           1.3568428320750412                           
0.014715238912684931               1135.8285504421049                           1.3610528239420885                           
0.01486387702697768                1134.8889551075533                           1.3371368626523954                           
0.015012515121292555               1137.2324211378836                           1.3309879374103282                           
0.015161153195429777               1130.6973275467726                           1.3401064869143642                           
0.015309791249189571               1131.83658268414                             1.3142077527022706                           
0.015458429282372172               1130.100696810138                            1.3257464733348854                           
0.015607067294777802               1130.2004121009963                           1.2940997981496294                           
0.015755705286206685               1126.1871025645453                           1.3027690034153                              
0.015904343256459057               1127.4681481810956                           1.3045215208486416                           
0.01605298120533514                1126.3528714275822                           1.2764231774597032                           
0.016201619132635157               1126.0651207017727                           1.2887870723006374                           
0.01635025703815934                1124.5459385226725                           1.262317812305935                            
0.016498894921707925               1120.795012093976                            1.279954356213169                            
0.016647532783081127               1121.9190569945702                           1.2599248681617679                           
0.016796170622079182               1120.5680652521878                           1.245640908215483                            
0.016944808438502313               1117.402241845973                            1.2546499273798026                           
0.01709344623215075                1119.7409936484462                           1.2390192617641536                           
0.017242084002824728               1116.082809546886                            1.2493906131076276                           
0.01739072175032447                1113.605379130984                            1.2160532600362128                           
0.017539359474450206               1114.832446213955                            1.2259695687975343                           
0.017687997175002166               1113.3146160059919                           1.2225939459558315                           
0.017836634851780577               1111.9655377458228                           1.2061293122978645                           
0.017985272504585672               1109.0552122825948                           1.2177329015420053                           
0.01813391013321768                1108.1250540255637                           1.1873818800473912                           
0.018282547737476833               1109.5292726577757                           1.2015776412491834                           
0.018431185317163357               1111.5917828237882                           1.1939355016100166                           
0.018579822872077482               1112.291010612921                            1.1834322959344934                           
0.01872846040201944                1118.4536747410332                           1.194467718509551                            
0.018877097906789472               1113.1431317053036                           1.19555763518593                             
0.019025735386187796               1113.5001313443165                           1.2235423016691398                           
0.019174372840014643               1109.9440531899177                           1.2042235824341496                           
0.01932301026807025                1122.8126872492248                           1.2144535183584426                           
0.019471647670154846               1112.3939387568716                           1.256397818183725                            
0.019620285046068664               1108.0130570585295                           1.2493700687651013                           
0.019768922395611937               1107.5021689319913                           1.27330225483245                             
0.019917559718584898               1105.1786727129088                           1.2559894714388904                           
0.020066197014787773               1104.3331837110984                           1.2811634680761563                           
0.0202148342840208                 1101.3266020969934                           1.299441845157004                            
0.020363471526084212               1099.7633954795947                           1.2736508454793574                           
0.02051210874077824                1101.0077911627097                           1.3127829112687341                           
0.020660745927903117               1098.9839051764739                           1.2751361377506085                           
0.020809383087259083               1097.5431895662846                           1.3235665725081125                           
0.02095802021864636                1095.746501801309                            1.3106987441048283                           
0.02110665732186519                1093.8464111054357                           1.302231329069556                            
0.021255294396715804               1095.2305029259774                           1.3200061431664047                           
0.021403931442998434               1091.9187995132313                           1.3052538903029318                           
0.021552568460513323               1089.5290744394883                           1.3409286466547592                           
0.021701205449060703               1088.8090216167416                           1.3172096346382374                           
0.021849842408440803               1087.9111793176437                           1.3188303957575342                           
0.02199847933845386                1086.1658867276522                           1.3377228603865439                           
0.02214711623890011                1085.8864744156792                           1.319775411346974                            
0.02229575310957979                1123.7113891213276                           1.333789815507675                            
0.022444389950293145               1108.4458169026605                           1.286503552748626                            
0.022593026760840393               1103.1862190005786                           1.2904042627737333                           
0.02274166354102178                1099.687743188821                            1.288356718855181                            
0.02289030029063754                1092.2008643860822                           1.2485965477267942                           
0.02303893700948792                1094.0042399824429                           1.2683913183199058                           
0.02318757369737314                1090.1637633343537                           1.2392698220297669                           
0.023336210354093452               1090.57399560622                             1.266401594105094                            
0.02348484697944908                1089.13252679822                             1.237787267867728                            
0.02363348357324028                1087.3855310575677                           1.242199132221956                            
0.023782120135267273               1085.5183663971566                           1.2411323527700364                           
0.023930756665330306               1083.8343931417621                           1.220721557392761                            
0.02407939316322961                1083.5673957307029                           1.240922997400774                            
0.024228029628765434               1081.585998973781                            1.2134626275727614                           
0.024376666061738005               1082.1445671871804                           1.2206336485380234                           
0.024525302461947576               1080.2604208262483                           1.2204353662152423                           
0.024673938829194372               1078.0265012912362                           1.2005843784668513                           
0.024822575163278647               1081.7016317078649                           1.226479784408961                            
0.02497121146400064                1077.2140603660444                           1.1863418303455397                           
0.02511984773116057                1074.6319251685493                           1.2138139436760982                           
0.025268483964558705               1075.5467199302807                           1.2016854241905714                           
0.025417120163995274               1071.599063445671                            1.1824520243416508                           
0.02556575632927051                1072.0997497620267                           1.1981049335976504                           
0.02571439246018467                1072.3078562738604                           1.1695745109303592                           
0.025863028556537982               1070.236655769713                            1.2012073546795734                           
0.0260116646181307                 1071.0350402438985                           1.1789807198244753                           
0.026160300644763053               1070.3253559412678                           1.1778042461421647                           
0.0263089366362353                 1065.9938525909224                           1.1738546884003305                           
0.026457572592347666               1068.462431193158                            1.1728760833614311                           
0.026606208512900405               1066.370843755545                            1.1779853186866662                           
0.026754844397693756               1065.0345445217233                           1.1557851586044876                           
0.02690348024652797                1064.6669152197567                           1.1600852288486752                           
0.02705211605920328                1064.0906046977375                           1.1697004713126156                           
0.027200751835519926               1063.4051747410708                           1.151932377421188                            
0.027349387575278168               1062.9412734937                              1.1576408598324717                           
0.027498023278278244               1061.6104039723098                           1.1516997089305179                           
0.0276466589443204                 1059.384052378784                            1.1468123974279858                           
0.027795294573204874               1058.3401395125293                           1.1528923857391413                           
0.027943930164731925               1061.2546220984639                           1.1412844416158219                           
0.02809256571870178                1057.3090510813327                           1.139161104054475                            
0.028241201234914706               1054.6865627877428                           1.1363138303685072                           
0.02838983671317093                1057.799471660793                            1.135845923449493                            
0.028538472153270714               1056.7117043018977                           1.1338402118115023                           
0.0286871075550143                 1054.7275963927736                           1.129950563100359                            
0.02883574291820193                1053.700465372129                            1.120367862737054                            
0.028984378242633856               1053.4558794147415                           1.1349371792630747                           
0.029133013528110326               1052.3891070351779                           1.114899042505703                            
0.02928164877443159                1051.0952507436111                           1.1238132301520114                           
0.029430283981397888               1049.7418933929482                           1.1203234674952054                           
0.029578919148809477               1050.5801008854                              1.1125899420698964                           
0.029727554276466603               1051.9653774202393                           1.1180768812996595                           
0.029876189364169515               1050.071569838818                            1.1063030228704027                           
0.03002482441171847                1048.6847406785414                           1.1062358439633695                           
0.0301734594189137                 1045.9779760468027                           1.1074696575156608                           
0.030322094385555477               1047.6861146901122                           1.1070391830777246                           
0.03047072931144404                1044.9382149065334                           1.095094483321994                            
0.03061936419637964                1047.736846366148                            1.0998111873636667                           
0.030767999040162516               1046.226143970581                            1.0925495369647844                           
0.030916633842592953               1042.950430158386                            1.102546816813131                            
0.031065268603471176               1043.0525656670416                           1.083916961637111                            
0.031213903322597436               1042.160524341676                            1.093639022598431                            
0.031362537999772004               1043.8294287403787                           1.084320943957054                            
0.031511172634795116               1042.5164610865206                           1.0836389850384722                           
0.03165980722746703                1040.3641118681028                           1.086937167874144                            
0.03180844177758801                1039.343879521663                            1.072096597850553                            
0.03195707628495829                1039.0353744707345                           1.0793304398465713                           
0.03210571074937814                1039.9959268784928                           1.0779660523668437                           
0.032254345170647805               1039.0375273450848                           1.0725494740689852                           
0.03240297954856755                1034.4351220603228                           1.0726177330262816                           
0.03255161388293761                1037.785675213551                            1.060490444065386                            
0.03270024817355827                1036.5361392366908                           1.0743216627571077                           
0.03284888242022977                1035.7426452281297                           1.0630076583991717                           
0.03299751662275236                1034.1371178479596                           1.0621836539393357                           
0.033146150780926295               1032.2374914912605                           1.0588337745538163                           
0.03329478489455186                1033.8878227802554                           1.0538092263895746                           
0.033443418963429276               1032.1252223472388                           1.067155986121452                            
0.033592052987358824               1032.211269864742                            1.0471852163642688                           
0.03374068696614075                1033.1243057379277                           1.053420678650248                            
0.03388932089957531                1034.5565945236792                           1.0500975262941892                           
0.03403795478746278                1048.2882337132671                           1.0593694585727726                           
0.03418658862960341                1062.1909846723684                           1.0705057790726729                           
0.034335222425797444               1048.1405299584633                           1.0766276165143431                           
0.034483856175845165               1044.4346880715225                           1.088430037659513                            
0.03463248987954682                1040.391224316924                            1.0882277121056805                           
0.034781123536702666               1039.463363753376                            1.098733412928232                            
0.03492975714711298                1047.7762662341963                           1.101146731066223                            
0.03507839071057801                1061.0608105331673                           1.0777407510069235                           
0.03522702422689801                1054.8579025223207                           1.0831584852342437                           
0.03537565769587327                1048.0204971019891                           1.065117584167641                            
0.03552429111730402                1045.9479143699373                           1.0670388379024554                           
0.035672924490990535               1043.1007367840882                           1.0561660546134128                           
0.03582155781673309                1042.3477238361274                           1.050596826878292                            
0.03597019109433192                1040.461442246188                            1.0618617618908401                           
0.03611882432358732                1039.16533440512                             1.0388568397283793                           
0.03626745750429954                1039.5837953071143                           1.0486326898830995                           
0.03641609063626884                1036.2292587996171                           1.035730157118417                            
0.03656472371929549                1035.4932739175924                           1.0392433948012867                           
0.03671335675317976                1033.6111026894594                           1.0382987007156554                           
0.0368619897377219                 1035.8715926226982                           1.02953932334799                             
0.03701062267272219                1032.5103288140135                           1.0300386265878088                           
0.03715925555798089                1034.522541350214                            1.0304975497404831                           
0.03730788839329828                1032.2128270669346                           1.0277202044779175                           
0.037456521178474596               1032.7092760745895                           1.0231325574731862                           
0.03760515391331015                1029.6273391347179                           1.0137078787918947                           
0.037753786597605164               1028.5422586891423                           1.0221331349671348                           
0.03790241923115994                1029.275464237143                            1.015099608824287                            
0.038051051813774724               1028.9932402615066                           1.016532216073603                            
0.03819968434524979                1026.1764459275003                           1.009936941397682                            
0.03834831682538542                1026.2501690791555                           1.0068895563998124                           
0.03849694925398188                1024.045952864268                            1.0130402963611225                           
0.03864558163083943                1025.628519590083                            1.0050540878118512                           
0.03879421395575834                1026.991618561049                            1.0052128807193053                           
0.038942846228538906               1020.5967767935449                           0.9920875499351609                           
0.03909147844898136                1020.9982515309636                           1.0048217146604763                           
0.03924011061688601                1020.5598597473361                           0.9930557379378301                           
0.0393887427320531                 1018.2238993585829                           0.9855712544439815                           
0.039537374794282924               1016.7112039746005                           0.9858070247592443                           
0.039686006803375744               1014.9197826958402                           0.9791784695979331                           
0.039834638759131825               1015.2073427359799                           0.984594202506959                            
0.03998327066135146                1016.275820693445                            0.976046055924132                            
0.04013190250983492                1013.2882913419659                           0.9690200553815801                           
0.04028053430438246                1012.1880527931735                           0.9745515767009403                           
0.04042916604479439                1010.550508695371                            0.9681721361637321                           
0.04057779773087095                1012.3653049037298                           0.9755795126620571                           
0.040726429362412435               1012.1288590301032                           0.9602628228183516                           
0.04087506093921912                1011.4246050853014                           0.9713761261451614                           
0.04102369246109126                1009.6644785364975                           0.968210599392401                            
0.04117232392782917                1012.1043638848349                           0.9616046996196846                           
0.041320955339233106               1011.5245568195908                           0.9677171020335051                           
0.041469586695103346               1013.3268898137553                           0.9621857672550485                           
0.04161821799524017                1011.011632523644                            0.9656346437390583                           
0.041766849239443855               1011.7105495193357                           0.9655106891264895                           
0.04191548042751469                1012.9996778803948                           0.9570964552694673                           
0.042064111559252944               1013.3379671570367                           0.9599391428850619                           
0.0422127426344589                 1017.11246293431                             0.9590378823811765                           
0.042361373652932834               1048.9336790144673                           0.9739247443890887                           
0.04251000461447503                1027.574026113588                            0.98383538549636                             
0.04265863551888578                1023.8244879857358                           0.9863493878285586                           
0.042807266365965366               1020.8255911261948                           0.9991680398312447                           
0.04295589715551405                1019.6151489175977                           0.9995818632587642                           
0.04310452788733213                1016.931762519556                            1.0033358697760342                           
0.04325315856121989                1019.48879621328                             1.0015417226811276                           
0.0434017891769776                 1012.9888407581458                           1.0091262340510696                           
0.043550419734405564               1012.2719646711308                           1.0077277845593875                           
0.04369905023330405                1013.1521828239113                           1.0055750630539582                           
0.043847680673473347               1011.6197183757208                           1.0136999376627207                           
0.04399631105471376                1012.1506269018013                           1.0035341431494813                           
0.04414494137682554                1012.540680976475                            1.0146920795499277                           
0.044293571639608995               1009.2633528558209                           1.0093602560919845                           
0.04444220184286442                1012.3274746044777                           1.009320645225909                            
0.044590831986392084               1012.7296894579509                           1.0116180262393515                           
0.04473946206999227                1014.0427463534461                           1.0117481740868153                           
0.044888092093465295               1014.5591537507535                           1.024857419216442                            
0.04503672205661142                1011.4277605283173                           1.0062722499249657                           
0.04518535195923094                1013.555395609962                            1.0238058640949323                           
0.04533398180112416                1014.1038732517779                           1.0181432241475972                           
0.04548261158209136                1009.1309067445524                           1.0188632119499144                           
0.04563124130193283                1009.8962886454034                           1.0296533716785614                           
0.04577987096044885                1009.2861556728062                           1.0141244222567523                           
0.045928500557439744               1011.5240220406802                           1.0299274288423668                           
0.04607713009270576                1008.9107215497206                           1.0269360639844896                           
0.04622575956604723                1011.3661201578282                           1.0259811804541086                           
0.04637438897726441                1006.7805107702881                           1.0258519281219818                           
0.04652301832615762                1003.202328080699                            1.0164058207635775                           
0.04667164761252716                1001.6766014627384                           1.0316020926939253                           
0.0468202768361733                 1001.4377115838395                           1.0165895448185165                           
0.04696890599689635                1000.8664324541464                           1.0190078007384467                           
0.04711753509449661                1000.5542053100742                           1.019938230158518                            
0.04726616412877436                1001.0610957408197                           1.0084022634057759                           
0.0474147930995299                 997.3002478913751                            1.0171916368208265                           
0.04756342200656354                1001.1641914846632                           1.0068778209166664                           
0.04771205084967556                1000.5871200292212                           1.0113397039109635                           
0.04786067962866626                1000.9649075737457                           1.0131301602921843                           
0.048009308343335964               1000.4191816216506                           0.9997575610402144                           
0.04815793699348494                999.9816396386964                            1.0126330150976757                           
0.048306565578913496               999.6570583851168                            0.9978401488666305                           
0.04845519409942194                997.8386925495522                            1.0104826445184074                           
0.04860382255481056                998.4555644464391                            1.0123950186385546                           
0.04875245094487968                997.5409656117757                            0.9957646123226366                           
0.04890107926942957                995.2619590085123                            1.0060061362701052                           
0.04904970752826055                994.8552919962419                            0.996975621421507                            
0.04919833572117292                995.4716419639761                            1.0076950527778619                           
0.04934696384796698                997.2574260776115                            1.0012710553194037                           
0.049495591908443035               995.8132058026563                            0.9974563724326171                           
0.049644219902401386               996.8477376374517                            1.0026224281568983                           
0.04979284782964235                992.8256227765404                            0.9934104169332493                           
0.049941475689966215               994.7591396093168                            1.0047036816338937                           
0.05009010348317329                993.2676862077634                            0.9905981541083394                           
0.050238731209063886               992.7295356745997                            0.9974511742647503                           
0.05038735886743832                995.6238169676802                            1.003049292051431                            
0.05053598645809688                993.020931645402                             0.9950369286468095                           
0.05068461398083988                991.3799831055327                            0.9952360309774337                           
0.050833241435467615               991.9207632249024                            0.9879218456435146                           
0.05098186882178042                992.2137403319308                            0.9982231644953172                           
0.05113049613957859                992.7231687277265                            0.9918418129446804                           
0.05127912338866244                993.733667135598                             0.9948854162349292                           
0.05142775056883227                991.9075671133768                            0.9955023457268012                           
0.051576377679888395               992.3267084888247                            0.9871268931440871                           
0.05172500472163113                992.5160496271346                            0.9988928587158262                           
0.05187363169386079                989.8199345357407                            0.980448013813073                            
0.052022258596377664               992.063925948791                             0.988495963798067                            
0.05217088542898209                991.3620478731344                            0.9931907056339104                           
0.052319512191474384               990.9364303076806                            0.9879347051967081                           
0.052468138883654855               988.6775847465715                            0.9863088495142734                           
0.052616765505323786               990.2589461609252                            0.9836193021473689                           
0.05276539205628153                990.0723183740434                            0.9850129871414455                           
0.0529140185363284                 991.4022351667027                            0.9871684640137605                           
0.05306264494526469                988.4274946138183                            0.9896975967575986                           
0.053211271282890736               988.2630465845982                            0.9831229531225909                           
0.053359897549006836               989.8587976068197                            0.9794923454438476                           
0.053508523743413326               986.6130982721143                            0.983788270673133                            
0.053657149865910525               986.8419908117102                            0.9784871328199739                           
0.05380577591629874                988.7855519046258                            0.9819034520778634                           
0.0539544018943783                 989.2351357235502                            0.9816348021168112                           
0.05410302779994951                986.6973528277077                            0.9793943044719209                           
0.054251653632812716               987.8405591586959                            0.9844016523117276                           
0.05440027939276821                984.9618444061006                            0.9665262364165496                           
0.05454890507961633                986.419975860604                             0.9797475911995981                           
0.0546975306931574                 986.7193628743163                            0.9803873907495653                           
0.05484615623319174                986.3592817154849                            0.9767891853224077                           
0.05499478169951966                983.4284065719438                            0.9772839921234409                           
0.05514340709194151                983.4187927407634                            0.9638915162557289                           
0.05529203241025758                984.3907844167261                            0.9782514668932204                           
0.055440657654268234               986.5110657298328                            0.9701318693905869                           
0.05558928282377376                983.1137864533353                            0.9742135962145088                           
0.05573790791857452                984.8546061993094                            0.9717045960139556                           
0.05588653293847082                985.3709146817229                            0.9662589049814895                           
0.05603515788326298                983.6832884884946                            0.9749809340794882                           
0.05618378275275134                983.6070183906986                            0.9653943276848879                           
0.05633240754673624                983.7671353768454                            0.9716485194901181                           
0.05648103226501799                985.1218639475045                            0.966609267977829                            
0.05662965690739693                983.7489725958579                            0.9673524917343809                           
0.056778281473673364               985.8952205426322                            0.9741434143219752                           
0.05692690596364766                984.2498178929688                            0.9591893671358284                           
0.05707553037712013                986.0444139790278                            0.9684814211047382                           
0.05722415471389112                983.7421811525796                            0.9617208468812034                           
0.05737277897376094                983.9312879366581                            0.967917444698481                            
0.057521403156529954               983.4385497627817                            0.9643751477376704                           
0.05767002726199845                982.763105550203                             0.9589274530754872                           
0.05781865128996681                984.0157766619582                            0.969385226777924                            
0.05796727524023534                984.6438751786118                            0.9552592560074403                           
0.058115899112604404               983.5907098928652                            0.9644510947099785                           
0.0582645229068743                 983.7481519282863                            0.9603339833801691                           
0.058413146622845386               984.199380760902                             0.9564132082216463                           
0.058561770260317995               984.3356755236076                            0.9662281742756835                           
0.05871039381909247                984.11272364414                              0.9536405814143412                           
0.05885901729896914                982.5390867336084                            0.9606718553407855                           
0.059007640699748364               982.9026077762815                            0.9530547544765113                           
0.05915626402123044                986.0880585170872                            0.9564182215047231                           
0.05930488726321576                982.7909001010233                            0.9617256313597032                           
0.059453510425504646               983.190256255624                             0.9518390032915223                           
0.05960213350789743                983.8006180421569                            0.9571376405846284                           
0.05975075651019445                984.4516829599253                            0.9519990160827987                           
0.05989937943219608                983.3182460280942                            0.9573622684228844                           
0.060048002273702626               983.8620231165612                            0.9508145831838437                           
0.060196625034514444               990.2281962232933                            0.9534356594682077                           
0.060345247714431886               1014.7530039677374                           0.9711497777242811                           
0.06049387031325529                998.639573348898                             0.982863931323844                            
0.060642492830785                  992.9046566979767                            0.9950013436167924                           
0.060791115266821405               993.3912000729481                            1.0003888850763947                           
0.06093973762116479                989.7458838071053                            1.0048191918057237                           
0.06108835989361553                990.8772714596009                            1.0199458596942805                           
0.06123698208397396                991.0348659283394                            1.0178313703967217                           
0.061385604192040456               989.3074842521875                            1.030325736948268                            
0.061534226217615354               985.7747773971096                            1.0250961267944643                           
0.06168284816049901                987.2061021220776                            1.038441974728841                            
0.061831470020491754               989.1221536201953                            1.0441530363109122                           
0.06198009179739396                987.1652325567857                            1.0401758384117306                           
0.06212871349100597                989.0535013328799                            1.0549377402441358                           
0.06227733510112815                986.1477061395346                            1.0449552628698209                           
0.06242595662756082                986.4031857259744                            1.069742765653111                            
0.06257457807010439                990.4631717633455                            1.0624755588635981                           
0.06272319942855915                985.6820351861849                            1.0580495341297829                           
0.06287182070272551                985.7532239843387                            1.0719529015440392                           
0.0630204418924038                 986.7356052299971                            1.070563572882195                            
0.06316906299739436                985.4312125240707                            1.0795734728635389                           
0.0633176840174976                 1002.1414569943666                           1.048631200258128                            
0.06346630495251382                995.458101372843                             1.0410247411227187                           
0.06361492580224343                991.2283485285703                            1.0290621747255517                           
0.06376354656648675                988.5010460688508                            1.02149059522828                             
0.06391216724504416                988.4179348127603                            1.0186866231389329                           
0.06406078783771602                988.4460141201562                            1.0052224385821709                           
0.06420940834430268                986.6206998576863                            1.0085452506856336                           
0.06435802876460452                985.2444452660853                            1.0020147209117445                           
0.06450664909842187                986.0176951634612                            0.9977130926117005                           
0.06465526934555513                985.5758599222754                            1.000611959702652                            
0.06480388950580464                985.1780912197627                            0.992661182014302                            
0.0649525095789708                 984.7320316960307                            0.99602982861234                             
0.06510112956485392                984.1847957016081                            0.9865945359466743                           
0.06524974946325443                981.77253205017                              0.9848842652115378                           
0.06539836927397262                983.3068197020907                            0.9881677142863703                           
0.06554698899680893                982.7055801970967                            0.9858540030868839                           
0.06569560863156369                980.3342418097515                            0.9826669137309273                           
0.06584422817803728                983.5763632142871                            0.9749515799661043                           
0.06599284763603007                979.7832407403254                            0.9725869469230142                           
0.06614146700534243                981.6723586215388                            0.9774147277742004                           
0.06629008628577472                980.8285497778307                            0.9765063331907423                           
0.06643870547712732                979.5744683349458                            0.9744217083819047                           
0.06658732457920061                981.0774964343325                            0.9595125116789496                           
0.06673594359179495                979.6275082634507                            0.9729948303302123                           
0.06688456251471071                977.0452427471851                            0.9683488179375713                           
0.0670331813477483                 980.3977245910337                            0.964785030689055                            
0.06718180009070804                981.3359141119844                            0.9680872952993682                           
0.06733041874339035                977.9525636603673                            0.9640527928654726                           
0.06747903730559558                979.0897590524015                            0.9632022519758767                           
0.06762765577712412                978.2821128556564                            0.954926608179295                            
0.06777627415777635                979.0459006623804                            0.963651193739305                            
0.06792489244735264                977.455215394015                             0.9558994502545087                           
0.06807351064565337                978.1912479428184                            0.9608904994624095                           
0.06822212875247895                977.4783206166074                            0.9559115325231295                           
0.0683707467676297                 976.8697814070417                            0.9487965359622365                           
0.06851936469090604                978.7695343857725                            0.9556250461097003                           
0.06866798252210835                977.2299651677139                            0.9521362229911808                           
0.06881660026103702                1112.0325381243026                           1.0171432550695885                           
0.06896521790749241                975.3301997255193                            0.9521200160295654                           
0.06911383546127492                976.3446851978267                            0.944523247476369                            
0.06926245292218494                976.3782967423816                            0.9508159809565081                           
0.06941107029002283                974.3549348039596                            0.9404725067178056                           
0.06955968756458901                972.5663155433268                            0.9480563882248821                           
0.06970830474568386                974.606291125728                             0.9397175840010522                           
0.06985692183310774                972.7134442499444                            0.9423244230195583                           
0.07000553882666105                973.2880342239589                            0.9403981761830771                           
0.0701541557261442                 972.5349219611015                            0.9322262187401397                           
0.07030277253135758                973.3089708888072                            0.9412892070686715                           
0.07045138924210155                970.5226354782579                            0.9334093193094753                           
0.07060000585817654                973.2248818331816                            0.9381798064434668                           
0.07074862237938288                971.3298157191981                            0.9355274474210654                           
0.07089723880552104                971.5914138423375                            0.9262586061460713                           
0.07104585513639136                971.3173404480434                            0.9376973694892317                           
0.07119447137179426                969.1164915046488                            0.9263418298854755                           
0.07134308751153012                969.7960005490352                            0.9296349849962242                           
0.07149170355539934                969.1312055866337                            0.9314535524141765                           
0.07164031950320233                971.6186842530652                            0.9241774761387513                           
0.07178893535473949                971.6110544379953                            0.9352324086923511                           
0.07193755110981116                970.4667264167276                            0.9227962795871683                           
0.07208616676821783                967.5978415005046                            0.9260399235367691                           
0.07223478232975981                969.4067493569222                            0.9273282924961619                           
0.07238339779423758                966.6381105201249                            0.9276979450390157                           
0.07253201316145147                970.2775964983606                            0.9332971082917435                           
0.07268062843120196                970.7343743247217                            0.9167410165996135                           
0.07282924360328936                969.0662344044806                            0.9250593528947298                           
0.07297785867751416                968.9106522681068                            0.9241465086615607                           
0.0731264736536767                 968.8106535236116                            0.9228450748042566                           
0.07327508853157742                970.0193384647707                            0.9234209720338942                           
0.07342370331101672                970.6984675616902                            0.9163181929765739                           
0.07357231799179499                969.6233769998489                            0.9240691836417831                           
0.07372093257371265                967.8499244326308                            0.9182471542170777                           
0.07386954705657013                965.3770044590993                            0.9142110536096664                           
0.07401816144016779                967.0265407661825                            0.9113475877019195                           
0.07416677572430608                966.2405613112115                            0.9158447913135086                           
0.07431538990878538                966.652649529756                             0.9189165933192854                           
0.07446400399340614                965.0756490437881                            0.9056414982106764                           
0.07461261797796873                964.3339805283191                            0.9072787022502447                           
0.07476123186227358                964.9850115956917                            0.9028418056847736                           
0.0749098456461211                 963.1921246844977                            0.9051542206009415                           
0.07505845932931171                962.3935369991416                            0.9043837857026497                           
0.07520707291164581                965.2809067465523                            0.9002480840203859                           
0.07535568639292387                965.0859423551321                            0.899381240588863                            
0.07550429977294623                964.2579933400835                            0.8970645262755418                           
0.07565291305151335                965.0771948386025                            0.9009326568065671                           
0.0758015262284256                 963.586617465169                             0.8940709665944295                           
0.0759501393034835                 963.8686274681347                            0.8930599342366531                           
0.07609875227648738                964.5545111173633                            0.8975893972512189                           
0.07624736514723769                964.8624000207694                            0.8904946900420286                           
0.07639597791553485                964.9416637597161                            0.8924195979029321                           
0.07654459058117927                965.8957658644163                            0.8894697583194335                           
0.07669320314397139                962.518689408119                             0.8886628518869548                           
0.07684181560371163                962.7678367355543                            0.8929323450711872                           
0.07699042796020039                962.1700537595793                            0.8866341510956883                           
0.07713904021323813                964.8693962770865                            0.8905003885371751                           
0.07728765236262525                962.6590590490422                            0.8816890140783455                           
0.07743626440816222                962.5428492549454                            0.8901797519738711                           
0.0775848763496494                 963.2913977881686                            0.8886470915619912                           
0.07773348818688727                963.6956938156256                            0.8828984532477148                           
0.07788209991967622                962.9086259169771                            0.8873497792616767                           
0.07803071154781671                960.8070465024172                            0.8808425482923159                           
0.07817932307110918                962.8244561043855                            0.8884333542950726                           
0.07832793448935403                959.7418312512638                            0.8792602196404223                           
0.07847654580235171                961.413811618343                             0.8789345697380737                           
0.07862515700990265                960.1370236635919                            0.8868200581902952                           
0.07877376811180728                959.941997600812                             0.8771756359997254                           
0.07892237910786605                959.9244485228105                            0.8808062422414176                           
0.07907098999787937                960.4210547457184                            0.8766728863812225                           
0.07921960078164769                959.3085826640712                            0.8765262093038502                           
0.07936821145897144                960.3071568243292                            0.8831882857331197                           
0.07951682202965109                959.9854067369616                            0.8736039470714406                           
0.07966543249348702                957.2402882359967                            0.8763041801906764                           
0.07981404285027972                959.822834666474                             0.8738881565318501                           
0.07996265309982961                957.8312850267365                            0.8776623842598342                           
0.08011126324193714                955.913522914596                             0.8749763119396532                           
0.08025987327640273                957.3296181098276                            0.8681480919898548                           
0.08040848320302686                958.29050821788                              0.8764253874544493                           
0.08055709302160995                956.8381166359238                            0.8689821328824024                           
0.08070570273195243                956.2503912410049                            0.8744121905976158                           
0.08085431233385477                956.3426273546389                            0.8680536487536672                           
0.08100292182711742                956.8604334272148                            0.8682890417761194                           
0.0811515312115408                 958.1734556784883                            0.8734982706959781                           
0.0813001404869254                 955.7087083302556                            0.868471246158159                            
0.08144874965307163                955.8256067227434                            0.8681725132026489                           
0.08159735870977995                956.7969635544123                            0.8665082338159018                           
0.08174596765685078                954.2219273164857                            0.8656912748563932                           
0.08189457649408466                955.9999279847242                            0.8689579965630134                           
0.08204318522128196                953.289009472173                             0.8635268068652501                           
0.08219179383824317                953.4041468018185                            0.8660213389938038                           
0.0823404023447687                 955.2874712238743                            0.8613197432426055                           
0.08248901074065908                953.8724449277871                            0.8655348733453239                           
0.0826376190257147                 954.4551731357136                            0.8640565393562871                           
0.08278622719973604                954.4138524661253                            0.8605834813866053                           
0.08293483526252357                954.084327483737                             0.8631953581512011                           
0.08308344321387771                953.1597902801388                            0.8583079680840996                           
0.08323205105359896                953.0858208481156                            0.8627444110956198                           
0.08338065878148777                952.6144921968811                            0.8580632770176083                           
0.0835292663973446                 955.0529709171246                            0.8588199561687917                           
0.0836778739009699                 951.1186402274344                            0.86254798247729                             
0.08382648129216412                951.6535933134901                            0.8589984463034634                           
0.08397508857072775                951.944788648524                             0.8550488905367889                           
0.08412369573646125                951.5539168058963                            0.8511838841123941                           
0.08427230278916509                951.2460428050575                            0.856428771747505                            
0.08442090972863972                950.016501912498                             0.8565550719488556                           
0.0845695165546856                 949.0510987591578                            0.8547634151708333                           
0.08471812326710323                946.8517997496425                            0.8520879075293313                           
0.08486672986569305                950.8057338008304                            0.8508513527346828                           
0.08501533635025554                947.7454201830311                            0.855192814689                               
0.08516394272059116                947.2666007643367                            0.8482713888498967                           
0.08531254897650041                947.5997697114586                            0.8497497599214202                           
0.08546115511778372                946.8670282107405                            0.8510907288261499                           
0.08560976114424161                950.3303361891814                            0.8456884544882748                           
0.08575836705567454                947.7041633527335                            0.8528107635168465                           
0.08590697285188292                946.6732036567214                            0.8450421940091328                           
0.0860555785326673                 947.6165772918783                            0.8484307021301207                           
0.08620418409782817                945.678528042637                             0.8488905294158127                           
0.08635278954716594                946.39125684111                              0.8462316866448192                           
0.08650139488048113                944.2234684160067                            0.8446053641879911                           
0.08665000009757422                946.5499640477723                            0.8417306400261465                           
0.08679860519824566                945.9122176795742                            0.8440505623631176                           
0.08694721018229597                946.0919412227516                            0.8500781714649592                           
0.0870958150495256                 944.1973417630447                            0.8406852614069722                           
0.08724441979973506                942.5351718730884                            0.8409170005297038                           
0.0873930244327248                 945.2677191559364                            0.8418108221500208                           
0.08754162894829534                941.47998680021                              0.8391530517043305                           
0.08769023334624715                944.2120950985421                            0.842316249619092                            
0.08783883762638073                941.7988516801709                            0.8348129221446092                           
0.08798744178849653                941.984958129196                             0.8406737379444174                           
0.08813604583239507                942.4273787429822                            0.8373256231600229                           
0.08828464975787681                939.8566848286451                            0.8384315262063167                           
0.08843325356474228                941.5132860009614                            0.8375614126358557                           
0.08858185725279195                940.2255737307472                            0.8325351024218558                           
0.08873046082182631                941.4845988286223                            0.838513910648106                            
0.08887906427164587                938.8795361061808                            0.8332041925070892                           
0.0890276676020511                 938.3430064858807                            0.8332834328280906                           
0.0891762708128425                 938.6860037252907                            0.8343892070447643                           
0.08932487390382057                938.1724058145672                            0.8294298320672295                           
0.08947347687478581                939.7288688180985                            0.832317846232092                            
0.08962207972553873                938.3639174818106                            0.8320290680732322                           
0.0897706824558798                 936.6481999343429                            0.8312685227629968                           
0.0899192850656095                 936.8895280840131                            0.8288643387124505                           
0.0900678875545284                 936.825864499704                             0.8307182101674158                           
0.09021648992243694                936.1966001688646                            0.8263802916823993                           
0.09036509216913566                934.6873217503534                            0.8263344912463808                           
0.09051369429442505                934.4129807399728                            0.8249749617623985                           
0.0906622962981056                 935.9391003495792                            0.8312719273238491                           
0.09081089817997783                934.4420516893048                            0.8287216959983716                           
0.09095949993984224                934.4566671091588                            0.821922980077033                            
0.09110810157749934                934.2089820344438                            0.8258151136761133                           
0.09125670309274964                933.8053945342867                            0.8210272092381795                           
0.09140530448539363                932.6413668892714                            0.8266758937555182                           
0.09155390575523184                931.691304915377                             0.8210129815892399                           
0.09170250690206479                931.8102895947419                            0.8180282384986303                           
0.09185110792569297                929.7522832730436                            0.8253958532964926                           
0.09199970882591689                931.4717206763635                            0.819698705139153                            
0.09214830960253707                931.2815976269599                            0.8208342610095228                           
0.09229691025535404                930.8590252207244                            0.8182169114287909                           
0.09244551078416828                929.5452416988154                            0.818851977462276                            
0.09259411118878036                929.9098516976472                            0.8226829935850872                           
0.09274271146899074                926.3725868893705                            0.8126456768264099                           
0.09289131162459997                928.3904824945205                            0.8159270005249661                           
0.09303991165540855                927.754500319569                             0.8147471683954952                           
0.09318851156121703                926.4692368953869                            0.8123916912460948                           
0.09333711134182592                926.9216874508509                            0.820441791875984                            
0.0934857109970357                 924.7168233335271                            0.8098459929946719                           
0.09363431052664693                927.2321546791189                            0.8130253505234823                           
0.09378290993046016                924.8503843137524                            0.8107929577176198                           
0.09393150920827588                925.4073050319926                            0.814918797579047                            
0.09408010835989462                923.4379849041077                            0.8110643441632633                           
0.0942287073851169                 924.0649354282547                            0.807211102203405                            
0.09437730628374329                922.6358564810317                            0.8125006123126477                           
0.09452590505557425                923.7695124501312                            0.809729640557855                            
0.09467450370041036                923.4613620779726                            0.8054898558349752                           
0.09482310221805212                924.7121402311059                            0.8089634819267743                           
0.09497170060830008                922.0570568041794                            0.8051690270269364                           
0.0951202988709548                 919.8678137181474                            0.8100918906721791                           
0.09526889700581676                919.2924820967655                            0.8025126214941455                           
0.09541749501268652                920.443618137888                             0.8053395952909735                           
0.09556609289136461                919.4917352553731                            0.8052153247695772                           
0.09571469064165158                919.0450478434509                            0.8029847264957748                           
0.09586328826334796                918.8239712110814                            0.8049238139572802                           
0.09601188575625429                919.7484127123081                            0.7981269426230515                           
0.09616048312017107                919.7172792160925                            0.8056080880433197                           
0.09630908035489893                917.4311857966006                            0.8008380323531185                           
0.09645767746023834                916.4979841131566                            0.801295643857114                            
0.09660627443598986                915.0654216836836                            0.798086344093432                            
0.09675487128195404                914.8240315715394                            0.7957064596559571                           
0.0969034679979314                 915.2095375257319                            0.8027604105486467                           
0.09705206458372252                914.7874161952906                            0.79796649895399                             
0.09720066103912794                913.8461422288441                            0.7947170267044509                           
0.09734925736394817                913.6011756741417                            0.794610969115882                            
0.09749785355798385                913.5718220614237                            0.7974375456712848                           
0.09764644962103541                912.7381969352274                            0.7987913218125774                           
0.09779504555290348                910.8421971211523                            0.7886614673329835                           
0.09794364135338857                911.5235084972272                            0.7948394305341778                           
0.09809223702229126                911.4972509752643                            0.7936978276194988                           
0.09824083255941213                911.8819143744153                            0.7949966184184067                           
0.09838942796455168                912.4501386586883                            0.7913064736785989                           
0.09853802323751046                909.4401828287012                            0.7880565912105576                           
0.09868661837808908                909.187644936132                             0.7935399536159318                           
0.09883521338608807                911.7607950698555                            0.7882324644115462                           
0.098983808261308                  907.1575585963681                            0.7932196447447455                           
0.0991324030035494                 909.6937900444324                            0.7848682493979822                           
0.09928099761261285                907.1457598847371                            0.7890058762852022                           
0.09942959208829895                905.5923279592067                            0.7911269952909595                           
0.09957818643040817                906.2344128109027                            0.7850176151577409                           
0.09972678063874114                905.9279711128312                            0.7843370533450769                           
0.09987537471309844                904.7382620641662                            0.7827299048487509                           
0.10002396865328061                906.0007258593191                            0.7871226401100664                           
0.10017256245908819                903.9732926659241                            0.7879059222209914                           
0.10032115613032179                902.7225809313456                            0.7772716004826141                           
0.10046974966678197                904.478442565566                             0.7845338968539839                           
0.10061834306826929                901.9502105178757                            0.7788182427120877                           
0.1007669363345843                 902.6747790214112                            0.7840265939274993                           
0.10091552946552765                901.5268982737545                            0.7827066708013088                           
0.10106412246089981                906.2831776174799                            0.7785374854101396                           
0.10121271532050144                914.7989011408798                            0.7901061124899649                           
0.10136130804413308                907.9511111340659                            0.8001647235504883                           
0.10150990063159528                902.7158378837362                            0.8108965739620007                           
0.10165849308268868                901.9665166719436                            0.8133065671066482                           
0.10180708539721378                900.9890300112252                            0.820323889078538                            
0.10195567757497122                902.4134039886276                            0.8322347149270186                           
0.10210426961576155                902.1971650346468                            0.8282226248431058                           
0.1022528615193854                 901.2850749957885                            0.8317152852066976                           
0.10240145328564329                899.0141368875526                            0.8393238003100684                           
0.10255004491433584                897.6491199688122                            0.8410622908045099                           
0.1026986364052636                 895.7503136347807                            0.8509291007642021                           
0.1028472277582272                 894.3371058809531                            0.8401914264327688                           
0.10299581897302723                894.5913344360841                            0.8532211939958664                           
0.10314441004946424                892.774384304544                             0.851642446661888                            
0.1032930009873388                 892.7096902092273                            0.8577246763984359                           
0.1034415917864516                 893.2580662450781                            0.8612794403045527                           
0.10359018244660313                894.1940634442636                            0.8580750370687764                           
0.10373877296759404                890.9330179240902                            0.867976972952942                            
0.10388736334922487                890.298205088143                             0.8669147213086583                           
0.10403595359129628                890.8721824650304                            0.8694618501408573                           
0.1041845436936088                 931.3703938076808                            0.8623289835153048                           
0.10433313365596307                916.0887359920787                            0.848289585809514                            
0.10448172347815968                906.7566710698392                            0.8425982274031567                           
0.10463031315999925                905.4603822133189                            0.8320078115504351                           
0.10477890270128232                901.8977964931588                            0.8248760826637603                           
0.10492749210180954                897.981644646885                             0.824363866438791                            
0.10507608136138147                896.6935422188884                            0.8215383107221499                           
0.10522467047979879                895.1830349092795                            0.8170609553934796                           
0.10537325945686203                894.5969084906385                            0.8146104143115028                           
0.10552184829237181                893.1081639027994                            0.8111533149620151                           
0.10567043698612877                892.670604839659                             0.8082045409633875                           
0.10581902553793347                892.5068967050514                            0.8111885821367054                           
0.10596761394758658                890.0275220242261                            0.8013006329982938                           
0.10611620221488863                891.832483312694                             0.8036049963699933                           
0.10626479033964027                889.4393341536639                            0.8037243877988378                           
0.10641337832164213                887.3193099466616                            0.798897695134515                            
0.10656196616069483                886.594318903664                             0.8009449436578678                           
0.10671055385659896                885.5635587910893                            0.7896836288484882                           
0.10685914140915509                884.0642296651203                            0.796843367637635                            
0.10700772881816392                884.0737947705671                            0.792760266561999                            
0.10715631608342602                882.6033860540989                            0.7900824058981378                           
0.10730490320474204                880.9420363625746                            0.7884792778488765                           
0.10745349018191253                879.42207737809                              0.7818642065775602                           
0.1076020770147382                 880.639600187322                             0.7894916251182478                           
0.10775066370301965                878.8286217425272                            0.7852583288045737                           
0.10789925024655744                878.7266577385162                            0.7804416129744115                           
0.10804783664515225                878.045595516265                             0.7854763700149375                           
0.1081964228986047                 877.2693951512088                            0.7775814662214291                           
0.1083450090067154                 876.4649374925714                            0.7839209022908641                           
0.108493594969285                  874.5790018126592                            0.7739249291988879                           
0.10864218078611411                874.2263638370654                            0.7770597101141431                           
0.10879076645700335                873.339571176198                             0.7797177489527858                           
0.10893935198175338                872.1930686282724                            0.7725980640566384                           
0.1090879373601648                 870.894467690956                             0.7761304632737636                           
0.10923652259203825                870.0416065268004                            0.7641537139503289                           
0.10938510767717442                869.8818256709502                            0.7737563817063287                           
0.1095336926153739                 870.1275448687004                            0.7725006007321231                           
0.1096822774064373                 867.7246682743033                            0.7700772468380298                           
0.10983086205016526                867.3033425662883                            0.7701614364916375                           
0.10997944654635847                865.0805285780301                            0.7627644901473416                           
0.11012803089481756                865.8023505006929                            0.7684157364168267                           
0.11027661509534314                865.8791103940882                            0.7668387371821623                           
0.11042519914773584                865.943014130302                             0.7589587638044352                           
0.11057378305179637                863.2298034310728                            0.7616868305650158                           
0.11072236680732529                862.9252085501056                            0.755828857226106                            
0.11087095041412333                860.9315425898748                            0.7606732134771848                           
0.11101953387199105                861.2419062152577                            0.7515197018561457                           
0.11116811718072916                864.9415384380566                            0.755684760080675                            
0.11131670034013831                873.5149914029835                            0.7591636250570295                           
0.11146528335001911                883.5036655791066                            0.7671441768480289                           
0.11161386621017225                874.3788067452082                            0.7807504483473511                           
0.11176244892039836                867.7460631279217                            0.7769490990890686                           
0.11191103148049807                867.3471813316961                            0.78841827392854                             
0.1120596138902721                 864.455446229039                             0.793265362233929                            
0.11220819614952104                864.9752977696163                            0.7917285409442414                           
0.11235677825804559                862.5027858616651                            0.7983683450363005                           
0.11250536021564642                861.2096697371359                            0.7986810503355535                           
0.11265394202212414                859.1696696795865                            0.8063795290854057                           
0.1128025236772794                 858.1944204027986                            0.80655019321693                             
0.11295110518091295                854.9523413212742                            0.8062836639072596                           
0.11309968653282537                849.6613204550138                            0.8101445872850609                           
0.11324826773281738                848.0503486842024                            0.8055468713387703                           
0.11339684878068956                847.8156884093329                            0.8083028601005198                           
0.11354542967624269                849.4013765045843                            0.8058724151065756                           
0.11369401041927737                847.8089641309621                            0.8067042735955222                           
0.11384259100959429                847.8087743914527                            0.807661492769067                            
0.11399117144699408                847.2989556958092                            0.8086997744690214                           
0.11413975173127745                845.7646720664155                            0.8073273220136158                           
0.11428833186224509                844.2081297130851                            0.8040401965619973                           
0.11443691183969763                843.1427016047379                            0.8138518893383707                           
0.11458549166343575                843.5199363327918                            0.8088246212878167                           
0.11473407133326015                843.1541170698033                            0.8099425810419326                           
0.1148826508489715                 840.8722271856901                            0.8107946424871886                           
0.11503123021037048                840.0549100299033                            0.8061995576975937                           
0.11517980941725774                839.4949738712851                            0.81605696059282                             
0.115328388469434                  839.345602056522                             0.8081135022297609                           
0.11547696736669993                839.9199312951243                            0.8155996342144162                           
0.11562554610885617                838.2175755231372                            0.8121321636247482                           
0.11577412469570345                836.4920035870116                            0.8096603530542115                           
0.11592270312704248                835.3398489697155                            0.8187257702378107                           
0.11607128140267389                835.0340612313329                            0.8060380862008318                           
0.1162198595223984                 833.3490172275395                            0.8150651546622892                           
0.11636843748601669                833.5956291605469                            0.8148524302030198                           
0.11651701529332943                832.3851204888712                            0.8122678430472665                           
0.11666559294413735                831.0292896737592                            0.8172880951087086                           
0.11681417043824113                830.6074828432362                            0.8055142767287264                           
0.11696274777544145                829.1575904962398                            0.8160312172753582                           
0.11711132495553901                830.0574445519563                            0.8164744773657844                           
0.11725990197833454                827.8167323429734                            0.8143642009820412                           
0.11740847884362866                827.4213576664254                            0.8155149043650755                           
0.11755705555122214                826.4543316502411                            0.8130255137723257                           
0.11770563210091566                825.7269909581805                            0.8177274496207388                           
0.11785420849250991                822.356082716301                             0.8116761018294724                           
0.1180027847258056                 823.0356521752299                            0.8103449464503144                           
0.11815136080060339                823.0510612395078                            0.8167432094621416                           
0.11829993671670407                821.1044345609575                            0.8154376701420726                           
0.11844851247390831                822.0462103800868                            0.8213955121737655                           
0.1185970880720168                 819.9112165395416                            0.8098047533992196                           
0.11874566351083024                816.6802992264674                            0.8115520733526185                           
0.11889423879014938                816.6321476778334                            0.8145738761990796                           
0.11904281390977489                817.6540802334945                            0.8181655936274308                           
0.11919138886950753                814.8129852764565                            0.8163999764984863                           
0.11933996366914792                815.9745442575036                            0.8105318595444476                           
0.11948853830849689                815.131074562505                             0.8165604899783201                           
0.11963711278735512                813.5503749765625                            0.8137184251843389                           
0.11978568710552326                812.6800426415274                            0.8163636221551606                           
0.11993426126280209                812.1105064195672                            0.8133395778326726                           
0.12008283525899235                812.6552473359087                            0.8156648936467324                           
0.12023140909389472                810.6789571347989                            0.8163928851835803                           
0.12037998276730992                810.6936724814412                            0.8160560499116439                           
0.12052855627903868                806.9588143582527                            0.8131451743637966                           
0.12067712962888173                806.9744547110573                            0.8100883433595505                           
0.12082570281663982                806.0830982216254                            0.8185879964983394                           
0.12097427584211363                805.2448611620255                            0.8171159476789597                           
0.12112284870510388                805.3524694790162                            0.8106322885843336                           
0.1212714214054114                 803.4990185912532                            0.815189093021387                            
0.12141999394283678                803.7625693307515                            0.8111951247696891                           
0.12156856631718085                800.0662472801537                            0.8172783478524374                           
0.12171713852824434                802.1106549211036                            0.8110452740995181                           
0.12186571057582794                800.0737692054171                            0.8127612497739991                           
0.12201428245973238                799.1658861836062                            0.8185786470034271                           
0.12216285417975847                797.5984269114286                            0.8121939327001367                           
0.12231142573570686                794.5475282094685                            0.8158595620147264                           
0.12245999712737837                795.534203562607                             0.8050060838484348                           
0.12260856835457366                795.4001857584067                            0.8162984136881571                           
0.12275713941709357                794.3394291601217                            0.816458061904573                            
0.1229057103147387                 792.5955455676351                            0.8099901568747647                           
0.12305428104730994                791.8352408810497                            0.8127206988957253                           
0.12320285161460796                791.8281640204428                            0.8099438816852641                           
0.12335142201643355                789.7226809367583                            0.8140843678028673                           
0.12349999225258738                790.2959116273454                            0.8161427256535106                           
0.12364856232287029                789.0849317378127                            0.8068251862007936                           
0.12379713222708298                787.5980463248634                            0.8158108019648365                           
0.12394570196502623                786.5565950159692                            0.806216866051311                            
0.12409427153650074                785.0198340777388                            0.8151841885736787                           
0.12424284094130733                785.171716464728                             0.807224416297398                            
0.12439141017924672                784.5082983427316                            0.8099999851073773                           
0.12453997925011973                784.16830297836                              0.816165666813462                            
0.12468854815372699                782.9300859688003                            0.8084911637077071                           
0.12483711688986938                782.6376625347735                            0.815014130980578                            
0.12498568545834762                779.2700574302476                            0.8035027157547346                           
0.12513425385896246                778.5028221757344                            0.8096863794651651                           
0.12528282209151465                777.8396611230656                            0.8153648186188054                           
0.125431390155805                  776.9945787699548                            0.8040445725045302                           
0.12557995805163427                775.886345271973                             0.8097297708968028                           
0.12572852577880317                775.5034148933275                            0.8077779305412878                           
0.12587709333711253                774.3967613465786                            0.8100096494741152                           
0.12602566072636312                774.5919093608662                            0.8129498491575953                           
0.1261742279463557                 773.0364824075363                            0.8037177084484703                           
0.126322794996891                  771.3170862769455                            0.8112307662107283                           
0.12647136187776986                772.7145359425555                            0.8066761975616853                           
0.126619928588793                  769.2940549149237                            0.8094577042559367                           
0.12676849512976127                767.029803666295                             0.8089749061865488                           
0.12691706150047535                765.9788825937841                            0.8021134652902883                           
0.12706562770073607                764.6448004433244                            0.8048981822133777                           
0.12721419373034423                764.3104321353252                            0.7998603764097308                           
0.12736275958910062                763.294678671699                             0.8045389884020747                           
0.12751132527680595                761.1992379721308                            0.797888738268325                            
0.12765989079326104                760.6753379310762                            0.79898992722853                             
0.12780845613826677                760.8399223462696                            0.801849149652458                            
0.12795702131162376                760.0206801794799                            0.7969301136799383                           
0.12810558631313296                757.7815769429424                            0.7960979805378061                           
0.12825415114259503                757.6237235896384                            0.7929534091962338                           
0.1284027157998108                 757.8168936018888                            0.8009532291119671                           
0.1285512802845811                 754.1561553464171                            0.7952194822312095                           
0.12869984459670672                756.7791854168328                            0.7942091092252193                           
0.1288484087359884                 754.2816969343905                            0.7959733817690078                           
0.12899697270222704                752.368230157693                             0.7885211923536304                           
0.12914553649522334                752.66268595944                              0.8006705522579187                           
0.12929410011477813                752.3980388769224                            0.7919093169718067                           
0.12944266356069217                750.3088994610273                            0.7973270470373364                           
0.12959122683276636                747.7160118027883                            0.7966430328913766                           
0.12973978993080143                748.8963313334061                            0.7877073052913764                           
0.12988835285459818                747.7357086652128                            0.7973508439385405                           
0.13003691560395744                745.9566059721667                            0.7891918097465762                           
0.13018547817868006                744.3909497300124                            0.7924556736059953                           
0.1303340405785668                 743.9112101971514                            0.7939241981721944                           
0.13048260280341842                741.2304494010692                            0.7897460848703023                           
0.13063116485303583                743.3890700789116                            0.7936467757167684                           
0.13077972672721977                742.2721208310215                            0.7875815631887931                           
0.1309282884257711                 739.1628726491306                            0.7934650818890366                           
0.13107684994849064                739.9025427626395                            0.7907528030709104                           
0.13122541129517912                739.8640124207182                            0.7879990954630878                           
0.13137397246563748                737.5432717065731                            0.7946875623904702                           
0.13152253345966647                737.4115908109799                            0.7836564841346128                           
0.13167109427706694                734.4443089500269                            0.793716530007922                            
0.13181965491763964                734.5722123670135                            0.7855174376112228                           
0.1319682153811855                 733.2952034110826                            0.7889333602262742                           
0.13211677566750527                732.2302018812526                            0.7914748872268156                           
0.13226533577639982                732.582095334641                             0.7861535780247719                           
0.13241389570766995                730.0797826403683                            0.7882360459292781                           
0.1325624554611165                 729.9903572348112                            0.7834052439820143                           
0.13271101503654026                728.9162638375843                            0.7886445997349505                           
0.1328595744337422                 726.7297406144049                            0.7878071018788046                           
0.13300813365252293                727.0207626855604                            0.788311587977507                            
0.13315669269268346                725.9949350888699                            0.7843173720705281                           
0.13330525155402462                723.8030608590411                            0.7824518455286684                           
0.13345381023634717                723.0120957033332                            0.7851030058166378                           
0.13360236873945192                722.6304744696051                            0.7848964130107958                           
0.13375092706313985                721.6008189939348                            0.7826247536505143                           
0.13389948520721168                720.3894894464792                            0.7864415661746029                           
0.1340480431714683                 720.2899556319968                            0.7832830135651401                           
0.13419660095571057                717.1689820450105                            0.7836461699740318                           
0.13434515855973928                716.8793363627614                            0.7793828958765774                           
0.13449371598335533                718.2801977853951                            0.7842543142260341                           
0.13464227322635955                715.3255878592246                            0.7809235962092687                           
0.13479083028855277                715.123808374503                             0.7828751860790589                           
0.13493938716973589                714.0368012755181                            0.7850521964028968                           
0.1350879438697097                 710.9335928166873                            0.7734569520698421                           
0.13523650038827512                712.920411407776                             0.7847877755329901                           
0.13538505672523296                710.2966104409182                            0.7788597545873048                           
0.1355336128803841                 711.2287539117191                            0.7842057111107781                           
0.13568216885352938                710.0310474952753                            0.7814646390223031                           
0.13583072464446966                708.60109965619                              0.7738656473375688                           
0.1359792802530058                 706.821936803682                             0.7786659023748361                           
0.13612783567893869                706.576680434703                             0.7754602945278544                           
0.13627639092206914                705.8963904338477                            0.7778143249091574                           
0.13642494598219812                705.1366142623541                            0.7798046623924749                           
0.13657350085912634                702.023381448655                             0.7763631885932636                           
0.1367220555526548                 702.4651797699199                            0.7825007504784649                           
0.13687061006258433                700.1867827722366                            0.7702661758223022                           
0.13701916438871578                701.0558677091789                            0.7778924061876442                           
0.13716771853085005                698.9704884799636                            0.7733119508920346                           
0.137316272488788                  698.4799472423636                            0.7764632525207553                           
0.13746482626233048                697.0082222693086                            0.7780655604031362                           
0.13761337985127842                694.1933044012301                            0.7686412864349783                           
0.13776193325543262                692.9624133590873                            0.7740794743442646                           
0.13791048647459406                694.4546085830875                            0.7708130063287068                           
0.13805903950856357                694.1438995639057                            0.775775433364897                            
0.13820759235714203                692.3516963868248                            0.7740843400813048                           
0.1383561450201303                 690.3119770687763                            0.7685124204287181                           
0.13850469749732927                690.8386924982418                            0.7777501051151775                           
0.1386532497885399                 689.4754117875347                            0.7687242909011187                           
0.13880180189356303                688.961856837689                             0.7691165227953031                           
0.1389503538121995                 687.4721436772938                            0.7710120432936494                           
0.13909890554425028                688.6281626544458                            0.7699515587123634                           
0.13924745708951625                686.0535601145505                            0.77715647667058                             
0.13939600844779823                685.0501528634402                            0.7632365059812231                           
0.13954455961889714                684.3655424845995                            0.7706418490685213                           
0.139693110602614                  681.243566739056                             0.7654760341508572                           
0.13984166139874957                681.9872389241798                            0.7675929695253492                           
0.13999021200710476                681.3205612979157                            0.7737744102199715                           
0.14013876242748052                679.3326958502745                            0.7627195619855139                           
0.14028731265967773                678.460699484497                             0.7697202488566981                           
0.1404358627034973                 679.116449054163                             0.7652989219103825                           
0.14058441255874016                675.755767095252                             0.7654421018025882                           
0.14073296222520715                676.7612661338954                            0.7677245400930732                           
0.14088151170269927                674.2851615330412                            0.762573804138241                            
0.14103006099101734                673.3675669528102                            0.7689024006871531                           
0.14117861008996233                674.0293541872127                            0.7631072490868028                           
0.14132715899933507                672.3457818288896                            0.7621542676350755                           
0.14147570771893658                671.29054480756                              0.7635937456656928                           
0.14162425624856775                670.1868432977726                            0.7629664074085204                           
0.1417728045880295                 668.9231169308923                            0.7677510442736335                           
0.14192135273712264                671.3087624913873                            0.758209486176823                            
0.14206990069564823                673.9089078246996                            0.7661108357103301                           
0.14221844846340712                705.8571080704188                            0.7844120633149384                           
0.14236699604020028                684.1401375381492                            0.8026768025403871                           
0.14251554342582856                678.8395463776139                            0.8146869077946602                           
0.14266409062009294                673.9054669728903                            0.8233895220885903                           
0.14281263762279436                675.4595769970846                            0.8374315974583937                           
0.14296118443373373                672.2902568835193                            0.8449879248329085                           
0.14310973105271196                671.6027899834725                            0.8506140971365124                           
0.14325827747953002                670.1785090914542                            0.854456777835719                            
0.14340682371398877                669.5924710324219                            0.8677970756928226                           
0.14355536975588926                667.4343933177333                            0.8750395762709906                           
0.1437039156050323                 664.1857610447673                            0.8781010120408573                           
0.14385246126121892                665.2404039300743                            0.883023671428495                            
0.14400100672425004                662.757431209373                             0.895512677006176                            
0.1441495519939266                 661.7916269530645                            0.9010458215017851                           
0.14429809707004948                658.7688890608295                            0.9070286929548029                           
0.1444466419524197                 659.5071912763269                            0.9057951336302329                           
0.14459518664083823                657.1264563664114                            0.9135536594129715                           
0.14474373113510589                656.5117163338609                            0.9271525186260404                           
0.14489227543502373                656.6645120854239                            0.9348411318042331                           
0.1450408195403927                 655.8517645205724                            0.9361862606268428                           
0.14518936345101366                655.8935100706                               0.9375055414314244                           
0.14533790716668768                651.0854937224718                            0.9532975738559205                           
0.14548645068721563                653.5438581184642                            0.9537290883107369                           
0.14563499401239854                648.6138168083936                            0.9618947164520727                           
0.1457835371420373                 647.2949548478723                            0.9602134150823061                           
0.14593208007593286                647.9080759662017                            0.9713949852788228                           
0.14608062281388626                645.2931536647023                            0.9842803150985182                           
0.1462291653556984                 642.6947665378206                            0.9792796736867966                           
0.14637770770117026                639.3461394518498                            0.9858403185717448                           
0.14652624985010276                642.1959728196624                            0.988035899071774                            
0.14667479180229695                640.9632356138699                            0.9996628923688592                           
0.14682333355755375                641.1598685425854                            1.0095716458667774                           
0.14697187511567414                637.335443560493                             1.0024703312882512                           
0.14712041647645907                638.7273236987289                            1.0176831452131088                           
0.14726895763970954                637.1485300945035                            1.0198306442231648                           
0.1474174986052265                 636.6992762781256                            1.0334379642804088                           
0.14756603937281096                635.0167860494671                            1.0311839695197795                           
0.14771457994226384                633.9396377452734                            1.0438731832499175                           
0.14786312031338616                635.0775789387624                            1.0598988844261374                           
0.14801166048597889                635.5634240839006                            1.049858561354437                            
0.148160200459843                  630.8560171225815                            1.0680882841177246                           
0.14830874023477952                628.7858171427331                            1.058494484735667                            
0.14845727981058934                624.4746760188212                            1.070664545391949                            
0.14860581918707355                624.8249397256291                            1.0853970989074526                           
0.1487543583640331                 624.9548487565974                            1.0720898968329509                           
0.14890289734126896                620.2331597428744                            1.0762018565602316                           
0.1490514361185821                 621.3307953818701                            1.0710053242599402                           
0.1491999746957736                 619.5044903346333                            1.0946470848228382                           
0.14934851307264435                619.3858823607769                            1.09129375876008                             
0.14949705124899543                619.5672160178882                            1.0871658361290062                           
0.14964558922462776                617.507063238576                             1.1016799016576098                           
0.14979412699934241                617.3241910179753                            1.0894789474899207                           
0.14994266457294034                616.0114197604026                            1.1139319522577171                           
0.15009120194522255                615.2146093937164                            1.0897736171385468                           
0.15023973911599006                611.9325493639556                            1.1113910342198123                           
0.15038827608504382                610.9187833671907                            1.1221728678249119                           
0.15053681285218495                610.0033791242731                            1.1005442229007534                           
0.15068534941721437                608.0887972553259                            1.119572736498801                            
0.1508338857799331                 606.6792893238005                            1.093090995940846                            
0.15098242194014216                605.8244227562147                            1.1234546598782755                           
0.15113095789764253                605.2189077710545                            1.119304659659461                            
0.15127949365223534                604.1911861357962                            1.1124532794785416                           
0.15142802920372145                603.4964422058966                            1.1212971171320596                           
0.15157656455190194                602.5778368664556                            1.0983243894446248                           
0.15172509969657785                602.0112143899785                            1.1296360150938145                           
0.1518736346375502                 600.5549232243117                            1.12096710614449                             
0.15202216937462                   596.092289492049                             1.1073108587939047                           
0.15217070390758822                598.6987564524434                            1.1327133699839953                           
0.15231923823625595                597.5402021869379                            1.1074868228218693                           
0.1524677723604243                 599.2835233687933                            1.1370314312016123                           
0.15261630627989406                592.3574437124894                            1.1026755016785466                           
0.1527648399944665                 593.8162768056609                            1.1268489949678424                           
0.1529133735039425                 593.4020612064683                            1.1416117584910654                           
0.15306190680812318                591.9611203215426                            1.1263278864736472                           
0.1532104399068095                 590.6353071485926                            1.1454317562602119                           
0.15335897279980254                589.1899637029189                            1.1127155266594657                           
0.15350750548690334                588.1686736987142                            1.152284406854934                            
0.1536560379679129                 587.0932727563653                            1.1419951873347394                           
0.15380457024263233                589.0464067555043                            1.1399968204577826                           
0.15395310231086262                585.6732783285953                            1.1717966129839885                           
0.15410163417240483                586.1598350282787                            1.1333538601157256                           
0.15425016582706                   583.552577809082                             1.1725040692342188                           
0.15439869727462913                582.092647289006                             1.1543868851070709                           
0.15454722851491334                585.9724556755305                            1.1541623767778135                           
0.15469575954771367                580.3655356150157                            1.1896383629026943                           
0.15484429037283115                579.7499884238891                            1.1493636108544634                           
0.15499282099006684                577.3116307777656                            1.1985832013951545                           
0.15514135139922183                576.1970068929854                            1.1512433454872528                           
0.1552898816000971                 575.3016247812457                            1.1770891092270332                           
0.15543841159249377                575.071883437386                             1.1827247959474616                           
0.15558694137621287                577.862769706621                             1.1870771542616632                           
0.15573547095105544                578.1149879609826                            1.2056051003853614                           
0.15588400031682265                575.78167416259                              1.1805102030083279                           
0.15603252947331542                571.554474820631                             1.1941276972623036                           
0.15618105842033492                571.5087326667403                            1.2033736354242661                           
0.15632958715768216                571.9919077796803                            1.2007604310340114                           
0.15647811568515826                571.1330200389847                            1.2157105896235394                           
0.15662664400256424                567.6641077580595                            1.2008872332939469                           
0.1567751721097012                 569.254266777113                             1.2185827848819846                           
0.1569237000063702                 568.0259825102512                            1.2271786366835475                           
0.15707222769237236                564.8283424707407                            1.19945424975759                             
0.15722075516750872                564.2922601005527                            1.226487578695941                            
0.1573692824315803                 562.7340461230663                            1.2349868199246334                           
0.1575178094843883                 562.5353086113247                            1.2382238041183207                           
0.15766633632573374                562.6493189755164                            1.2213626712729766                           
0.15781486295541766                560.2513019609072                            1.233982817697641                            
0.15796338937324125                560.553513211446                             1.2483435423753306                           
0.1581119155790055                 559.0019611909408                            1.251993124110117                            
0.1582604415725116                 557.0814029856691                            1.2322126177580628                           
0.15840896735356055                555.5573319031867                            1.2572227536474314                           
0.15855749292195345                554.4764042741903                            1.2596889932876445                           
0.15870601827749145                556.3494769802704                            1.252639112698832                            
0.15885454341997562                551.7317009075705                            1.2697082496481036                           
0.159003068349207                  552.9844655862377                            1.267349994065167                            
0.15915159306498677                551.7192053533456                            1.2696963044923948                           
0.15930011756711598                548.4205048845843                            1.2774570392796674                           
0.15944864185539576                553.2340538210838                            1.2772068454287928                           
0.15959716592962722                551.2196602130136                            1.2886211671722176                           
0.1597456897896114                 545.8977131258991                            1.2843763262555934                           
0.15989421343514953                547.5888455801127                            1.292400042305399                            
0.16004273686604262                544.7512398658105                            1.2972069417294383                           
0.1601912600820918                 546.1507484407657                            1.296816631141687                            
0.16033978308309815                545.8275280974863                            1.3089200981081557                           
0.16048830586886284                543.0072100007709                            1.3118986821392227                           
0.160636828439187                  545.7124212544725                            1.3130270311136882                           
0.16078535079387168                540.858829483732                             1.3157479328343555                           
0.16093387293271805                539.2059403073565                            1.3180801197378125                           
0.1610823948555272                 539.5614977178047                            1.3363344950239024                           
0.16123091656210026                537.7449268840193                            1.3228827610511036                           
0.16137943805223834                536.4699889596536                            1.3416614128446072                           
0.1615279593257426                 536.5031485377419                            1.3325456846423414                           
0.16167648038241414                532.318486078185                             1.341095138227017                            
0.16182500122205412                534.2667999410703                            1.3577662856057942                           
0.16197352184446365                534.2982901167444                            1.3530181638172392                           
0.16212204224944385                534.0881192473299                            1.3648209672730223                           
0.16227056243679583                530.8298314672686                            1.358220866297113                            
0.1624190824063208                 529.6536157506087                            1.3665124970879043                           
0.16256760215781982                529.4091127498219                            1.3812949611424608                           
0.1627161216910941                 526.5048130635993                            1.3724285685262085                           
0.1628646410059447                 526.7185657386149                            1.3855019379602598                           
0.16301316010217284                528.8368136320308                            1.393515437741527                            
0.1631616789795796                 527.2045858032837                            1.3887468262622686                           
0.16331019763796614                526.7732089464401                            1.417804938233865                            
0.16345871607713366                525.2921143563076                            1.3914693356684882                           
0.16360723429688329                524.1868187133504                            1.4171041845595687                           
0.1637557522970161                 525.9304263472283                            1.436528765970532                            
0.16390427007733335                521.3573467501893                            1.4022787208731036                           
0.16405278763763612                522.9000562103155                            1.4500351775629128                           
0.1642013049777256                 522.3838872031201                            1.4259430754243605                           
0.16434982209740293                520.1115128942869                            1.4461664665841636                           
0.16449833899646926                515.7743562695935                            1.4521770233639253                           
0.16464685567472578                518.0789126979059                            1.4433407462203431                           
0.16479537213197368                516.7871896403034                            1.462853944385477                            
0.16494388836801405                515.6701829158271                            1.4612736022015658                           
0.16509240438264808                512.9702789202298                            1.4732012383076427                           
0.16524092017567696                512.4673568417035                            1.4821784641283535                           
0.16538943574690185                513.5668388480461                            1.4805116177761073                           
0.1655379510961239                 511.98986243750943                           1.4847647585309478                           
0.1656864662231443                 510.5643036558528                            1.4959957490100784                           
0.16583498112776424                511.9789500658898                            1.5117496005601474                           
0.16598349580978486                509.6371228042081                            1.51877621934653                             
0.16613201026900737                507.2639456204126                            1.5082386164546864                           
0.16628052450523292                507.8359011644459                            1.5267823463976822                           
0.16642903851826274                506.0099538729336                            1.5276437865845371                           
0.16657755230789795                504.40922926198846                           1.5436261717410118                           
0.1667260658739398                 509.166804179669                             1.5661704422826301                           
0.16687457921618937                499.4217873562048                            1.5322642659273529                           
0.16702309233444793                504.3371652418577                            1.5743940224139408                           
0.16717160522851673                502.2579873317712                            1.5632714851832776                           
0.16732011789819684                502.07248219215757                           1.5828957737107099                           
0.1674686303432895                 502.89751903781075                           1.6006998958491414                           
0.16761714256359592                503.3657375196159                            1.5808879243646716                           
0.16776565455891726                499.84357894666886                           1.6171425994597373                           
0.16791416632905476                497.8250581227881                            1.6138756708720954                           
0.1680626778738096                 497.43890101317976                           1.6132512500906662                           
0.168211189192983                  496.8971579163976                            1.6435987060011656                           
0.1683597002863761                 496.3593432674478                            1.6336096995436022                           
0.16850821115379017                499.3845830067503                            1.6523326900938193                           
0.1686567217950264                 494.22706167579673                           1.6625664364695438                           
0.16880523220988602                493.00100403187315                           1.6652968629023264                           
0.1689537423981702                 493.40172995813543                           1.6905847559602483                           
0.16910225235968016                492.0219389735276                            1.6684750183924606                           
0.16925076209421713                489.7012680727965                            1.704652386561716                            
0.16939927160158233                490.30547541059053                           1.71620217475998                             
0.169547780881577                  486.6888324664098                            1.6994046162522007                           
0.16969628993400226                484.7413920660298                            1.7279054735722235                           
0.16984479875865943                489.94980956837975                           1.7426889829261765                           
0.16999330735534968                487.8155974224336                            1.7500737550966183                           
0.17014181572387424                485.7944922359446                            1.775315188756256                            
0.17029032386403442                485.5375021944675                            1.757360759984001                            
0.17043883177563132                482.5231721613021                            1.7872944875952081                           
0.17058733945846627                484.9805554170387                            1.8104104991932137                           
0.1707358469123404                 485.9230685667058                            1.8184959106080425                           
0.17088435413705508                477.21118661694413                           1.814858573524752                            
0.1710328611324114                 473.6417084658331                            1.8145061099069542                           
0.17118136789821065                482.6143970674181                            1.8583547134285374                           
0.17132987443425413                481.14416174878517                           1.8623834562446933                           
0.17147838074034302                475.9049015119235                            1.8875012174045527                           
0.17162688681627855                477.08868801049783                           1.8898492390560864                           
0.17177539266186204                475.82400059080686                           1.8946458494291243                           
0.17192389827689467                474.1644871382612                            1.9213641412447282                           
0.17207240366117768                475.47005768144237                           1.9317519952655604                           
0.17222090881451232                475.27629759192445                           1.9798539327331055                           
0.1723694137366999                 475.62821448495805                           1.964014585043762                            
0.17251791842754163                477.01144390228563                           1.9919271288740996                           
0.17266642288683876                472.35736682210324                           1.9907135921220982                           
0.17281492711439256                475.7250272634549                            2.0331614676490455                           
0.17296343111000428                468.12321946578817                           2.063438536177436                            
0.1731119348734752                 474.6752717309498                            2.068188948814527                            
0.1732604384046066                 473.49578947712746                           2.0656199682243557                           
0.17340894170319962                469.63829596229544                           2.106530896378776                            
0.17355744476905563                466.2775908825882                            2.119662579639621                            
0.1737059476019759                 472.0218254283368                            2.165078285674547                            
0.17385445020176168                467.046438662054                             2.1647124861091407                           
0.17400295256821427                461.8411154518243                            2.1751589875932087                           
0.17415145470113486                468.7812389275195                            2.2148820549685366                           
0.17429995660032482                469.29081354799405                           2.25271989814595                             
0.17444845826558536                469.4551234237922                            2.2916341999982732                           
0.17459695969671776                466.1784421273007                            2.2968635928237773                           
0.17474546089352336                464.48192098119534                           2.2926828121454217                           
0.17489396185580336                461.80684769165185                           2.355574941479853                            
0.1750424625833591                 466.07051306201464                           2.3961940020237016                           
0.17519096307599183                466.3087670375061                            2.4277367623859907                           
0.1753394633335029                 460.4866415065292                            2.4444913900565277                           
0.17548796335569353                464.1063325926275                            2.47060873118823                             
0.17563646314236503                460.46921553701327                           2.5123646271599367                           
0.1757849626933187                 461.44888239654136                           2.56991847603197                             
0.17593346200835586                463.60165108646464                           2.5950608727773417                           
0.17608196108727775                467.00947457778096                           2.664929861595403                            
0.17623045992988567                455.36181672174854                           2.631489879081297                            
0.17637895853598098                460.7075891184389                            2.733700327423191                            
0.17652745690536492                458.01246938282685                           2.7965045586279476                           
0.17667595503783887                455.52052867796715                           2.7888895804782963                           
0.176824452933204                  463.7325444139127                            2.9181733438941078                           
0.17697295059126175                461.181006074122                             2.9101372195753856                           
0.1771214480118134                 457.75362915755534                           3.0153242288529643                           
0.17726994519466022                459.8803326223475                            3.0859587206186143                           
0.17741844213960353                461.5847662774185                            3.1250998990954098                           
0.17756693884644464                457.7631847982414                            3.25696684261637                             
0.1777154353149849                 458.97887355381425                           3.223147172939557                            
0.17786393154502564                458.46390919757994                           3.3825073939357924                           
0.17801242753636812                451.7912678665414                            3.4949149628906806                           
0.17816092328881367                470.48466472343                              3.6170801068424607                           
0.17830941880216367                467.82536454509307                           3.714537883138329                            
0.1784579140762194                 456.50275751723683                           3.785830815956449                            
0.17860640911078218                469.26413595028527                           4.038782630017484                            
0.17875490390565335                480.7334972954368                            4.162857946097458                            
0.17890339846063424                464.6256366773456                            4.340779372787967                            
0.17905189277552622                473.6137473525888                            4.476828413605766                            
0.1792003868501306                 488.449085005515                             4.875479540670022                            
0.17934888068424865                496.89479031642423                           5.045202198226551                            
0.17949737427768178                492.30790217707823                           5.47245295323243                             
0.17964586763023138                468.5332271387209                            5.92273928796652                             
0.1797943607416987                 529.7027422257554                            6.297511933634862                            
0.17994285361188503                527.6299966448618                            7.16621402018105                             
0.18009134624059184                537.2669063595104                            8.084916857105217                            
0.18023983862762047                619.4155824478996                            10.980750882199143                           
0.18038833077277225                672.0732071011956                            12.788062348636576                           
0.18053682267584845                834.6184334652606                            20.15375200337184                            
0.18068531433665053                nan                                          nan                                          
